trade_dt,globex_sym,px_open,px_high,px_low,px_settle,vol,oi,settle_flag,file_name,load_ts
04/01/26,ESM26,5859.5,5899.5,5807.5,5848.5,1309830,2154498,final,cme_settle_20260401.csv,2026-08-17T06:40:00
2026-04-01,ESU26,5863,5884.75,5837,5859,760291,673847,FINAL,cme_settle_20260401.csv,2026-08-17T06:40:00
20260401,ESZ26,"5,879.75",5879.75,5813.75,5869.5,604440,465765,Final,cme_settle_20260401.csv,2026-08-17T06:40:00
2026-04-01,ESH27,5879.5,5923.75,5850.5,5880,397338,174044,final,cme_settle_20260401.csv,2026-08-17T06:40:00
2026-04-01,ESM27,5918.25,5918.25,5840.75,5890.5,218120,76899,final,cme_settle_20260401.csv,2026-08-17T06:40:00
04/01/2026,NQM26,21130.75,21292.75,21105.75,21143.75,678029,876346,FINAL,cme_settle_20260401.csv,2026-08-17T06:40:00
04/01/26,NQU26,21108.5,21423.5,21078.5,21181.75,431645,371471,FINAL,cme_settle_20260401.csv,2026-08-17T06:40:00
2026-04-01,NQ Z26,21281.25,21442.75,21029.5,21219.75,239035,206791,final,cme_settle_20260401.csv,2026-08-17T06:40:00
04/01/26,nqh27,21232,21357,21181.25,21258,144919,74015,final,cme_settle_20260401.csv,2026-08-17T06:40:00
2026-04-01,NQM27,21398.5,21472.75,21232.75,21296,101883,34742,final,cme_settle_20260401.csv,2026-08-17T06:40:00
2026-04-01,CLJ26,80.26,80.96,79.14,80.03,357477,629035,Final,cme_settle_20260401.csv,2026-08-17T06:40:00
04/01/26,CL K26,79.77,79.78,78.77,79.67,277938,342549,Final,cme_settle_20260401.csv,2026-08-17T06:40:00
2026-04-01,CLM26,79.26,79.44,78.67,79.31,130877,88310,final,cme_settle_20260401.csv,2026-08-17T06:40:00
20260401,CL N26,78.56,79.25,78.22,78.95,85160,43020,final,cme_settle_20260401.csv,2026-08-17T06:40:00
2026-04-01,CLQ26,78.28,79.53,78.28,78.59,59641,"19,496",Final,cme_settle_20260401.csv,2026-08-17T06:40:00
20260401,CLU26,78.55,78.95,78.01,78.23,43965,13207,Final,cme_settle_20260401.csv,2026-08-17T06:40:00
04/01/2026,CLV26,77.82,78.5,77.2,77.87,24363,5108,final,cme_settle_20260401.csv,2026-08-17T06:40:00
20260401,CLX26,77.5,77.81,77.28,77.51,16587,2365,Final,cme_settle_20260401.csv,2026-08-17T06:40:00
2026-04-01,CLZ26,77.07,77.7,76.3,77.15,8621,865,Final,cme_settle_20260401.csv,2026-08-17T06:40:00
2026-04-01,clf27,76.58,77.34,76.58,76.79,4601,328,final,cme_settle_20260401.csv,2026-08-17T06:40:00
04/01/2026,CLG27,76.77,76.83,75.82,76.43,3112,134,final,cme_settle_20260401.csv,2026-08-17T06:40:00
04/01/2026,CLH27,75.77,76.94,75.77,76.07,2034,58,final,cme_settle_20260401.csv,2026-08-17T06:40:00
04/01/26,CLJ27,75.58,76.59,74.84,75.71,1185,26,FINAL,cme_settle_20260401.csv,2026-08-17T06:40:00
20260401,CLK27,75.38,76.24,75.26,75.35,848,11,final,cme_settle_20260401.csv,2026-08-17T06:40:00
2026-04-01,CLM27,75.2,75.68,74.48,74.99,552,5,final,cme_settle_20260401.csv,2026-08-17T06:40:00
04/01/2026,GCJ26,2633.5,2671.2,2624.6,2643.9,149618,276645,Final,cme_settle_20260401.csv,2026-08-17T06:40:00
04/01/2026,gcm26,2638.1,2664.6,2634.6,2648.7,131472,140014,final,cme_settle_20260401.csv,2026-08-17T06:40:00
04/01/26,GCQ26,2646.9,2665.2,2630.7,2653.4,66669,54252,FINAL,cme_settle_20260401.csv,2026-08-17T06:40:00
04/01/2026,GCZ26,2654.3,2670.5,2629.9,2658.2,44234,23412,FINAL,cme_settle_20260401.csv,2026-08-17T06:40:00
2026-04-01,GCG27,2652.6,2675.8,2647.2,2662.9,26426,11059,Final,cme_settle_20260401.csv,2026-08-17T06:40:00
2026-04-01,GCJ27,2662.6,2675.7,2656.3,2667.7,18446,"4,145",Final,cme_settle_20260401.csv,2026-08-17T06:40:00
04/01/26,GCM27,2667.8,2679.8,2649.6,"2,672.50",9768,1686,final,cme_settle_20260401.csv,2026-08-17T06:40:00
2026-04-01,ZBM26,115.5312,116.6875,114.38,115.625,93017,"124,755",final,cme_settle_20260401.csv,2026-08-17T06:40:00
2026-04-01,ZBU26,115.7188,116.1875,114.4688,115.7188,64568,76154,Final,cme_settle_20260401.csv,2026-08-17T06:40:00
04/01/2026,ZBZ26,115.9062,117.03,115.1562,115.8125,30191,26551,final,cme_settle_20260401.csv,2026-08-17T06:40:00
2026-04-01,ZBH27,115.7812,116.7812,115.1875,115.9062,25448,11524,final,cme_settle_20260401.csv,2026-08-17T06:40:00
2026-04-01,ZBM27,115.7188,116.31,114.75,116,16353,6289,Final,cme_settle_20260401.csv,2026-08-17T06:40:00
04/02/2026,ESM26,"5,904.00",5929.5,5852.25,5882.5,"1,671,408",2582566,final,cme_settle_20260402.csv,2026-08-17T06:40:00
2026-04-02,ESU26,5921.25,5921.25,5864,5893,"749,351",738621,Final,cme_settle_20260402.csv,2026-08-17T06:40:00
20260402,ESZ26,5880.25,5919.5,5837,5903.75,521568,378992,Final,cme_settle_20260402.csv,2026-08-17T06:40:00
2026-04-02,ESH27,5924.75,5945.25,5893.75,5914.25,328643,202065,Final,cme_settle_20260402.csv,2026-08-17T06:40:00
04/02/2026,ESM27,5952.5,5952.5,5876.5,5924.75,201403,75336,Final,cme_settle_20260402.csv,2026-08-17T06:40:00
2026-04-02,NQM26,21295,21493.5,21025.5,21258.75,719794,1330190,FINAL,cme_settle_20260402.csv,2026-08-17T06:40:00
2026-04-02,NQU26,21378.75,21499,21237,21297,432063,369223,FINAL,cme_settle_20260402.csv,2026-08-17T06:40:00
20260402,NQZ26,21358.75,21525.5,21306.75,21335.25,199177,137124,Final,cme_settle_20260402.csv,2026-08-17T06:40:00
04/02/26,nqh27,21379.25,21461,21206.75,21373.5,173533,87686,FINAL,cme_settle_20260402.csv,2026-08-17T06:40:00
2026-04-02,nqm27,21401,21453,21192.5,21411.75,92137,27371,final,cme_settle_20260402.csv,2026-08-17T06:40:00
20260402,CLJ26,81.36,81.43,80.06,81.01,371000,684928,Final,cme_settle_20260402.csv,2026-08-17T06:40:00
04/02/26,CLK26,80.37,80.75,79.87,80.65,264755,330644,Final,cme_settle_20260402.csv,2026-08-17T06:40:00
2026-04-02,CLM26,80.29,80.89,79.33,80.28,135525,118444,final,cme_settle_20260402.csv,2026-08-17T06:40:00
2026-04-02,CLN26,79.83,80.87,79.45,79.92,98631,50919,Final,cme_settle_20260402.csv,2026-08-17T06:40:00
04/02/2026,clq26,79.42,79.75,78.9,79.55,62369,25152,final,cme_settle_20260402.csv,2026-08-17T06:40:00
2026-04-02,clu26,79.04,80.04,78.51,79.19,33526,"9,600",Final,cme_settle_20260402.csv,2026-08-17T06:40:00
2026-04-02,CL V26,79.13,79.67,78.52,78.82,20139,3335,FINAL,cme_settle_20260402.csv,2026-08-17T06:40:00
2026-04-02,CLX26,78.32,78.79,77.61,78.46,17012,1788,Final,cme_settle_20260402.csv,2026-08-17T06:40:00
2026-04-02,clz26,78.2,78.98,77.22,78.09,8225,870,FINAL,cme_settle_20260402.csv,2026-08-17T06:40:00
2026-04-02,CLF27,77.46,78.62,76.82,77.73,5840,330,FINAL,cme_settle_20260402.csv,2026-08-17T06:40:00
04/02/2026,CLG27,77.57,78.21,76.53,77.36,3052,130,FINAL,cme_settle_20260402.csv,2026-08-17T06:40:00
2026-04-02,CLH27,76.86,77.65,76.79,77,2091,50,final,cme_settle_20260402.csv,2026-08-17T06:40:00
04/02/2026,CLJ27,76.28,76.83,76.28,76.64,1142,20,Final,cme_settle_20260402.csv,2026-08-17T06:40:00
2026-04-02,CLK27,76.13,76.83,75.46,76.27,793,11,FINAL,cme_settle_20260402.csv,2026-08-17T06:40:00
2026-04-02,CLM27,75.66,76.09,75.13,75.91,583,4,Final,cme_settle_20260402.csv,2026-08-17T06:40:00
04/02/2026,GCJ26,2642.4,2645.4,2626.9,2640,"188,101",297218,FINAL,cme_settle_20260402.csv,2026-08-17T06:40:00
04/02/2026,GCM26,2642.6,2666.4,2635.4,2644.8,117283,127559,final,cme_settle_20260402.csv,2026-08-17T06:40:00
2026-04-02,gcq26,2645.3,2664.3,2631.2,2649.5,73890,45643,FINAL,cme_settle_20260402.csv,2026-08-17T06:40:00
2026-04-02,GCZ26,2648.7,2664.2,2625.3,2654.3,42381,19438,FINAL,cme_settle_20260402.csv,2026-08-17T06:40:00
2026-04-02,GC G27,2670.8,2670.8,"2,627.80",2659,26738,9624,final,cme_settle_20260402.csv,2026-08-17T06:40:00
2026-04-02,GCJ27,"2,660.20",2670.4,2639.6,2663.8,13570,2794,Final,cme_settle_20260402.csv,2026-08-17T06:40:00
20260402,GCM27,2665.7,2674.7,2665.1,2668.5,12024,"2,300",FINAL,cme_settle_20260402.csv,2026-08-17T06:40:00
04/02/26,ZBM26,116.25,116.9688,116.25,116.6562,105395,159518,final,cme_settle_20260402.csv,2026-08-17T06:40:00
04/02/2026,ZBU26,117.3125,117.3438,116.22,116.75,54654,65842,Final,cme_settle_20260402.csv,2026-08-17T06:40:00
20260402,ZBZ26,116.9688,117.19,116.25,116.8438,"39,428",30109,FINAL,cme_settle_20260402.csv,2026-08-17T06:40:00
04/02/2026,ZBH27,117.3438,117.8438,116.1562,116.9375,20227,10415,final,cme_settle_20260402.csv,2026-08-17T06:40:00
04/02/2026,ZBM27,117.1875,118.1562,116.5625,117.0312,13240,4444,final,cme_settle_20260402.csv,2026-08-17T06:40:00
04/06/2026,ESM26,5971.5,5983,5911,5945.75,1549305,2312031,FINAL,cme_settle_20260406.csv,2026-08-17T06:40:00
2026-04-06,ESU26,5942,5985.25,5914,5956.5,830268,958900,FINAL,cme_settle_20260406.csv,2026-08-17T06:40:00
2026-04-06,ESZ26,5957,5988.5,5902.25,5967.25,638682,409334,final,cme_settle_20260406.csv,2026-08-17T06:40:00
2026-04-06,ESH27,6002.25,6004.75,5948.5,5977.75,308185,192888,FINAL,cme_settle_20260406.csv,2026-08-17T06:40:00
20260406,ESM27,"6,003.50",6046.5,5929,5988.5,178493,74370,Final,cme_settle_20260406.csv,2026-08-17T06:40:00
2026-04-06,NQM26,21290.75,21577.5,21210,21356.25,618641,1117879,FINAL,cme_settle_20260406.csv,2026-08-17T06:40:00
04/06/2026,NQU26,21306.25,21610.75,21259.25,21394.75,433684,539741,final,cme_settle_20260406.csv,2026-08-17T06:40:00
2026-04-06,NQZ26,21339.5,21608.75,21339.5,21433.25,257450,146082,final,cme_settle_20260406.csv,2026-08-17T06:40:00
2026-04-06,NQH27,21576.5,21606,21321.25,21471.5,132913,82979,Final,cme_settle_20260406.csv,2026-08-17T06:40:00
2026-04-06,NQM27,21523.75,21698,21270.25,21510,77823,27331,FINAL,cme_settle_20260406.csv,2026-08-17T06:40:00
2026-04-06,CLJ26,79.73,80.49,79.11,80.02,408351,"726,547",FINAL,cme_settle_20260406.csv,2026-08-17T06:40:00
2026-04-06,CL K26,80.01,80.01,79.58,79.66,212588,207022,final,cme_settle_20260406.csv,2026-08-17T06:40:00
04/06/26,clm26,78.97,80.18,78.68,79.3,179807,128984,FINAL,cme_settle_20260406.csv,2026-08-17T06:40:00
2026-04-06,CLN26,78.88,79.42,78.62,78.94,106726,"67,171",Final,cme_settle_20260406.csv,2026-08-17T06:40:00
2026-04-06,CLQ26,78.27,78.67,77.82,78.58,66385,28190,FINAL,cme_settle_20260406.csv,2026-08-17T06:40:00
20260406,clu26,78.28,79.09,77.78,78.22,44234,9768,Final,cme_settle_20260406.csv,2026-08-17T06:40:00
04/06/26,CL V26,77.86,78.47,77.29,77.86,26471,5568,Final,cme_settle_20260406.csv,2026-08-17T06:40:00
04/06/2026,CL X26,77.82,78.18,77.26,77.5,16254,1821,final,cme_settle_20260406.csv,2026-08-17T06:40:00
20260406,CLZ26,77.22,77.44,76.79,77.14,9675,715,FINAL,cme_settle_20260406.csv,2026-08-17T06:40:00
04/06/2026,CLF27,77.1,77.49,76.5,76.78,4930,332,final,cme_settle_20260406.csv,2026-08-17T06:40:00
20260406,CL G27,76.4,76.58,76.33,76.42,3457,146,Final,cme_settle_20260406.csv,2026-08-17T06:40:00
2026-04-06,CLH27,76.31,76.41,75.47,76.06,2070,51,FINAL,cme_settle_20260406.csv,2026-08-17T06:40:00
04/06/26,CL J27,75.99,76.23,74.94,75.7,"1,252",21,FINAL,cme_settle_20260406.csv,2026-08-17T06:40:00
04/06/2026,CLK27,75.24,75.42,74.86,75.34,740,11,Final,cme_settle_20260406.csv,2026-08-17T06:40:00
04/06/26,CLM27,74.93,75.47,74.66,74.98,515,4,final,cme_settle_20260406.csv,2026-08-17T06:40:00
20260406,GCJ26,2608.3,2623.1,"2,602.20",2613.5,209762,308622,Final,cme_settle_20260406.csv,2026-08-17T06:40:00
20260406,GCJ26,2608.3,2623.1,"2,602.20",2613.5,209762,308622,Final,cme_settle_20260406.csv,2026-08-17T06:41:12
20260406,GCM26,2619.9,"2,633.30",2609.4,2618.2,98397,103310,FINAL,cme_settle_20260406.csv,2026-08-17T06:40:00
20260406,GCQ26,2614.5,2641.2,2610.4,2622.9,73785,48673,Final,cme_settle_20260406.csv,2026-08-17T06:40:00
2026-04-06,GC Z26,2634.3,2656.1,2605.7,"2,627.60",48067,23451,final,cme_settle_20260406.csv,2026-08-17T06:40:00
20260406,GCG27,2635.8,2663,2610.2,2632.3,27687,10416,Final,cme_settle_20260406.csv,2026-08-17T06:40:00
2026-04-06,GCJ27,2644.5,2647.4,2616.4,2637,14985,3025,FINAL,cme_settle_20260406.csv,2026-08-17T06:40:00
2026-04-06,GCM27,2637.8,2656.2,2610.8,2641.7,10035,1816,FINAL,cme_settle_20260406.csv,2026-08-17T06:40:00
2026-04-06,ZBM26,116.5312,116.8125,115.53,116.5312,83699,118560,Final,cme_settle_20260406.csv,2026-08-17T06:40:00
2026-04-06,zbu26,117.0312,117.0312,115.7188,116.625,58006,50545,Final,cme_settle_20260406.csv,2026-08-17T06:40:00
04/06/2026,ZBZ26,116.4688,118.0625,116.4688,116.7188,32585,21873,Final,cme_settle_20260406.csv,2026-08-17T06:40:00
04/06/26,ZBH27,117.0625,117.9062,115.44,116.8125,26694,11682,FINAL,cme_settle_20260406.csv,2026-08-17T06:40:00
04/06/26,ZBM27,116.4062,117.9375,116.4062,116.9062,12733,4925,final,cme_settle_20260406.csv,2026-08-17T06:40:00
04/07/2026,ESM26,5919,5999.5,5870,5934,1613019,2525461,final,cme_settle_20260407.csv,2026-08-17T06:40:00
2026-04-07,ESU26,5956,5999.5,5910,5944.75,769093,702782,final,cme_settle_20260407.csv,2026-08-17T06:40:00
2026-04-07,ESZ26,5944,6022.75,5893,5955.25,650028,392169,Final,cme_settle_20260407.csv,2026-08-17T06:40:00
2026-04-07,ESH27,5994.75,6016.5,5905.25,5966,389016,213969,Final,cme_settle_20260407.csv,2026-08-17T06:40:00
2026-04-07,ESM27,5972.5,6040.75,5934.5,5976.75,206202,82490,final,cme_settle_20260407.csv,2026-08-17T06:40:00
04/07/2026,NQM26,20894.75,21084.5,20736.5,20865.75,610525,814225,final,cme_settle_20260407.csv,2026-08-17T06:40:00
2026-04-07,NQU26,20823.25,20996.25,20707.25,20903.25,396877,450191,Final,cme_settle_20260407.csv,2026-08-17T06:40:00
04/07/2026,nqz26,21012.25,21028.25,20732.5,20940.75,210292,130535,final,cme_settle_20260407.csv,2026-08-17T06:40:00
20260407,NQH27,20880,21112.25,20745.75,20978.5,143275,85407,Final,cme_settle_20260407.csv,2026-08-17T06:40:00
20260407,NQM27,21024.75,21162.5,20993,21016,94011,30190,FINAL,cme_settle_20260407.csv,2026-08-17T06:40:00
2026-04-07,clj26,79.15,79.39,78.85,78.93,387649,667419,FINAL,cme_settle_20260407.csv,2026-08-17T06:40:00
04/07/26,CLK26,78.31,79.11,78.14,78.57,282151,305946,final,cme_settle_20260407.csv,2026-08-17T06:40:00
04/07/2026,clm26,78.02,78.41,78.02,78.22,185546,159736,final,cme_settle_20260407.csv,2026-08-17T06:40:00
20260407,CLN26,78.01,78.28,77.57,77.86,108077,62582,Final,cme_settle_20260407.csv,2026-08-17T06:40:00
2026-04-07,CLQ26,77.46,78.04,76.77,77.51,57490,16485,Final,cme_settle_20260407.csv,2026-08-17T06:40:00
2026-04-07,CLU26,77.48,77.94,76.24,77.15,31421,8387,final,cme_settle_20260407.csv,2026-08-17T06:40:00
04/07/2026,CLV26,76.46,77.44,76.43,76.8,22118,"3,142",Final,cme_settle_20260407.csv,2026-08-17T06:40:00
2026-04-07,CLX26,76.81,77.1,76.21,76.44,15374,1464,FINAL,cme_settle_20260407.csv,2026-08-17T06:40:00
04/07/2026,CLZ26,75.76,76.7,75.74,76.09,9961,1011,final,cme_settle_20260407.csv,2026-08-17T06:40:00
04/07/26,CLF27,75.64,76.43,75.31,75.73,4724,232,Final,cme_settle_20260407.csv,2026-08-17T06:40:00
2026-04-07,CLG27,75.15,75.63,74.98,75.38,3871,192,FINAL,cme_settle_20260407.csv,2026-08-17T06:40:00
04/07/2026,CLH27,75.29,75.87,74.23,75.02,"2,500",90,final,cme_settle_20260407.csv,2026-08-17T06:40:00
20260407,CLJ27,74.83,75.07,74.01,74.67,1524,38,FINAL,cme_settle_20260407.csv,2026-08-17T06:40:00
04/07/2026,CLK27,74.42,74.86,74.04,74.31,718,9,Final,cme_settle_20260407.csv,2026-08-17T06:40:00
04/07/2026,CLM27,74.11,74.64,73.17,73.96,473,5,final,cme_settle_20260407.csv,2026-08-17T06:40:00
2026-04-07,GC J26,2635.5,2647.2,2615.7,"2,634.90",155250,276333,FINAL,cme_settle_20260407.csv,2026-08-17T06:40:00
2026-04-07,gcm26,2639.8,2663.2,2614.6,2639.6,95646,103892,Final,cme_settle_20260407.csv,2026-08-17T06:40:00
2026-04-07,gcq26,2655.4,2655.4,2619.9,"2,644.40",74523,58754,FINAL,cme_settle_20260407.csv,2026-08-17T06:40:00
04/07/2026,GCZ26,2644.5,2660,2641.9,2649.1,36241,18342,final,cme_settle_20260407.csv,2026-08-17T06:40:00
04/07/26,GCG27,2644.6,2672.5,2644.6,"2,653.90",29239,11672,final,cme_settle_20260407.csv,2026-08-17T06:40:00
2026-04-07,GC J27,2658.4,2676.8,2633.7,2658.6,17839,3666,final,cme_settle_20260407.csv,2026-08-17T06:40:00
04/07/2026,GCM27,2660.6,2680.9,2650.1,2663.4,11136,2039,Final,cme_settle_20260407.csv,2026-08-17T06:40:00
2026-04-07,ZBM26,116.4062,117.4062,114.875,116.0938,93384,122662,final,cme_settle_20260407.csv,2026-08-17T06:40:00
2026-04-07,zbu26,116.4062,117.1875,115.8438,116.1875,50840,44852,final,cme_settle_20260407.csv,2026-08-17T06:40:00
2026-04-07,ZBZ26,116.3438,117.5,115.59,116.2812,32230,28686,final,cme_settle_20260407.csv,2026-08-17T06:40:00
2026-04-07,ZBH27,116.75,117.25,115.3125,116.375,23703,13018,FINAL,cme_settle_20260407.csv,2026-08-17T06:40:00
2026-04-07,ZBM27,116.4688,117.125,116,116.4688,11766,5076,Final,cme_settle_20260407.csv,2026-08-17T06:40:00
2026-04-08,ESM26,5844.25,5898.5,5791,5857.25,1343044,1931827,Final,cme_settle_20260408.csv,2026-08-17T06:40:00
2026-04-08,ESU26,5861.25,5932.5,5829.75,"5,867.75",913407,952220,Final,cme_settle_20260408.csv,2026-08-17T06:40:00
04/08/26,ESZ26,5896.75,5926.5,5825,5878.25,652487,390086,FINAL,cme_settle_20260408.csv,2026-08-17T06:40:00
04/08/2026,ES H27,5861.25,5940,5861.25,5889,357085,209973,final,cme_settle_20260408.csv,2026-08-17T06:40:00
2026-04-08,ESM27,5898.25,5944.5,5830,5899.5,178618,"51,005",FINAL,cme_settle_20260408.csv,2026-08-17T06:40:00
2026-04-08,NQ M26,20689.75,20807.25,20542.75,20595,713124,1206646,Final,cme_settle_20260408.csv,2026-08-17T06:40:00
20260408,NQU26,20720.5,20872.5,20541.75,20632,405044,360634,Final,cme_settle_20260408.csv,2026-08-17T06:40:00
04/08/26,NQ Z26,20690.5,20909.25,20428.5,20669.25,229027,207163,final,cme_settle_20260408.csv,2026-08-17T06:40:00
2026-04-08,NQH27,20786.25,"20,888.50",20603.25,20706.25,"168,260",69954,Final,cme_settle_20260408.csv,2026-08-17T06:40:00
20260408,NQM27,20717.5,20965.25,20574.5,20743.25,80608,"27,866",FINAL,cme_settle_20260408.csv,2026-08-17T06:40:00
2026-04-08,clj26,80.22,80.26,79.4,80.03,"428,998",515629,FINAL,cme_settle_20260408.csv,2026-08-17T06:40:00
04/08/2026,CL K26,79.6,80.04,79.57,79.67,272996,226925,final,cme_settle_20260408.csv,2026-08-17T06:40:00
2026-04-08,CLM26,79.39,79.65,78.94,79.31,149707,106317,final,cme_settle_20260408.csv,2026-08-17T06:40:00
2026-04-08,CLN26,78.86,79.37,78.32,78.95,89447,49067,FINAL,cme_settle_20260408.csv,2026-08-17T06:40:00
20260408,clq26,78.63,79.51,78.16,78.59,57176,20990,FINAL,cme_settle_20260408.csv,2026-08-17T06:40:00
04/08/26,CLU26,78.29,78.8,77.74,78.23,42347,8357,FINAL,cme_settle_20260408.csv,2026-08-17T06:40:00
2026-04-08,CL V26,78.13,78.80,77.47,77.87,27381,4686,final,cme_settle_20260408.csv,2026-08-17T06:40:00
2026-04-08,CLX26,77.21,78.09,77.21,77.51,11903,1607,Final,cme_settle_20260408.csv,2026-08-17T06:40:00
2026-04-08,CLZ26,77.13,77.78,76.71,77.15,10169,782,FINAL,cme_settle_20260408.csv,2026-08-17T06:40:00
2026-04-08,CLF27,76.64,76.88,76.56,76.79,6391,458,final,cme_settle_20260408.csv,2026-08-17T06:40:00
04/08/2026,CLG27,76.68,76.68,75.69,76.43,3338,151,FINAL,cme_settle_20260408.csv,2026-08-17T06:40:00
2026-04-08,CLH27,75.84,76.29,75.84,76.07,2152,65,FINAL,cme_settle_20260408.csv,2026-08-17T06:40:00
04/08/2026,CLJ27,75.69,76.16,75.6,75.71,"1,199",24,Final,cme_settle_20260408.csv,2026-08-17T06:40:00
2026-04-08,clk27,75.46,75.61,74.62,75.35,735,9,FINAL,cme_settle_20260408.csv,2026-08-17T06:40:00
2026-04-08,CLM27,74.93,75.86,74.62,74.99,564,5,Final,cme_settle_20260408.csv,2026-08-17T06:40:00
04/08/2026,GCJ26,2667,2692,2658.2,2672.8,189205,328755,Final,cme_settle_20260408.csv,2026-08-17T06:40:00
04/08/2026,GCM26,2685.7,2706.8,2669.2,2677.6,107289,126609,final,cme_settle_20260408.csv,2026-08-17T06:40:00
04/08/2026,GCQ26,2688.1,2709.2,2660.3,2682.4,71260,64468,Final,cme_settle_20260408.csv,2026-08-17T06:40:00
2026-04-08,GCZ26,2694.3,2697.5,2678.8,2687.2,36684,15596,final,cme_settle_20260408.csv,2026-08-17T06:40:00
04/08/2026,GCG27,2695.6,2698.2,2661.3,2692,27416,9706,FINAL,cme_settle_20260408.csv,2026-08-17T06:40:00
2026-04-08,GCJ27,2695.8,2716.5,2691.4,2696.9,14711,"3,551",final,cme_settle_20260408.csv,2026-08-17T06:40:00
2026-04-08,GCM27,2709.3,2709.3,2692.6,"2,701.70",11230,2052,FINAL,cme_settle_20260408.csv,2026-08-17T06:40:00
2026-04-08,zbm26,117.8125,117.8125,116.125,117.5312,"103,784","157,930",final,cme_settle_20260408.csv,2026-08-17T06:40:00
04/08/26,ZBU26,117.1875,118.3125,117.0938,117.625,"59,330",62997,FINAL,cme_settle_20260408.csv,2026-08-17T06:40:00
2026-04-08,ZBZ26,118.0625,118.0625,117.2188,117.72,30232,22268,FINAL,cme_settle_20260408.csv,2026-08-17T06:40:00
04/08/2026,ZBH27,117.4062,118.625,117,117.8125,21962,10668,FINAL,cme_settle_20260408.csv,2026-08-17T06:40:00
20260408,zbm27,118.0312,119.0312,117.125,117.9062,14632,4735,Final,cme_settle_20260408.csv,2026-08-17T06:40:00
04/09/2026,ESM26,5856.75,5886.25,5825.5,5837.25,1361575,1568420,final,cme_settle_20260409.csv,2026-08-17T06:40:00
04/09/2026,ESU26,5839.5,5909.75,5832.5,"5,847.75",753387,906669,final,cme_settle_20260409.csv,2026-08-17T06:40:00
2026-04-09,ESZ26,5876.75,5920.75,5794,5858.25,544881,423252,FINAL,cme_settle_20260409.csv,2026-08-17T06:40:00
04/09/2026,esh27,5863.75,5935.5,5808.5,5868.75,"369,980",151148,Final,cme_settle_20260409.csv,2026-08-17T06:40:00
2026-04-09,ESM27,5852.5,5892.5,5835.25,5879.25,185768,80030,Final,cme_settle_20260409.csv,2026-08-17T06:40:00
2026-04-09,NQM26,20825.75,20940.75,20628.25,20778.75,624263,"1,018,653",FINAL,cme_settle_20260409.csv,2026-08-17T06:40:00
2026-04-09,NQU26,20779,20875,20738.5,20816.25,"380,150",398381,Final,cme_settle_20260409.csv,2026-08-17T06:40:00
2026-04-09,NQZ26,20885.5,"20,901.50",20717.25,20853.5,268922,192775,Final,cme_settle_20260409.csv,2026-08-17T06:40:00
20260409,NQH27,20957.25,20990.25,20830,20891,155987,78615,Final,cme_settle_20260409.csv,2026-08-17T06:40:00
04/09/2026,NQM27,20932.75,21171.25,20744.25,20928.25,86381,35899,FINAL,cme_settle_20260409.csv,2026-08-17T06:40:00
20260409,CLJ26,77.45,78.36,76.81,77.58,369587,480800,Final,cme_settle_20260409.csv,2026-08-17T06:40:00
2026-04-09,CLK26,77.49,77.49,77.1,77.23,304911,324693,Final,cme_settle_20260409.csv,2026-08-17T06:40:00
2026-04-09,CLM26,77.03,77.31,76.47,76.88,147495,127703,Final,cme_settle_20260409.csv,2026-08-17T06:40:00
2026-04-09,CLN26,76.63,77.21,76.4,76.53,104802,62997,Final,cme_settle_20260409.csv,2026-08-17T06:40:00
04/09/26,CLQ26,76.24,76.89,75.74,76.18,63568,"25,141",FINAL,cme_settle_20260409.csv,2026-08-17T06:40:00
2026-04-09,CLU26,75.57,76.07,75.55,75.83,"32,765",8916,FINAL,cme_settle_20260409.csv,2026-08-17T06:40:00
2026-04-09,CLV26,75.41,75.75,75.12,75.49,24759,4495,Final,cme_settle_20260409.csv,2026-08-17T06:40:00
20260409,clx26,75.35,75.42,74.75,75.14,14709,1404,Final,cme_settle_20260409.csv,2026-08-17T06:40:00
2026-04-09,CLZ26,74.55,75.43,74.05,74.79,8288,608,Final,cme_settle_20260409.csv,2026-08-17T06:40:00
20260409,CLF27,74.53,75,74.18,74.44,4630,336,Final,cme_settle_20260409.csv,2026-08-17T06:40:00
2026-04-09,CLG27,73.88,74.6,73.28,74.09,3447,140,Final,cme_settle_20260409.csv,2026-08-17T06:40:00
2026-04-09,CLG27,73.88,74.6,73.28,74.09,3447,140,Final,cme_settle_20260409.csv,2026-08-17T06:41:12
04/09/26,CLH27,73.83,74.55,73.35,73.74,2263,65,Final,cme_settle_20260409.csv,2026-08-17T06:40:00
2026-04-09,CLJ27,73.68,73.82,72.54,73.39,"1,263",29,Final,cme_settle_20260409.csv,2026-08-17T06:40:00
20260409,CLK27,73.28,73.78,72.33,73.04,735,11,FINAL,cme_settle_20260409.csv,2026-08-17T06:40:00
2026-04-09,CLM27,72.49,73.21,72.28,72.69,426,4,Final,cme_settle_20260409.csv,2026-08-17T06:40:00
2026-04-09,GCJ26,2679.9,2707.5,2658.2,2679.8,156750,"185,256",FINAL,cme_settle_20260409.csv,2026-08-17T06:40:00
2026-04-09,GCM26,2697,2710.8,2668.5,2684.6,116389,115991,Final,cme_settle_20260409.csv,2026-08-17T06:40:00
2026-04-09,GCQ26,2678.2,2703.7,2673.3,2689.4,57777,43907,Final,cme_settle_20260409.csv,2026-08-17T06:40:00
04/09/26,GC Z26,2703.8,2720.7,2687.2,"2,694.30",38178,16721,final,cme_settle_20260409.csv,2026-08-17T06:40:00
2026-04-09,GCG27,2687.5,2708.8,2675.2,2699.1,25229,9812,final,cme_settle_20260409.csv,2026-08-17T06:40:00
2026-04-09,GCJ27,2697.9,2727.8,2690.5,2703.9,15381,4394,Final,cme_settle_20260409.csv,2026-08-17T06:40:00
20260409,GCM27,"2,702.30","2,715.60",2692.2,"2,708.70",11482,2365,Final,cme_settle_20260409.csv,2026-08-17T06:40:00
2026-04-09,ZBM26,117.8438,118.9375,116.9375,117.6562,79153,105465,final,cme_settle_20260409.csv,2026-08-17T06:40:00
2026-04-09,ZBU26,117.3438,118.9062,117.125,117.75,62349,76097,final,cme_settle_20260409.csv,2026-08-17T06:40:00
2026-04-09,ZBZ26,118.0312,118.3125,116.7188,117.84,39955,25690,Final,cme_settle_20260409.csv,2026-08-17T06:40:00
2026-04-09,ZBH27,117.7812,118.81,117.25,117.9375,20794,11906,final,cme_settle_20260409.csv,2026-08-17T06:40:00
2026-04-09,ZBM27,117.625,118.8125,116.7812,118.0312,13947,5267,final,cme_settle_20260409.csv,2026-08-17T06:40:00
2026-04-10,ESM26,5917.25,5917.25,5837.25,"5,897.50",1440351,"2,139,166",final,cme_settle_20260410.csv,2026-08-17T06:40:00
04/10/2026,esu26,5930.25,5977,5878.5,5908,904385,907707,final,cme_settle_20260410.csv,2026-08-17T06:40:00
04/10/2026,ESZ26,5904.75,5936.5,5890.75,5918.75,616496,520886,Final,cme_settle_20260410.csv,2026-08-17T06:40:00
20260410,ESH27,5935.25,5946.75,5917,5929.25,386196,"208,481",Final,cme_settle_20260410.csv,2026-08-17T06:40:00
20260410,ESM27,5924,5948.75,5903.25,5940,215957,73072,FINAL,cme_settle_20260410.csv,2026-08-17T06:40:00
2026-04-10,NQM26,21098,"21,129.25",20974.5,21088.75,679339,1214019,final,cme_settle_20260410.csv,2026-08-17T06:40:00
04/10/2026,NQU26,21134.5,21284,20934,21126.75,329957,334502,Final,cme_settle_20260410.csv,2026-08-17T06:40:00
20260410,NQZ26,21214.75,21266,21075,21164.75,217202,145239,final,cme_settle_20260410.csv,2026-08-17T06:40:00
20260410,nqh27,21231.5,21236,21039,21202.75,153828,85961,Final,cme_settle_20260410.csv,2026-08-17T06:40:00
04/10/26,nqm27,21261.25,21383.5,21152,21240.5,107590,40809,FINAL,cme_settle_20260410.csv,2026-08-17T06:40:00
04/10/2026,CL J26,76.94,77.65,76.7,77.05,288089,472153,FINAL,cme_settle_20260410.csv,2026-08-17T06:40:00
2026-04-10,CL K26,77.02,77.02,76.48,76.7,279140,237040,final,cme_settle_20260410.csv,2026-08-17T06:40:00
2026-04-10,CLM26,76.37,76.72,75.54,76.36,160930,118458,final,cme_settle_20260410.csv,2026-08-17T06:40:00
2026-04-10,CLN26,75.72,76.58,75.12,76.01,96266,48620,FINAL,cme_settle_20260410.csv,2026-08-17T06:40:00
04/10/2026,CLQ26,75.54,76.07,75.38,75.66,55421,17978,FINAL,cme_settle_20260410.csv,2026-08-17T06:40:00
2026-04-10,CLU26,75.1,76.12,74.59,75.32,33500,9373,Final,cme_settle_20260410.csv,2026-08-17T06:40:00
04/10/2026,CLV26,75.26,75.31,74.81,74.97,26205,4346,Final,cme_settle_20260410.csv,2026-08-17T06:40:00
2026-04-10,CL X26,74.76,75.11,74.05,74.62,14325,1803,final,cme_settle_20260410.csv,2026-08-17T06:40:00
2026-04-10,CLZ26,74.62,74.62,73.61,74.28,10118,747,Final,cme_settle_20260410.csv,2026-08-17T06:40:00
2026-04-10,CLF27,73.73,74.09,73.26,73.93,5701,301,Final,cme_settle_20260410.csv,2026-08-17T06:40:00
2026-04-10,CLG27,73.63,73.9,73.15,73.58,3714,178,final,cme_settle_20260410.csv,2026-08-17T06:40:00
04/10/2026,CLH27,73.13,73.59,72.69,73.24,2177,73,Final,cme_settle_20260410.csv,2026-08-17T06:40:00
2026-04-10,CLJ27,72.99,73.27,72.25,72.89,1435,35,FINAL,cme_settle_20260410.csv,2026-08-17T06:40:00
20260410,CLK27,72.46,73.18,72.15,72.54,765,11,FINAL,cme_settle_20260410.csv,2026-08-17T06:40:00
2026-04-10,CLM27,71.96,72.83,71.40,72.2,538,6,final,cme_settle_20260410.csv,2026-08-17T06:40:00
2026-04-10,GCJ26,2706.4,2714.3,"2,674.40",2700,107144,193085,final,cme_settle_20260410.csv,2026-08-17T06:40:00
2026-04-10,GCM26,2710.2,2720.8,2701.3,2704.9,147199,138143,final,cme_settle_20260410.csv,2026-08-17T06:40:00
2026-04-10,GCQ26,2700.4,2721.6,2689.5,2709.7,62395,37076,final,cme_settle_20260410.csv,2026-08-17T06:40:00
2026-04-10,gcz26,2715.9,2735.1,2705.8,2714.6,47005,27546,FINAL,cme_settle_20260410.csv,2026-08-17T06:40:00
2026-04-10,GCG27,2724.4,2749.3,2710.9,2719.4,24103,9752,Final,cme_settle_20260410.csv,2026-08-17T06:40:00
2026-04-10,GC J27,2737.1,2737.1,2696.2,"2,724.30",17680,"4,440",FINAL,cme_settle_20260410.csv,2026-08-17T06:40:00
2026-04-10,gcm27,2737.2,"2,761.90",2710.4,"2,729.20",9530,1916,final,cme_settle_20260410.csv,2026-08-17T06:40:00
2026-04-10,ZBM26,118.78,119.5938,117.375,118.4688,106226,131228,Final,cme_settle_20260410.csv,2026-08-17T06:40:00
2026-04-10,ZBU26,118.625,119.625,118.12,118.5625,68149,60156,final,cme_settle_20260410.csv,2026-08-17T06:40:00
2026-04-10,ZBZ26,118.0625,118.9375,118.0625,118.6562,32144,21157,Final,cme_settle_20260410.csv,2026-08-17T06:40:00
2026-04-10,ZBH27,118.3438,118.9375,117.7812,118.75,26469,15267,Final,cme_settle_20260410.csv,2026-08-17T06:40:00
2026-04-10,ZBM27,118.8125,119.125,118.5938,118.8438,14993,5042,Final,cme_settle_20260410.csv,2026-08-17T06:40:00
2026-04-13,ESM26,5907,5937,5869.25,"5,921.00",1478459,1771509,FINAL,cme_settle_20260413.csv,2026-08-17T06:40:00
20260413,ESU26,5942.5,5991,5873,5931.75,757679,"969,003",FINAL,cme_settle_20260413.csv,2026-08-17T06:40:00
2026-04-13,ESZ26,5950.75,5960.75,"5,873.00",5942.25,463326,"278,097",FINAL,cme_settle_20260413.csv,2026-08-17T06:40:00
04/13/2026,esh27,5944.75,5989.5,"5,923.50",5953,398872,237022,final,cme_settle_20260413.csv,2026-08-17T06:40:00
2026-04-13,ESM27,5957,5976.25,5907.25,5963.75,192343,69902,Final,cme_settle_20260413.csv,2026-08-17T06:40:00
2026-04-13,NQM26,21478.25,21777.75,21328,21547,610786,986828,final,cme_settle_20260413.csv,2026-08-17T06:40:00
2026-04-13,NQU26,21529.75,21803.5,21403.5,21585.75,372269,"415,187",FINAL,cme_settle_20260413.csv,2026-08-17T06:40:00
2026-04-13,nqz26,"21,581.25",21882.5,21436.75,21624.5,246544,182698,Final,cme_settle_20260413.csv,2026-08-17T06:40:00
2026-04-13,nqh27,21681,21718,21490.75,21663.25,123173,59103,FINAL,cme_settle_20260413.csv,2026-08-17T06:40:00
2026-04-13,nqm27,21733,21919.5,21464.5,21702.25,104773,41305,FINAL,cme_settle_20260413.csv,2026-08-17T06:40:00
2026-04-13,CLJ26,76.27,76.64,75.16,76.06,147865,"237,610",Final,cme_settle_20260413.csv,2026-08-17T06:40:00
20260413,CLK26,75.67,76.27,74.89,75.72,475689,558407,final,cme_settle_20260413.csv,2026-08-17T06:40:00
2026-04-13,CLM26,75.49,75.92,74.88,75.38,136632,83312,FINAL,cme_settle_20260413.csv,2026-08-17T06:40:00
20260413,CLN26,75.15,75.26,74.41,75.03,94674,45647,FINAL,cme_settle_20260413.csv,2026-08-17T06:40:00
04/13/26,CL Q26,74.36,75.47,73.89,74.69,57831,23332,FINAL,cme_settle_20260413.csv,2026-08-17T06:40:00
04/13/2026,CL U26,74.39,74.87,74.07,74.35,40806,8904,FINAL,cme_settle_20260413.csv,2026-08-17T06:40:00
2026-04-13,CLV26,73.65,74.13,73.65,74.01,25712,4787,FINAL,cme_settle_20260413.csv,2026-08-17T06:40:00
2026-04-13,CLX26,73.73,74.47,73.17,73.66,14483,1964,final,cme_settle_20260413.csv,2026-08-17T06:40:00
04/13/26,CLZ26,73.13,73.68,72.94,73.32,7846,629,Final,cme_settle_20260413.csv,2026-08-17T06:40:00
2026-04-13,CLF27,73.15,73.37,72.21,72.98,5001,280,Final,cme_settle_20260413.csv,2026-08-17T06:40:00
20260413,CLG27,72.86,72.86,72.2,72.64,3493,127,Final,cme_settle_20260413.csv,2026-08-17T06:40:00
20260413,CLH27,72.17,73.13,71.53,72.3,1993,60,Final,cme_settle_20260413.csv,2026-08-17T06:40:00
04/13/2026,CLJ27,72.14,72.14,71.23,71.95,1215,28,final,cme_settle_20260413.csv,2026-08-17T06:40:00
2026-04-13,CLK27,71.53,72.19,70.9,71.61,922,13,Final,cme_settle_20260413.csv,2026-08-17T06:40:00
2026-04-13,CLM27,71.53,72.07,71.19,71.27,555,4,final,cme_settle_20260413.csv,2026-08-17T06:40:00
2026-04-13,GCJ26,2728.8,2742,2709.7,2723.2,83382,129271,FINAL,cme_settle_20260413.csv,2026-08-17T06:40:00
2026-04-13,gcm26,2725.3,2732.3,2704.1,"2,728.10",179596,200073,Final,cme_settle_20260413.csv,2026-08-17T06:40:00
2026-04-13,GCQ26,2738.4,2759.1,2728.4,2733,74737,45015,final,cme_settle_20260413.csv,2026-08-17T06:40:00
04/13/2026,GCZ26,2726.7,2745.6,2726.7,2737.9,45193,25546,Final,cme_settle_20260413.csv,2026-08-17T06:40:00
20260413,GCG27,2733.2,2762.6,2729.8,2742.8,29166,12524,FINAL,cme_settle_20260413.csv,2026-08-17T06:40:00
2026-04-13,gcj27,2747.6,2773.6,2715.1,2747.7,19223,3723,Final,cme_settle_20260413.csv,2026-08-17T06:40:00
2026-04-13,GCM27,2761.6,"2,774.10",2736.5,2752.6,9284,1674,FINAL,cme_settle_20260413.csv,2026-08-17T06:40:00
04/13/2026,ZBM26,119.1875,119.9688,118.3438,118.9688,92159,117481,final,cme_settle_20260413.csv,2026-08-17T06:40:00
2026-04-13,zbu26,119.0312,120.2812,117.7188,119.0625,"65,690",77293,Final,cme_settle_20260413.csv,2026-08-17T06:40:00
2026-04-13,zbz26,119.4062,120.0625,118.75,119.1562,31097,25246,Final,cme_settle_20260413.csv,2026-08-17T06:40:00
2026-04-13,ZBH27,119.8125,120.1562,118.75,119.25,22580,9882,final,cme_settle_20260413.csv,2026-08-17T06:40:00
2026-04-13,ZBM27,119.0625,120.3125,118.8125,119.3438,15584,4859,FINAL,cme_settle_20260413.csv,2026-08-17T06:40:00
2026-04-14,ESM26,5825.5,5892,5787.75,5827,1290276,2236922,Final,cme_settle_20260414.csv,2026-08-17T06:40:00
04/14/2026,ESU26,5809.5,5887,"5,803.00",5837.5,905820,979935,final,cme_settle_20260414.csv,2026-08-17T06:40:00
20260414,ESZ26,5869.25,"5,879.00",5816,5848,626086,475416,final,cme_settle_20260414.csv,2026-08-17T06:40:00
2026-04-14,ESH27,5882.75,5915,5838.25,5858.5,320982,135260,final,cme_settle_20260414.csv,2026-08-17T06:40:00
04/14/2026,ESM27,5847.5,5935.5,"5,842.25",5869,242934,100645,FINAL,cme_settle_20260414.csv,2026-08-17T06:40:00
20260414,NQM26,21886,22198.25,21886,21991,706866,863911,final,cme_settle_20260414.csv,2026-08-17T06:40:00
2026-04-14,NQU26,21965.75,22203.5,21890.75,22030.5,"353,074",286864,final,cme_settle_20260414.csv,2026-08-17T06:40:00
2026-04-14,NQZ26,22044.5,22311.5,21817.75,22070.25,199781,114563,final,cme_settle_20260414.csv,2026-08-17T06:40:00
2026-04-14,NQH27,22166.25,22261.5,22081.25,22109.75,159088,88377,final,cme_settle_20260414.csv,2026-08-17T06:40:00
2026-04-14,NQ M27,22119,22389.75,21946.25,22149.25,"106,370",31939,final,cme_settle_20260414.csv,2026-08-17T06:40:00
20260414,CLJ26,75.87,76.75,75.36,76.17,108423,182970,Final,cme_settle_20260414.csv,2026-08-17T06:40:00
2026-04-14,CL K26,75.98,75.98,75.09,75.83,379093,394773,Final,cme_settle_20260414.csv,2026-08-17T06:40:00
2026-04-14,CL M26,75.72,75.94,75.04,75.48,156845,120239,Final,cme_settle_20260414.csv,2026-08-17T06:40:00
20260414,CLN26,75.37,75.7,74.86,75.14,87780,37552,final,cme_settle_20260414.csv,2026-08-17T06:40:00
2026-04-14,CLQ26,75.16,75.65,74.26,74.8,69594,22778,Final,cme_settle_20260414.csv,2026-08-17T06:40:00
2026-04-14,CLU26,74.3,75.34,73.66,74.46,30811,7985,FINAL,cme_settle_20260414.csv,2026-08-17T06:40:00
04/14/26,CLV26,73.85,74.94,73.85,74.11,20674,3451,FINAL,cme_settle_20260414.csv,2026-08-17T06:40:00
2026-04-14,CLX26,73.85,74.21,73.52,73.77,15177,1801,Final,cme_settle_20260414.csv,2026-08-17T06:40:00
2026-04-14,CLZ26,73.49,73.72,73.3,73.43,9696,921,Final,cme_settle_20260414.csv,2026-08-17T06:40:00
2026-04-14,CLF27,73.37,73.54,72.28,73.09,6516,445,FINAL,cme_settle_20260414.csv,2026-08-17T06:40:00
2026-04-14,CLG27,72.79,73.18,72.59,72.74,3484,113,Final,cme_settle_20260414.csv,2026-08-17T06:40:00
04/14/2026,CLH27,72.25,72.93,72.05,72.4,2232,68,final,cme_settle_20260414.csv,2026-08-17T06:40:00
2026-04-14,clj27,71.81,72.27,71.66,72.06,1091,18,FINAL,cme_settle_20260414.csv,2026-08-17T06:40:00
2026-04-14,CLK27,71.65,72.44,71.44,71.71,848,14,FINAL,cme_settle_20260414.csv,2026-08-17T06:40:00
2026-04-14,CLM27,71.67,71.82,71.26,71.37,501,5,final,cme_settle_20260414.csv,2026-08-17T06:40:00
04/14/26,GCJ26,2752.9,2753.1,2743.9,2749.1,62976,102525,final,cme_settle_20260414.csv,2026-08-17T06:40:00
04/14/2026,GC M26,2754.5,"2,777.10","2,744.30","2,754.00",201692,186258,Final,cme_settle_20260414.csv,2026-08-17T06:40:00
04/14/26,GCQ26,2747.7,2767.6,2726.6,2759,62202,41095,FINAL,cme_settle_20260414.csv,2026-08-17T06:40:00
2026-04-14,GCZ26,2753.1,"2,791.10",2736.4,2763.9,46973,25835,Final,cme_settle_20260414.csv,2026-08-17T06:40:00
2026-04-14,GCG27,2765.7,2773.9,2759.3,2768.9,24906,7554,FINAL,cme_settle_20260414.csv,2026-08-17T06:40:00
2026-04-14,GCJ27,"2,762.90","2,789.70",2759.2,2773.8,"14,165",3638,Final,cme_settle_20260414.csv,2026-08-17T06:40:00
04/14/2026,GCM27,2790,2790,2766.9,2778.8,11817,2245,Final,cme_settle_20260414.csv,2026-08-17T06:40:00
04/14/26,ZBM26,118.0312,119.12,116.75,118,91047,148632,final,cme_settle_20260414.csv,2026-08-17T06:40:00
2026-04-14,ZBU26,117.5625,119.0625,116.9062,118.0938,58044,68526,Final,cme_settle_20260414.csv,2026-08-17T06:40:00
20260414,ZBZ26,118.0625,119.5938,117.0938,118.1875,"30,414",17402,final,cme_settle_20260414.csv,2026-08-17T06:40:00
04/14/2026,zbh27,118.2188,119.4375,117.7188,118.28,18914,7997,final,cme_settle_20260414.csv,2026-08-17T06:40:00
04/14/26,zbm27,118.5312,119.3438,116.9688,118.38,14635,4637,Final,cme_settle_20260414.csv,2026-08-17T06:40:00
04/15/2026,ESM26,5854.25,5859.5,5808.25,5826.25,1304138,2234141,Final,cme_settle_20260415.csv,2026-08-17T06:40:00
2026-04-15,ESU26,5829.25,5891.25,5777.5,5836.75,757641,711582,final,cme_settle_20260415.csv,2026-08-17T06:40:00
04/15/2026,ESZ26,5834.5,5898.5,5815.25,5847.25,458501,404015,FINAL,cme_settle_20260415.csv,2026-08-17T06:40:00
20260415,ESH27,"5,865.25",5895.75,5848.75,5857.75,288052,126071,Final,cme_settle_20260415.csv,2026-08-17T06:40:00
2026-04-15,esm27,5845.5,5887.5,5801.25,5868.25,"211,496",80665,FINAL,cme_settle_20260415.csv,2026-08-17T06:40:00
04/15/26,NQM26,21533.75,21682.75,21234.5,21482,583014,999057,final,cme_settle_20260415.csv,2026-08-17T06:40:00
2026-04-15,NQU26,21462.25,21596.75,"21,288.50",21520.75,"418,592",521231,FINAL,cme_settle_20260415.csv,2026-08-17T06:40:00
04/15/26,NQZ26,21587.75,21613.25,"21,471.25",21559.25,234466,163271,FINAL,cme_settle_20260415.csv,2026-08-17T06:40:00
04/15/26,NQH27,21695.75,21695.75,21527.5,21598,132861,61822,final,cme_settle_20260415.csv,2026-08-17T06:40:00
04/15/2026,nqm27,21599.5,21833.5,21435.75,"21,636.75",84330,"33,631",final,cme_settle_20260415.csv,2026-08-17T06:40:00
2026-04-15,CLJ26,76.63,76.89,76.24,76.48,102655,148643,FINAL,cme_settle_20260415.csv,2026-08-17T06:40:00
04/15/2026,CLK26,76.41,76.47,75.82,76.14,390144,405786,final,cme_settle_20260415.csv,2026-08-17T06:40:00
2026-04-15,CLM26,75.81,76.19,75.46,75.79,129312,100690,final,cme_settle_20260415.csv,2026-08-17T06:40:00
2026-04-15,CLN26,75.16,76.09,75.16,75.45,82053,50989,final,cme_settle_20260415.csv,2026-08-17T06:40:00
2026-04-15,CLQ26,75.44,75.95,74.68,75.1,52154,"18,594",final,cme_settle_20260415.csv,2026-08-17T06:40:00
20260415,CLU26,75,75.22,74.3,74.76,37581,10931,final,cme_settle_20260415.csv,2026-08-17T06:40:00
2026-04-15,CLV26,74.17,75.28,73.59,74.42,22371,3356,FINAL,cme_settle_20260415.csv,2026-08-17T06:40:00
20260415,clx26,73.72,74.16,73.34,74.07,14023,1924,Final,cme_settle_20260415.csv,2026-08-17T06:40:00
2026-04-15,CLZ26,73.94,74.05,72.95,73.73,10053,847,FINAL,cme_settle_20260415.csv,2026-08-17T06:40:00
04/15/26,CLF27,73.53,73.6,72.64,73.38,4872,299,FINAL,cme_settle_20260415.csv,2026-08-17T06:40:00
2026-04-15,CLG27,73.07,73.39,72.46,73.04,2864,110,FINAL,cme_settle_20260415.csv,2026-08-17T06:40:00
04/15/26,CLH27,72.98,73.28,72.05,72.69,2168,64,FINAL,cme_settle_20260415.csv,2026-08-17T06:40:00
20260415,CLJ27,72.28,72.86,71.73,72.35,1513,26,final,cme_settle_20260415.csv,2026-08-17T06:40:00
2026-04-15,CLK27,72.35,72.62,71.90,72.01,697,11,final,cme_settle_20260415.csv,2026-08-17T06:40:00
2026-04-15,CLM27,71.93,72.01,71.57,71.66,485,4,final,cme_settle_20260415.csv,2026-08-17T06:40:00
04/15/26,GCJ26,2752.6,2778.9,2729.3,2758,"43,609",75655,final,cme_settle_20260415.csv,2026-08-17T06:40:00
2026-04-15,GCM26,"2,754.30",2788.7,2734,2763,204916,236272,FINAL,cme_settle_20260415.csv,2026-08-17T06:40:00
04/15/2026,GCQ26,2757.5,2790.2,2754.1,"2,767.90",60574,40370,FINAL,cme_settle_20260415.csv,2026-08-17T06:40:00
04/15/26,gcz26,2778.1,2789,"2,747.50",2772.9,40764,20782,final,cme_settle_20260415.csv,2026-08-17T06:40:00
2026-04-15,GCG27,2789.3,2789.3,2757.4,2777.9,23107,7014,FINAL,cme_settle_20260415.csv,2026-08-17T06:40:00
04/15/2026,GCJ27,2788,2806.6,"2,758.60",2782.8,18701,5433,final,cme_settle_20260415.csv,2026-08-17T06:40:00
04/15/2026,GCM27,2796,2806,2779.8,2787.8,8983,1376,FINAL,cme_settle_20260415.csv,2026-08-17T06:40:00
2026-04-15,ZB M26,117.6562,118.6562,117.5625,118.0938,82388,95748,FINAL,cme_settle_20260415.csv,2026-08-17T06:40:00
04/15/2026,ZBU26,117.69,118.4688,116.9375,118.19,51316,47006,Final,cme_settle_20260415.csv,2026-08-17T06:40:00
2026-04-15,ZBZ26,117.6875,118.4688,117.25,118.2812,"36,111",31601,Final,cme_settle_20260415.csv,2026-08-17T06:40:00
2026-04-15,ZBH27,118.6562,118.6875,117.59,118.375,26299,12570,Final,cme_settle_20260415.csv,2026-08-17T06:40:00
2026-04-15,ZBH27,118.6562,118.6875,117.59,118.375,26299,12570,Final,cme_settle_20260415.csv,2026-08-17T06:41:12
04/15/2026,ZBM27,118.4375,119.7812,118.1562,118.4688,15176,6547,final,cme_settle_20260415.csv,2026-08-17T06:40:00
04/16/2026,ESM26,"5,909.25",5909.25,5831.75,5893.75,1702967,2105771,final,cme_settle_20260416.csv,2026-08-17T06:40:00
20260416,ES U26,5927.5,"5,938.00",5889,5904.25,868992,1118941,Final,cme_settle_20260416.csv,2026-08-17T06:40:00
04/16/26,ESZ26,5940.25,5959.25,5850.75,5915,485819,340517,Final,cme_settle_20260416.csv,2026-08-17T06:40:00
04/16/26,ESH27,5943.25,5970,5903.75,5925.5,378520,218920,FINAL,cme_settle_20260416.csv,2026-08-17T06:40:00
2026-04-16,ESM27,5909.75,5951,5871.5,5936.25,214046,81706,FINAL,cme_settle_20260416.csv,2026-08-17T06:40:00
2026-04-16,NQM26,21672.25,21805.5,"21,482.75",21672.75,624452,933263,FINAL,cme_settle_20260416.csv,2026-08-17T06:40:00
20260416,NQU26,21724,21843.25,21459,21711.75,358737,354936,Final,cme_settle_20260416.csv,2026-08-17T06:40:00
2026-04-16,NQZ26,21676,21885,21624.25,21750.75,242942,"181,844",Final,cme_settle_20260416.csv,2026-08-17T06:40:00
2026-04-16,NQH27,21875,21989.5,21534.75,21789.75,165686,79233,Final,cme_settle_20260416.csv,2026-08-17T06:40:00
2026-04-16,NQM27,21837.25,21878,21607.5,"21,828.75",97813,"41,292",final,cme_settle_20260416.csv,2026-08-17T06:40:00
2026-04-16,CLJ26,76.66,77.29,75.7,76.53,98452,152677,FINAL,cme_settle_20260416.csv,2026-08-17T06:40:00
2026-04-16,CLK26,76.12,76.31,76.11,76.19,"489,210",462696,final,cme_settle_20260416.csv,2026-08-17T06:40:00
04/16/2026,CLM26,75.69,76.6,75.35,75.84,148941,87844,Final,cme_settle_20260416.csv,2026-08-17T06:40:00
2026-04-16,CL N26,75.68,75.75,75.39,75.5,110473,58876,Final,cme_settle_20260416.csv,2026-08-17T06:40:00
2026-04-16,clq26,75.41,75.84,74.88,75.15,59764,18916,Final,cme_settle_20260416.csv,2026-08-17T06:40:00
2026-04-16,CLU26,75.05,75.05,74.11,74.81,36288,7498,final,cme_settle_20260416.csv,2026-08-17T06:40:00
20260416,CLV26,74.1,75.32,73.96,74.46,20571,4227,FINAL,cme_settle_20260416.csv,2026-08-17T06:40:00
2026-04-16,CLX26,74.12,74.39,73.7,74.12,16204,2321,final,cme_settle_20260416.csv,2026-08-17T06:40:00
2026-04-16,CLZ26,73.71,74.45,73.08,73.77,9223,756,FINAL,cme_settle_20260416.csv,2026-08-17T06:40:00
2026-04-16,CLF27,73.75,74.28,73.26,73.43,5397,354,FINAL,cme_settle_20260416.csv,2026-08-17T06:40:00
2026-04-16,clg27,73.43,73.61,72.46,73.09,3798,141,final,cme_settle_20260416.csv,2026-08-17T06:40:00
2026-04-16,CLH27,72.49,73.05,72.49,72.74,2468,81,final,cme_settle_20260416.csv,2026-08-17T06:40:00
20260416,CLJ27,72.63,73.04,72.23,72.4,1281,30,FINAL,cme_settle_20260416.csv,2026-08-17T06:40:00
2026-04-16,CLK27,71.69,72.47,71.69,72.05,861,10,FINAL,cme_settle_20260416.csv,2026-08-17T06:40:00
2026-04-16,CLM27,71.88,72.03,71.23,71.71,542,6,Final,cme_settle_20260416.csv,2026-08-17T06:40:00
04/16/26,GCJ26,2775.5,2786.7,2750.2,2764.3,52259,93866,final,cme_settle_20260416.csv,2026-08-17T06:40:00
20260416,GCM26,2781.2,2788.1,2759.6,2769.3,217172,176325,final,cme_settle_20260416.csv,2026-08-17T06:40:00
2026-04-16,GCQ26,2779.2,2807.4,2749.6,2774.3,78068,60059,Final,cme_settle_20260416.csv,2026-08-17T06:40:00
2026-04-16,GCZ26,2776.4,2808.6,"2,775.60",2779.2,"36,501",18507,final,cme_settle_20260416.csv,2026-08-17T06:40:00
2026-04-16,GCG27,2791.1,2816.6,2769.1,2784.2,31353,13606,Final,cme_settle_20260416.csv,2026-08-17T06:40:00
04/16/2026,GCJ27,2777.8,2802.4,2770.1,2789.2,14530,3650,final,cme_settle_20260416.csv,2026-08-17T06:40:00
2026-04-16,gcm27,2787.6,2815.8,2784.1,2794.2,9425,1955,final,cme_settle_20260416.csv,2026-08-17T06:40:00
2026-04-16,ZB M26,118.0312,118.03,116.7188,117.7812,82982,108781,Final,cme_settle_20260416.csv,2026-08-17T06:40:00
2026-04-16,ZBU26,117.4688,119.125,116.6875,117.875,50919,43324,final,cme_settle_20260416.csv,2026-08-17T06:40:00
04/16/26,ZBZ26,117.7188,118.2188,116.9688,117.9688,"33,180",24365,Final,cme_settle_20260416.csv,2026-08-17T06:40:00
04/16/2026,ZB H27,118.625,118.9375,116.6562,118.0625,22266,13889,FINAL,cme_settle_20260416.csv,2026-08-17T06:40:00
2026-04-16,ZBM27,118.2812,119.25,117.4375,118.16,12940,5308,final,cme_settle_20260416.csv,2026-08-17T06:40:00
20260417,ESM26,5993.5,6011.5,5958,5997.5,1581835,2543345,final,cme_settle_20260417.csv,2026-08-17T06:40:00
2026-04-17,ESU26,"6,015.00",6064.25,5989.75,6008.25,919407,930719,final,cme_settle_20260417.csv,2026-08-17T06:40:00
2026-04-17,ES Z26,6037.25,6056,5952,6019,586921,347634,FINAL,cme_settle_20260417.csv,2026-08-17T06:40:00
2026-04-17,ESH27,6048.75,"6,066.75",6005.5,6030,346900,171235,FINAL,cme_settle_20260417.csv,2026-08-17T06:40:00
04/17/2026,ESM27,6051,6085.75,5998.5,6040.75,243316,79355,Final,cme_settle_20260417.csv,2026-08-17T06:40:00
04/17/2026,nqm26,21200.5,21253.75,20990.75,21205.25,627672,724391,Final,cme_settle_20260417.csv,2026-08-17T06:40:00
20260417,NQU26,21177.75,"21,285.25",21020.25,21243.5,408631,490060,Final,cme_settle_20260417.csv,2026-08-17T06:40:00
2026-04-17,NQZ26,21210.5,21413.75,21031.25,21281.5,221247,159840,final,cme_settle_20260417.csv,2026-08-17T06:40:00
04/17/2026,NQH27,21394,21508.25,21293.5,21319.75,121584,66361,Final,cme_settle_20260417.csv,2026-08-17T06:40:00
04/17/2026,NQM27,21374.25,21393.5,21106.25,21358,103738,32686,final,cme_settle_20260417.csv,2026-08-17T06:40:00
04/17/26,CLJ26,78.06,78.65,77.54,78.28,94677,121616,final,cme_settle_20260417.csv,2026-08-17T06:40:00
04/17/2026,CLK26,78.2,78.69,77.68,77.93,540082,629166,final,cme_settle_20260417.csv,2026-08-17T06:40:00
2026-04-17,CLM26,77.47,78.13,77.47,77.58,157247,101268,FINAL,cme_settle_20260417.csv,2026-08-17T06:40:00
20260417,CLN26,76.87,77.59,76.6,77.22,88008,40162,final,cme_settle_20260417.csv,2026-08-17T06:40:00
20260417,CLQ26,76.95,77.77,76.61,76.87,70673,28490,Final,cme_settle_20260417.csv,2026-08-17T06:40:00
2026-04-17,CLU26,76.63,77.21,75.69,76.52,36770,9295,final,cme_settle_20260417.csv,2026-08-17T06:40:00
2026-04-17,CLV26,76.27,76.85,75.6,76.17,20532,3227,Final,cme_settle_20260417.csv,2026-08-17T06:40:00
04/17/26,CLX26,76.04,76.04,74.91,75.81,13720,1322,Final,cme_settle_20260417.csv,2026-08-17T06:40:00
04/17/26,CLZ26,75.74,76.35,75.22,75.46,9192,972,final,cme_settle_20260417.csv,2026-08-17T06:40:00
04/17/2026,CLF27,75.4,75.52,74.74,75.11,5770,291,FINAL,cme_settle_20260417.csv,2026-08-17T06:40:00
2026-04-17,CLG27,75.13,75.44,73.97,74.76,"3,236",151,Final,cme_settle_20260417.csv,2026-08-17T06:40:00
20260417,CLH27,74.58,74.83,73.93,74.41,2388,64,FINAL,cme_settle_20260417.csv,2026-08-17T06:40:00
04/17/2026,CLJ27,74.34,74.93,73.62,74.05,1552,36,Final,cme_settle_20260417.csv,2026-08-17T06:40:00
2026-04-17,CLK27,73.91,74.19,72.97,73.7,890,10,FINAL,cme_settle_20260417.csv,2026-08-17T06:40:00
2026-04-17,CLM27,73.18,73.84,72.79,73.35,513,5,FINAL,cme_settle_20260417.csv,2026-08-17T06:40:00
2026-04-17,GCJ26,2794.2,2807.3,2771.6,2788.8,44314,80989,final,cme_settle_20260417.csv,2026-08-17T06:40:00
2026-04-17,GCM26,2788.3,2808,"2,788.30",2793.8,186260,163931,Final,cme_settle_20260417.csv,2026-08-17T06:40:00
04/17/2026,GC Q26,2800.8,2828.4,2778.1,2798.8,59784,40837,final,cme_settle_20260417.csv,2026-08-17T06:40:00
04/17/2026,GCZ26,2807.4,2829.2,"2,773.00",2803.9,45481,19566,FINAL,cme_settle_20260417.csv,2026-08-17T06:40:00
2026-04-17,GCG27,2810.6,2836.3,2797.1,"2,808.90",28581,10639,final,cme_settle_20260417.csv,2026-08-17T06:40:00
2026-04-17,gcj27,2807.6,2833.2,2807.6,2813.9,13632,3690,final,cme_settle_20260417.csv,2026-08-17T06:40:00
2026-04-17,GCM27,2813.8,2834.6,2811.7,2818.9,8469,1450,final,cme_settle_20260417.csv,2026-08-17T06:40:00
2026-04-17,ZBM26,116.75,117.3438,116.5,117,"79,914",145666,Final,cme_settle_20260417.csv,2026-08-17T06:40:00
2026-04-17,ZBU26,116.5938,117.7188,115.8438,117.0938,58751,68954,Final,cme_settle_20260417.csv,2026-08-17T06:40:00
20260417,ZBZ26,117.125,117.4688,116.5,117.1875,39975,31459,Final,cme_settle_20260417.csv,2026-08-17T06:40:00
2026-04-17,ZB H27,117.8438,118.4688,116.25,117.2812,18573,9398,Final,cme_settle_20260417.csv,2026-08-17T06:40:00
04/17/2026,zbm27,116.9062,118.1875,116.0625,117.375,12932,3921,Final,cme_settle_20260417.csv,2026-08-17T06:40:00
2026-04-20,ESM26,6035.75,6079,5971.75,6026,1520558,2791361,FINAL,cme_settle_20260420.csv,2026-08-17T06:40:00
2026-04-20,ESU26,6052.5,"6,102.25","6,011.00",6036.75,954894,962007,final,cme_settle_20260420.csv,2026-08-17T06:40:00
04/20/26,ESZ26,6066.5,6079.5,"6,031.00",6047.75,532574,409948,Final,cme_settle_20260420.csv,2026-08-17T06:40:00
2026-04-20,ESH27,6042.5,6084.75,6033.75,6058.5,294564,159576,final,cme_settle_20260420.csv,2026-08-17T06:40:00
04/20/2026,ESM27,6084,6087,6009.5,6069.5,197083,70990,Final,cme_settle_20260420.csv,2026-08-17T06:40:00
04/20/2026,NQM26,21635.25,"21,635.25",21568,21596.75,569630,993074,final,cme_settle_20260420.csv,2026-08-17T06:40:00
20260420,nqu26,21605.5,21819,21487,21635.5,"452,914",425411,FINAL,cme_settle_20260420.csv,2026-08-17T06:40:00
04/20/26,NQZ26,21773.75,"21,773.75",21578.75,"21,674.50",264725,"239,089",Final,cme_settle_20260420.csv,2026-08-17T06:40:00
20260420,NQH27,21785.5,"21,848.00",21681.75,21713.25,165876,75273,FINAL,cme_settle_20260420.csv,2026-08-17T06:40:00
2026-04-20,NQ M27,21657.75,21849,21657.75,"21,752.25",77124,21727,final,cme_settle_20260420.csv,2026-08-17T06:40:00
04/20/2026,CLK26,78.86,79.06,78.43,78.63,395488,625706,FINAL,cme_settle_20260420.csv,2026-08-17T06:40:00
20260420,CLM26,77.94,78.45,77.85,78.28,238477,214466,FINAL,cme_settle_20260420.csv,2026-08-17T06:40:00
2026-04-20,CLN26,78.04,78.5,77.42,77.92,131735,80001,Final,cme_settle_20260420.csv,2026-08-17T06:40:00
2026-04-20,CLQ26,77.85,78.08,77.35,77.57,103986,42448,final,cme_settle_20260420.csv,2026-08-17T06:40:00
2026-04-20,CLU26,77.15,78.11,76.81,77.21,56900,21242,Final,cme_settle_20260420.csv,2026-08-17T06:40:00
2026-04-20,clv26,76.76,77.63,76.62,76.86,37301,10581,Final,cme_settle_20260420.csv,2026-08-17T06:40:00
20260420,CLX26,76.26,76.61,75.76,76.51,25514,3544,FINAL,cme_settle_20260420.csv,2026-08-17T06:40:00
2026-04-20,CLZ26,75.93,76.97,75.52,76.15,12553,1662,Final,cme_settle_20260420.csv,2026-08-17T06:40:00
2026-04-20,CLF27,75.71,76.54,75.05,75.8,7806,808,FINAL,cme_settle_20260420.csv,2026-08-17T06:40:00
20260420,CLG27,75.8,76.25,75.25,75.45,4657,320,Final,cme_settle_20260420.csv,2026-08-17T06:40:00
2026-04-20,CL H27,75.11,75.31,74.78,75.09,3285,140,FINAL,cme_settle_20260420.csv,2026-08-17T06:40:00
20260420,CLJ27,74.48,75.16,74.15,74.74,1929,49,Final,cme_settle_20260420.csv,2026-08-17T06:40:00
2026-04-20,CLK27,74.24,74.79,74.15,74.38,1287,26,Final,cme_settle_20260420.csv,2026-08-17T06:40:00
2026-04-20,CLM27,74.06,74.2,73.43,74.03,754,9,FINAL,cme_settle_20260420.csv,2026-08-17T06:40:00
20260420,GCM26,2785.6,2822,2758,2791.2,196354,327493,FINAL,cme_settle_20260420.csv,2026-08-17T06:40:00
04/20/2026,GCQ26,2798.6,2805.5,2769.8,2796.2,100655,116702,final,cme_settle_20260420.csv,2026-08-17T06:40:00
04/20/26,GCZ26,2790.8,2815.5,2785.4,2801.2,67945,51301,Final,cme_settle_20260420.csv,2026-08-17T06:40:00
04/20/26,GCG27,2796.6,2833.3,2796.6,2806.3,40213,16086,final,cme_settle_20260420.csv,2026-08-17T06:40:00
2026-04-20,GCJ27,2815.2,2824.3,2807.3,2811.3,"25,510",9079,final,cme_settle_20260420.csv,2026-08-17T06:40:00
2026-04-20,gcm27,2816.8,2821.3,2784.3,2816.3,14905,"4,037",FINAL,cme_settle_20260420.csv,2026-08-17T06:40:00
04/20/26,ZBM26,116.125,117.0312,115.2188,116.00,84934,"123,370",final,cme_settle_20260420.csv,2026-08-17T06:40:00
2026-04-20,ZBU26,116.0625,116.9375,115.3125,116.0938,53531,51719,FINAL,cme_settle_20260420.csv,2026-08-17T06:40:00
04/20/2026,ZBZ26,116.375,116.84,115.2812,116.1875,32305,25048,Final,cme_settle_20260420.csv,2026-08-17T06:40:00
04/20/2026,ZB H27,116.84,116.8438,115.5312,116.2812,24255,13774,Final,cme_settle_20260420.csv,2026-08-17T06:40:00
2026-04-20,ZBM27,116.19,117.3438,115.5625,116.375,11645,4465,final,cme_settle_20260420.csv,2026-08-17T06:40:00
20260421,ESM26,"6,061.50",6111.5,5979,6042.25,1475279,"1,946,786",FINAL,cme_settle_20260421.csv,2026-08-17T06:40:00
2026-04-21,ESU26,6063.75,6073.75,5983,6053.25,786857,771483,final,cme_settle_20260421.csv,2026-08-17T06:40:00
04/21/26,ESZ26,"6,048.75","6,095.25","6,004.75",6064,577085,"334,820",FINAL,cme_settle_20260421.csv,2026-08-17T06:40:00
2026-04-21,ESH27,6051.25,6092.25,6030,6075,386686,168115,final,cme_settle_20260421.csv,2026-08-17T06:40:00
04/21/2026,ESM27,6068.75,"6,092.75",6027,6085.75,176847,68268,FINAL,cme_settle_20260421.csv,2026-08-17T06:40:00
2026-04-21,NQM26,21574.5,21819.5,21462.25,21662.25,685009,1229972,Final,cme_settle_20260421.csv,2026-08-17T06:40:00
2026-04-21,NQU26,21719.75,21803,21586,21701.25,433049,450909,final,cme_settle_20260421.csv,2026-08-17T06:40:00
2026-04-21,NQZ26,21740,21781,21512.25,21740.25,232193,150237,FINAL,cme_settle_20260421.csv,2026-08-17T06:40:00
2026-04-21,NQH27,21811.5,21925.75,21752,21779.25,155402,89673,FINAL,cme_settle_20260421.csv,2026-08-17T06:40:00
04/21/2026,NQM27,21749.25,22049.5,"21,681.50",21818.25,98086,30750,FINAL,cme_settle_20260421.csv,2026-08-17T06:40:00
2026-04-21,CLK26,78.31,78.41,77.26,78.13,458888,827039,final,cme_settle_20260421.csv,2026-08-17T06:40:00
2026-04-21,CLM26,77.76,78.17,77.17,77.78,252476,320896,FINAL,cme_settle_20260421.csv,2026-08-17T06:40:00
2026-04-21,CLN26,77.24,77.64,77.12,77.43,181520,139343,FINAL,cme_settle_20260421.csv,2026-08-17T06:40:00
2026-04-21,CLN26,77.24,77.64,77.12,77.43,181520,139343,FINAL,cme_settle_20260421.csv,2026-08-17T06:41:12
2026-04-21,CLQ26,77.02,77.47,76.5,77.08,110436,62927,FINAL,cme_settle_20260421.csv,2026-08-17T06:40:00
04/21/2026,CLU26,77.04,77.16,76.01,76.72,62013,19147,FINAL,cme_settle_20260421.csv,2026-08-17T06:40:00
2026-04-21,CLV26,76.5,77.04,75.48,76.37,43260,10200,FINAL,cme_settle_20260421.csv,2026-08-17T06:40:00
2026-04-21,CLX26,76.32,76.43,75.6,76.02,24498,5164,final,cme_settle_20260421.csv,2026-08-17T06:40:00
04/21/2026,CLZ26,75.37,76.52,75.37,75.67,15654,"2,161",FINAL,cme_settle_20260421.csv,2026-08-17T06:40:00
04/21/2026,CLF27,75.44,75.97,74.85,75.32,7345,507,FINAL,cme_settle_20260421.csv,2026-08-17T06:40:00
2026-04-21,CLG27,75.27,75.67,74.28,74.97,4669,240,final,cme_settle_20260421.csv,2026-08-17T06:40:00
04/21/26,CLH27,74.44,75.31,73.72,74.61,3112,130,final,cme_settle_20260421.csv,2026-08-17T06:40:00
04/21/26,clj27,74.55,74.69,73.67,74.26,2112,57,FINAL,cme_settle_20260421.csv,2026-08-17T06:40:00
04/21/26,clj27,74.55,74.69,73.67,74.26,2112,57,FINAL,cme_settle_20260421.csv,2026-08-17T06:41:12
2026-04-21,CLK27,73.56,74.66,73.56,73.91,1499,29,Final,cme_settle_20260421.csv,2026-08-17T06:40:00
2026-04-21,CLM27,73.2,74.41,73.2,73.56,727,12,FINAL,cme_settle_20260421.csv,2026-08-17T06:40:00
2026-04-21,GCM26,2769.8,2781.5,2751.1,2764.3,208452,377096,FINAL,cme_settle_20260421.csv,2026-08-17T06:40:00
2026-04-21,GCQ26,2779.7,2792.6,2752.8,2769.3,123525,117677,FINAL,cme_settle_20260421.csv,2026-08-17T06:40:00
2026-04-21,GCZ26,2771.1,2805.4,2751,2774.3,81481,46731,final,cme_settle_20260421.csv,2026-08-17T06:40:00
04/21/2026,GCG27,2782,2810.5,2769.3,2779.2,45860,27690,FINAL,cme_settle_20260421.csv,2026-08-17T06:40:00
04/21/2026,GCJ27,2796.4,2796.4,2773.5,2784.2,"22,917","6,665",Final,cme_settle_20260421.csv,2026-08-17T06:40:00
2026-04-21,GCM27,2801.3,2815.7,"2,780.20",2789.2,15826,3847,final,cme_settle_20260421.csv,2026-08-17T06:40:00
20260421,ZBM26,116.25,116.9375,114.8438,116.0625,94994,139550,final,cme_settle_20260421.csv,2026-08-17T06:40:00
2026-04-21,ZBU26,116.5312,117.5,114.8438,116.1562,52871,50112,final,cme_settle_20260421.csv,2026-08-17T06:40:00
2026-04-21,ZBZ26,115.6875,117.5312,115.0625,116.25,33876,28559,FINAL,cme_settle_20260421.csv,2026-08-17T06:40:00
2026-04-21,ZB H27,116.7812,116.875,115.9688,116.3438,23032,9623,FINAL,cme_settle_20260421.csv,2026-08-17T06:40:00
04/21/2026,ZB M27,116.5312,116.5625,115.9688,116.4375,15292,6112,final,cme_settle_20260421.csv,2026-08-17T06:40:00
04/22/2026,ESM26,"6,009.75",6030.5,5949,5981.75,1216390,2233527,final,cme_settle_20260422.csv,2026-08-17T06:40:00
2026-04-22,ESU26,6011.5,"6,011.50",5951.25,5992.5,1057960,1199367,FINAL,cme_settle_20260422.csv,2026-08-17T06:40:00
2026-04-22,ESZ26,6021,6027.25,5980.5,6003.25,"572,024",434688,Final,cme_settle_20260422.csv,2026-08-17T06:40:00
2026-04-22,ESH27,6032.75,6056.75,5977.25,6014,384498,153488,FINAL,cme_settle_20260422.csv,2026-08-17T06:40:00
2026-04-22,ESM27,6002,6067.5,6002,"6,024.75",221900,67980,final,cme_settle_20260422.csv,2026-08-17T06:40:00
04/22/26,NQ M26,21288.25,21561.5,21187,21385.25,546701,1002634,final,cme_settle_20260422.csv,2026-08-17T06:40:00
2026-04-22,nqu26,21324.5,21601.25,21177.25,21423.75,385865,440690,final,cme_settle_20260422.csv,2026-08-17T06:40:00
2026-04-22,NQZ26,21372.75,21697,"21,299.25",21462.25,217304,150907,FINAL,cme_settle_20260422.csv,2026-08-17T06:40:00
2026-04-22,NQH27,21570,21643.25,21281.5,21500.75,151148,83128,final,cme_settle_20260422.csv,2026-08-17T06:40:00
2026-04-22,NQM27,21618.75,21639.75,21345.5,21539.25,96236,32440,Final,cme_settle_20260422.csv,2026-08-17T06:40:00
2026-04-22,CLK26,76.26,76.37,75.59,76.21,423110,725531,Final,cme_settle_20260422.csv,2026-08-17T06:40:00
2026-04-22,CLM26,75.59,76.65,75.36,75.87,"257,099",281873,final,cme_settle_20260422.csv,2026-08-17T06:40:00
20260422,CLN26,75.89,76.18,74.77,75.52,143369,110721,FINAL,cme_settle_20260422.csv,2026-08-17T06:40:00
04/22/26,CLQ26,75.35,75.35,74.34,75.18,94425,44336,final,cme_settle_20260422.csv,2026-08-17T06:40:00
2026-04-22,CLU26,74.97,75.32,74.51,74.84,70014,20937,final,cme_settle_20260422.csv,2026-08-17T06:40:00
04/22/2026,CLV26,74.52,75.25,74.33,74.5,40793,"12,447",FINAL,cme_settle_20260422.csv,2026-08-17T06:40:00
04/22/26,CLX26,73.86,74.53,73.56,74.15,27081,4606,Final,cme_settle_20260422.csv,2026-08-17T06:40:00
20260422,CL Z26,73.82,74.64,73.70,73.81,13885,2053,FINAL,cme_settle_20260422.csv,2026-08-17T06:40:00
20260422,CL Z26,73.82,74.64,73.70,73.81,13885,2053,FINAL,cme_settle_20260422.csv,2026-08-17T06:41:12
2026-04-22,CLF27,73.46,73.83,72.67,73.47,10209,753,final,cme_settle_20260422.csv,2026-08-17T06:40:00
04/22/2026,CLG27,73.48,73.62,72.46,73.12,5279,378,final,cme_settle_20260422.csv,2026-08-17T06:40:00
2026-04-22,CLH27,72.56,73.57,72.03,72.78,3310,156,final,cme_settle_20260422.csv,2026-08-17T06:40:00
2026-04-22,CLJ27,72.16,72.82,71.66,72.44,2458,84,Final,cme_settle_20260422.csv,2026-08-17T06:40:00
2026-04-22,CLJ27,72.16,72.82,71.66,72.44,2458,84,Final,cme_settle_20260422.csv,2026-08-17T06:41:12
04/22/2026,CLK27,72.17,72.23,71.57,72.09,1313,24,final,cme_settle_20260422.csv,2026-08-17T06:40:00
04/22/2026,CLM27,72.1,72.22,71.03,71.75,911,14,Final,cme_settle_20260422.csv,2026-08-17T06:40:00
2026-04-22,GCM26,"2,778.70",2784.1,"2,753.50",2765.4,203609,288360,Final,cme_settle_20260422.csv,2026-08-17T06:40:00
2026-04-22,GCQ26,2777.2,2777.2,2738.7,2770.4,104361,86442,FINAL,cme_settle_20260422.csv,2026-08-17T06:40:00
04/22/2026,GCZ26,2784,2784,2753.1,2775.4,73749,61047,Final,cme_settle_20260422.csv,2026-08-17T06:40:00
04/22/2026,GC G27,"2,771.70",2811,2766.9,2780.3,37035,19824,Final,cme_settle_20260422.csv,2026-08-17T06:40:00
20260422,GCJ27,2792.5,2809.9,2779.2,2785.3,23033,7978,Final,cme_settle_20260422.csv,2026-08-17T06:40:00
2026-04-22,GCM27,2779.9,2811.5,2778.2,2790.3,16513,3234,FINAL,cme_settle_20260422.csv,2026-08-17T06:40:00
2026-04-22,ZBM26,116.1562,117.5625,115.5625,116.4375,103574,146961,Final,cme_settle_20260422.csv,2026-08-17T06:40:00
2026-04-22,ZBU26,116.2188,117,115.2812,116.5312,66373,"63,068",FINAL,cme_settle_20260422.csv,2026-08-17T06:40:00
2026-04-22,ZB Z26,117.1875,117.5625,116.0312,116.625,32705,19732,Final,cme_settle_20260422.csv,2026-08-17T06:40:00
2026-04-22,ZB H27,117.2812,118.0625,115.5312,116.7188,25281,11303,Final,cme_settle_20260422.csv,2026-08-17T06:40:00
20260422,ZBM27,116.9062,117.2188,115.75,116.8125,14294,5909,FINAL,cme_settle_20260422.csv,2026-08-17T06:40:00
2026-04-23,ESM26,5922.5,5984.75,5922.5,5941.5,1614742,2056014,final,cme_settle_20260423.csv,2026-08-17T06:40:00
04/23/2026,ESU26,"5,970.50",5992.75,5928.5,5952.25,"1,051,235",897875,FINAL,cme_settle_20260423.csv,2026-08-17T06:40:00
2026-04-23,esz26,5980.5,6021,5892,5963,645387,496415,final,cme_settle_20260423.csv,2026-08-17T06:40:00
20260423,ESH27,5951,6025,5943,5973.5,302594,"123,417",final,cme_settle_20260423.csv,2026-08-17T06:40:00
04/23/2026,ES M27,5995.5,6051,5957.5,5984.25,202942,"65,819",final,cme_settle_20260423.csv,2026-08-17T06:40:00
2026-04-23,NQM26,21805.5,22113.5,21759,21876,714484,1281721,FINAL,cme_settle_20260423.csv,2026-08-17T06:40:00
20260423,nqu26,21981,22001.5,21871.25,21915.5,384296,378864,final,cme_settle_20260423.csv,2026-08-17T06:40:00
2026-04-23,NQZ26,21916,22152.25,21726.25,21954.75,205138,145671,FINAL,cme_settle_20260423.csv,2026-08-17T06:40:00
2026-04-23,nqh27,22001.75,22117.5,21850.5,21994.25,155952,70723,Final,cme_settle_20260423.csv,2026-08-17T06:40:00
2026-04-23,NQM27,22027.75,22261.75,21857,22033.5,87052,27010,Final,cme_settle_20260423.csv,2026-08-17T06:40:00
04/23/26,CLK26,77.04,78.10,76.44,77.32,470951,621536,FINAL,cme_settle_20260423.csv,2026-08-17T06:40:00
2026-04-23,clm26,76.77,77.17,76.17,76.97,262795,231917,final,cme_settle_20260423.csv,2026-08-17T06:40:00
20260423,CLN26,76.36,77.28,75.94,76.62,148374,123375,Final,cme_settle_20260423.csv,2026-08-17T06:40:00
2026-04-23,CLQ26,76.61,76.61,75.56,76.28,"89,203",47438,Final,cme_settle_20260423.csv,2026-08-17T06:40:00
2026-04-23,CLU26,76.05,76.58,75.42,75.93,62874,18176,final,cme_settle_20260423.csv,2026-08-17T06:40:00
2026-04-23,CLV26,75.77,75.77,75.17,75.58,34616,8896,final,cme_settle_20260423.csv,2026-08-17T06:40:00
2026-04-23,CLX26,75.07,75.31,74.62,75.23,21733,4629,Final,cme_settle_20260423.csv,2026-08-17T06:40:00
20260423,CLZ26,74.86,74.97,74.64,74.88,14449,2014,FINAL,cme_settle_20260423.csv,2026-08-17T06:40:00
04/23/2026,CLF27,74.55,74.75,74.44,74.54,9448,919,final,cme_settle_20260423.csv,2026-08-17T06:40:00
04/23/26,CLG27,74.27,74.46,74.11,74.19,5975,392,FINAL,cme_settle_20260423.csv,2026-08-17T06:40:00
2026-04-23,CLH27,73.9,74.15,73.01,73.84,3385,121,FINAL,cme_settle_20260423.csv,2026-08-17T06:40:00
04/23/2026,CLJ27,73.42,73.86,72.84,73.49,2495,73,final,cme_settle_20260423.csv,2026-08-17T06:40:00
2026-04-23,clk27,73.32,73.71,72.78,73.14,1501,33,final,cme_settle_20260423.csv,2026-08-17T06:40:00
2026-04-23,CLM27,73.03,73.25,72.35,72.8,870,11,final,cme_settle_20260423.csv,2026-08-17T06:40:00
2026-04-23,GCM26,2700.7,2730.1,"2,688.90",2713.2,179111,294029,final,cme_settle_20260423.csv,2026-08-17T06:40:00
2026-04-23,GCQ26,2725.1,2727.1,2686.2,2718.1,130826,118996,final,cme_settle_20260423.csv,2026-08-17T06:40:00
2026-04-23,GCZ26,2733.9,2750.6,2693.1,2723,73417,47903,Final,cme_settle_20260423.csv,2026-08-17T06:40:00
2026-04-23,GCG27,2738.6,2755.3,2712,2727.9,49271,26181,Final,cme_settle_20260423.csv,2026-08-17T06:40:00
04/23/26,GCJ27,2722.1,"2,739.90",2722.1,2732.7,23250,8211,Final,cme_settle_20260423.csv,2026-08-17T06:40:00
2026-04-23,GCM27,2728.5,2753,2721.2,"2,737.60",14819,"4,571",final,cme_settle_20260423.csv,2026-08-17T06:40:00
2026-04-23,ZBM26,116.5938,117.625,115.875,116.6875,107577,176374,Final,cme_settle_20260423.csv,2026-08-17T06:40:00
04/23/2026,ZB U26,116.9375,117.75,116.25,116.7812,57540,"54,355",final,cme_settle_20260423.csv,2026-08-17T06:40:00
20260423,ZBZ26,116.875,117.6875,116.2812,116.875,39803,30945,FINAL,cme_settle_20260423.csv,2026-08-17T06:40:00
2026-04-23,ZB H27,117.3125,118.25,116.4062,116.9688,25035,12663,final,cme_settle_20260423.csv,2026-08-17T06:40:00
20260423,ZBM27,117.4062,117.4062,115.6875,117.0625,11531,4945,final,cme_settle_20260423.csv,2026-08-17T06:40:00
04/24/2026,ES M26,5922.75,6003,5911.25,5944.75,1525394,2638908,Final,cme_settle_20260424.csv,2026-08-17T06:40:00
2026-04-24,ESU26,5975.5,"6,011.50","5,944.00",5955.5,923898,921205,Final,cme_settle_20260424.csv,2026-08-17T06:40:00
04/24/2026,ESZ26,5963.5,6021,5903.25,5966.25,472857,328477,final,cme_settle_20260424.csv,2026-08-17T06:40:00
04/24/2026,ESH27,5985,6044.25,5946.25,5976.75,365388,168249,final,cme_settle_20260424.csv,2026-08-17T06:40:00
2026-04-24,ESM27,5982.25,6000,5968,5987.5,246090,76550,final,cme_settle_20260424.csv,2026-08-17T06:40:00
2026-04-24,ESM27,5982.25,6000,5968,5987.5,246090,76550,final,cme_settle_20260424.csv,2026-08-17T06:41:12
04/24/26,NQM26,22144.25,22208.25,21782.5,22039.25,548280,848247,FINAL,cme_settle_20260424.csv,2026-08-17T06:40:00
2026-04-24,NQU26,22167,22167,21902.75,22079,386890,455706,Final,cme_settle_20260424.csv,2026-08-17T06:40:00
2026-04-24,NQZ26,22096.25,22261.25,21977.75,22118.5,220681,180760,final,cme_settle_20260424.csv,2026-08-17T06:40:00
2026-04-24,NQH27,22179.5,22286,22001,22158.25,132115,75017,final,cme_settle_20260424.csv,2026-08-17T06:40:00
04/24/2026,NQ M27,22270.5,"22,363.50",22003.25,22198,76236,27601,FINAL,cme_settle_20260424.csv,2026-08-17T06:40:00
04/24/2026,CLK26,78.28,78.48,77.2,78.13,391057,489418,FINAL,cme_settle_20260424.csv,2026-08-17T06:40:00
20260424,CLM26,77.45,78.61,77.45,77.78,233888,257948,final,cme_settle_20260424.csv,2026-08-17T06:40:00
2026-04-24,CLN26,77.49,77.79,76.83,77.43,136275,84790,Final,cme_settle_20260424.csv,2026-08-17T06:40:00
04/24/2026,CLQ26,77.31,77.31,76.24,77.08,81502,44765,Final,cme_settle_20260424.csv,2026-08-17T06:40:00
2026-04-24,CLU26,77.06,77.57,76.51,76.72,60437,23199,FINAL,cme_settle_20260424.csv,2026-08-17T06:40:00
20260424,CLV26,76.7,77.2,76.28,76.37,43001,10177,final,cme_settle_20260424.csv,2026-08-17T06:40:00
20260424,clx26,76.3,76.48,75.21,76.02,20524,3009,Final,cme_settle_20260424.csv,2026-08-17T06:40:00
04/24/2026,CLZ26,75.87,76.15,74.84,75.67,13297,"1,851",final,cme_settle_20260424.csv,2026-08-17T06:40:00
2026-04-24,CLF27,75.02,76.07,74.57,75.32,7382,553,Final,cme_settle_20260424.csv,2026-08-17T06:40:00
2026-04-24,CLG27,75.06,75.36,74.44,74.97,4811,347,final,cme_settle_20260424.csv,2026-08-17T06:40:00
04/24/2026,CLH27,74.26,75.42,73.87,74.61,3744,139,Final,cme_settle_20260424.csv,2026-08-17T06:40:00
2026-04-24,CLJ27,74.58,74.58,73.68,74.26,2088,58,FINAL,cme_settle_20260424.csv,2026-08-17T06:40:00
2026-04-24,CLK27,73.59,74.01,73.24,73.91,1189,19,final,cme_settle_20260424.csv,2026-08-17T06:40:00
2026-04-24,CLM27,73.4,74.15,73.25,73.56,722,9,Final,cme_settle_20260424.csv,2026-08-17T06:40:00
2026-04-24,GCM26,2712.7,"2,720.30",2681.2,2713.4,159739,284320,Final,cme_settle_20260424.csv,2026-08-17T06:40:00
2026-04-24,GCM26,2712.7,"2,720.30",2681.2,2713.4,159739,284320,Final,cme_settle_20260424.csv,2026-08-17T06:41:12
2026-04-24,GCQ26,2723.2,2723.2,2686.2,2718.3,126594,131222,final,cme_settle_20260424.csv,2026-08-17T06:40:00
2026-04-24,GCZ26,2710,2740.5,2701.4,2723.2,81392,53048,Final,cme_settle_20260424.csv,2026-08-17T06:40:00
2026-04-24,GCG27,2741.6,2743.1,2702,2728.1,45058,19373,final,cme_settle_20260424.csv,2026-08-17T06:40:00
04/24/26,GCJ27,2731.5,2756,2727.1,2732.9,31054,13152,final,cme_settle_20260424.csv,2026-08-17T06:40:00
04/24/2026,GCM27,2745.9,2765.7,"2,708.60",2737.8,16962,4678,Final,cme_settle_20260424.csv,2026-08-17T06:40:00
2026-04-24,ZBM26,116.8438,117,115.47,116.5,99233,160263,FINAL,cme_settle_20260424.csv,2026-08-17T06:40:00
04/24/2026,ZB U26,117.125,117.7188,115.8438,116.5938,51218,63283,FINAL,cme_settle_20260424.csv,2026-08-17T06:40:00
2026-04-24,ZBZ26,117.2188,117.625,115.8438,116.6875,34606,29135,Final,cme_settle_20260424.csv,2026-08-17T06:40:00
04/24/26,ZBH27,116.5312,117.1562,115.7812,116.7812,20603,10186,Final,cme_settle_20260424.csv,2026-08-17T06:40:00
2026-04-24,ZBM27,116.7812,117.5312,116,116.875,15111,5361,Final,cme_settle_20260424.csv,2026-08-17T06:40:00
2026-04-27,ESM26,5990.5,6033.5,5902,5970,1513104,2693232,Final,cme_settle_20260427.csv,2026-08-17T06:40:00
2026-04-27,ESU26,6002.5,6024,5954.5,5980.75,929532,1122642,FINAL,cme_settle_20260427.csv,2026-08-17T06:40:00
2026-04-27,ESZ26,6020.75,6020.75,"5,940.00",5991.5,592631,507187,FINAL,cme_settle_20260427.csv,2026-08-17T06:40:00
2026-04-27,ESH27,5990.25,6034,5990.25,6002.25,286439,147772,FINAL,cme_settle_20260427.csv,2026-08-17T06:40:00
04/27/2026,ESM27,5993.25,6073.25,5984.25,6013,224762,69041,final,cme_settle_20260427.csv,2026-08-17T06:40:00
2026-04-27,NQM26,21523.5,"21,784.75",21346.5,21570.25,686927,1013062,final,cme_settle_20260427.csv,2026-08-17T06:40:00
20260427,NQU26,21578.25,21696.5,21578.25,"21,609.00",379958,440486,Final,cme_settle_20260427.csv,2026-08-17T06:40:00
04/27/26,NQZ26,21682.25,21703,21575.25,21648,234851,201507,Final,cme_settle_20260427.csv,2026-08-17T06:40:00
04/27/2026,NQH27,"21,653.75",21785.75,21653.75,21686.75,149116,63452,final,cme_settle_20260427.csv,2026-08-17T06:40:00
20260427,NQM27,21639.75,21966.5,21639.75,"21,725.50",82759,"33,585",Final,cme_settle_20260427.csv,2026-08-17T06:40:00
04/27/2026,CLK26,80.27,81.23,80.26,80.41,448870,706778,FINAL,cme_settle_20260427.csv,2026-08-17T06:40:00
04/27/26,CLM26,79.67,80.83,79.17,80.05,248165,264042,final,cme_settle_20260427.csv,2026-08-17T06:40:00
04/27/2026,CLN26,79.95,80.33,79.17,79.69,"170,652",149485,final,cme_settle_20260427.csv,2026-08-17T06:40:00
2026-04-27,CLQ26,79.32,79.85,78.46,79.32,100147,42561,FINAL,cme_settle_20260427.csv,2026-08-17T06:40:00
2026-04-27,CLU26,78.96,79.78,78.82,78.96,51308,"19,128",final,cme_settle_20260427.csv,2026-08-17T06:40:00
2026-04-27,CLV26,78.85,78.85,77.83,78.6,33511,9978,FINAL,cme_settle_20260427.csv,2026-08-17T06:40:00
2026-04-27,CLX26,78.54,78.95,78.1,78.24,19689,3338,FINAL,cme_settle_20260427.csv,2026-08-17T06:40:00
04/27/2026,CLZ26,78.16,78.65,77.4,77.88,12127,1689,FINAL,cme_settle_20260427.csv,2026-08-17T06:40:00
04/27/26,CLF27,77.4,78.37,76.89,77.52,7720,703,FINAL,cme_settle_20260427.csv,2026-08-17T06:40:00
2026-04-27,CLG27,76.86,77.92,76.29,77.15,4580,305,FINAL,cme_settle_20260427.csv,2026-08-17T06:40:00
20260427,clh27,77.03,77.04,76.46,76.79,2916,148,final,cme_settle_20260427.csv,2026-08-17T06:40:00
2026-04-27,CLJ27,76.77,76.8,75.86,76.43,2165,52,Final,cme_settle_20260427.csv,2026-08-17T06:40:00
2026-04-27,CLK27,76.03,76.73,75.7,76.07,1152,29,Final,cme_settle_20260427.csv,2026-08-17T06:40:00
04/27/2026,CLM27,75.62,76.16,74.99,75.71,678,9,final,cme_settle_20260427.csv,2026-08-17T06:40:00
20260427,GCM26,2720.9,2745.6,2715.2,"2,725.20",206402,354427,Final,cme_settle_20260427.csv,2026-08-17T06:40:00
20260427,GCQ26,2736.1,2748.9,2710.1,2730.1,103059,133001,Final,cme_settle_20260427.csv,2026-08-17T06:40:00
04/27/2026,GCZ26,2732.1,2754.1,2712.3,2735,58868,38218,final,cme_settle_20260427.csv,2026-08-17T06:40:00
2026-04-27,GCG27,2727.2,2743.2,2707.3,"2,739.90",48267,24182,FINAL,cme_settle_20260427.csv,2026-08-17T06:40:00
2026-04-27,gcj27,2737.3,2755.4,2726.8,2744.8,24280,9914,final,cme_settle_20260427.csv,2026-08-17T06:40:00
04/27/2026,gcm27,2743,2774.1,2724.5,2749.7,"17,780",3563,Final,cme_settle_20260427.csv,2026-08-17T06:40:00
2026-04-27,ZBM26,115.56,117.25,115.5312,116.0625,84878,131497,final,cme_settle_20260427.csv,2026-08-17T06:40:00
04/27/2026,zbu26,115.5938,117.4688,115.5938,116.1562,51697,42746,Final,cme_settle_20260427.csv,2026-08-17T06:40:00
04/27/26,ZBZ26,115.75,117.6562,114.9688,116.25,39492,27415,Final,cme_settle_20260427.csv,2026-08-17T06:40:00
04/27/2026,ZB H27,116,117.125,115.3438,116.3438,23514,12996,Final,cme_settle_20260427.csv,2026-08-17T06:40:00
04/27/26,ZBM27,116.4375,117.0312,115.5,116.4375,15213,6451,Final,cme_settle_20260427.csv,2026-08-17T06:40:00
2026-04-28,ESM26,6017.25,6049.5,5967.5,5999.5,1663636,2698207,FINAL,cme_settle_20260428.csv,2026-08-17T06:40:00
04/28/2026,ESU26,"6,036.00",6036,5974.75,6010.25,742200,641399,final,cme_settle_20260428.csv,2026-08-17T06:40:00
20260428,esz26,5998,6064,5996,"6,021.00",528157,370499,final,cme_settle_20260428.csv,2026-08-17T06:40:00
04/28/2026,ESH27,6044,6067,6010,6032,"361,852",207084,Final,cme_settle_20260428.csv,2026-08-17T06:40:00
2026-04-28,ESM27,6069.75,6082.5,6009.25,6042.75,204952,71698,final,cme_settle_20260428.csv,2026-08-17T06:40:00
04/28/2026,NQM26,21728.25,21728.25,21610.75,21645.5,677429,1231199,final,cme_settle_20260428.csv,2026-08-17T06:40:00
04/28/26,NQU26,21739.5,21925,21660.25,21684.5,"437,726",414244,Final,cme_settle_20260428.csv,2026-08-17T06:40:00
04/28/26,NQZ26,21676,21941.75,21551,21723.5,212170,155098,FINAL,cme_settle_20260428.csv,2026-08-17T06:40:00
2026-04-28,NQH27,"21,813.00",21991.25,21739,21762.5,144160,65969,Final,cme_settle_20260428.csv,2026-08-17T06:40:00
2026-04-28,NQM27,21700.5,21988,21700.5,21801.25,97288,28074,Final,cme_settle_20260428.csv,2026-08-17T06:40:00
2026-04-28,NQM27,21700.5,21988,21700.5,21801.25,97288,28074,Final,cme_settle_20260428.csv,2026-08-17T06:41:12
2026-04-28,clk26,79,80.09,78.83,79.19,356402,503719,Final,cme_settle_20260428.csv,2026-08-17T06:40:00
04/28/2026,CLM26,78.47,79.44,78.47,78.83,248189,259466,FINAL,cme_settle_20260428.csv,2026-08-17T06:40:00
2026-04-28,CLN26,78.51,79.1,78.05,78.48,167134,122282,final,cme_settle_20260428.csv,2026-08-17T06:40:00
20260428,CLQ26,78.28,78.3,77.78,78.12,96473,45440,final,cme_settle_20260428.csv,2026-08-17T06:40:00
2026-04-28,CL U26,77.71,78.11,77.16,77.76,66510,21288,Final,cme_settle_20260428.csv,2026-08-17T06:40:00
2026-04-28,CLV26,77.5,77.58,77.31,77.41,38048,10843,Final,cme_settle_20260428.csv,2026-08-17T06:40:00
2026-04-28,CLX26,77.31,77.58,76.96,77.05,19508,2977,FINAL,cme_settle_20260428.csv,2026-08-17T06:40:00
2026-04-28,CLZ26,76.69,76.86,76.12,76.7,11943,1778,Final,cme_settle_20260428.csv,2026-08-17T06:40:00
04/28/2026,CLF27,76.34,77.14,75.49,76.34,9977,1014,final,cme_settle_20260428.csv,2026-08-17T06:40:00
2026-04-28,CLG27,75.62,76.33,75.5,75.98,5761,318,Final,cme_settle_20260428.csv,2026-08-17T06:40:00
04/28/2026,CL H27,76,76.13,75.04,75.63,"3,174",147,final,cme_settle_20260428.csv,2026-08-17T06:40:00
2026-04-28,CLJ27,75.63,75.63,75.04,75.27,2182,69,Final,cme_settle_20260428.csv,2026-08-17T06:40:00
20260428,CLK27,75.09,75.39,74.35,74.91,1446,23,final,cme_settle_20260428.csv,2026-08-17T06:40:00
20260428,CL M27,74.57,74.9,74.25,74.56,764,11,Final,cme_settle_20260428.csv,2026-08-17T06:40:00
04/28/2026,GCM26,2759.5,2765.8,2753.4,"2,759.60",160389,282096,Final,cme_settle_20260428.csv,2026-08-17T06:40:00
2026-04-28,GCQ26,2768.8,2786.1,2742.7,2764.6,118698,125940,final,cme_settle_20260428.csv,2026-08-17T06:40:00
2026-04-28,GCZ26,2778.6,"2,778.60",2752.2,2769.5,74675,63912,Final,cme_settle_20260428.csv,2026-08-17T06:40:00
20260428,GCG27,"2,778.30",2795.4,2743.2,2774.5,36639,19950,final,cme_settle_20260428.csv,2026-08-17T06:40:00
2026-04-28,GCJ27,2767.8,2798.8,2766.3,2779.5,25671,8187,final,cme_settle_20260428.csv,2026-08-17T06:40:00
04/28/26,GCM27,"2,787.60",2816.8,2773.6,2784.4,18588,4915,final,cme_settle_20260428.csv,2026-08-17T06:40:00
04/28/2026,ZBM26,115.4375,115.6875,114.75,115.5,88958,158093,final,cme_settle_20260428.csv,2026-08-17T06:40:00
04/28/2026,ZBU26,115.2188,116.4688,114.4688,115.5938,55019,46398,final,cme_settle_20260428.csv,2026-08-17T06:40:00
2026-04-28,ZBZ26,115.5,116.9062,115.2812,115.6875,32284,27783,FINAL,cme_settle_20260428.csv,2026-08-17T06:40:00
2026-04-28,ZB H27,115.625,116.28,114.5,115.7812,"22,853",9045,final,cme_settle_20260428.csv,2026-08-17T06:40:00
04/28/2026,ZBM27,115.8438,116.0312,115.4062,115.875,11799,4392,Final,cme_settle_20260428.csv,2026-08-17T06:40:00
20260429,ESM26,5972,"6,040.00",5913.75,5976.75,1268966,2113256,Final,cme_settle_20260429.csv,2026-08-17T06:40:00
04/29/26,ESU26,5967.75,"6,052.75",5967.75,5987.5,844843,"958,284",FINAL,cme_settle_20260429.csv,2026-08-17T06:40:00
2026-04-29,ESZ26,5984.75,6009.75,5955.5,"5,998.25",557686,453695,final,cme_settle_20260429.csv,2026-08-17T06:40:00
2026-04-29,ESH27,6034,6076.5,"5,942.75",6009,"387,389",160813,final,cme_settle_20260429.csv,2026-08-17T06:40:00
2026-04-29,ESM27,6044,"6,081.25",5990,6019.75,231555,73537,FINAL,cme_settle_20260429.csv,2026-08-17T06:40:00
2026-04-29,NQM26,21456.25,21722,21272.75,21469.25,569288,734072,Final,cme_settle_20260429.csv,2026-08-17T06:40:00
20260429,NQU26,21574.75,21695.75,21332,21508,389651,353890,final,cme_settle_20260429.csv,2026-08-17T06:40:00
2026-04-29,NQZ26,21541.25,21690.5,21437.5,21546.5,217809,191610,FINAL,cme_settle_20260429.csv,2026-08-17T06:40:00
2026-04-29,NQH27,21554.5,21821.25,21370.75,21585.25,146459,69609,final,cme_settle_20260429.csv,2026-08-17T06:40:00
04/29/26,nqm27,21580.5,21725.75,21525.75,21623.75,83453,28277,final,cme_settle_20260429.csv,2026-08-17T06:40:00
2026-04-29,CL K26,79.39,79.57,78.8,79.23,"360,410",456448,FINAL,cme_settle_20260429.csv,2026-08-17T06:40:00
2026-04-29,CLM26,79.17,79.17,78.05,78.87,250421,221877,final,cme_settle_20260429.csv,2026-08-17T06:40:00
2026-04-29,CLM26,79.17,79.17,78.05,78.87,250421,221877,final,cme_settle_20260429.csv,2026-08-17T06:41:12
2026-04-29,CLN26,78.29,79.07,77.92,78.52,138275,82656,final,cme_settle_20260429.csv,2026-08-17T06:40:00
2026-04-29,CLQ26,78.08,78.87,77.59,78.16,111715,66055,final,cme_settle_20260429.csv,2026-08-17T06:40:00
2026-04-29,CLU26,77.59,78.22,76.93,77.8,49712,18732,Final,cme_settle_20260429.csv,2026-08-17T06:40:00
20260429,CLV26,77.59,77.89,76.66,77.45,31271,"9,570",final,cme_settle_20260429.csv,2026-08-17T06:40:00
2026-04-29,CLX26,77.22,77.22,76.72,77.09,23346,4478,final,cme_settle_20260429.csv,2026-08-17T06:40:00
20260429,clz26,76.67,76.90,75.96,76.73,16227,2445,Final,cme_settle_20260429.csv,2026-08-17T06:40:00
2026-04-29,clf27,76.37,76.69,75.57,76.38,8806,601,FINAL,cme_settle_20260429.csv,2026-08-17T06:40:00
04/29/2026,CLG27,75.72,76.34,75.14,76.02,5384,317,final,cme_settle_20260429.csv,2026-08-17T06:40:00
20260429,CLH27,75.99,76.5,75.50,75.66,3389,151,FINAL,cme_settle_20260429.csv,2026-08-17T06:40:00
2026-04-29,CL J27,75.25,76.15,75.03,75.31,2502,59,FINAL,cme_settle_20260429.csv,2026-08-17T06:40:00
2026-04-29,CLK27,75.1,75.47,74.7,74.95,1558,34,FINAL,cme_settle_20260429.csv,2026-08-17T06:40:00
2026-04-29,CLM27,74.24,74.9,74.04,74.6,941,14,final,cme_settle_20260429.csv,2026-08-17T06:40:00
04/29/2026,GCM26,2762,2785.5,2745,2764.2,187217,310726,Final,cme_settle_20260429.csv,2026-08-17T06:40:00
04/29/2026,GCQ26,2773.7,2783.9,2748.2,2769.2,112895,100285,final,cme_settle_20260429.csv,2026-08-17T06:40:00
2026-04-29,GCZ26,2776,2794.8,2760,2774.2,68379,42188,final,cme_settle_20260429.csv,2026-08-17T06:40:00
2026-04-29,GCG27,2781.1,2788.6,2776.1,2779.1,48299,20176,Final,cme_settle_20260429.csv,2026-08-17T06:40:00
04/29/2026,GCJ27,2787.8,2807.2,2771.7,2784.1,29187,11150,FINAL,cme_settle_20260429.csv,2026-08-17T06:40:00
2026-04-29,GC M27,2788.1,2808.2,2765.9,2789.1,14576,3311,FINAL,cme_settle_20260429.csv,2026-08-17T06:40:00
04/29/2026,ZBM26,114.625,116.0312,114.3125,115.19,95114,114741,final,cme_settle_20260429.csv,2026-08-17T06:40:00
2026-04-29,ZB U26,115.7188,115.7188,114.375,115.2812,66606,81369,FINAL,cme_settle_20260429.csv,2026-08-17T06:40:00
20260429,zbz26,115.5312,115.7188,114.5625,115.375,"35,777",23128,Final,cme_settle_20260429.csv,2026-08-17T06:40:00
2026-04-29,ZBH27,115.375,116.6875,114.1875,115.4688,"25,633",16237,Final,cme_settle_20260429.csv,2026-08-17T06:40:00
04/29/26,ZBM27,115.4375,116.5938,114.2188,115.5625,15612,6484,FINAL,cme_settle_20260429.csv,2026-08-17T06:40:00
2026-04-30,ESM26,5920.5,5936.75,5866.25,5921.5,1380294,2221687,Final,cme_settle_20260430.csv,2026-08-17T06:40:00
2026-04-30,ESU26,5947.75,5975.25,5899.75,5932.25,992005,1138608,Final,cme_settle_20260430.csv,2026-08-17T06:40:00
04/30/2026,esz26,5920.75,5958.75,5920.75,5942.75,600135,"476,768",final,cme_settle_20260430.csv,2026-08-17T06:40:00
2026-04-30,ESH27,5934,5986,5922.5,5953.5,376112,238311,Final,cme_settle_20260430.csv,2026-08-17T06:40:00
2026-04-30,ESM27,5947.75,6014,5897,5964.25,213022,72418,Final,cme_settle_20260430.csv,2026-08-17T06:40:00
2026-04-30,NQM26,21441.25,21706.5,21365.75,"21,499.75",695882,1212241,Final,cme_settle_20260430.csv,2026-08-17T06:40:00
20260430,NQU26,21483.5,21665.75,21404,21538.5,326202,390130,final,cme_settle_20260430.csv,2026-08-17T06:40:00
2026-04-30,NQZ26,21664.25,21796,21333.5,21577.25,203267,127788,final,cme_settle_20260430.csv,2026-08-17T06:40:00
04/30/2026,NQH27,21529.25,"21,742.50",21469.5,21615.75,125052,63687,Final,cme_settle_20260430.csv,2026-08-17T06:40:00
04/30/2026,NQM27,21709.5,21784.75,21394.75,21654.5,101697,38581,FINAL,cme_settle_20260430.csv,2026-08-17T06:40:00
2026-04-30,CLK26,79.33,79.75,78.28,79.13,436249,655308,FINAL,cme_settle_20260430.csv,2026-08-17T06:40:00
20260430,CLM26,78.99,79.32,77.98,78.77,249001,278274,Final,cme_settle_20260430.csv,2026-08-17T06:40:00
04/30/2026,CLN26,78.15,78.84,77.63,78.42,147604,92890,final,cme_settle_20260430.csv,2026-08-17T06:40:00
04/30/2026,CLQ26,77.95,78.26,77.41,78.06,110245,51522,final,cme_settle_20260430.csv,2026-08-17T06:40:00
04/30/2026,CLU26,77.48,78.02,77.48,77.71,52729,18608,FINAL,cme_settle_20260430.csv,2026-08-17T06:40:00
04/30/26,CLV26,77.52,77.52,76.56,77.35,36751,8287,FINAL,cme_settle_20260430.csv,2026-08-17T06:40:00
2026-04-30,CL X26,76.82,77.15,76.61,76.99,24182,4018,FINAL,cme_settle_20260430.csv,2026-08-17T06:40:00
2026-04-30,CLZ26,76.51,77.19,76.09,76.64,14905,1904,Final,cme_settle_20260430.csv,2026-08-17T06:40:00
2026-04-30,CLF27,76.57,77.12,75.74,76.28,8352,841,FINAL,cme_settle_20260430.csv,2026-08-17T06:40:00
2026-04-30,CL G27,76.18,76.68,75.69,75.93,5834,341,Final,cme_settle_20260430.csv,2026-08-17T06:40:00
20260430,CLH27,75.93,76.26,75.13,75.57,3533,159,FINAL,cme_settle_20260430.csv,2026-08-17T06:40:00
04/30/2026,CLJ27,75.39,75.66,75.04,75.21,2080,55,FINAL,cme_settle_20260430.csv,2026-08-17T06:40:00
2026-04-30,clk27,74.73,75.26,73.97,74.86,1224,26,final,cme_settle_20260430.csv,2026-08-17T06:40:00
2026-04-30,CLM27,74.36,74.73,73.73,74.5,883,13,FINAL,cme_settle_20260430.csv,2026-08-17T06:40:00
20260430,GCM26,2802.2,2823.7,2764.2,2790.5,"160,670",203135,Final,cme_settle_20260430.csv,2026-08-17T06:40:00
2026-04-30,GC Q26,2798,2804.4,2785.7,2795.5,93489,95348,Final,cme_settle_20260430.csv,2026-08-17T06:40:00
2026-04-30,GCZ26,2808.9,2809.2,"2,797.20",2800.5,75411,50690,final,cme_settle_20260430.csv,2026-08-17T06:40:00
04/30/2026,GCG27,2798,2837.6,"2,792.10",2805.6,39964,16390,FINAL,cme_settle_20260430.csv,2026-08-17T06:40:00
20260430,GCJ27,2816.1,2817.4,2781.7,2810.6,24194,8976,FINAL,cme_settle_20260430.csv,2026-08-17T06:40:00
04/30/26,GCM27,"2,811.80",2843.5,2802.5,2815.6,16600,3504,FINAL,cme_settle_20260430.csv,2026-08-17T06:40:00
2026-04-30,ZBM26,115.0938,115.0938,114.3438,114.62,89240,158148,FINAL,cme_settle_20260430.csv,2026-08-17T06:40:00
04/30/2026,ZBU26,114.3125,115.9062,114.0312,114.7188,58384,75131,Final,cme_settle_20260430.csv,2026-08-17T06:40:00
2026-04-30,zbz26,114.375,115.9688,114.1562,114.8125,31212,22863,FINAL,cme_settle_20260430.csv,2026-08-17T06:40:00
2026-04-30,ZBH27,115.0938,115.4375,114.75,114.9062,20070,11093,FINAL,cme_settle_20260430.csv,2026-08-17T06:40:00
04/30/2026,zbm27,114.4375,116.125,114.44,115,15552,5945,Final,cme_settle_20260430.csv,2026-08-17T06:40:00
05/01/2026,ESM26,5899.25,5907.75,5842.5,5884.75,1707188,2504846,final,cme_settle_20260501.csv,2026-08-17T06:40:00
05/01/2026,ES U26,5887.25,5934.75,5828.5,5895.25,953375,927408,final,cme_settle_20260501.csv,2026-08-17T06:40:00
2026-05-01,ES Z26,5906.25,5917.25,5891.5,5906,"544,570",490722,final,cme_settle_20260501.csv,2026-08-17T06:40:00
2026-05-01,ESH27,5918.5,5957,5848.5,5916.5,380401,201459,FINAL,cme_settle_20260501.csv,2026-08-17T06:40:00
2026-05-01,ES M27,5948.25,5994.25,5895.5,5927,233625,70477,FINAL,cme_settle_20260501.csv,2026-08-17T06:40:00
05/01/2026,NQM26,"21,327.50",21577.75,21290.25,21389.75,575358,691815,FINAL,cme_settle_20260501.csv,2026-08-17T06:40:00
2026-05-01,NQ U26,21396.25,21589,21229.75,21428.25,337272,340750,FINAL,cme_settle_20260501.csv,2026-08-17T06:40:00
05/01/2026,NQZ26,21381.5,21516,21282.5,21466.75,260685,"147,858",Final,cme_settle_20260501.csv,2026-08-17T06:40:00
2026-05-01,NQH27,21422,21617,21422,21505.25,135640,85678,Final,cme_settle_20260501.csv,2026-08-17T06:40:00
05/01/26,NQM27,21616.25,21771.25,21442.75,21543.75,94879,31978,Final,cme_settle_20260501.csv,2026-08-17T06:40:00
2026-05-01,CLK26,79.15,79.37,78.04,78.98,434646,576285,Final,cme_settle_20260501.csv,2026-08-17T06:40:00
05/01/2026,CLM26,78.7,79.5,78.01,78.62,242836,257234,Final,cme_settle_20260501.csv,2026-08-17T06:40:00
05/01/2026,CLN26,78.55,78.65,78.01,78.27,151575,"124,109",Final,cme_settle_20260501.csv,2026-08-17T06:40:00
2026-05-01,clq26,77.54,78.24,77.33,77.91,102305,48434,final,cme_settle_20260501.csv,2026-08-17T06:40:00
2026-05-01,CLU26,77.77,78.31,76.81,77.56,71291,22837,Final,cme_settle_20260501.csv,2026-08-17T06:40:00
2026-05-01,CLV26,77.52,77.55,76.53,77.2,41687,12794,final,cme_settle_20260501.csv,2026-08-17T06:40:00
05/01/2026,CL X26,76.55,77.74,76.2,76.85,26606,5253,FINAL,cme_settle_20260501.csv,2026-08-17T06:40:00
2026-05-01,CLZ26,76.22,77.12,76.22,76.49,15538,2290,Final,cme_settle_20260501.csv,2026-08-17T06:40:00
05/01/2026,CLF27,76.18,76.59,75.26,76.14,7605,810,FINAL,cme_settle_20260501.csv,2026-08-17T06:40:00
05/01/2026,CL G27,75.73,76.57,75.27,75.78,5144,378,final,cme_settle_20260501.csv,2026-08-17T06:40:00
05/01/26,CL H27,75.33,76.17,74.74,75.43,3697,191,FINAL,cme_settle_20260501.csv,2026-08-17T06:40:00
2026-05-01,CLJ27,75.23,75.9,74.98,75.07,2194,52,FINAL,cme_settle_20260501.csv,2026-08-17T06:40:00
05/01/26,CLK27,74.67,75.3,74.23,74.72,1358,22,Final,cme_settle_20260501.csv,2026-08-17T06:40:00
05/01/2026,CLM27,74.01,74.64,74.01,74.36,954,12,final,cme_settle_20260501.csv,2026-08-17T06:40:00
05/01/2026,GCM26,"2,792.00",2822.7,2761.8,2790.9,184526,325352,Final,cme_settle_20260501.csv,2026-08-17T06:40:00
05/01/26,gcq26,"2,803.60",2804.7,2792.5,2795.9,108133,95588,Final,cme_settle_20260501.csv,2026-08-17T06:40:00
2026-05-01,GCZ26,2796.5,2825.2,2771.6,2800.9,66388,46690,Final,cme_settle_20260501.csv,2026-08-17T06:40:00
05/01/26,GCG27,2809,2825,2773,2806,"40,423",23241,FINAL,cme_settle_20260501.csv,2026-08-17T06:40:00
2026-05-01,GCJ27,2814.8,2816,2782.6,2811,27249,9240,final,cme_settle_20260501.csv,2026-08-17T06:40:00
2026-05-01,GCM27,2802.8,2823.4,2802.8,2816,18744,4014,FINAL,cme_settle_20260501.csv,2026-08-17T06:40:00
2026-05-01,ZBM26,114.6562,114.875,113.3438,114.5312,83624,"102,004",FINAL,cme_settle_20260501.csv,2026-08-17T06:40:00
05/01/26,ZB U26,114.4688,114.9688,113.75,114.625,53375,64349,Final,cme_settle_20260501.csv,2026-08-17T06:40:00
05/01/2026,ZBZ26,115,115.7188,114,114.7188,41932,31726,final,cme_settle_20260501.csv,2026-08-17T06:40:00
20260501,ZBH27,115.375,115.6875,113.81,114.8125,19416,10275,Final,cme_settle_20260501.csv,2026-08-17T06:40:00
2026-05-01,ZB M27,114.69,115.6875,113.5938,114.9062,14749,5904,final,cme_settle_20260501.csv,2026-08-17T06:40:00
2026-05-04,ESM26,5813.5,5865,5771.75,"5,829.75",1212344,1576223,FINAL,cme_settle_20260504.csv,2026-08-17T06:40:00
05/04/26,esu26,5868.5,5898.25,"5,823.50",5840.25,738713,681676,final,cme_settle_20260504.csv,2026-08-17T06:40:00
05/04/26,ESZ26,"5,859.75",5876.5,5841,5850.75,599552,523358,final,cme_settle_20260504.csv,2026-08-17T06:40:00
2026-05-04,ESH27,5870.75,5912,5819.75,5861.25,361317,176829,final,cme_settle_20260504.csv,2026-08-17T06:40:00
2026-05-04,ESM27,5892.5,5896,5819.75,5871.75,230842,90704,Final,cme_settle_20260504.csv,2026-08-17T06:40:00
20260504,nqm26,21658,21802.75,21658,21726.5,613071,"751,956",Final,cme_settle_20260504.csv,2026-08-17T06:40:00
2026-05-04,NQ U26,21863.25,21863.5,21640.5,21765.5,341358,309991,final,cme_settle_20260504.csv,2026-08-17T06:40:00
2026-05-04,nqz26,21701.25,21907,21701.25,21804.75,214753,167214,FINAL,cme_settle_20260504.csv,2026-08-17T06:40:00
2026-05-04,NQH27,21815.5,21906.5,21805.75,21843.75,149586,81221,FINAL,cme_settle_20260504.csv,2026-08-17T06:40:00
05/04/2026,NQM27,21877.75,21909.75,21818.75,21883,76283,28057,Final,cme_settle_20260504.csv,2026-08-17T06:40:00
05/04/2026,CLK26,78.71,79.54,78.36,78.99,"471,907",593279,FINAL,cme_settle_20260504.csv,2026-08-17T06:40:00
05/04/2026,CLM26,78.34,79.45,78.34,78.63,245997,304077,final,cme_settle_20260504.csv,2026-08-17T06:40:00
2026-05-04,cln26,78.04,78.54,77.53,78.28,151866,123253,Final,cme_settle_20260504.csv,2026-08-17T06:40:00
05/04/26,clq26,78.24,78.46,77.37,77.92,93944,47662,final,cme_settle_20260504.csv,2026-08-17T06:40:00
05/04/2026,CLU26,77.39,77.98,77.21,77.57,59339,23305,Final,cme_settle_20260504.csv,2026-08-17T06:40:00
20260504,CLV26,77.39,78.08,76.80,77.21,"43,392",10001,final,cme_settle_20260504.csv,2026-08-17T06:40:00
05/04/2026,CLX26,76.53,77.75,76.2,76.86,22086,4340,FINAL,cme_settle_20260504.csv,2026-08-17T06:40:00
05/04/2026,CLZ26,76.24,77.02,76.1,76.5,12629,1498,final,cme_settle_20260504.csv,2026-08-17T06:40:00
05/04/2026,CL F27,76.35,76.62,75.64,76.15,"7,467",760,Final,cme_settle_20260504.csv,2026-08-17T06:40:00
2026-05-04,CLG27,75.51,76.6,74.94,75.79,6320,469,Final,cme_settle_20260504.csv,2026-08-17T06:40:00
05/04/2026,CL H27,75.53,76.33,74.95,75.44,3796,149,final,cme_settle_20260504.csv,2026-08-17T06:40:00
2026-05-04,CLJ27,75.03,75.41,74.55,75.08,1789,46,Final,cme_settle_20260504.csv,2026-08-17T06:40:00
2026-05-04,CLJ27,75.03,75.41,74.55,75.08,1789,46,Final,cme_settle_20260504.csv,2026-08-17T06:41:12
05/04/2026,CLK27,74.64,74.96,74.21,74.72,1357,25,FINAL,cme_settle_20260504.csv,2026-08-17T06:40:00
05/04/26,CLM27,74.68,74.84,73.7,74.37,884,13,FINAL,cme_settle_20260504.csv,2026-08-17T06:40:00
2026-05-04,GCM26,2751.2,2782.7,2736.6,"2,762.60",159076,190170,final,cme_settle_20260504.csv,2026-08-17T06:40:00
05/04/26,GC Q26,2757.6,2789,2736.1,2767.6,104806,118516,Final,cme_settle_20260504.csv,2026-08-17T06:40:00
05/04/2026,GCZ26,2786,2789.8,2745.2,"2,772.50",64718,"48,218",FINAL,cme_settle_20260504.csv,2026-08-17T06:40:00
20260504,GCG27,2767.1,2797.9,2750,2777.5,39242,23753,final,cme_settle_20260504.csv,2026-08-17T06:40:00
05/04/2026,GC J27,2783.4,2810.5,"2,771.60","2,782.50",24542,8535,Final,cme_settle_20260504.csv,2026-08-17T06:40:00
05/04/2026,GCM27,2800.8,2817.8,2767.7,2787.5,16075,4381,Final,cme_settle_20260504.csv,2026-08-17T06:40:00
2026-05-04,ZB M26,114.8438,115.25,113.78,114.5312,93316,155794,final,cme_settle_20260504.csv,2026-08-17T06:40:00
2026-05-04,ZBU26,114.5312,114.9062,114.1875,114.625,"67,362",69151,Final,cme_settle_20260504.csv,2026-08-17T06:40:00
2026-05-04,ZBZ26,114.6875,115.0938,113.375,114.7188,31930,28353,Final,cme_settle_20260504.csv,2026-08-17T06:40:00
05/04/26,ZBH27,114.3125,115.125,114.3125,114.8125,22093,13739,final,cme_settle_20260504.csv,2026-08-17T06:40:00
05/04/2026,ZBM27,115.0312,115.4375,113.9062,114.9062,16346,6248,final,cme_settle_20260504.csv,2026-08-17T06:40:00
20260505,ESM26,5846,5880.75,5812.25,5861.5,1422374,2050921,FINAL,cme_settle_20260505.csv,2026-08-17T06:40:00
05/05/2026,esu26,5884.25,5914.75,5860.5,5872,1049645,1246958,FINAL,cme_settle_20260505.csv,2026-08-17T06:40:00
2026-05-05,ESZ26,5909.5,5927.5,5869.5,5882.5,473366,"346,453",FINAL,cme_settle_20260505.csv,2026-08-17T06:40:00
05/05/26,ESH27,5910,5939.5,5859,5893.25,283751,136190,Final,cme_settle_20260505.csv,2026-08-17T06:40:00
20260505,ESM27,5891,"5,922.25",5884.75,5903.75,"232,261",92841,final,cme_settle_20260505.csv,2026-08-17T06:40:00
05/05/2026,NQM26,21391,21435.25,21270,21379.25,612174,1093872,FINAL,cme_settle_20260505.csv,2026-08-17T06:40:00
20260505,NQU26,"21,341.00",21516,21273.25,21417.75,317554,263788,Final,cme_settle_20260505.csv,2026-08-17T06:40:00
2026-05-05,NQZ26,"21,502.75",21686.25,21212,21456.25,243957,185042,final,cme_settle_20260505.csv,2026-08-17T06:40:00
05/05/2026,NQH27,21500,21632.75,21365.75,21494.75,143116,82252,final,cme_settle_20260505.csv,2026-08-17T06:40:00
2026-05-05,NQM27,21575.75,21575.75,21427.25,21533.25,76986,30101,Final,cme_settle_20260505.csv,2026-08-17T06:40:00
05/05/2026,CLK26,76.41,76.75,75.91,76.26,339042,571582,final,cme_settle_20260505.csv,2026-08-17T06:40:00
05/05/2026,CLM26,76.02,76.12,75.02,75.92,284310,284201,final,cme_settle_20260505.csv,2026-08-17T06:40:00
20260505,CLN26,75.7,76.02,75.47,75.57,166140,119357,Final,cme_settle_20260505.csv,2026-08-17T06:40:00
2026-05-05,CLQ26,75.13,76.04,75,75.23,109426,60876,FINAL,cme_settle_20260505.csv,2026-08-17T06:40:00
05/05/2026,CLU26,75.25,75.28,74.26,74.89,54178,23580,Final,cme_settle_20260505.csv,2026-08-17T06:40:00
2026-05-05,CLV26,74.37,74.66,73.65,74.54,30804,6066,Final,cme_settle_20260505.csv,2026-08-17T06:40:00
2026-05-05,CLX26,74.5,74.5,73.94,74.2,19734,3348,Final,cme_settle_20260505.csv,2026-08-17T06:40:00
2026-05-05,clz26,74.03,74.08,73.07,73.86,"16,415",2436,FINAL,cme_settle_20260505.csv,2026-08-17T06:40:00
05/05/26,CLF27,73.45,73.99,73.3,73.51,9525,642,final,cme_settle_20260505.csv,2026-08-17T06:40:00
05/05/2026,clg27,72.81,73.43,72.65,73.17,5094,361,FINAL,cme_settle_20260505.csv,2026-08-17T06:40:00
05/05/26,CLH27,72.74,73.56,72.39,72.83,2931,116,final,cme_settle_20260505.csv,2026-08-17T06:40:00
05/05/26,CLJ27,72.42,73.27,72.16,72.49,1862,59,Final,cme_settle_20260505.csv,2026-08-17T06:40:00
2026-05-05,clk27,72.21,72.89,71.77,72.14,1105,23,FINAL,cme_settle_20260505.csv,2026-08-17T06:40:00
2026-05-05,CLM27,71.85,72.3,71.35,71.8,932,16,final,cme_settle_20260505.csv,2026-08-17T06:40:00
05/05/2026,GC M26,2730.5,2738.2,2708.3,2723.7,173193,278810,Final,cme_settle_20260505.csv,2026-08-17T06:40:00
2026-05-05,GCQ26,2735.6,2752.2,2705.1,"2,728.60",111407,139678,Final,cme_settle_20260505.csv,2026-08-17T06:40:00
05/05/2026,GCZ26,2730.8,2748.9,2711.4,2733.5,63050,56095,FINAL,cme_settle_20260505.csv,2026-08-17T06:40:00
20260505,GCG27,2737.7,2751.7,2713.2,2738.4,50265,25861,FINAL,cme_settle_20260505.csv,2026-08-17T06:40:00
2026-05-05,gcj27,2732.1,2748.7,2718,2743.3,31028,12525,final,cme_settle_20260505.csv,2026-08-17T06:40:00
2026-05-05,gcm27,2734.7,2757.5,2727.6,2748.2,18135,5328,final,cme_settle_20260505.csv,2026-08-17T06:40:00
2026-05-05,ZBM26,114.0625,114.47,112.8125,114.0312,96219,159437,FINAL,cme_settle_20260505.csv,2026-08-17T06:40:00
20260505,ZBU26,114.5938,115.2188,113.7812,114.125,58608,47342,Final,cme_settle_20260505.csv,2026-08-17T06:40:00
2026-05-05,ZBZ26,114.3438,114.5,114.0625,114.2188,31470,19508,final,cme_settle_20260505.csv,2026-08-17T06:40:00
05/05/26,ZBH27,114.0312,114.9688,113.0312,114.3125,20839,11008,Final,cme_settle_20260505.csv,2026-08-17T06:40:00
05/05/26,ZBM27,114.375,115.2188,113.75,114.4062,12503,4838,final,cme_settle_20260505.csv,2026-08-17T06:40:00
05/05/26,ZBM27,114.375,115.2188,113.75,114.4062,12503,4838,final,cme_settle_20260505.csv,2026-08-17T06:41:12
2026-05-06,esm26,5756.5,5764.5,5724.5,5751.5,1220316,2076564,final,cme_settle_20260506.csv,2026-08-17T06:40:00
05/06/2026,esu26,5737,5807.25,5737,5761.75,"792,981",853236,Final,cme_settle_20260506.csv,2026-08-17T06:40:00
2026-05-06,esz26,5746.75,"5,792.25",5719.75,5772.25,625557,430114,FINAL,cme_settle_20260506.csv,2026-08-17T06:40:00
20260506,ESH27,5791,5838.5,5769.75,5782.5,"299,212","162,198",FINAL,cme_settle_20260506.csv,2026-08-17T06:40:00
05/06/2026,ES M27,5780.25,5801.25,5741.25,5793,235626,95668,final,cme_settle_20260506.csv,2026-08-17T06:40:00
05/06/2026,NQM26,21482,21645,21420,21459.5,702842,1146979,final,cme_settle_20260506.csv,2026-08-17T06:40:00
2026-05-06,NQU26,21590,21660.25,21294.25,21498.25,444480,548323,Final,cme_settle_20260506.csv,2026-08-17T06:40:00
2026-05-06,NQZ26,21595,21769.25,21311.25,21536.75,251979,208394,Final,cme_settle_20260506.csv,2026-08-17T06:40:00
20260506,nqh27,21540.5,21739,21467,21575.5,136670,62015,final,cme_settle_20260506.csv,2026-08-17T06:40:00
2026-05-06,NQ M27,21506.75,21829,21506.75,21614,83451,36598,FINAL,cme_settle_20260506.csv,2026-08-17T06:40:00
2026-05-06,CLK26,77.47,78.01,76.68,77.52,"432,972",688286,Final,cme_settle_20260506.csv,2026-08-17T06:40:00
05/06/2026,CLM26,77.47,77.83,76.42,77.17,308195,387899,Final,cme_settle_20260506.csv,2026-08-17T06:40:00
20260506,CLN26,76.88,77.1,75.92,76.82,181879,124544,Final,cme_settle_20260506.csv,2026-08-17T06:40:00
2026-05-06,CLQ26,76.26,76.63,76.26,76.47,89614,45810,Final,cme_settle_20260506.csv,2026-08-17T06:40:00
2026-05-06,clu26,76.08,76.91,75.55,76.12,59408,18721,final,cme_settle_20260506.csv,2026-08-17T06:40:00
05/06/2026,CLV26,76.04,76.27,75.38,75.78,37885,8757,final,cme_settle_20260506.csv,2026-08-17T06:40:00
05/06/26,CLX26,75.71,76.25,74.84,75.43,"21,394",4154,final,cme_settle_20260506.csv,2026-08-17T06:40:00
2026-05-06,CLZ26,74.9,75.91,74.25,75.08,14391,1963,FINAL,cme_settle_20260506.csv,2026-08-17T06:40:00
2026-05-06,CLF27,75.04,75.43,73.91,74.73,10496,850,final,cme_settle_20260506.csv,2026-08-17T06:40:00
05/06/2026,CLG27,74.66,74.66,73.54,74.38,4922,285,final,cme_settle_20260506.csv,2026-08-17T06:40:00
2026-05-06,clh27,73.71,74.26,73.71,74.03,3114,150,FINAL,cme_settle_20260506.csv,2026-08-17T06:40:00
2026-05-06,CLJ27,73.33,74.37,73.21,73.68,1756,60,Final,cme_settle_20260506.csv,2026-08-17T06:40:00
05/06/2026,CLK27,73.08,73.98,73.03,73.33,1304,26,Final,cme_settle_20260506.csv,2026-08-17T06:40:00
05/06/2026,CLM27,72.88,73.84,72.87,72.99,791,11,FINAL,cme_settle_20260506.csv,2026-08-17T06:40:00
2026-05-06,GCM26,2695.1,2709.1,"2,683.10",2697.5,186466,262404,Final,cme_settle_20260506.csv,2026-08-17T06:40:00
2026-05-06,GCQ26,2689.3,2714.1,2677.2,2702.4,121612,136575,FINAL,cme_settle_20260506.csv,2026-08-17T06:40:00
05/06/26,gcz26,2703.2,"2,712.90",2685.9,2707.2,60362,"47,265",final,cme_settle_20260506.csv,2026-08-17T06:40:00
05/06/2026,GCG27,"2,701.30",2729.9,2679.9,2712.1,40296,18897,Final,cme_settle_20260506.csv,2026-08-17T06:40:00
2026-05-06,GCJ27,2706.7,"2,721.10",2699.7,2716.9,27763,"8,995",FINAL,cme_settle_20260506.csv,2026-08-17T06:40:00
2026-05-06,GC M27,2715.5,2737.7,2710.8,"2,721.80",15765,4272,FINAL,cme_settle_20260506.csv,2026-08-17T06:40:00
05/06/26,ZBM26,113.9688,115.125,113.06,113.9062,84523,144503,FINAL,cme_settle_20260506.csv,2026-08-17T06:40:00
05/06/26,zbu26,114.125,114.6875,113.75,114,58761,49605,Final,cme_settle_20260506.csv,2026-08-17T06:40:00
05/06/2026,zbz26,113.8438,115.09,113.375,114.0938,31990,25509,Final,cme_settle_20260506.csv,2026-08-17T06:40:00
05/06/2026,zbh27,114.5625,115.3125,113.1562,114.1875,18983,10184,final,cme_settle_20260506.csv,2026-08-17T06:40:00
05/06/26,ZBM27,114.4375,114.7812,113.22,114.2812,13531,5024,FINAL,cme_settle_20260506.csv,2026-08-17T06:40:00
2026-05-07,ESM26,5761,5773,5730.5,5736.5,1382338,1887727,Final,cme_settle_20260507.csv,2026-08-17T06:40:00
2026-05-07,ESU26,5749,5802.75,5678.25,5746.75,"764,002",645754,FINAL,cme_settle_20260507.csv,2026-08-17T06:40:00
2026-05-07,ESZ26,5766.75,5821.25,5732.5,5757.25,"626,321","498,744",FINAL,cme_settle_20260507.csv,2026-08-17T06:40:00
20260507,ESH27,5755.5,5804.5,5715.25,5767.5,394972,233957,Final,cme_settle_20260507.csv,2026-08-17T06:40:00
05/07/2026,esm27,5787.25,5787.25,5762.5,5777.75,222470,87190,FINAL,cme_settle_20260507.csv,2026-08-17T06:40:00
2026-05-07,NQM26,21949,21977.25,21752.75,21904.5,697477,1127387,final,cme_settle_20260507.csv,2026-08-17T06:40:00
05/07/26,NQU26,21975.75,22071,21710.25,21944,"395,369",457494,FINAL,cme_settle_20260507.csv,2026-08-17T06:40:00
2026-05-07,NQ Z26,22052,22199.5,21813.75,21983.25,199625,170081,Final,cme_settle_20260507.csv,2026-08-17T06:40:00
05/07/26,NQH27,22085,22214.25,21760.25,22022.75,169865,90110,final,cme_settle_20260507.csv,2026-08-17T06:40:00
20260507,NQM27,"22,109.00",22271.5,21950.75,22062.25,98894,34251,Final,cme_settle_20260507.csv,2026-08-17T06:40:00
05/07/26,CLK26,78.6,78.95,78.04,78.53,356817,478638,final,cme_settle_20260507.csv,2026-08-17T06:40:00
20260507,CL M26,78.16,78.8,77.92,78.18,286657,287974,final,cme_settle_20260507.csv,2026-08-17T06:40:00
2026-05-07,CLN26,77.74,78.47,77.38,77.82,"177,584","149,817",final,cme_settle_20260507.csv,2026-08-17T06:40:00
20260507,CLQ26,77.65,77.65,77.28,77.47,111767,69309,FINAL,cme_settle_20260507.csv,2026-08-17T06:40:00
2026-05-07,CLU26,77.24,77.81,76.34,77.12,69865,23858,FINAL,cme_settle_20260507.csv,2026-08-17T06:40:00
2026-05-07,CL V26,76.5,77.6,76.01,76.76,39884,9658,FINAL,cme_settle_20260507.csv,2026-08-17T06:40:00
20260507,CLX26,76.16,77.12,75.72,76.41,19649,3904,FINAL,cme_settle_20260507.csv,2026-08-17T06:40:00
2026-05-07,CL Z26,75.87,76.81,75.6,76.06,12318,1291,Final,cme_settle_20260507.csv,2026-08-17T06:40:00
20260507,CLF27,75.97,76.3,74.82,75.7,8883,920,Final,cme_settle_20260507.csv,2026-08-17T06:40:00
2026-05-07,CLG27,75.66,75.66,74.99,75.35,4684,348,final,cme_settle_20260507.csv,2026-08-17T06:40:00
2026-05-07,CLH27,74.63,75.35,74.63,75,3645,145,Final,cme_settle_20260507.csv,2026-08-17T06:40:00
2026-05-07,CLJ27,74.89,75.23,73.77,74.64,2307,63,FINAL,cme_settle_20260507.csv,2026-08-17T06:40:00
05/07/26,CLK27,74.65,74.65,74.09,74.29,1473,37,FINAL,cme_settle_20260507.csv,2026-08-17T06:40:00
2026-05-07,CLM27,73.64,74.71,73.35,73.94,947,14,Final,cme_settle_20260507.csv,2026-08-17T06:40:00
2026-05-07,GC M26,2670.7,2684.3,2656.2,2660.8,206760,249303,FINAL,cme_settle_20260507.csv,2026-08-17T06:40:00
2026-05-07,GCQ26,2668,2670.3,2661.4,2665.6,102321,84978,FINAL,cme_settle_20260507.csv,2026-08-17T06:40:00
2026-05-07,GCZ26,2673.9,2689.8,2663.8,2670.4,60931,47887,FINAL,cme_settle_20260507.csv,2026-08-17T06:40:00
2026-05-07,GCG27,2675,2699.4,2667.9,2675.2,48691,25948,final,cme_settle_20260507.csv,2026-08-17T06:40:00
05/07/2026,GCJ27,2677.9,2707.9,2651.5,2680,24564,7810,Final,cme_settle_20260507.csv,2026-08-17T06:40:00
2026-05-07,GCM27,2678,2708.4,2659.3,2684.7,"19,263",4286,FINAL,cme_settle_20260507.csv,2026-08-17T06:40:00
20260507,zbm26,113.75,113.875,112.3125,113.5,78370,95992,Final,cme_settle_20260507.csv,2026-08-17T06:40:00
2026-05-07,ZBU26,113.31,114.53,113.3125,113.59,56550,"50,732",final,cme_settle_20260507.csv,2026-08-17T06:40:00
20260507,ZBZ26,113.3125,114.16,112.6875,113.6875,32624,19619,final,cme_settle_20260507.csv,2026-08-17T06:40:00
20260507,ZBH27,113.375,114.5,112.9688,113.7812,26419,12131,final,cme_settle_20260507.csv,2026-08-17T06:40:00
2026-05-07,ZBM27,114.1562,114.8125,113.5,113.875,14997,4826,Final,cme_settle_20260507.csv,2026-08-17T06:40:00
2026-05-08,ES M26,5786.25,5823,5729.5,5758.75,"1,488,843",2675601,FINAL,cme_settle_20260508.csv,2026-08-17T06:40:00
2026-05-08,esu26,5751.75,5819,5717,5769,970485,983271,FINAL,cme_settle_20260508.csv,2026-08-17T06:40:00
05/08/2026,ESZ26,5775.5,5819.25,5741.5,5779.5,528662,435517,Final,cme_settle_20260508.csv,2026-08-17T06:40:00
2026-05-08,ESH27,5803.5,5823.75,5729,5789.75,368088,231442,FINAL,cme_settle_20260508.csv,2026-08-17T06:40:00
05/08/2026,ES M27,5806,5812,5746.5,5800.25,246927,93569,final,cme_settle_20260508.csv,2026-08-17T06:40:00
05/08/26,NQM26,21720.5,21803.25,21463.25,21702.5,556691,"800,669",FINAL,cme_settle_20260508.csv,2026-08-17T06:40:00
2026-05-08,NQU26,21683.75,21809.25,21677.25,"21,741.50",394322,446363,FINAL,cme_settle_20260508.csv,2026-08-17T06:40:00
05/08/2026,NQZ26,"21,737.00",21952.75,21730.25,"21,780.75",273697,173394,Final,cme_settle_20260508.csv,2026-08-17T06:40:00
2026-05-08,NQH27,21801.25,21879.5,21575.5,21819.75,143526,59537,Final,cme_settle_20260508.csv,2026-08-17T06:40:00
2026-05-08,NQM27,21967.5,22093.75,21634.25,21858.75,105370,46527,FINAL,cme_settle_20260508.csv,2026-08-17T06:40:00
2026-05-08,CLK26,80.54,80.57,79.62,80.32,317820,551397,FINAL,cme_settle_20260508.csv,2026-08-17T06:40:00
2026-05-08,clm26,79.6,80.67,79.60,79.96,317921,"357,130",Final,cme_settle_20260508.csv,2026-08-17T06:40:00
2026-05-08,CLN26,79.31,79.91,78.94,79.6,148475,111042,Final,cme_settle_20260508.csv,2026-08-17T06:40:00
05/08/2026,CL Q26,79.21,79.39,78.95,79.24,94974,"51,916",Final,cme_settle_20260508.csv,2026-08-17T06:40:00
2026-05-08,CL U26,78.54,79.65,78.43,78.87,56711,22879,Final,cme_settle_20260508.csv,2026-08-17T06:40:00
05/08/2026,CLV26,78.84,78.92,77.67,78.51,32825,7708,final,cme_settle_20260508.csv,2026-08-17T06:40:00
2026-05-08,CLX26,78.25,78.94,77.46,78.15,"25,534",3771,FINAL,cme_settle_20260508.csv,2026-08-17T06:40:00
2026-05-08,CLZ26,77.52,78.49,77.09,77.79,15149,"1,512",final,cme_settle_20260508.csv,2026-08-17T06:40:00
2026-05-08,CLF27,77.53,77.54,77.11,77.43,9870,803,Final,cme_settle_20260508.csv,2026-08-17T06:40:00
20260508,CL G27,76.73,77.59,76.25,77.07,6455,455,final,cme_settle_20260508.csv,2026-08-17T06:40:00
05/08/26,CLH27,76.71,76.94,76.59,76.71,3142,155,FINAL,cme_settle_20260508.csv,2026-08-17T06:40:00
05/08/2026,CLJ27,76.45,77.03,75.86,76.34,2056,66,Final,cme_settle_20260508.csv,2026-08-17T06:40:00
2026-05-08,CL K27,75.63,76.27,75.45,75.98,1134,28,FINAL,cme_settle_20260508.csv,2026-08-17T06:40:00
05/08/26,CL M27,75.46,75.98,75.28,75.62,740,11,Final,cme_settle_20260508.csv,2026-08-17T06:40:00
2026-05-08,GCM26,2667.7,2681.5,2652.7,2678.2,181967,325974,Final,cme_settle_20260508.csv,2026-08-17T06:40:00
2026-05-08,GC Q26,2692.5,2706,2652.5,2683,119163,98118,Final,cme_settle_20260508.csv,2026-08-17T06:40:00
2026-05-08,GCZ26,2693.5,2714.3,"2,658.20",2687.8,74882,62915,Final,cme_settle_20260508.csv,2026-08-17T06:40:00
20260508,GCG27,2703,2705,2667.1,2692.7,38525,18942,final,cme_settle_20260508.csv,2026-08-17T06:40:00
2026-05-08,GC J27,2698.2,"2,723.30",2686.5,2697.5,31009,13035,Final,cme_settle_20260508.csv,2026-08-17T06:40:00
05/08/2026,GCM27,2701.6,2712.3,2681.1,2702.3,17067,"5,154",Final,cme_settle_20260508.csv,2026-08-17T06:40:00
05/08/2026,zbm26,113.0312,114.0312,113.0312,113.5,91298,143960,Final,cme_settle_20260508.csv,2026-08-17T06:40:00
05/08/2026,ZB U26,113.2188,114.6562,112.75,113.5938,66068,72173,FINAL,cme_settle_20260508.csv,2026-08-17T06:40:00
05/08/26,ZBZ26,113.7188,114.72,112.5,113.6875,30424,24928,Final,cme_settle_20260508.csv,2026-08-17T06:40:00
2026-05-08,ZBH27,113.2188,114.0625,113.2188,113.7812,24219,10230,FINAL,cme_settle_20260508.csv,2026-08-17T06:40:00
20260508,ZBM27,114.375,115.16,112.7812,113.875,14971,4316,Final,cme_settle_20260508.csv,2026-08-17T06:40:00
20260511,ESM26,5859.5,5895,5801,5831.25,1410575,2176460,FINAL,cme_settle_20260511.csv,2026-08-17T06:40:00
2026-05-11,ESU26,5843.5,5906.25,5819,5841.75,814020,999444,FINAL,cme_settle_20260511.csv,2026-08-17T06:40:00
2026-05-11,ESZ26,"5,870.00",5894.5,5827.5,5852.25,466581,321850,Final,cme_settle_20260511.csv,2026-08-17T06:40:00
05/11/2026,esh27,5884.5,5909,5844.5,5862.75,400637,198503,FINAL,cme_settle_20260511.csv,2026-08-17T06:40:00
2026-05-11,ESM27,5899.75,"5,902.75",5827.5,5873.25,198486,72661,FINAL,cme_settle_20260511.csv,2026-08-17T06:40:00
20260511,NQM26,21697.5,21980.25,21689.75,"21,757.75",707168,"866,880",Final,cme_settle_20260511.csv,2026-08-17T06:40:00
2026-05-11,NQU26,21694.75,22002,21694.75,21797,370283,319436,Final,cme_settle_20260511.csv,2026-08-17T06:40:00
2026-05-11,nqz26,21849.25,"21,982.75",21731.75,21836,251213,218980,Final,cme_settle_20260511.csv,2026-08-17T06:40:00
20260511,NQH27,21854.75,22090.75,21801.5,21875.25,144260,57940,Final,cme_settle_20260511.csv,2026-08-17T06:40:00
05/11/2026,NQM27,21952.25,22052.5,21754.25,21914.5,102471,28550,FINAL,cme_settle_20260511.csv,2026-08-17T06:40:00
2026-05-11,clk26,84.24,84.58,83.66,83.95,"158,017",198195,Final,cme_settle_20260511.csv,2026-08-17T06:40:00
20260511,CLM26,83.85,83.85,82.62,83.57,390712,484000,FINAL,cme_settle_20260511.csv,2026-08-17T06:40:00
2026-05-11,CLN26,83.30,83.87,82.27,83.19,150522,87709,final,cme_settle_20260511.csv,2026-08-17T06:40:00
20260511,CLQ26,82.63,83.24,82.41,82.82,102181,41539,final,cme_settle_20260511.csv,2026-08-17T06:40:00
05/11/2026,clu26,82.75,83.03,81.53,82.44,62683,"20,937",final,cme_settle_20260511.csv,2026-08-17T06:40:00
2026-05-11,CLV26,81.81,82.38,81.81,82.06,43464,11850,final,cme_settle_20260511.csv,2026-08-17T06:40:00
2026-05-11,CLX26,82.01,82.01,81.46,81.68,23662,3355,Final,cme_settle_20260511.csv,2026-08-17T06:40:00
2026-05-11,clz26,81.06,82.26,80.67,81.31,14270,1800,FINAL,cme_settle_20260511.csv,2026-08-17T06:40:00
05/11/26,CLF27,80.75,81.88,80.04,80.93,8615,748,final,cme_settle_20260511.csv,2026-08-17T06:40:00
05/11/2026,clg27,80.82,81.44,79.65,80.55,5549,337,final,cme_settle_20260511.csv,2026-08-17T06:40:00
2026-05-11,CLH27,80.26,80.68,79.85,80.17,3498,164,Final,cme_settle_20260511.csv,2026-08-17T06:40:00
2026-05-11,CLJ27,79.98,80.37,79.23,79.79,2063,56,FINAL,cme_settle_20260511.csv,2026-08-17T06:40:00
20260511,CLK27,79.14,79.85,79.14,79.42,1531,27,final,cme_settle_20260511.csv,2026-08-17T06:40:00
2026-05-11,CLM27,79.26,79.88,78.41,79.04,697,9,FINAL,cme_settle_20260511.csv,2026-08-17T06:40:00
2026-05-11,GCM26,2675.6,2687.5,2654.5,2673.1,184576,254562,FINAL,cme_settle_20260511.csv,2026-08-17T06:40:00
05/11/2026,GCQ26,2690,2705.6,2669.3,2677.9,96609,121254,Final,cme_settle_20260511.csv,2026-08-17T06:40:00
05/11/2026,GCZ26,2686.2,2707.1,2665.6,2682.7,78719,53476,final,cme_settle_20260511.csv,2026-08-17T06:40:00
2026-05-11,GC G27,2686.9,2706.3,2668.5,2687.5,"49,441",22294,Final,cme_settle_20260511.csv,2026-08-17T06:40:00
05/11/2026,GC J27,2682.9,2710.8,2671.4,2692.3,31129,11184,final,cme_settle_20260511.csv,2026-08-17T06:40:00
2026-05-11,GCM27,2694.5,"2,709.30",2680.4,"2,697.20",13748,3697,final,cme_settle_20260511.csv,2026-08-17T06:40:00
2026-05-11,ZBM26,113.375,114.625,112.5,113.8125,99088,161506,Final,cme_settle_20260511.csv,2026-08-17T06:40:00
05/11/26,ZBU26,113.625,114.7812,112.7812,113.9062,51274,62039,Final,cme_settle_20260511.csv,2026-08-17T06:40:00
05/11/2026,ZBZ26,113.5312,114.5312,112.8438,114,42089,37208,FINAL,cme_settle_20260511.csv,2026-08-17T06:40:00
05/11/2026,ZBH27,113.9062,114.5,113.5938,114.0938,19966,12410,FINAL,cme_settle_20260511.csv,2026-08-17T06:40:00
05/11/2026,ZBM27,114,114.7812,113.875,114.19,13985,4479,Final,cme_settle_20260511.csv,2026-08-17T06:40:00
2026-05-12,ESM26,5841.5,5895,5824.5,5835.75,1619299,1946651,final,cme_settle_20260512.csv,2026-08-17T06:40:00
05/12/2026,ESU26,5823.25,5873,5797.25,5846.25,842442,865442,final,cme_settle_20260512.csv,2026-08-17T06:40:00
20260512,esz26,5836.25,5902.5,5836.25,5856.75,520724,296295,Final,cme_settle_20260512.csv,2026-08-17T06:40:00
2026-05-12,ESH27,5881,5903.75,5800.75,5867.25,298551,160180,FINAL,cme_settle_20260512.csv,2026-08-17T06:40:00
05/12/26,esm27,5872.75,5942.75,5857.5,5877.75,247822,91644,FINAL,cme_settle_20260512.csv,2026-08-17T06:40:00
2026-05-12,NQM26,21820,22010.5,21709.75,21811,583817,809228,FINAL,cme_settle_20260512.csv,2026-08-17T06:40:00
2026-05-12,NQ U26,"21,956.25","21,956.25",21754.75,21850.25,400228,345453,FINAL,cme_settle_20260512.csv,2026-08-17T06:40:00
2026-05-12,NQZ26,21805.5,22110.25,21805.5,21889.5,215713,169103,Final,cme_settle_20260512.csv,2026-08-17T06:40:00
05/12/2026,NQ H27,21903,22156,21792.25,21928.75,126505,59111,Final,cme_settle_20260512.csv,2026-08-17T06:40:00
20260512,NQ M27,21886.75,22089.75,21884.75,21968,"98,847",32155,FINAL,cme_settle_20260512.csv,2026-08-17T06:40:00
05/12/2026,clk26,83.1,83.62,83.1,83.41,136626,167244,Final,cme_settle_20260512.csv,2026-08-17T06:40:00
2026-05-12,CLM26,82.63,83.77,82.46,83.03,395174,349125,final,cme_settle_20260512.csv,2026-08-17T06:40:00
05/12/2026,CLN26,82.37,82.98,81.79,82.66,184457,139501,Final,cme_settle_20260512.csv,2026-08-17T06:40:00
2026-05-12,CLQ26,82.23,82.86,81.46,82.28,105789,51697,Final,cme_settle_20260512.csv,2026-08-17T06:40:00
05/12/26,CL U26,81.63,82.02,81.09,81.91,53737,22404,Final,cme_settle_20260512.csv,2026-08-17T06:40:00
2026-05-12,CL V26,81.39,81.74,81.36,81.53,34900,9016,FINAL,cme_settle_20260512.csv,2026-08-17T06:40:00
2026-05-12,CL X26,81.41,82.03,80.38,81.16,24500,4802,Final,cme_settle_20260512.csv,2026-08-17T06:40:00
05/12/2026,CLZ26,80.38,81.61,80.33,80.78,16482,2134,Final,cme_settle_20260512.csv,2026-08-17T06:40:00
05/12/26,CLF27,80.46,80.78,79.96,80.41,8920,913,Final,cme_settle_20260512.csv,2026-08-17T06:40:00
05/12/2026,CL G27,80.07,80.89,79.3,80.03,5646,289,Final,cme_settle_20260512.csv,2026-08-17T06:40:00
05/12/26,CLH27,79.69,80.05,78.91,79.66,"3,910",178,FINAL,cme_settle_20260512.csv,2026-08-17T06:40:00
2026-05-12,clj27,78.97,80.11,78.83,79.28,2245,76,FINAL,cme_settle_20260512.csv,2026-08-17T06:40:00
2026-05-12,CLK27,79.04,79.81,78.61,78.91,1164,28,Final,cme_settle_20260512.csv,2026-08-17T06:40:00
2026-05-12,CLM27,78.9,79.12,77.67,78.53,811,10,final,cme_settle_20260512.csv,2026-08-17T06:40:00
2026-05-12,GCM26,2693.5,2694.9,"2,679.30",2688.8,"196,372",245022,final,cme_settle_20260512.csv,2026-08-17T06:40:00
05/12/2026,GCQ26,2696.9,2723.9,2667.1,2693.6,128696,151523,Final,cme_settle_20260512.csv,2026-08-17T06:40:00
2026-05-12,GCZ26,2687.7,2723.9,2674.5,2698.5,"76,083",45577,FINAL,cme_settle_20260512.csv,2026-08-17T06:40:00
2026-05-12,GC G27,2708.7,2731,"2,688.40",2703.3,39605,16847,FINAL,cme_settle_20260512.csv,2026-08-17T06:40:00
20260512,GCJ27,2717,2734.1,2693.1,2708.2,27256,9107,final,cme_settle_20260512.csv,2026-08-17T06:40:00
20260512,GCM27,2723.5,2723.5,2708.5,2713,19007,4147,final,cme_settle_20260512.csv,2026-08-17T06:40:00
2026-05-12,ZBM26,113.4688,114.5938,113.4688,113.9375,83589,132371,final,cme_settle_20260512.csv,2026-08-17T06:40:00
05/12/2026,ZBU26,113.7188,115,113.4688,114.0312,66619,80649,Final,cme_settle_20260512.csv,2026-08-17T06:40:00
20260512,ZBZ26,114.2188,115.0312,113.2188,114.125,35508,29591,final,cme_settle_20260512.csv,2026-08-17T06:40:00
2026-05-12,ZBH27,114.5312,114.5312,113,114.2188,18588,7528,FINAL,cme_settle_20260512.csv,2026-08-17T06:40:00
2026-05-12,ZBM27,114.5625,114.5625,113.0625,114.3125,"13,652",3867,Final,cme_settle_20260512.csv,2026-08-17T06:40:00
2026-05-13,esm26,5859.75,5920.25,5828.75,5884.5,1425446,1885226,Final,cme_settle_20260513.csv,2026-08-17T06:40:00
2026-05-13,ESU26,5905.5,5923.5,5880,5895,742820,756337,FINAL,cme_settle_20260513.csv,2026-08-17T06:40:00
20260513,ESZ26,5925.75,5972.75,"5,894.75",5905.75,488471,410942,FINAL,cme_settle_20260513.csv,2026-08-17T06:40:00
05/13/2026,ESH27,5906.25,"5,949.75",5865.5,5916.25,405269,199070,FINAL,cme_settle_20260513.csv,2026-08-17T06:40:00
05/13/2026,ESM27,5945.75,5982.75,5891.5,5926.75,195952,61876,final,cme_settle_20260513.csv,2026-08-17T06:40:00
20260513,nqm26,21600.25,21785,21576.5,21644,517840,816836,FINAL,cme_settle_20260513.csv,2026-08-17T06:40:00
2026-05-13,NQ U26,21737.25,21803.5,21566.5,21683,375960,324805,FINAL,cme_settle_20260513.csv,2026-08-17T06:40:00
05/13/2026,NQZ26,21823.5,21823.5,21637.5,21722,"210,374",141803,final,cme_settle_20260513.csv,2026-08-17T06:40:00
2026-05-13,nqh27,21754,21940.75,21506.25,"21,761.00",144081,91013,FINAL,cme_settle_20260513.csv,2026-08-17T06:40:00
05/13/26,NQM27,21809.75,22025.25,21754.5,21799.75,96904,30982,Final,cme_settle_20260513.csv,2026-08-17T06:40:00
2026-05-13,CLK26,83.53,84.32,83.22,83.34,89459,109888,final,cme_settle_20260513.csv,2026-08-17T06:40:00
2026-05-13,CLM26,83.28,83.73,82.38,82.96,425293,"371,169",FINAL,cme_settle_20260513.csv,2026-08-17T06:40:00
20260513,CLN26,82.73,83.05,81.89,82.59,130693,97856,FINAL,cme_settle_20260513.csv,2026-08-17T06:40:00
05/13/2026,CLQ26,82.35,82.54,81.37,82.21,97703,57707,Final,cme_settle_20260513.csv,2026-08-17T06:40:00
20260513,CLU26,82.08,82.56,81.09,81.84,50618,16993,Final,cme_settle_20260513.csv,2026-08-17T06:40:00
20260513,clv26,81.43,81.86,81.18,81.46,33831,9416,Final,cme_settle_20260513.csv,2026-08-17T06:40:00
2026-05-13,CLX26,81.18,81.39,80.35,81.09,24208,4040,final,cme_settle_20260513.csv,2026-08-17T06:40:00
05/13/26,CL Z26,80.31,81.04,80.23,80.71,13103,"1,717",final,cme_settle_20260513.csv,2026-08-17T06:40:00
05/13/2026,CLF27,80.3,81.30,80.04,80.34,8173,699,Final,cme_settle_20260513.csv,2026-08-17T06:40:00
2026-05-13,CLG27,80.22,80.6,79.14,79.96,5872,436,final,cme_settle_20260513.csv,2026-08-17T06:40:00
2026-05-13,CL H27,79.92,80.35,79.25,79.59,3454,139,FINAL,cme_settle_20260513.csv,2026-08-17T06:40:00
05/13/2026,clj27,79.19,79.65,79,79.21,1959,65,Final,cme_settle_20260513.csv,2026-08-17T06:40:00
05/13/2026,CLK27,78.81,79.55,78.65,78.84,1345,33,Final,cme_settle_20260513.csv,2026-08-17T06:40:00
05/13/2026,CL M27,78.59,78.77,77.88,78.46,788,10,Final,cme_settle_20260513.csv,2026-08-17T06:40:00
05/13/2026,GCM26,2686.3,2704.1,2666.7,"2,691.30",205435,249235,final,cme_settle_20260513.csv,2026-08-17T06:40:00
2026-05-13,GCQ26,2695.4,2700.1,2667.1,2696.1,128825,159831,FINAL,cme_settle_20260513.csv,2026-08-17T06:40:00
2026-05-13,GCZ26,"2,697.60",2719,2676.3,2701,74406,45137,Final,cme_settle_20260513.csv,2026-08-17T06:40:00
05/13/26,gcg27,2699.7,2738.2,2693.6,2705.8,35902,22096,final,cme_settle_20260513.csv,2026-08-17T06:40:00
2026-05-13,GC J27,2697.9,2726.6,2694.2,2710.7,30094,10787,FINAL,cme_settle_20260513.csv,2026-08-17T06:40:00
2026-05-13,GCM27,2725.1,"2,744.40",2706.3,2715.5,15715,4514,FINAL,cme_settle_20260513.csv,2026-08-17T06:40:00
2026-05-13,GCM27,2725.1,"2,744.40",2706.3,2715.5,15715,4514,FINAL,cme_settle_20260513.csv,2026-08-17T06:41:12
2026-05-13,ZBM26,113.8125,115.4062,113,114.2188,109771,158931,final,cme_settle_20260513.csv,2026-08-17T06:40:00
2026-05-13,ZB U26,113.8438,114.6562,113.8438,114.3125,56570,"48,412",Final,cme_settle_20260513.csv,2026-08-17T06:40:00
2026-05-13,zbz26,114.9688,115.0312,113.9375,114.4062,36183,"26,796",final,cme_settle_20260513.csv,2026-08-17T06:40:00
2026-05-13,ZBH27,114.8438,114.94,113.3438,114.5,26669,13135,FINAL,cme_settle_20260513.csv,2026-08-17T06:40:00
2026-05-13,zbm27,114.5625,115.8125,113.875,114.5938,15030,5992,Final,cme_settle_20260513.csv,2026-08-17T06:40:00
2026-05-14,ESM26,5892.75,5895.5,5844.5,5866.25,1451807,2562519,FINAL,cme_settle_20260514.csv,2026-08-17T06:40:00
2026-05-14,ESU26,5905.25,5905.25,5866.75,5876.75,762004,665665,final,cme_settle_20260514.csv,2026-08-17T06:40:00
05/14/2026,ESZ26,"5,895.50",5908.75,5835.5,5887.25,612270,"505,493",final,cme_settle_20260514.csv,2026-08-17T06:40:00
05/14/26,esh27,5914.75,5956,5831.5,5898,284941,149537,final,cme_settle_20260514.csv,2026-08-17T06:40:00
20260514,ESM27,5929,5955,5852.5,5908.5,214491,64445,final,cme_settle_20260514.csv,2026-08-17T06:40:00
2026-05-14,NQM26,21913,21913,21646.75,"21,806.50",621150,937894,final,cme_settle_20260514.csv,2026-08-17T06:40:00
05/14/2026,NQU26,21760,21975.75,21760,21845.75,380955,422317,Final,cme_settle_20260514.csv,2026-08-17T06:40:00
05/14/26,NQZ26,21902.25,21999.75,21772.25,21885,217346,162646,final,cme_settle_20260514.csv,2026-08-17T06:40:00
2026-05-14,NQH27,21844.75,22012.25,21769.5,21924.25,128232,65339,final,cme_settle_20260514.csv,2026-08-17T06:40:00
2026-05-14,NQM27,21968.25,22040.25,21808.5,21963.5,"81,842",30255,FINAL,cme_settle_20260514.csv,2026-08-17T06:40:00
05/14/2026,CL K26,82.97,83.91,82.82,83.35,104956,192949,FINAL,cme_settle_20260514.csv,2026-08-17T06:40:00
20260514,CLM26,82.58,83.4,82.02,82.97,486808,501919,final,cme_settle_20260514.csv,2026-08-17T06:40:00
2026-05-14,CLN26,82.93,82.93,82.27,82.6,151006,89905,Final,cme_settle_20260514.csv,2026-08-17T06:40:00
20260514,CLQ26,82.49,83.09,81.77,82.22,86984,40771,final,cme_settle_20260514.csv,2026-08-17T06:40:00
2026-05-14,CL U26,82.12,82.6,81.21,81.85,55761,"18,483",Final,cme_settle_20260514.csv,2026-08-17T06:40:00
05/14/26,CL V26,81.79,82.19,81.12,81.47,35816,10577,final,cme_settle_20260514.csv,2026-08-17T06:40:00
2026-05-14,CLX26,81.31,81.31,80.82,81.1,23031,4107,Final,cme_settle_20260514.csv,2026-08-17T06:40:00
05/14/2026,CLZ26,81.04,81.19,80.24,80.72,11919,1289,Final,cme_settle_20260514.csv,2026-08-17T06:40:00
05/14/2026,CLF27,79.97,80.93,79.97,80.35,8510,853,Final,cme_settle_20260514.csv,2026-08-17T06:40:00
20260514,CLG27,79.63,80.38,79.28,79.97,5668,402,Final,cme_settle_20260514.csv,2026-08-17T06:40:00
2026-05-14,CLH27,79.74,80.08,79.26,79.6,4007,166,final,cme_settle_20260514.csv,2026-08-17T06:40:00
05/14/2026,CLJ27,78.95,79.42,78.50,79.22,2296,65,Final,cme_settle_20260514.csv,2026-08-17T06:40:00
2026-05-14,clk27,78.69,79.64,78.2,78.85,1211,20,final,cme_settle_20260514.csv,2026-08-17T06:40:00
2026-05-14,CLM27,78.57,79.36,77.57,78.47,672,10,final,cme_settle_20260514.csv,2026-08-17T06:40:00
2026-05-14,GCM26,2730.5,2741,2713.9,2720,180200,323221,final,cme_settle_20260514.csv,2026-08-17T06:40:00
20260514,GCQ26,2736.5,"2,739.30",2720.2,2724.9,96985,98017,FINAL,cme_settle_20260514.csv,2026-08-17T06:40:00
05/14/26,GCZ26,2738.2,2738.2,2711,"2,729.80",65998,37213,final,cme_settle_20260514.csv,2026-08-17T06:40:00
2026-05-14,GCG27,2732.8,2738.4,2704,2734.7,43972,19452,final,cme_settle_20260514.csv,2026-08-17T06:40:00
2026-05-14,GCJ27,2741.4,2766.8,2711,2739.6,24943,8115,FINAL,cme_settle_20260514.csv,2026-08-17T06:40:00
2026-05-14,gcm27,2734.7,2771.2,2727.1,2744.5,"17,871",5471,FINAL,cme_settle_20260514.csv,2026-08-17T06:40:00
20260514,ZBM26,112.7812,113.9062,112.7812,113.2812,104394,168574,final,cme_settle_20260514.csv,2026-08-17T06:40:00
2026-05-14,ZBU26,113.4375,114,112.3438,113.375,51507,54837,Final,cme_settle_20260514.csv,2026-08-17T06:40:00
05/14/26,ZB Z26,114,114.5938,112.5938,113.4688,"33,936",21181,final,cme_settle_20260514.csv,2026-08-17T06:40:00
2026-05-14,ZBH27,114.0938,114.09,112.31,113.5625,21772,10935,FINAL,cme_settle_20260514.csv,2026-08-17T06:40:00
2026-05-14,ZBM27,114.0938,114.5938,113.0312,113.6562,15047,"6,002",final,cme_settle_20260514.csv,2026-08-17T06:40:00
05/15/2026,ESM26,5812.5,5862,5805.25,5831.25,1556571,2275130,Final,cme_settle_20260515.csv,2026-08-17T06:40:00
20260515,ESU26,5830.75,"5,856.25",5799.75,5841.75,737390,623477,FINAL,cme_settle_20260515.csv,2026-08-17T06:40:00
20260515,ESZ26,5843.25,5918,5840.5,5852.25,524725,"450,974",final,cme_settle_20260515.csv,2026-08-17T06:40:00
2026-05-15,ESH27,5836.25,5877,5830.75,5862.75,338477,"149,055",final,cme_settle_20260515.csv,2026-08-17T06:40:00
20260515,ESM27,5855.75,5898.75,"5,849.50",5873.25,"227,950",71224,final,cme_settle_20260515.csv,2026-08-17T06:40:00
2026-05-15,NQM26,21940.75,22074,21801.25,21833.75,629544,1000221,Final,cme_settle_20260515.csv,2026-08-17T06:40:00
05/15/26,NQU26,"21,870.25",21902.75,21708.5,21873,321532,"319,950",final,cme_settle_20260515.csv,2026-08-17T06:40:00
2026-05-15,NQZ26,21907.75,22101.75,21707.5,21912.25,236397,136784,final,cme_settle_20260515.csv,2026-08-17T06:40:00
2026-05-15,NQH27,22027.75,22084.5,"21,871.50",21951.75,122257,59749,FINAL,cme_settle_20260515.csv,2026-08-17T06:40:00
2026-05-15,NQ M27,21894.5,22143,21771.5,21991,81179,"23,857",Final,cme_settle_20260515.csv,2026-08-17T06:40:00
2026-05-15,CLK26,86.22,87.55,86.22,86.61,"105,131",168231,FINAL,cme_settle_20260515.csv,2026-08-17T06:40:00
05/15/2026,CL M26,86.03,86.44,86.03,86.22,488739,446107,final,cme_settle_20260515.csv,2026-08-17T06:40:00
2026-05-15,CLN26,86.06,86.08,85.5,85.83,161325,"101,202",Final,cme_settle_20260515.csv,2026-08-17T06:40:00
2026-05-15,CLQ26,85.41,85.6,84.85,85.44,93142,48383,Final,cme_settle_20260515.csv,2026-08-17T06:40:00
2026-05-15,CLQ26,85.41,85.6,84.85,85.44,93142,48383,Final,cme_settle_20260515.csv,2026-08-17T06:41:12
05/15/2026,CLU26,85.14,85.29,84.63,85.05,53801,"21,188",final,cme_settle_20260515.csv,2026-08-17T06:40:00
05/15/2026,CLV26,84.55,85.21,83.84,84.66,36665,10420,FINAL,cme_settle_20260515.csv,2026-08-17T06:40:00
2026-05-15,CLX26,84.62,85.05,83.98,84.27,23428,4537,Final,cme_settle_20260515.csv,2026-08-17T06:40:00
05/15/2026,CL Z26,84.19,84.27,83.69,83.88,12735,1579,final,cme_settle_20260515.csv,2026-08-17T06:40:00
2026-05-15,CLF27,83.2,83.78,83.1,83.49,9355,936,FINAL,cme_settle_20260515.csv,2026-08-17T06:40:00
05/15/2026,CLG27,83.27,83.71,82.75,83.1,6497,477,FINAL,cme_settle_20260515.csv,2026-08-17T06:40:00
20260515,CLH27,82.4,83.25,82.4,82.71,2984,139,FINAL,cme_settle_20260515.csv,2026-08-17T06:40:00
05/15/2026,CL J27,82.5,83.29,81.38,82.32,2053,46,FINAL,cme_settle_20260515.csv,2026-08-17T06:40:00
05/15/26,CLK27,82.19,82.19,81.56,81.93,1395,35,FINAL,cme_settle_20260515.csv,2026-08-17T06:40:00
2026-05-15,CLM27,81.8,82.38,81.23,81.54,904,11,Final,cme_settle_20260515.csv,2026-08-17T06:40:00
2026-05-15,GC M26,2762.4,"2,781.60",2729.1,2749.5,173899,307689,final,cme_settle_20260515.csv,2026-08-17T06:40:00
2026-05-15,GC Q26,2748.9,2780.8,2745.1,2754.4,93940,102375,final,cme_settle_20260515.csv,2026-08-17T06:40:00
2026-05-15,GC Q26,2748.9,2780.8,2745.1,2754.4,93940,102375,final,cme_settle_20260515.csv,2026-08-17T06:41:12
2026-05-15,gcz26,2750.3,2775.9,2730.2,2759.4,72859,50475,Final,cme_settle_20260515.csv,2026-08-17T06:40:00
20260515,GCG27,2769.3,2775.2,2735.7,2764.3,45285,25423,Final,cme_settle_20260515.csv,2026-08-17T06:40:00
05/15/2026,GCJ27,2775.1,2794.1,2763.7,2769.3,25712,9862,final,cme_settle_20260515.csv,2026-08-17T06:40:00
2026-05-15,GCM27,2775.1,2788.1,2742.7,2774.2,"19,304",4155,Final,cme_settle_20260515.csv,2026-08-17T06:40:00
05/15/2026,ZB M26,113.0625,114.0938,112.1875,113.0938,91773,129556,final,cme_settle_20260515.csv,2026-08-17T06:40:00
2026-05-15,ZBU26,113.7188,113.7188,112.0625,113.1875,68287,85627,FINAL,cme_settle_20260515.csv,2026-08-17T06:40:00
05/15/2026,ZBZ26,112.75,113.625,112.2812,113.2812,41854,25400,FINAL,cme_settle_20260515.csv,2026-08-17T06:40:00
20260515,ZBH27,113.25,114.6562,112.7188,113.375,23423,11056,Final,cme_settle_20260515.csv,2026-08-17T06:40:00
05/15/2026,ZBM27,112.9688,113.75,112.9688,113.4688,12110,3713,final,cme_settle_20260515.csv,2026-08-17T06:40:00
2026-05-18,ESM26,5809.25,5834.75,"5,756.75",5800,1300442,2232488,Final,cme_settle_20260518.csv,2026-08-17T06:40:00
2026-05-18,ES U26,5813.25,5824,5764.25,5810.5,1034848,905102,final,cme_settle_20260518.csv,2026-08-17T06:40:00
2026-05-18,ESZ26,5843.75,5844,5794.75,5821,558480,402945,final,cme_settle_20260518.csv,2026-08-17T06:40:00
05/18/2026,ESH27,5828.5,5851.25,5789.75,5831.25,392267,231993,FINAL,cme_settle_20260518.csv,2026-08-17T06:40:00
2026-05-18,ES M27,5844,5857.5,5800,"5,841.75",224230,75371,Final,cme_settle_20260518.csv,2026-08-17T06:40:00
2026-05-18,NQM26,21700,21701.25,21502,21603.75,536974,733738,Final,cme_settle_20260518.csv,2026-08-17T06:40:00
2026-05-18,NQU26,21560.75,21703.5,21391.5,21642.75,"411,264",430694,Final,cme_settle_20260518.csv,2026-08-17T06:40:00
2026-05-18,nqz26,21782.5,21785.25,21592.75,21681.5,268867,223816,final,cme_settle_20260518.csv,2026-08-17T06:40:00
20260518,NQH27,21674.25,21886.5,21501.5,21720.5,153931,93745,FINAL,cme_settle_20260518.csv,2026-08-17T06:40:00
2026-05-18,NQM27,21862.75,21862.75,21509.75,21759.25,107179,38051,final,cme_settle_20260518.csv,2026-08-17T06:40:00
20260518,CLM26,83.87,84.03,82.9,83.58,338289,418557,final,cme_settle_20260518.csv,2026-08-17T06:40:00
20260518,CLN26,83.5,83.93,82.44,83.2,285480,290625,Final,cme_settle_20260518.csv,2026-08-17T06:40:00
05/18/2026,CLQ26,82.5,83.56,81.85,82.83,137271,84950,Final,cme_settle_20260518.csv,2026-08-17T06:40:00
20260518,CL U26,82.19,82.85,81.51,82.45,86603,49428,Final,cme_settle_20260518.csv,2026-08-17T06:40:00
05/18/2026,CLV26,81.89,82.75,81.57,82.08,67098,19278,FINAL,cme_settle_20260518.csv,2026-08-17T06:40:00
2026-05-18,CLX26,81.61,82.37,80.92,81.7,35180,6855,FINAL,cme_settle_20260518.csv,2026-08-17T06:40:00
2026-05-18,CLZ26,80.97,81.72,80.57,81.32,"21,417",3737,Final,cme_settle_20260518.csv,2026-08-17T06:40:00
05/18/2026,CLF27,81.13,81.86,80.06,80.95,14065,"1,345",FINAL,cme_settle_20260518.csv,2026-08-17T06:40:00
2026-05-18,CLG27,80.87,81.24,79.67,80.57,7884,833,Final,cme_settle_20260518.csv,2026-08-17T06:40:00
2026-05-18,CLH27,80.22,80.64,79.74,80.2,5614,363,Final,cme_settle_20260518.csv,2026-08-17T06:40:00
05/18/2026,CLJ27,79.84,80.2,79.37,79.82,3768,156,Final,cme_settle_20260518.csv,2026-08-17T06:40:00
2026-05-18,CLK27,79.29,80.07,78.82,79.44,1905,59,Final,cme_settle_20260518.csv,2026-08-17T06:40:00
05/18/2026,CLM27,79.46,79.57,78.45,79.07,1485,34,final,cme_settle_20260518.csv,2026-08-17T06:40:00
2026-05-18,GCM26,2730.7,2749.8,2708.3,2732.1,182900,307959,final,cme_settle_20260518.csv,2026-08-17T06:40:00
2026-05-18,GCQ26,2736.2,2750.4,2725.2,2737,92838,93235,Final,cme_settle_20260518.csv,2026-08-17T06:40:00
2026-05-18,GCZ26,"2,729.50",2756.1,2718.7,2741.9,65657,49818,final,cme_settle_20260518.csv,2026-08-17T06:40:00
05/18/2026,GCG27,2750.2,2768.2,2741.6,2746.9,50427,30222,final,cme_settle_20260518.csv,2026-08-17T06:40:00
20260518,GCJ27,2757.6,2763.4,2725.5,2751.8,30184,13113,Final,cme_settle_20260518.csv,2026-08-17T06:40:00
2026-05-18,GCM27,2750.3,2768.1,2741.1,2756.7,15056,3934,Final,cme_settle_20260518.csv,2026-08-17T06:40:00
2026-05-18,ZBM26,113.4688,114.5625,113.1562,113.2812,98606,"146,323",Final,cme_settle_20260518.csv,2026-08-17T06:40:00
2026-05-18,zbu26,113.3438,114.5625,112.9688,113.375,49595,44136,FINAL,cme_settle_20260518.csv,2026-08-17T06:40:00
2026-05-18,ZB Z26,113.4062,113.625,112.4688,113.4688,31596,20453,final,cme_settle_20260518.csv,2026-08-17T06:40:00
2026-05-18,ZBH27,113.4375,114.75,112.625,113.5625,24913,"11,047",final,cme_settle_20260518.csv,2026-08-17T06:40:00
05/18/2026,ZBM27,113.875,114.0312,112.375,113.66,11909,4436,FINAL,cme_settle_20260518.csv,2026-08-17T06:40:00
2026-05-19,esm26,5883.5,5933,5813.25,5873.5,1343837,"1,718,091",FINAL,cme_settle_20260519.csv,2026-08-17T06:40:00
20260519,ESU26,"5,893.25",5937.75,5857,5884,968325,976735,FINAL,cme_settle_20260519.csv,2026-08-17T06:40:00
2026-05-19,ESZ26,5912.75,5962.75,"5,834.00",5894.75,513351,421907,final,cme_settle_20260519.csv,2026-08-17T06:40:00
20260519,ESH27,5885.25,5965.5,5885.25,5905.25,311784,182416,FINAL,cme_settle_20260519.csv,2026-08-17T06:40:00
2026-05-19,ESM27,5894.25,5962.25,5860,5915.75,185986,82425,final,cme_settle_20260519.csv,2026-08-17T06:40:00
20260519,NQM26,22009,22279.25,21964.25,22038.75,672242,830890,Final,cme_settle_20260519.csv,2026-08-17T06:40:00
2026-05-19,NQU26,22006.25,22114.25,22006.25,"22,078.50",353677,348865,FINAL,cme_settle_20260519.csv,2026-08-17T06:40:00
20260519,NQ Z26,"22,186.50",22370.5,22047,22118,241775,174259,final,cme_settle_20260519.csv,2026-08-17T06:40:00
2026-05-19,NQH27,22242.75,22403.25,21955,22157.75,164483,93402,FINAL,cme_settle_20260519.csv,2026-08-17T06:40:00
05/19/2026,NQM27,22172.25,22264.25,21995.5,22197.5,102576,44454,FINAL,cme_settle_20260519.csv,2026-08-17T06:40:00
2026-05-19,CLM26,84.26,85.36,84.1,84.39,382938,451128,FINAL,cme_settle_20260519.csv,2026-08-17T06:40:00
2026-05-19,CLN26,83.66,84.27,83.12,84.01,278855,234905,Final,cme_settle_20260519.csv,2026-08-17T06:40:00
20260519,CLQ26,83.25,84.54,83.04,83.63,167227,145330,Final,cme_settle_20260519.csv,2026-08-17T06:40:00
2026-05-19,CLU26,82.92,84.01,82.92,83.25,92612,49831,FINAL,cme_settle_20260519.csv,2026-08-17T06:40:00
20260519,CLV26,82.72,83.3,82.22,82.87,55986,16816,FINAL,cme_settle_20260519.csv,2026-08-17T06:40:00
20260519,CLX26,82.33,83.37,82.26,82.49,34720,"7,944",final,cme_settle_20260519.csv,2026-08-17T06:40:00
2026-05-19,CLZ26,82.42,82.51,81.68,82.11,22261,3942,Final,cme_settle_20260519.csv,2026-08-17T06:40:00
2026-05-19,CL F27,81.58,82.22,81.2,81.73,13992,1541,Final,cme_settle_20260519.csv,2026-08-17T06:40:00
2026-05-19,CL G27,81.18,82.26,80.51,81.35,9448,844,Final,cme_settle_20260519.csv,2026-08-17T06:40:00
2026-05-19,CLH27,81.09,81.65,80.72,80.97,"5,015",267,Final,cme_settle_20260519.csv,2026-08-17T06:40:00
05/19/2026,CLJ27,80.27,80.76,79.8,80.59,3622,157,Final,cme_settle_20260519.csv,2026-08-17T06:40:00
2026-05-19,CLK27,80.11,81.02,79.94,80.21,2402,57,final,cme_settle_20260519.csv,2026-08-17T06:40:00
2026-05-19,CLM27,79.87,80.01,79.16,79.83,1088,25,Final,cme_settle_20260519.csv,2026-08-17T06:40:00
20260519,GC M26,2725.5,2742,2717.1,2724.9,179859,287198,final,cme_settle_20260519.csv,2026-08-17T06:40:00
20260519,GCQ26,2741.5,"2,741.50",2701.3,"2,729.80",100258,113057,FINAL,cme_settle_20260519.csv,2026-08-17T06:40:00
20260519,gcz26,2736.6,2765.6,2729.5,2734.7,59546,48519,Final,cme_settle_20260519.csv,2026-08-17T06:40:00
2026-05-19,GCG27,2728.9,2747.2,"2,727.80",2739.6,45843,"19,145",FINAL,cme_settle_20260519.csv,2026-08-17T06:40:00
2026-05-19,GCJ27,"2,736.00",2757.4,2728,2744.5,23693,7184,FINAL,cme_settle_20260519.csv,2026-08-17T06:40:00
20260519,GCM27,"2,740.40",2764.8,2740.4,2749.4,16805,3568,FINAL,cme_settle_20260519.csv,2026-08-17T06:40:00
20260519,ZBM26,113.6562,114.875,113.4062,113.6562,83964,129226,Final,cme_settle_20260519.csv,2026-08-17T06:40:00
2026-05-19,ZBU26,113.625,114.875,113.4062,113.75,"61,679",66042,Final,cme_settle_20260519.csv,2026-08-17T06:40:00
2026-05-19,ZB Z26,113.875,114.7188,112.5938,113.8438,"32,588",20885,Final,cme_settle_20260519.csv,2026-08-17T06:40:00
2026-05-19,ZBH27,113.9375,114.5625,113.6875,113.9375,24567,13821,Final,cme_settle_20260519.csv,2026-08-17T06:40:00
2026-05-19,ZBM27,114,115.125,113.4375,114.0312,14816,4754,Final,cme_settle_20260519.csv,2026-08-17T06:40:00
05/20/2026,ESM26,5893.5,5960.5,5893.5,5922.25,1550630,2163067,Final,cme_settle_20260520.csv,2026-08-17T06:40:00
05/20/2026,esu26,5940,5960,5875.25,5933,923190,"785,780",final,cme_settle_20260520.csv,2026-08-17T06:40:00
2026-05-20,ESZ26,5951,5989.25,5901.25,5943.5,634952,483967,FINAL,cme_settle_20260520.csv,2026-08-17T06:40:00
2026-05-20,ESH27,5939.75,5980.25,"5,927.25",5954.25,352199,189264,final,cme_settle_20260520.csv,2026-08-17T06:40:00
2026-05-20,ESM27,5955.75,6001,5955.25,5965,211329,68614,final,cme_settle_20260520.csv,2026-08-17T06:40:00
2026-05-20,ESM27,5955.75,6001,5955.25,5965,211329,68614,final,cme_settle_20260520.csv,2026-08-17T06:41:12
05/20/26,NQM26,22131,"22,388.25",22069.75,22240,"643,419",1038489,Final,cme_settle_20260520.csv,2026-08-17T06:40:00
2026-05-20,NQU26,"22,225.00",22346.25,22143.75,22280,323678,"393,765",final,cme_settle_20260520.csv,2026-08-17T06:40:00
20260520,NQ Z26,22266.75,22494.25,22233,"22,320.00",265337,199670,final,cme_settle_20260520.csv,2026-08-17T06:40:00
2026-05-20,NQH27,22418,22549.5,22268.75,"22,360.00",123679,55105,final,cme_settle_20260520.csv,2026-08-17T06:40:00
20260520,NQM27,22437.25,"22,626.00",22372.5,22400.25,83732,31075,Final,cme_settle_20260520.csv,2026-08-17T06:40:00
2026-05-20,clm26,82.08,82.08,81,81.88,397372,635762,Final,cme_settle_20260520.csv,2026-08-17T06:40:00
2026-05-20,CL N26,81.84,81.9,80.91,81.51,244444,229627,final,cme_settle_20260520.csv,2026-08-17T06:40:00
05/20/26,CLQ26,80.88,81.5,80.55,81.14,153983,111999,FINAL,cme_settle_20260520.csv,2026-08-17T06:40:00
2026-05-20,CLU26,81,81.12,80.06,80.77,90935,55536,final,cme_settle_20260520.csv,2026-08-17T06:40:00
20260520,clv26,80.14,81.13,79.64,80.41,70821,22976,FINAL,cme_settle_20260520.csv,2026-08-17T06:40:00
2026-05-20,CLX26,80.42,80.81,79.21,80.04,41335,9140,final,cme_settle_20260520.csv,2026-08-17T06:40:00
05/20/2026,CLZ26,79.55,80.02,79.31,79.67,20529,"3,765",final,cme_settle_20260520.csv,2026-08-17T06:40:00
2026-05-20,CLF27,79.11,79.7,78.87,79.3,14589,1917,Final,cme_settle_20260520.csv,2026-08-17T06:40:00
2026-05-20,clg27,78.82,79.69,78.38,78.93,9700,686,final,cme_settle_20260520.csv,2026-08-17T06:40:00
2026-05-20,CLH27,78.85,79.1,77.98,78.56,4611,239,Final,cme_settle_20260520.csv,2026-08-17T06:40:00
2026-05-20,CLJ27,78.18,78.34,77.94,78.20,3038,153,final,cme_settle_20260520.csv,2026-08-17T06:40:00
20260520,CLK27,78.07,78.19,77.09,77.83,2388,61,final,cme_settle_20260520.csv,2026-08-17T06:40:00
05/20/2026,CLM27,77.7,77.86,76.67,77.46,1434,28,Final,cme_settle_20260520.csv,2026-08-17T06:40:00
2026-05-20,GCM26,"2,713.00",2715,2695.7,2710.7,"164,577",293642,Final,cme_settle_20260520.csv,2026-08-17T06:40:00
05/20/26,GCQ26,2716.2,2734.5,2695.2,2715.6,98089,112811,Final,cme_settle_20260520.csv,2026-08-17T06:40:00
20260520,GCZ26,2717,2728.3,2715.1,2720.5,68141,47061,Final,cme_settle_20260520.csv,2026-08-17T06:40:00
20260520,gcg27,2728.3,2745.5,2714.5,2725.3,37392,18709,final,cme_settle_20260520.csv,2026-08-17T06:40:00
2026-05-20,GCJ27,2741.6,2755.5,2713.3,2730.2,26234,11327,final,cme_settle_20260520.csv,2026-08-17T06:40:00
2026-05-20,GCM27,2735.9,2744.4,2703.2,2735.1,14144,3036,FINAL,cme_settle_20260520.csv,2026-08-17T06:40:00
05/20/2026,zbm26,113.0938,113.9688,111.4375,112.75,109242,169708,final,cme_settle_20260520.csv,2026-08-17T06:40:00
2026-05-20,ZBU26,113.2188,113.4688,111.75,112.84,60178,60982,FINAL,cme_settle_20260520.csv,2026-08-17T06:40:00
2026-05-20,ZBZ26,113.2188,113.88,111.5938,112.9375,38738,24421,final,cme_settle_20260520.csv,2026-08-17T06:40:00
05/20/2026,ZBH27,113.125,113.4375,112.2188,113.0312,25625,"12,258",FINAL,cme_settle_20260520.csv,2026-08-17T06:40:00
20260520,ZBM27,113.3438,113.3438,112.1875,113.12,15122,4700,Final,cme_settle_20260520.csv,2026-08-17T06:40:00
2026-05-21,ESM26,5917.5,6005,5879.25,5946.75,1317070,1840290,Final,cme_settle_20260521.csv,2026-08-17T06:40:00
2026-05-21,ESU26,5956.75,6017.25,5901.75,5957.5,947760,"1,162,692",FINAL,cme_settle_20260521.csv,2026-08-17T06:40:00
05/21/2026,ES Z26,5947.75,5986.25,5898.5,5968.25,639852,464044,final,cme_settle_20260521.csv,2026-08-17T06:40:00
05/21/2026,ES H27,5986.25,5989.75,5965.75,5978.75,385012,215001,final,cme_settle_20260521.csv,2026-08-17T06:40:00
2026-05-21,ESM27,5959.75,6008,5954.5,5989.5,204484,60737,final,cme_settle_20260521.csv,2026-08-17T06:40:00
20260521,NQ M26,22222,22352.75,"22,076.50",22201.5,659379,967507,Final,cme_settle_20260521.csv,2026-08-17T06:40:00
20260521,NQU26,22242.75,22264.5,22017,22241.5,401932,459853,Final,cme_settle_20260521.csv,2026-08-17T06:40:00
2026-05-21,NQZ26,22358.5,22487.25,22125.25,22281.5,266764,180393,FINAL,cme_settle_20260521.csv,2026-08-17T06:40:00
2026-05-21,NQH27,22217.75,22534.25,"22,217.75",22321.5,165804,98075,Final,cme_settle_20260521.csv,2026-08-17T06:40:00
2026-05-21,NQM27,22355.75,"22,436.25","22,162.75",22361.25,92008,36728,Final,cme_settle_20260521.csv,2026-08-17T06:40:00
2026-05-21,CLM26,77.33,77.85,76.79,77.61,465106,850458,Final,cme_settle_20260521.csv,2026-08-17T06:40:00
2026-05-21,CLN26,77.09,77.45,76.56,77.26,268143,275008,FINAL,cme_settle_20260521.csv,2026-08-17T06:40:00
05/21/2026,CLQ26,76.6,77.4,76.51,76.91,165731,96771,Final,cme_settle_20260521.csv,2026-08-17T06:40:00
05/21/26,clu26,76.46,76.98,75.80,76.56,89122,55125,FINAL,cme_settle_20260521.csv,2026-08-17T06:40:00
2026-05-21,CLV26,76.12,76.33,75.46,76.21,52030,21610,FINAL,cme_settle_20260521.csv,2026-08-17T06:40:00
05/21/2026,CLX26,76.09,76.6,75.28,75.86,31230,7267,final,cme_settle_20260521.csv,2026-08-17T06:40:00
2026-05-21,CLZ26,75.86,75.86,75.27,75.51,19899,3091,FINAL,cme_settle_20260521.csv,2026-08-17T06:40:00
2026-05-21,CLF27,74.85,75.86,74.66,75.17,16065,2046,final,cme_settle_20260521.csv,2026-08-17T06:40:00
2026-05-21,CLG27,75.17,75.17,74.59,74.82,10559,747,final,cme_settle_20260521.csv,2026-08-17T06:40:00
2026-05-21,CLH27,74.39,74.84,73.65,74.47,6410,321,FINAL,cme_settle_20260521.csv,2026-08-17T06:40:00
05/21/2026,CLJ27,73.88,74.84,73.62,74.12,3199,155,FINAL,cme_settle_20260521.csv,2026-08-17T06:40:00
2026-05-21,CLK27,73.9,74.3,73.67,73.77,2212,59,Final,cme_settle_20260521.csv,2026-08-17T06:40:00
2026-05-21,CLM27,73.64,74.24,72.61,73.42,1539,32,final,cme_settle_20260521.csv,2026-08-17T06:40:00
2026-05-21,GCM26,2663.7,2681.9,2641.2,2666.9,206457,311664,Final,cme_settle_20260521.csv,2026-08-17T06:40:00
2026-05-21,GCQ26,"2,681.00",2681,2648.2,2671.7,130752,112273,FINAL,cme_settle_20260521.csv,2026-08-17T06:40:00
2026-05-21,GCZ26,2689.3,2703.7,2667.5,2676.5,80698,62782,Final,cme_settle_20260521.csv,2026-08-17T06:40:00
2026-05-21,GCG27,2669.7,2705.1,2649.4,"2,681.30",39413,"17,320",FINAL,cme_settle_20260521.csv,2026-08-17T06:40:00
05/21/2026,GC J27,2694,2705,2665,"2,686.10",21828,6102,Final,cme_settle_20260521.csv,2026-08-17T06:40:00
20260521,GCM27,2703.1,2717.2,2659.3,2690.9,14242,2952,Final,cme_settle_20260521.csv,2026-08-17T06:40:00
2026-05-21,ZBM26,113.125,113.7188,112.0938,112.875,100925,182830,Final,cme_settle_20260521.csv,2026-08-17T06:40:00
20260521,ZBU26,113.0625,113.125,111.6562,112.9688,69501,69179,final,cme_settle_20260521.csv,2026-08-17T06:40:00
2026-05-21,ZBZ26,113.125,113.5625,112.5312,113.0625,31208,27031,final,cme_settle_20260521.csv,2026-08-17T06:40:00
2026-05-21,ZBH27,112.9062,113.5312,112.75,113.1562,23983,9854,final,cme_settle_20260521.csv,2026-08-17T06:40:00
05/21/2026,zbm27,113.6875,113.6875,112.0625,113.25,12260,3495,Final,cme_settle_20260521.csv,2026-08-17T06:40:00
2026-05-22,ESM26,6103.25,6116.25,6101.25,6110,1670514,2259019,final,cme_settle_20260522.csv,2026-08-17T06:40:00
2026-05-22,ESU26,6151.25,6191.25,6062.5,6121,799530,765686,Final,cme_settle_20260522.csv,2026-08-17T06:40:00
05/22/2026,ESZ26,6121.5,6150,6101,"6,132.00",541061,317775,final,cme_settle_20260522.csv,2026-08-17T06:40:00
2026-05-22,ESH27,6140.5,6187,6104.5,6143,286299,118790,final,cme_settle_20260522.csv,2026-08-17T06:40:00
2026-05-22,ESM27,6167.25,6221.5,6144.25,6154,182599,51319,final,cme_settle_20260522.csv,2026-08-17T06:40:00
2026-05-22,NQ M26,21966.25,22140.75,21823.25,"22,044.75",670310,1226299,FINAL,cme_settle_20260522.csv,2026-08-17T06:40:00
20260522,NQU26,22042.25,22345.5,22042.25,22084.5,414730,496137,final,cme_settle_20260522.csv,2026-08-17T06:40:00
05/22/26,NQZ26,22100.5,22257.75,22090.25,22124,259730,157602,FINAL,cme_settle_20260522.csv,2026-08-17T06:40:00
2026-05-22,NQH27,22248.75,22411.75,22112.25,22163.75,135851,56084,FINAL,cme_settle_20260522.csv,2026-08-17T06:40:00
2026-05-22,NQM27,22116.75,22234.5,22116.75,22203.5,96201,32409,final,cme_settle_20260522.csv,2026-08-17T06:40:00
2026-05-22,CLM26,74.78,75.14,74.01,74.45,443366,782582,FINAL,cme_settle_20260522.csv,2026-08-17T06:40:00
2026-05-22,CLN26,73.8,74.84,73.74,74.11,245018,280194,Final,cme_settle_20260522.csv,2026-08-17T06:40:00
2026-05-22,CLQ26,74.06,74.33,73.13,73.78,"146,637",99598,final,cme_settle_20260522.csv,2026-08-17T06:40:00
2026-05-22,clu26,73.21,74.17,73.21,73.44,80769,48279,FINAL,cme_settle_20260522.csv,2026-08-17T06:40:00
2026-05-22,CLV26,73.35,73.95,72.57,73.11,"50,789",19241,Final,cme_settle_20260522.csv,2026-08-17T06:40:00
2026-05-22,clx26,73.10,73.32,72.38,72.77,38841,10023,Final,cme_settle_20260522.csv,2026-08-17T06:40:00
05/22/2026,clz26,72.11,73.12,72.01,72.44,19925,4045,FINAL,cme_settle_20260522.csv,2026-08-17T06:40:00
2026-05-22,clf27,72.08,72.4,72.01,72.1,13182,1690,FINAL,cme_settle_20260522.csv,2026-08-17T06:40:00
2026-05-22,CLG27,72.01,72.28,71.44,71.77,7413,767,FINAL,cme_settle_20260522.csv,2026-08-17T06:40:00
2026-05-22,CLH27,71.67,72.11,70.94,71.43,5655,344,Final,cme_settle_20260522.csv,2026-08-17T06:40:00
20260522,CLJ27,71.36,71.52,70.57,71.1,3241,119,Final,cme_settle_20260522.csv,2026-08-17T06:40:00
2026-05-22,CLK27,70.95,71.51,70.06,70.76,1879,49,Final,cme_settle_20260522.csv,2026-08-17T06:40:00
20260522,CLM27,70.09,70.7,70.09,70.43,1347,32,final,cme_settle_20260522.csv,2026-08-17T06:40:00
2026-05-22,GCM26,2675.1,"2,690.70",2654.8,"2,685.40",208486,"377,427",Final,cme_settle_20260522.csv,2026-08-17T06:40:00
2026-05-22,GCQ26,2696.9,2701.2,2664.2,2690.2,"101,878","121,037",final,cme_settle_20260522.csv,2026-08-17T06:40:00
2026-05-22,GCZ26,2690.2,"2,721.80",2686.9,2695.1,75135,57819,final,cme_settle_20260522.csv,2026-08-17T06:40:00
2026-05-22,GCG27,2703,"2,709.50","2,693.30",2699.9,41420,24236,final,cme_settle_20260522.csv,2026-08-17T06:40:00
05/22/26,GCJ27,2702.7,2731.8,2689.7,2704.7,31323,11231,FINAL,cme_settle_20260522.csv,2026-08-17T06:40:00
05/22/2026,GCM27,2706.1,2715.2,2684.1,2709.6,"18,910",4388,Final,cme_settle_20260522.csv,2026-08-17T06:40:00
05/22/2026,ZB M26,113.5,113.875,113.1875,113.5625,85666,121504,FINAL,cme_settle_20260522.csv,2026-08-17T06:40:00
05/22/2026,ZBU26,113.375,113.9375,112.7812,113.66,49594,52074,FINAL,cme_settle_20260522.csv,2026-08-17T06:40:00
20260522,ZBZ26,113.5312,114.25,112.4688,113.75,40150,34862,Final,cme_settle_20260522.csv,2026-08-17T06:40:00
2026-05-22,ZBH27,113.625,114.19,113.125,113.8438,26563,16176,FINAL,cme_settle_20260522.csv,2026-08-17T06:40:00
2026-05-22,ZBM27,114.4062,114.4062,113.25,113.9375,15080,6554,FINAL,cme_settle_20260522.csv,2026-08-17T06:40:00
2026-05-26,ESM26,6110.75,6133,6097.75,6109.25,1539691,1803204,FINAL,cme_settle_20260526.csv,2026-08-17T06:40:00
2026-05-26,ES U26,6115.25,6136,6060.25,6120.25,1042563,1147812,Final,cme_settle_20260526.csv,2026-08-17T06:40:00
2026-05-26,ESZ26,6131.25,"6,171.00",6117.25,"6,131.25",547393,446784,FINAL,cme_settle_20260526.csv,2026-08-17T06:40:00
2026-05-26,ESH27,6156.25,6199,6077.25,6142.25,"342,696",205964,final,cme_settle_20260526.csv,2026-08-17T06:40:00
20260526,ESM27,6132.5,6225,6086.75,6153.25,213492,80719,FINAL,cme_settle_20260526.csv,2026-08-17T06:40:00
20260526,NQM26,21870.5,22103.5,21591.75,21852,718207,"1,246,004",final,cme_settle_20260526.csv,2026-08-17T06:40:00
2026-05-26,NQU26,21787.25,"21,931.75",21730.25,21891.25,370218,387904,FINAL,cme_settle_20260526.csv,2026-08-17T06:40:00
20260526,NQZ26,21861.5,22023,21715.5,21930.75,254222,225339,final,cme_settle_20260526.csv,2026-08-17T06:40:00
2026-05-26,NQH27,22070.5,22126.25,21836.75,21970,144211,65251,Final,cme_settle_20260526.csv,2026-08-17T06:40:00
05/26/26,NQM27,22053.5,22177.75,21776,22009.25,98172,30719,FINAL,cme_settle_20260526.csv,2026-08-17T06:40:00
2026-05-26,CLM26,72.53,72.53,72.16,72.37,450206,775242,final,cme_settle_20260526.csv,2026-08-17T06:40:00
2026-05-26,CLN26,72.04,72.13,71.75,72.04,276979,"302,551",FINAL,cme_settle_20260526.csv,2026-08-17T06:40:00
2026-05-26,CLQ26,71.48,72.24,71.48,71.72,166971,146913,final,cme_settle_20260526.csv,2026-08-17T06:40:00
2026-05-26,CLU26,71.28,71.64,71.24,71.39,100262,40381,final,cme_settle_20260526.csv,2026-08-17T06:40:00
2026-05-26,CLV26,70.95,71.83,70.39,71.07,70908,20931,Final,cme_settle_20260526.csv,2026-08-17T06:40:00
2026-05-26,CL X26,70.59,71,70.57,70.74,39235,11068,Final,cme_settle_20260526.csv,2026-08-17T06:40:00
05/26/2026,CLZ26,70.18,70.7,69.78,70.42,20155,4330,FINAL,cme_settle_20260526.csv,2026-08-17T06:40:00
2026-05-26,CLF27,69.96,70.31,69.62,70.09,13101,1615,final,cme_settle_20260526.csv,2026-08-17T06:40:00
2026-05-26,CLG27,69.46,69.93,69.23,69.76,10518,738,Final,cme_settle_20260526.csv,2026-08-17T06:40:00
2026-05-26,CLH27,69.19,69.8,69.19,69.44,5809,334,Final,cme_settle_20260526.csv,2026-08-17T06:40:00
2026-05-26,CLJ27,68.84,69.23,68.41,69.11,3212,113,Final,cme_settle_20260526.csv,2026-08-17T06:40:00
2026-05-26,CLK27,69.08,69.25,68.3,68.79,1932,66,FINAL,cme_settle_20260526.csv,2026-08-17T06:40:00
2026-05-26,CLM27,68.6,69,68.15,68.46,1197,28,final,cme_settle_20260526.csv,2026-08-17T06:40:00
05/26/2026,GCM26,2709,2727,2692.4,"2,718.00",201352,259500,Final,cme_settle_20260526.csv,2026-08-17T06:40:00
2026-05-26,GCQ26,2730.7,2741.2,2709.3,2722.9,108919,90739,final,cme_settle_20260526.csv,2026-08-17T06:40:00
05/26/2026,GCZ26,2717.6,2745.8,2707,2727.8,76379,43510,Final,cme_settle_20260526.csv,2026-08-17T06:40:00
2026-05-26,GCG27,2721.9,2761.6,2700.2,2732.7,43755,19072,final,cme_settle_20260526.csv,2026-08-17T06:40:00
20260526,GCJ27,2749.8,2759.8,2707.5,2737.6,29091,12339,Final,cme_settle_20260526.csv,2026-08-17T06:40:00
05/26/26,gcm27,2728.8,"2,746.40",2722,2742.5,14532,3994,final,cme_settle_20260526.csv,2026-08-17T06:40:00
2026-05-26,ZBM26,113,113.6875,113,113.4688,78541,103055,Final,cme_settle_20260526.csv,2026-08-17T06:40:00
2026-05-26,ZBU26,113.5938,114.1875,112.2188,113.5625,66367,76021,final,cme_settle_20260526.csv,2026-08-17T06:40:00
2026-05-26,ZBZ26,114.1562,114.1562,112.9375,113.6562,41386,28870,FINAL,cme_settle_20260526.csv,2026-08-17T06:40:00
05/26/26,ZBH27,113.1875,114.125,112.9062,113.75,20241,12199,final,cme_settle_20260526.csv,2026-08-17T06:40:00
05/26/2026,ZBM27,113.8125,114.9062,113.0625,113.8438,15640,4624,final,cme_settle_20260526.csv,2026-08-17T06:40:00
2026-05-27,esm26,6160.25,6202.75,"6,127.00",6141.25,1282991,2350791,Final,cme_settle_20260527.csv,2026-08-17T06:40:00
2026-05-27,ESU26,"6,135.00",6218,6097.75,6152.25,834200,746232,Final,cme_settle_20260527.csv,2026-08-17T06:40:00
2026-05-27,ESZ26,6154.5,6221,6090,6163.25,571947,410304,final,cme_settle_20260527.csv,2026-08-17T06:40:00
2026-05-27,ESH27,6204,6204,6144.75,6174.5,347530,198324,final,cme_settle_20260527.csv,2026-08-17T06:40:00
20260527,ESM27,"6,156.50",6232.75,"6,156.50",6185.5,193774,78914,FINAL,cme_settle_20260527.csv,2026-08-17T06:40:00
2026-05-27,NQM26,22151,22310,21961.75,22160.5,610092,1109958,final,cme_settle_20260527.csv,2026-08-17T06:40:00
05/27/26,NQU26,22294.75,22407,22032.75,22200.5,333388,411617,Final,cme_settle_20260527.csv,2026-08-17T06:40:00
2026-05-27,NQZ26,22316.5,22488.75,22014.25,22240.25,200560,144165,FINAL,cme_settle_20260527.csv,2026-08-17T06:40:00
2026-05-27,NQ H27,22326,22385.25,"22,021.75",22280.25,161216,80174,final,cme_settle_20260527.csv,2026-08-17T06:40:00
2026-05-27,nqm27,22372.5,22476.75,22085.5,22320,"101,225",43342,Final,cme_settle_20260527.csv,2026-08-17T06:40:00
2026-05-27,CLM26,74.15,74.61,73.58,73.92,399802,520790,Final,cme_settle_20260527.csv,2026-08-17T06:40:00
20260527,cln26,73.69,74.35,73.35,73.59,298803,244060,Final,cme_settle_20260527.csv,2026-08-17T06:40:00
2026-05-27,CLQ26,73.21,74.02,72.92,73.25,168960,99714,FINAL,cme_settle_20260527.csv,2026-08-17T06:40:00
2026-05-27,CL U26,73.17,73.17,72.72,72.92,113315,60483,FINAL,cme_settle_20260527.csv,2026-08-17T06:40:00
20260527,CLV26,72.61,73.25,72.46,72.59,54768,15954,Final,cme_settle_20260527.csv,2026-08-17T06:40:00
05/27/2026,CLX26,72.13,72.87,71.58,72.26,33970,10099,final,cme_settle_20260527.csv,2026-08-17T06:40:00
05/27/26,CLZ26,71.82,72.42,71.21,71.92,19628,3205,FINAL,cme_settle_20260527.csv,2026-08-17T06:40:00
05/27/2026,CLF27,71.29,72.21,71.29,71.59,15464,2162,FINAL,cme_settle_20260527.csv,2026-08-17T06:40:00
2026-05-27,CLG27,71.55,71.79,71,71.26,8448,780,Final,cme_settle_20260527.csv,2026-08-17T06:40:00
05/27/2026,CLH27,70.61,71.61,70.17,70.93,4554,332,Final,cme_settle_20260527.csv,2026-08-17T06:40:00
05/27/2026,CLJ27,70.61,71.01,70.06,70.59,3894,192,FINAL,cme_settle_20260527.csv,2026-08-17T06:40:00
05/27/2026,CLK27,70.15,70.72,69.86,70.26,1764,43,FINAL,cme_settle_20260527.csv,2026-08-17T06:40:00
2026-05-27,CLM27,69.86,70.08,69.71,69.93,"1,505",29,FINAL,cme_settle_20260527.csv,2026-08-17T06:40:00
20260527,GCM26,2710.6,2747.4,2694.1,2718.3,174898,283468,FINAL,cme_settle_20260527.csv,2026-08-17T06:40:00
2026-05-27,gcq26,2713.5,2750.2,2713.5,2723.2,91952,107650,final,cme_settle_20260527.csv,2026-08-17T06:40:00
05/27/2026,GCZ26,2736.7,2747.9,"2,707.50",2728.1,61286,53652,FINAL,cme_settle_20260527.csv,2026-08-17T06:40:00
2026-05-27,GCG27,2740.2,2746.3,2706.9,2733,48943,"22,928",FINAL,cme_settle_20260527.csv,2026-08-17T06:40:00
2026-05-27,GCJ27,2728.2,2767.1,2720.4,2737.9,29729,9567,FINAL,cme_settle_20260527.csv,2026-08-17T06:40:00
05/27/26,GCM27,2750.4,2757.7,2723.9,2742.8,14892,2945,Final,cme_settle_20260527.csv,2026-08-17T06:40:00
2026-05-27,ZBM26,113.3125,113.88,112.8438,113.44,82513,97806,Final,cme_settle_20260527.csv,2026-08-17T06:40:00
05/27/2026,zbu26,113.9688,114.4062,112.9062,113.5312,52308,50944,Final,cme_settle_20260527.csv,2026-08-17T06:40:00
2026-05-27,ZB Z26,113.5625,114.375,113.1562,113.625,"41,318",28948,final,cme_settle_20260527.csv,2026-08-17T06:40:00
20260527,ZBH27,113.375,114.0938,113.00,113.7188,25193,"10,515",Final,cme_settle_20260527.csv,2026-08-17T06:40:00
20260527,ZBM27,113.3125,114.6875,113.3125,113.8125,16210,4875,FINAL,cme_settle_20260527.csv,2026-08-17T06:40:00
2026-05-28,ESM26,6179,6185.75,6145,6157.75,1458657,2264474,Final,cme_settle_20260528.csv,2026-08-17T06:40:00
2026-05-28,ESU26,6178,6197.25,6160.5,6168.75,781011,976427,FINAL,cme_settle_20260528.csv,2026-08-17T06:40:00
05/28/26,ESZ26,6184.25,6213.5,"6,168.00",6180,509426,445325,FINAL,cme_settle_20260528.csv,2026-08-17T06:40:00
2026-05-28,ESH27,6185.25,6261,6147.25,6191,365341,165687,final,cme_settle_20260528.csv,2026-08-17T06:40:00
2026-05-28,ESM27,"6,178.50",6272.25,6161,6202,176209,"55,995",final,cme_settle_20260528.csv,2026-08-17T06:40:00
2026-05-28,NQM26,22030.25,22270.25,"22,030.25",22127.25,552247,700630,Final,cme_settle_20260528.csv,2026-08-17T06:40:00
2026-05-28,NQU26,22065,22307.25,21952.25,22167,325030,"293,227",final,cme_settle_20260528.csv,2026-08-17T06:40:00
2026-05-28,NQZ26,22268,"22,359.75",22152,22207,"197,631",162191,FINAL,cme_settle_20260528.csv,2026-08-17T06:40:00
2026-05-28,NQH27,22352.5,22437.5,22188.5,22246.75,154672,97309,final,cme_settle_20260528.csv,2026-08-17T06:40:00
05/28/2026,NQM27,22252.25,22395.5,22019.5,22286.5,101967,37723,Final,cme_settle_20260528.csv,2026-08-17T06:40:00
2026-05-28,CLM26,72.85,73.01,72.27,72.62,425096,523667,Final,cme_settle_20260528.csv,2026-08-17T06:40:00
2026-05-28,cln26,72.32,72.84,72.05,72.29,210125,247518,FINAL,cme_settle_20260528.csv,2026-08-17T06:40:00
05/28/26,CLQ26,71.81,72.48,71.65,71.97,150327,127029,FINAL,cme_settle_20260528.csv,2026-08-17T06:40:00
2026-05-28,CLU26,71.43,72.27,70.94,71.64,93568,52455,Final,cme_settle_20260528.csv,2026-08-17T06:40:00
05/28/26,CLV26,71.31,72.04,70.84,71.31,69306,28013,Final,cme_settle_20260528.csv,2026-08-17T06:40:00
2026-05-28,CLX26,71.25,71.55,70.9,70.99,42146,12223,final,cme_settle_20260528.csv,2026-08-17T06:40:00
05/28/2026,CLZ26,70.39,70.92,70.32,70.66,"21,971",4420,final,cme_settle_20260528.csv,2026-08-17T06:40:00
05/28/2026,CLF27,70.32,70.68,69.7,70.33,14314,2141,final,cme_settle_20260528.csv,2026-08-17T06:40:00
05/28/2026,CLG27,70.17,70.71,69.61,70.01,8272,797,Final,cme_settle_20260528.csv,2026-08-17T06:40:00
2026-05-28,CLH27,69.85,69.93,68.85,69.68,"5,302",246,Final,cme_settle_20260528.csv,2026-08-17T06:40:00
2026-05-28,CLJ27,69.28,69.72,68.55,69.35,3231,156,FINAL,cme_settle_20260528.csv,2026-08-17T06:40:00
2026-05-28,clk27,68.77,69.26,68.23,69.03,2200,50,FINAL,cme_settle_20260528.csv,2026-08-17T06:40:00
2026-05-28,CLM27,68.52,69.12,68.33,68.7,1303,25,final,cme_settle_20260528.csv,2026-08-17T06:40:00
05/28/26,GCM26,2713.6,2716.7,2682.3,2705.2,200394,299608,final,cme_settle_20260528.csv,2026-08-17T06:40:00
2026-05-28,GCQ26,2711.4,2731.6,2681.2,2710.1,95150,102585,FINAL,cme_settle_20260528.csv,2026-08-17T06:40:00
2026-05-28,GCZ26,"2,714.80",2722.1,2697.1,2714.9,71611,57198,final,cme_settle_20260528.csv,2026-08-17T06:40:00
2026-05-28,GCG27,2730.7,2741.7,2709.8,2719.8,"35,339",17748,Final,cme_settle_20260528.csv,2026-08-17T06:40:00
2026-05-28,GCG27,2730.7,2741.7,2709.8,2719.8,"35,339",17748,Final,cme_settle_20260528.csv,2026-08-17T06:41:12
2026-05-28,GCJ27,2724.6,2746.5,"2,694.70",2724.7,26034,"10,161",FINAL,cme_settle_20260528.csv,2026-08-17T06:40:00
05/28/2026,GCM27,2723.1,2733.9,2708,2729.5,15348,3990,final,cme_settle_20260528.csv,2026-08-17T06:40:00
2026-05-28,ZB M26,113.8125,114.625,113,113.7188,109828,132448,Final,cme_settle_20260528.csv,2026-08-17T06:40:00
2026-05-28,ZB U26,113.875,114.5312,113.2188,113.8125,66980,77335,final,cme_settle_20260528.csv,2026-08-17T06:40:00
2026-05-28,ZBZ26,113.4375,115.0938,113.4375,113.9062,31110,20362,Final,cme_settle_20260528.csv,2026-08-17T06:40:00
2026-05-28,zbh27,113.75,114.8125,113.7188,114,24973,10649,final,cme_settle_20260528.csv,2026-08-17T06:40:00
05/28/2026,ZBM27,114.5625,114.5625,113.2812,114.0938,15854,6116,FINAL,cme_settle_20260528.csv,2026-08-17T06:40:00
20260529,ESM26,6130.75,6158,6115.5,6147.5,1320211,2434604,Final,cme_settle_20260529.csv,2026-08-17T06:40:00
20260529,ESM26,6130.75,6158,6115.5,6147.5,1320211,2434604,Final,cme_settle_20260529.csv,2026-08-17T06:41:12
05/29/2026,ESU26,6179.5,6186.5,6090.25,6158.5,954882,923739,FINAL,cme_settle_20260529.csv,2026-08-17T06:40:00
2026-05-29,ESZ26,6156.5,6224.5,6122.5,6169.75,501424,287618,final,cme_settle_20260529.csv,2026-08-17T06:40:00
2026-05-29,ESH27,6193,6215,"6,156.00",6180.75,"310,535",192519,FINAL,cme_settle_20260529.csv,2026-08-17T06:40:00
2026-05-29,ESM27,6210,"6,219.25",6160,6191.75,237209,78854,final,cme_settle_20260529.csv,2026-08-17T06:40:00
2026-05-29,NQM26,22247.5,22384,22164.75,22246,659148,1158768,FINAL,cme_settle_20260529.csv,2026-08-17T06:40:00
05/29/26,nqu26,22351.5,22549,22174,22286,341626,360106,final,cme_settle_20260529.csv,2026-08-17T06:40:00
05/29/2026,NQZ26,22386.25,22401.75,22202.25,22326,"213,349",158474,Final,cme_settle_20260529.csv,2026-08-17T06:40:00
2026-05-29,NQH27,22257.5,22607.25,22257.5,22366.25,122994,70370,Final,cme_settle_20260529.csv,2026-08-17T06:40:00
05/29/2026,NQ M27,22455.25,22455.25,22162.25,22406.25,94597,40320,final,cme_settle_20260529.csv,2026-08-17T06:40:00
05/29/26,clm26,72.45,72.5,71.77,72.28,338603,555262,final,cme_settle_20260529.csv,2026-08-17T06:40:00
05/29/2026,CLN26,72.13,72.29,71.65,71.95,289844,323789,Final,cme_settle_20260529.csv,2026-08-17T06:40:00
2026-05-29,CLQ26,71.55,72.47,71,71.63,132515,104546,Final,cme_settle_20260529.csv,2026-08-17T06:40:00
2026-05-29,CLU26,71.48,72.13,70.75,71.3,101213,63555,FINAL,cme_settle_20260529.csv,2026-08-17T06:40:00
2026-05-29,CLV26,70.66,71.21,70.66,70.98,68392,23996,final,cme_settle_20260529.csv,2026-08-17T06:40:00
05/29/26,CLX26,70.95,70.95,70.19,70.65,40054,9656,final,cme_settle_20260529.csv,2026-08-17T06:40:00
20260529,clz26,70.55,70.75,69.89,70.33,19153,3200,FINAL,cme_settle_20260529.csv,2026-08-17T06:40:00
2026-05-29,CLF27,69.98,70.66,69.61,70,16318,"1,790",FINAL,cme_settle_20260529.csv,2026-08-17T06:40:00
2026-05-29,CLG27,70,70.31,69.19,69.68,9985,1011,FINAL,cme_settle_20260529.csv,2026-08-17T06:40:00
05/29/26,CLH27,69.16,69.83,69.08,69.35,5937,398,FINAL,cme_settle_20260529.csv,2026-08-17T06:40:00
2026-05-29,clj27,69.08,69.74,68.83,69.03,3410,143,FINAL,cme_settle_20260529.csv,2026-08-17T06:40:00
2026-05-29,CL K27,68.87,69.04,68.46,68.7,2451,71,Final,cme_settle_20260529.csv,2026-08-17T06:40:00
2026-05-29,CLM27,68.49,69.02,67.59,68.38,"1,245",29,FINAL,cme_settle_20260529.csv,2026-08-17T06:40:00
20260529,GCM26,2738.4,2742.3,2718.2,2735.4,181972,333458,final,cme_settle_20260529.csv,2026-08-17T06:40:00
2026-05-29,GCQ26,2735.1,2771.8,2710.8,2740.3,"110,004",121415,Final,cme_settle_20260529.csv,2026-08-17T06:40:00
05/29/26,GCZ26,2745.6,2763.6,2724.2,2745.2,71841,"59,868",Final,cme_settle_20260529.csv,2026-08-17T06:40:00
2026-05-29,GC G27,2748,2775.8,2722.2,2750.2,43650,24726,Final,cme_settle_20260529.csv,2026-08-17T06:40:00
05/29/26,GCJ27,2763.7,2763.7,2724.8,2755.1,31065,13353,final,cme_settle_20260529.csv,2026-08-17T06:40:00
2026-05-29,GCM27,2771.8,2788.1,2755.2,2760,15981,"4,120",FINAL,cme_settle_20260529.csv,2026-08-17T06:40:00
20260529,ZBM26,114.2188,114.7188,112.5625,113.875,85697,139301,Final,cme_settle_20260529.csv,2026-08-17T06:40:00
2026-05-29,ZBU26,114.125,114.5,112.94,113.9688,58179,59566,Final,cme_settle_20260529.csv,2026-08-17T06:40:00
2026-05-29,ZBZ26,113.5625,114.8125,113.125,114.0625,35892,22812,Final,cme_settle_20260529.csv,2026-08-17T06:40:00
05/29/26,ZBH27,114.5625,114.7812,113.4375,114.1562,20714,10715,Final,cme_settle_20260529.csv,2026-08-17T06:40:00
2026-05-29,ZBM27,114.3125,114.4688,113.9688,114.25,14704,4884,FINAL,cme_settle_20260529.csv,2026-08-17T06:40:00
20260601,ESM26,6278.75,"6,278.75",6217.75,6265.25,1202860,2080062,FINAL,cme_settle_20260601.csv,2026-08-17T06:40:00
20260601,ESU26,6286.75,6301.75,"6,250.00",6276.5,"933,530",857143,final,cme_settle_20260601.csv,2026-08-17T06:40:00
2026-06-01,ESZ26,"6,317.50",6344.5,6228,6287.75,540076,400394,FINAL,cme_settle_20260601.csv,2026-08-17T06:40:00
06/01/26,ESH27,6295.25,6352.5,6276.5,6299,324335,177159,Final,cme_settle_20260601.csv,2026-08-17T06:40:00
2026-06-01,ESM27,6285.25,6384.75,6271.75,6310.25,196007,64371,Final,cme_settle_20260601.csv,2026-08-17T06:40:00
20260601,nqm26,22164,22356,22045,22203,698305,900056,Final,cme_settle_20260601.csv,2026-08-17T06:40:00
06/01/2026,NQU26,22310.75,22322,22214.25,22243,322602,399192,FINAL,cme_settle_20260601.csv,2026-08-17T06:40:00
2026-06-01,NQZ26,22186.5,22539,22186.5,22283,231743,198646,final,cme_settle_20260601.csv,2026-08-17T06:40:00
2026-06-01,NQH27,22359.25,22568.75,22219.5,"22,323.00",158743,68720,Final,cme_settle_20260601.csv,2026-08-17T06:40:00
2026-06-01,NQM27,22301.5,22425.5,22296.5,22362.75,98381,32196,final,cme_settle_20260601.csv,2026-08-17T06:40:00
2026-06-01,CLM26,70.5,70.81,69.96,70.58,339737,501653,Final,cme_settle_20260601.csv,2026-08-17T06:40:00
2026-06-01,CL N26,70.22,70.80,69.75,70.26,276229,347341,final,cme_settle_20260601.csv,2026-08-17T06:40:00
06/01/2026,CLQ26,69.93,70.24,69.31,69.94,134845,"112,419",FINAL,cme_settle_20260601.csv,2026-08-17T06:40:00
06/01/26,CLU26,69.98,70.01,69.3,69.63,105417,44755,Final,cme_settle_20260601.csv,2026-08-17T06:40:00
2026-06-01,CLV26,69.09,69.52,68.9,69.31,"62,439",24660,final,cme_settle_20260601.csv,2026-08-17T06:40:00
20260601,CLX26,68.74,69.67,68.74,68.99,"43,176",9756,FINAL,cme_settle_20260601.csv,2026-08-17T06:40:00
2026-06-01,CLZ26,68.75,69.41,68.21,68.67,27244,4928,final,cme_settle_20260601.csv,2026-08-17T06:40:00
2026-06-01,CLF27,68.23,69.07,67.59,68.36,12693,1381,final,cme_settle_20260601.csv,2026-08-17T06:40:00
06/01/2026,clg27,68.2,68.55,67.79,68.04,8563,590,final,cme_settle_20260601.csv,2026-08-17T06:40:00
20260601,CLH27,67.92,67.95,67.55,67.72,5147,245,final,cme_settle_20260601.csv,2026-08-17T06:40:00
06/01/26,CLJ27,67.18,67.87,66.95,67.4,3968,148,final,cme_settle_20260601.csv,2026-08-17T06:40:00
2026-06-01,CLK27,66.89,67.51,66.71,67.09,2283,63,FINAL,cme_settle_20260601.csv,2026-08-17T06:40:00
2026-06-01,CLM27,66.77,67.07,66.15,66.77,"1,088",17,Final,cme_settle_20260601.csv,2026-08-17T06:40:00
2026-06-01,GCM26,2682.9,2691,2648.7,2671.2,163359,223542,Final,cme_settle_20260601.csv,2026-08-17T06:40:00
2026-06-01,GCQ26,"2,670.70",2697.2,2653.3,"2,676.00",93333,105837,Final,cme_settle_20260601.csv,2026-08-17T06:40:00
2026-06-01,GCZ26,"2,686.30",2694.5,2656.4,2680.8,79765,64686,Final,cme_settle_20260601.csv,2026-08-17T06:40:00
06/01/2026,GCG27,2676.7,"2,697.90",2676.7,"2,685.60",49230,19641,Final,cme_settle_20260601.csv,2026-08-17T06:40:00
20260601,GCJ27,2683.7,2718.5,2670.7,"2,690.40",23166,6768,Final,cme_settle_20260601.csv,2026-08-17T06:40:00
06/01/2026,GCM27,"2,684.30","2,709.10",2682.3,2695.2,17468,3473,FINAL,cme_settle_20260601.csv,2026-08-17T06:40:00
2026-06-01,ZBM26,113.8438,115.0312,113.8438,114.2812,99847,140238,FINAL,cme_settle_20260601.csv,2026-08-17T06:40:00
2026-06-01,ZBU26,113.8125,115.25,113.5312,114.375,54625,65497,final,cme_settle_20260601.csv,2026-08-17T06:40:00
06/01/2026,ZBZ26,114.2188,115.7188,114.125,114.4688,38314,27813,Final,cme_settle_20260601.csv,2026-08-17T06:40:00
2026-06-01,ZBH27,114.9688,115.1562,113.5938,114.5625,21692,13555,final,cme_settle_20260601.csv,2026-08-17T06:40:00
06/01/2026,ZBM27,114.5312,116.0312,113.5625,114.6562,12042,4281,final,cme_settle_20260601.csv,2026-08-17T06:40:00
20260602,esm26,6337.75,6398.5,6316.25,6343.5,1365469,2106693,final,cme_settle_20260602.csv,2026-08-17T06:40:00
20260602,ESU26,6364,6385,6284.5,6355,928901,883317,Final,cme_settle_20260602.csv,2026-08-17T06:40:00
20260602,ESZ26,6336,6402.75,6336,6366.25,567117,416872,Final,cme_settle_20260602.csv,2026-08-17T06:40:00
2026-06-02,esh27,6377.75,6444.5,6348.5,"6,377.75","292,971",122328,final,cme_settle_20260602.csv,2026-08-17T06:40:00
2026-06-02,ESM27,6417.5,6450,6367,"6,389.25",180236,70701,final,cme_settle_20260602.csv,2026-08-17T06:40:00
20260602,NQM26,22293.75,22625,22191.25,22361.75,534698,981410,Final,cme_settle_20260602.csv,2026-08-17T06:40:00
06/02/2026,NQU26,22472.75,22609.5,22183.75,22402,431789,410330,Final,cme_settle_20260602.csv,2026-08-17T06:40:00
06/02/26,NQZ26,22422.75,22629.5,22217.75,22442.25,"268,055",158397,Final,cme_settle_20260602.csv,2026-08-17T06:40:00
2026-06-02,NQH27,"22,394.25",22513,22394.25,22482.5,138647,74665,FINAL,cme_settle_20260602.csv,2026-08-17T06:40:00
2026-06-02,nqm27,22504.5,22598.75,22479.75,22522.75,82762,36373,Final,cme_settle_20260602.csv,2026-08-17T06:40:00
2026-06-02,CLM26,71.24,72.19,70.97,71.44,443707,806885,Final,cme_settle_20260602.csv,2026-08-17T06:40:00
2026-06-02,CLN26,71.4,71.7,70.99,71.12,210724,257236,Final,cme_settle_20260602.csv,2026-08-17T06:40:00
20260602,CLQ26,71.12,71.12,70.06,70.8,178946,"137,799",final,cme_settle_20260602.csv,2026-08-17T06:40:00
06/02/26,CLU26,70.47,70.99,70.15,70.48,95092,53385,FINAL,cme_settle_20260602.csv,2026-08-17T06:40:00
06/02/26,clv26,70.28,70.82,69.38,70.15,52208,22109,Final,cme_settle_20260602.csv,2026-08-17T06:40:00
2026-06-02,CLX26,70.08,70.08,69.4,69.83,31993,6529,Final,cme_settle_20260602.csv,2026-08-17T06:40:00
06/02/26,CLZ26,69.55,69.72,68.73,69.51,22286,4593,final,cme_settle_20260602.csv,2026-08-17T06:40:00
2026-06-02,CLF27,69.34,69.48,68.4,69.19,15173,"1,541",Final,cme_settle_20260602.csv,2026-08-17T06:40:00
2026-06-02,CLG27,68.87,69.18,68.62,68.87,8450,617,Final,cme_settle_20260602.csv,2026-08-17T06:40:00
2026-06-02,CLH27,68.47,69.31,68.00,68.55,5777,353,Final,cme_settle_20260602.csv,2026-08-17T06:40:00
2026-06-02,clj27,68.14,68.99,67.57,68.23,3380,172,Final,cme_settle_20260602.csv,2026-08-17T06:40:00
2026-06-02,clk27,68.01,68.62,67.44,67.90,2031,53,final,cme_settle_20260602.csv,2026-08-17T06:40:00
2026-06-02,CL M27,67.31,68.03,67.31,67.58,1208,28,FINAL,cme_settle_20260602.csv,2026-08-17T06:40:00
2026-06-02,gcm26,2682.3,2691.1,2649.9,2676.4,182352,210688,FINAL,cme_settle_20260602.csv,2026-08-17T06:40:00
06/02/2026,GCQ26,2684,"2,699.40",2659.6,2681.2,110436,135781,final,cme_settle_20260602.csv,2026-08-17T06:40:00
06/02/26,GCZ26,2694.8,2696,2673.5,2686,59272,35747,FINAL,cme_settle_20260602.csv,2026-08-17T06:40:00
2026-06-02,GCG27,2702.6,2702.6,2677.5,2690.9,35295,21798,FINAL,cme_settle_20260602.csv,2026-08-17T06:40:00
2026-06-02,GCJ27,2691.1,2725.4,2684.5,2695.7,24683,9395,final,cme_settle_20260602.csv,2026-08-17T06:40:00
2026-06-02,GCM27,2701.9,2725,2686.8,2700.5,15956,3936,Final,cme_settle_20260602.csv,2026-08-17T06:40:00
06/02/2026,ZBM26,114.6562,114.75,113.6875,114.3438,111007,180006,Final,cme_settle_20260602.csv,2026-08-17T06:40:00
2026-06-02,ZBU26,114.25,114.9688,113.47,114.4375,60505,58162,FINAL,cme_settle_20260602.csv,2026-08-17T06:40:00
2026-06-02,ZBZ26,114.375,115.44,114.03,114.53,37868,26922,FINAL,cme_settle_20260602.csv,2026-08-17T06:40:00
2026-06-02,ZB H27,114.2188,114.7812,113.75,114.625,"20,793",10418,Final,cme_settle_20260602.csv,2026-08-17T06:40:00
20260602,ZBM27,114.875,115.3438,114.125,114.7188,12927,4609,FINAL,cme_settle_20260602.csv,2026-08-17T06:40:00
2026-06-03,ESM26,6253.75,6287.75,6213.75,6271.75,1541512,2032131,final,cme_settle_20260603.csv,2026-08-17T06:40:00
2026-06-03,ESU26,6288.25,6321,"6,266.00",6283,843213,"818,454",FINAL,cme_settle_20260603.csv,2026-08-17T06:40:00
2026-06-03,ESZ26,6274.25,6347.25,6238.75,6294.25,"486,026","406,379",FINAL,cme_settle_20260603.csv,2026-08-17T06:40:00
2026-06-03,ESH27,6302,6359.75,6271.5,6305.5,332178,203192,FINAL,cme_settle_20260603.csv,2026-08-17T06:40:00
2026-06-03,ES M27,"6,323.50",6335.5,6269.5,6317,"203,395",64389,FINAL,cme_settle_20260603.csv,2026-08-17T06:40:00
2026-06-03,NQM26,22226,"22,550.00",22226,22336,620024,844131,final,cme_settle_20260603.csv,2026-08-17T06:40:00
06/03/2026,NQU26,22423,22423,22113,22376.25,326936,273082,FINAL,cme_settle_20260603.csv,2026-08-17T06:40:00
06/03/2026,nqz26,22434.25,22515.25,22326.75,22416.5,227042,203463,FINAL,cme_settle_20260603.csv,2026-08-17T06:40:00
2026-06-03,NQH27,22516.75,22594,22380.25,"22,456.50",141649,77215,final,cme_settle_20260603.csv,2026-08-17T06:40:00
2026-06-03,NQM27,22603.5,"22,747.00",22392.5,22496.75,95382,40963,FINAL,cme_settle_20260603.csv,2026-08-17T06:40:00
2026-06-03,CLM26,69.83,70.55,69.51,69.85,421143,647567,Final,cme_settle_20260603.csv,2026-08-17T06:40:00
2026-06-03,CLN26,69.49,70.09,69.07,69.54,"293,308",239568,Final,cme_settle_20260603.csv,2026-08-17T06:40:00
2026-06-03,CLQ26,68.93,69.60,68.93,69.22,145376,107481,FINAL,cme_settle_20260603.csv,2026-08-17T06:40:00
2026-06-03,CLU26,69.05,69.09,68.27,68.91,99046,60658,final,cme_settle_20260603.csv,2026-08-17T06:40:00
2026-06-03,CLV26,68.80,69.03,68.18,68.59,61354,19599,final,cme_settle_20260603.csv,2026-08-17T06:40:00
2026-06-03,CLX26,68.21,68.61,67.99,68.28,31210,7456,final,cme_settle_20260603.csv,2026-08-17T06:40:00
06/03/2026,CLZ26,68.19,68.71,67.51,67.96,21992,4718,final,cme_settle_20260603.csv,2026-08-17T06:40:00
2026-06-03,CLF27,67.39,67.93,67.11,67.65,13288,1872,final,cme_settle_20260603.csv,2026-08-17T06:40:00
20260603,CLG27,67.51,68.05,67.1,67.34,7801,728,FINAL,cme_settle_20260603.csv,2026-08-17T06:40:00
20260603,CLH27,66.89,67.14,66.64,67.02,6304,446,Final,cme_settle_20260603.csv,2026-08-17T06:40:00
06/03/2026,CLJ27,67.03,67.03,66.58,66.71,3687,172,FINAL,cme_settle_20260603.csv,2026-08-17T06:40:00
06/03/26,CL K27,66.62,66.67,66,66.39,2218,54,Final,cme_settle_20260603.csv,2026-08-17T06:40:00
2026-06-03,CLM27,66.23,66.43,65.58,66.08,1235,28,FINAL,cme_settle_20260603.csv,2026-08-17T06:40:00
2026-06-03,gcm26,2692.7,2707.7,2649.3,2680.7,211650,374259,Final,cme_settle_20260603.csv,2026-08-17T06:40:00
06/03/26,GCQ26,2682.3,2713.3,2673.2,2685.5,131400,119460,FINAL,cme_settle_20260603.csv,2026-08-17T06:40:00
20260603,GCZ26,"2,700.90",2700.9,2685.3,2690.4,77955,"61,043",FINAL,cme_settle_20260603.csv,2026-08-17T06:40:00
2026-06-03,GCG27,2687.5,"2,700.70",2679.6,2695.2,44777,25871,Final,cme_settle_20260603.csv,2026-08-17T06:40:00
06/03/2026,GCJ27,2712.2,2718.8,2669,2700,"30,375","11,665",FINAL,cme_settle_20260603.csv,2026-08-17T06:40:00
2026-06-03,GCM27,2713.8,2717.6,2692.8,2704.8,15930,4753,FINAL,cme_settle_20260603.csv,2026-08-17T06:40:00
2026-06-03,ZBM26,114.3438,115.0938,114.28,114.4688,99759,121923,final,cme_settle_20260603.csv,2026-08-17T06:40:00
2026-06-03,ZBU26,114.7188,115.4375,114.0625,114.5625,62230,62438,final,cme_settle_20260603.csv,2026-08-17T06:40:00
06/03/2026,ZBZ26,114.75,115.8125,113.8438,114.66,37421,"27,119",Final,cme_settle_20260603.csv,2026-08-17T06:40:00
2026-06-03,ZBH27,114.6562,115.5312,114.125,114.75,20111,9654,Final,cme_settle_20260603.csv,2026-08-17T06:40:00
2026-06-03,ZBM27,115.16,115.1562,114.0625,114.8438,12315,4228,FINAL,cme_settle_20260603.csv,2026-08-17T06:40:00
2026-06-03,ZBM27,115.16,115.1562,114.0625,114.8438,12315,4228,FINAL,cme_settle_20260603.csv,2026-08-17T06:41:12
06/04/26,ESM26,6233.75,6269,6212.75,6252.25,1645735,2125755,Final,cme_settle_20260604.csv,2026-08-17T06:40:00
2026-06-04,ESU26,6255.5,6291.75,6248.5,6263.5,976237,815160,Final,cme_settle_20260604.csv,2026-08-17T06:40:00
06/04/2026,ESZ26,6295.25,6295.25,6231,6274.75,482146,391100,FINAL,cme_settle_20260604.csv,2026-08-17T06:40:00
06/04/26,ESH27,6295.5,"6,301.25",6261.25,6286,"345,732",148012,Final,cme_settle_20260604.csv,2026-08-17T06:40:00
2026-06-04,ESM27,6308.5,6323.75,6236.75,6297.25,186551,60765,Final,cme_settle_20260604.csv,2026-08-17T06:40:00
06/04/2026,NQM26,22505,22700,22380.25,22533,717019,1164796,final,cme_settle_20260604.csv,2026-08-17T06:40:00
2026-06-04,NQ U26,22621.75,22662.25,22307,22573.5,347663,328858,final,cme_settle_20260604.csv,2026-08-17T06:40:00
2026-06-04,NQZ26,"22,672.75","22,845.00",22486.75,22614,277553,"173,756",FINAL,cme_settle_20260604.csv,2026-08-17T06:40:00
06/04/2026,NQH27,22550,22698,22550,"22,654.75",163114,87319,final,cme_settle_20260604.csv,2026-08-17T06:40:00
20260604,NQ M27,22717.5,22928.75,22650,22695.25,98795,38394,Final,cme_settle_20260604.csv,2026-08-17T06:40:00
06/04/26,CLM26,71.62,72.22,71.48,71.7,378072,541415,FINAL,cme_settle_20260604.csv,2026-08-17T06:40:00
2026-06-04,CLN26,71.49,71.84,70.63,71.38,216828,280251,Final,cme_settle_20260604.csv,2026-08-17T06:40:00
06/04/2026,CLQ26,71.22,71.75,70.74,71.05,136528,77055,Final,cme_settle_20260604.csv,2026-08-17T06:40:00
06/04/26,CLU26,70.46,71.44,70.27,70.73,107060,49422,Final,cme_settle_20260604.csv,2026-08-17T06:40:00
06/04/26,CLV26,70.07,71.13,69.72,70.41,"57,996",22961,FINAL,cme_settle_20260604.csv,2026-08-17T06:40:00
06/04/2026,CL X26,69.86,70.8,69.86,70.09,41747,9590,Final,cme_settle_20260604.csv,2026-08-17T06:40:00
2026-06-04,CLZ26,69.85,70.54,69.46,69.76,24307,3749,FINAL,cme_settle_20260604.csv,2026-08-17T06:40:00
06/04/2026,CLF27,69.69,69.69,69.26,69.44,15345,1832,FINAL,cme_settle_20260604.csv,2026-08-17T06:40:00
2026-06-04,CLG27,69.15,69.22,68.56,69.12,10009,1066,final,cme_settle_20260604.csv,2026-08-17T06:40:00
06/04/2026,CLH27,68.92,68.96,68.21,68.8,4740,298,final,cme_settle_20260604.csv,2026-08-17T06:40:00
2026-06-04,clj27,68.21,68.9,68.21,68.47,3895,165,FINAL,cme_settle_20260604.csv,2026-08-17T06:40:00
06/04/2026,CLK27,68.08,68.7,67.68,68.15,2054,68,final,cme_settle_20260604.csv,2026-08-17T06:40:00
06/04/2026,CLM27,67.86,68.51,67.14,67.83,1125,22,Final,cme_settle_20260604.csv,2026-08-17T06:40:00
06/04/26,gcm26,2663.9,"2,682.30",2647.3,2665.7,156385,217215,FINAL,cme_settle_20260604.csv,2026-08-17T06:40:00
2026-06-04,GC Q26,2677.8,2700.8,2647,2670.5,128645,161455,final,cme_settle_20260604.csv,2026-08-17T06:40:00
06/04/26,GCZ26,"2,665.00",2693.7,2645.6,"2,675.30",65478,38981,final,cme_settle_20260604.csv,2026-08-17T06:40:00
06/04/2026,GC G27,2679.9,2696,2672.6,2680.1,"45,039",23419,FINAL,cme_settle_20260604.csv,2026-08-17T06:40:00
2026-06-04,GCJ27,"2,684.70",2699.1,2671.2,2684.9,21936,8430,FINAL,cme_settle_20260604.csv,2026-08-17T06:40:00
2026-06-04,GC M27,2700.1,"2,709.00",2668.8,2689.7,14773,3062,Final,cme_settle_20260604.csv,2026-08-17T06:40:00
06/04/2026,ZBM26,114.53,114.7188,112.9688,114.0312,86777,148688,final,cme_settle_20260604.csv,2026-08-17T06:40:00
2026-06-04,ZBU26,114.4375,114.6875,113.2812,114.125,68357,87217,FINAL,cme_settle_20260604.csv,2026-08-17T06:40:00
06/04/2026,ZBZ26,114.75,115.1562,113.9688,114.2188,39470,26041,Final,cme_settle_20260604.csv,2026-08-17T06:40:00
2026-06-04,ZBH27,114.2188,114.875,113.625,114.3125,20429,12667,Final,cme_settle_20260604.csv,2026-08-17T06:40:00
2026-06-04,ZBM27,114.5312,114.5312,113.6875,114.4062,13899,5063,FINAL,cme_settle_20260604.csv,2026-08-17T06:40:00
2026-06-05,ESM26,6245.75,6329.25,6245.75,6275.25,1569433,2899954,final,cme_settle_20260605.csv,2026-08-17T06:40:00
20260605,ESU26,6312.75,6324.5,6230.5,6286.5,974348,788260,Final,cme_settle_20260605.csv,2026-08-17T06:40:00
06/05/2026,ESZ26,6266.5,6350.25,6266.5,6297.75,"584,455",514189,Final,cme_settle_20260605.csv,2026-08-17T06:40:00
2026-06-05,ESH27,"6,283.75",6361.25,6283.75,6309.25,320681,152940,FINAL,cme_settle_20260605.csv,2026-08-17T06:40:00
06/05/26,ESM27,6334.5,6349.75,"6,250.00",6320.5,223546,93000,final,cme_settle_20260605.csv,2026-08-17T06:40:00
2026-06-05,NQM26,22558.5,22679.5,22444,22489.75,541653,787504,final,cme_settle_20260605.csv,2026-08-17T06:40:00
06/05/2026,NQU26,22603.25,"22,794.75",22457.75,22530.25,351124,412828,Final,cme_settle_20260605.csv,2026-08-17T06:40:00
20260605,NQZ26,22500,22783.25,22333.5,22570.75,234360,134573,final,cme_settle_20260605.csv,2026-08-17T06:40:00
2026-06-05,nqh27,22536,22813.5,22536,22611.25,141090,69988,final,cme_settle_20260605.csv,2026-08-17T06:40:00
20260605,NQM27,22557.5,22689.25,22522.25,22651.75,"75,588",28765,FINAL,cme_settle_20260605.csv,2026-08-17T06:40:00
20260605,CL M26,70.01,70.81,69.87,70.26,340994,470896,FINAL,cme_settle_20260605.csv,2026-08-17T06:40:00
2026-06-05,cln26,69.62,70.72,69.51,69.94,229414,271843,final,cme_settle_20260605.csv,2026-08-17T06:40:00
2026-06-05,CLQ26,69.36,69.83,69.35,69.63,"177,973",109124,final,cme_settle_20260605.csv,2026-08-17T06:40:00
2026-06-05,CLU26,69.55,69.55,68.54,69.31,106455,58060,FINAL,cme_settle_20260605.csv,2026-08-17T06:40:00
2026-06-05,CLV26,68.67,69.58,68.25,69,62442,22316,FINAL,cme_settle_20260605.csv,2026-08-17T06:40:00
2026-06-05,CLX26,68.81,68.83,68.18,68.68,33689,7152,Final,cme_settle_20260605.csv,2026-08-17T06:40:00
20260605,CLZ26,68.35,68.94,67.87,68.36,25692,4412,Final,cme_settle_20260605.csv,2026-08-17T06:40:00
2026-06-05,CL F27,67.93,68.27,67.42,68.05,15628,1816,Final,cme_settle_20260605.csv,2026-08-17T06:40:00
2026-06-05,CLG27,67.51,68.27,67.51,67.73,"8,027",836,FINAL,cme_settle_20260605.csv,2026-08-17T06:40:00
06/05/2026,CLH27,67.43,67.74,67.06,67.41,5919,351,final,cme_settle_20260605.csv,2026-08-17T06:40:00
2026-06-05,CLJ27,67.02,67.24,66.48,67.1,2881,136,FINAL,cme_settle_20260605.csv,2026-08-17T06:40:00
2026-06-05,CLK27,66.7,66.9,66.53,66.78,2318,74,Final,cme_settle_20260605.csv,2026-08-17T06:40:00
06/05/2026,CLM27,66.64,66.81,65.68,66.47,1312,24,Final,cme_settle_20260605.csv,2026-08-17T06:40:00
06/05/2026,gcm26,"2,696.50",2706.5,2674.5,2703.5,150862,223535,FINAL,cme_settle_20260605.csv,2026-08-17T06:40:00
20260605,GCQ26,2711.7,2734.4,2698.3,2708.4,94763,81397,FINAL,cme_settle_20260605.csv,2026-08-17T06:40:00
2026-06-05,GCZ26,2718.2,2723,2694,2713.2,68034,49970,FINAL,cme_settle_20260605.csv,2026-08-17T06:40:00
2026-06-05,GCG27,2730.1,2744,2701.7,2718.1,46990,22841,FINAL,cme_settle_20260605.csv,2026-08-17T06:40:00
2026-06-05,GCJ27,2717.2,2753.5,2713.1,2723,23148,9065,final,cme_settle_20260605.csv,2026-08-17T06:40:00
06/05/2026,GCM27,2722.3,2743,2698,2727.8,14177,4083,final,cme_settle_20260605.csv,2026-08-17T06:40:00
06/05/2026,ZB M26,114,114.4375,113.25,113.9375,78830,"104,463",Final,cme_settle_20260605.csv,2026-08-17T06:40:00
2026-06-05,ZBU26,114.25,114.4375,113.5625,114.0312,62778,78853,Final,cme_settle_20260605.csv,2026-08-17T06:40:00
06/05/26,ZBZ26,113.625,114.6562,113.0312,114.125,36288,21165,FINAL,cme_settle_20260605.csv,2026-08-17T06:40:00
20260605,ZB H27,114.4375,114.4375,113,114.2188,19577,8627,Final,cme_settle_20260605.csv,2026-08-17T06:40:00
06/05/2026,ZBM27,114.25,115.5625,113.6875,114.3125,12784,4768,final,cme_settle_20260605.csv,2026-08-17T06:40:00
06/08/26,ES M26,6291.25,6361.25,6277.75,6316.5,1374803,2291024,final,cme_settle_20260608.csv,2026-08-17T06:40:00
06/08/26,esu26,6325.25,6391.75,6263.5,6327.75,767832,771585,final,cme_settle_20260608.csv,2026-08-17T06:40:00
20260608,ESZ26,6321,6351.75,"6,321.00",6339.25,640423,472274,FINAL,cme_settle_20260608.csv,2026-08-17T06:40:00
20260608,ESH27,6340.75,6362.25,6340.75,6350.5,363366,144461,FINAL,cme_settle_20260608.csv,2026-08-17T06:40:00
2026-06-08,ESM27,"6,384.25",6387,6288.25,6362,223043,81336,final,cme_settle_20260608.csv,2026-08-17T06:40:00
06/08/26,NQM26,22745.75,22969.25,22649,22704.75,584677,844722,FINAL,cme_settle_20260608.csv,2026-08-17T06:40:00
06/08/2026,NQU26,22647.75,22794.75,"22,647.75",22745.5,422759,525095,final,cme_settle_20260608.csv,2026-08-17T06:40:00
2026-06-08,NQZ26,22832.75,23036,22539.75,22786.5,269871,235199,FINAL,cme_settle_20260608.csv,2026-08-17T06:40:00
20260608,NQH27,"22,802.00",22930,22577,22827.25,159643,84239,Final,cme_settle_20260608.csv,2026-08-17T06:40:00
2026-06-08,NQM27,22886.5,"22,968.00",22815.75,22868.25,94487,37138,final,cme_settle_20260608.csv,2026-08-17T06:40:00
2026-06-08,CLM26,68.89,69.73,68.89,69.17,450796,"577,797",Final,cme_settle_20260608.csv,2026-08-17T06:40:00
2026-06-08,CLN26,69.15,69.15,68.04,68.86,252261,231050,Final,cme_settle_20260608.csv,2026-08-17T06:40:00
2026-06-08,CL Q26,68.37,69.31,67.87,68.55,175157,123441,Final,cme_settle_20260608.csv,2026-08-17T06:40:00
20260608,CLU26,68.09,68.81,67.54,68.24,89650,49771,Final,cme_settle_20260608.csv,2026-08-17T06:40:00
20260608,CLV26,67.59,68.24,67.59,67.92,"58,964",16926,FINAL,cme_settle_20260608.csv,2026-08-17T06:40:00
06/08/2026,CLX26,67.73,68.3,67.54,67.61,42034,"8,788",FINAL,cme_settle_20260608.csv,2026-08-17T06:40:00
06/08/2026,CLZ26,67.08,67.92,66.93,67.3,21775,3425,FINAL,cme_settle_20260608.csv,2026-08-17T06:40:00
06/08/2026,CLF27,67.21,67.21,66.37,66.99,13054,1640,FINAL,cme_settle_20260608.csv,2026-08-17T06:40:00
06/08/2026,CLG27,66.47,66.75,66.19,66.68,9373,677,FINAL,cme_settle_20260608.csv,2026-08-17T06:40:00
06/08/2026,CLH27,66.44,66.82,65.89,66.37,4756,349,Final,cme_settle_20260608.csv,2026-08-17T06:40:00
2026-06-08,clj27,66.27,66.45,65.42,66.06,3508,137,final,cme_settle_20260608.csv,2026-08-17T06:40:00
2026-06-08,CL K27,65.58,66.43,65.58,65.75,2424,86,final,cme_settle_20260608.csv,2026-08-17T06:40:00
06/08/2026,CLM27,65.13,65.89,64.79,65.43,1207,20,Final,cme_settle_20260608.csv,2026-08-17T06:40:00
06/08/2026,GCM26,"2,732.80",2762,2710.5,2730.4,173647,245554,final,cme_settle_20260608.csv,2026-08-17T06:40:00
20260608,GCQ26,2722.3,2751.3,2704.9,2735.3,94927,88550,final,cme_settle_20260608.csv,2026-08-17T06:40:00
06/08/26,GCZ26,2740.3,2753.1,2723.7,2740.2,74868,42189,Final,cme_settle_20260608.csv,2026-08-17T06:40:00
2026-06-08,GC G27,2745.6,2767.2,2725.3,2745.1,50088,27101,Final,cme_settle_20260608.csv,2026-08-17T06:40:00
06/08/26,GC J27,2755.9,2762.3,2721.2,2750.1,30890,11044,final,cme_settle_20260608.csv,2026-08-17T06:40:00
2026-06-08,GCM27,2760,2767.8,2751.6,2755,19215,5622,FINAL,cme_settle_20260608.csv,2026-08-17T06:40:00
2026-06-08,ZBM26,114.97,115.625,114.0312,114.6875,"103,912",137637,FINAL,cme_settle_20260608.csv,2026-08-17T06:40:00
06/08/26,ZBU26,114.5938,115.5938,113.875,114.7812,66324,57982,Final,cme_settle_20260608.csv,2026-08-17T06:40:00
2026-06-08,ZBZ26,114.75,115.5938,114.625,114.875,34549,23924,final,cme_settle_20260608.csv,2026-08-17T06:40:00
06/08/2026,ZBH27,115,116,113.875,114.9688,23437,13449,final,cme_settle_20260608.csv,2026-08-17T06:40:00
20260608,ZBM27,115.0312,115.5625,114.7812,115.0625,15746,6692,Final,cme_settle_20260608.csv,2026-08-17T06:40:00
2026-06-09,ESM26,6233,6295.5,6228.75,6247.75,1663753,2978751,final,cme_settle_20260609.csv,2026-08-17T06:40:00
20260609,ES U26,6282.75,6317,6238,6259,851794,765103,FINAL,cme_settle_20260609.csv,2026-08-17T06:40:00
2026-06-09,ESZ26,6266.75,6301,6216.25,6270.25,"630,936",446695,FINAL,cme_settle_20260609.csv,2026-08-17T06:40:00
2026-06-09,ESH27,6273.5,6338.75,6261.25,6281.5,289158,173147,Final,cme_settle_20260609.csv,2026-08-17T06:40:00
06/09/26,ESM27,"6,304.00",6311.5,6231,6292.75,203879,"68,011",final,cme_settle_20260609.csv,2026-08-17T06:40:00
06/09/2026,NQM26,22953.5,22953.5,"22,792.00",22881.5,731497,1218530,Final,cme_settle_20260609.csv,2026-08-17T06:40:00
2026-06-09,NQ U26,22881,23083.75,22819.75,22922.75,358710,302884,FINAL,cme_settle_20260609.csv,2026-08-17T06:40:00
06/09/2026,NQZ26,23014.5,23109.75,22688.25,22963.75,260988,183622,Final,cme_settle_20260609.csv,2026-08-17T06:40:00
06/09/2026,NQH27,22893.75,23275.5,22877.25,"23,005.00",128249,63031,final,cme_settle_20260609.csv,2026-08-17T06:40:00
2026-06-09,NQM27,22986.75,23139.75,22891.75,23046.25,84547,23591,FINAL,cme_settle_20260609.csv,2026-08-17T06:40:00
2026-06-09,CLM26,69.06,69.57,68.96,69.34,381591,670581,Final,cme_settle_20260609.csv,2026-08-17T06:40:00
2026-06-09,CLN26,69.32,69.67,68.71,69.03,217879,274682,final,cme_settle_20260609.csv,2026-08-17T06:40:00
2026-06-09,CLQ26,68.44,69.15,67.97,68.72,181755,156315,final,cme_settle_20260609.csv,2026-08-17T06:40:00
2026-06-09,CLU26,68.42,68.63,68.05,68.4,98928,40887,Final,cme_settle_20260609.csv,2026-08-17T06:40:00
06/09/2026,CLV26,68.41,68.89,67.96,68.09,65073,25376,Final,cme_settle_20260609.csv,2026-08-17T06:40:00
06/09/26,CLX26,67.8,67.92,67.13,67.78,38075,"11,580",final,cme_settle_20260609.csv,2026-08-17T06:40:00
2026-06-09,CLZ26,67.34,67.99,67.27,67.47,20681,"3,014",Final,cme_settle_20260609.csv,2026-08-17T06:40:00
2026-06-09,CLF27,66.95,67.46,66.7,67.16,12367,1216,FINAL,cme_settle_20260609.csv,2026-08-17T06:40:00
2026-06-09,CLG27,66.51,66.95,66.26,66.84,8374,568,final,cme_settle_20260609.csv,2026-08-17T06:40:00
20260609,CLH27,66.36,67.14,66.25,66.53,5176,306,final,cme_settle_20260609.csv,2026-08-17T06:40:00
2026-06-09,CLJ27,66.09,66.53,65.47,66.22,3884,172,Final,cme_settle_20260609.csv,2026-08-17T06:40:00
06/09/2026,CLK27,66.14,66.62,65.76,65.91,2222,51,Final,cme_settle_20260609.csv,2026-08-17T06:40:00
2026-06-09,CLM27,65.69,66.25,65.07,65.6,1157,19,final,cme_settle_20260609.csv,2026-08-17T06:40:00
06/09/2026,GCM26,2716.3,2726.4,2701.3,2723.6,208019,251795,FINAL,cme_settle_20260609.csv,2026-08-17T06:40:00
2026-06-09,GCQ26,2739.8,2760,2715.6,2728.5,97855,80235,final,cme_settle_20260609.csv,2026-08-17T06:40:00
20260609,gcz26,"2,747.00",2760.5,2710.6,2733.4,65073,56778,FINAL,cme_settle_20260609.csv,2026-08-17T06:40:00
2026-06-09,GCG27,2736.1,2766.1,2713.3,2738.3,35620,20817,Final,cme_settle_20260609.csv,2026-08-17T06:40:00
2026-06-09,GC J27,2743.3,"2,761.10",2732.3,2743.2,24272,7042,FINAL,cme_settle_20260609.csv,2026-08-17T06:40:00
2026-06-09,GCM27,2758.5,2778.9,2728.5,"2,748.10",16839,4306,final,cme_settle_20260609.csv,2026-08-17T06:40:00
20260609,zbm26,115.1562,115.47,114.3438,114.5938,108168,134846,FINAL,cme_settle_20260609.csv,2026-08-17T06:40:00
06/09/2026,zbu26,115,115,113.7188,114.6875,61346,55825,Final,cme_settle_20260609.csv,2026-08-17T06:40:00
2026-06-09,ZBZ26,114.8438,115.0625,113.9688,114.7812,30909,24958,final,cme_settle_20260609.csv,2026-08-17T06:40:00
2026-06-09,zbh27,115.125,115.9062,113.6562,114.875,19024,10082,final,cme_settle_20260609.csv,2026-08-17T06:40:00
2026-06-09,ZBM27,115.4688,115.4688,114.5625,114.9688,"14,850",5580,Final,cme_settle_20260609.csv,2026-08-17T06:40:00
2026-06-10,ESM26,6123.5,6168.75,6094,6133.25,1185421,1537216,final,cme_settle_20260610.csv,2026-08-17T06:40:00
20260610,ESU26,6148.75,6216.25,6120.25,6144.25,1096310,1000072,Final,cme_settle_20260610.csv,2026-08-17T06:40:00
2026-06-10,ESZ26,6154.5,6224,"6,128.75",6155.25,523218,407627,FINAL,cme_settle_20260610.csv,2026-08-17T06:40:00
2026-06-10,ESH27,6173.5,6223.25,6100.25,6166.25,323584,136984,final,cme_settle_20260610.csv,2026-08-17T06:40:00
2026-06-10,esm27,6204.5,6219.75,6132.25,6177.5,"184,298",63379,FINAL,cme_settle_20260610.csv,2026-08-17T06:40:00
06/10/26,NQM26,22776.25,23022.5,22744.75,22855,474807,790784,final,cme_settle_20260610.csv,2026-08-17T06:40:00
2026-06-10,NQU26,22931.75,23050,"22,685.50","22,896.25",430953,466802,Final,cme_settle_20260610.csv,2026-08-17T06:40:00
2026-06-10,NQU26,22931.75,23050,"22,685.50","22,896.25",430953,466802,Final,cme_settle_20260610.csv,2026-08-17T06:41:12
20260610,NQZ26,22908.5,23015.5,22850.75,22937.25,267371,181261,final,cme_settle_20260610.csv,2026-08-17T06:40:00
06/10/26,nqh27,23060.25,23157,22813.25,"22,978.50",129370,63235,Final,cme_settle_20260610.csv,2026-08-17T06:40:00
20260610,NQM27,23068,23069.75,22918.25,23019.5,84981,"31,654",FINAL,cme_settle_20260610.csv,2026-08-17T06:40:00
06/10/2026,CLM26,69.47,69.99,69.19,69.37,428678,784007,FINAL,cme_settle_20260610.csv,2026-08-17T06:40:00
2026-06-10,CLN26,69.16,69.59,68.53,69.06,271243,247264,Final,cme_settle_20260610.csv,2026-08-17T06:40:00
2026-06-10,CLQ26,68.72,68.89,68.31,68.75,161154,122290,FINAL,cme_settle_20260610.csv,2026-08-17T06:40:00
2026-06-10,CLU26,68.55,68.91,68,68.43,95232,43865,Final,cme_settle_20260610.csv,2026-08-17T06:40:00
06/10/2026,CLV26,68.22,68.42,67.76,68.12,60177,20273,final,cme_settle_20260610.csv,2026-08-17T06:40:00
20260610,CLX26,67.99,67.99,67.43,67.81,33162,6959,final,cme_settle_20260610.csv,2026-08-17T06:40:00
2026-06-10,clz26,67.6,67.65,67.4,67.5,27430,5211,Final,cme_settle_20260610.csv,2026-08-17T06:40:00
2026-06-10,CLF27,67.07,67.52,67.07,67.18,12533,1441,Final,cme_settle_20260610.csv,2026-08-17T06:40:00
06/10/26,CLG27,66.89,67.05,66.7,66.87,8030,747,Final,cme_settle_20260610.csv,2026-08-17T06:40:00
20260610,CL H27,66.26,66.7,66.06,66.56,5525,401,Final,cme_settle_20260610.csv,2026-08-17T06:40:00
2026-06-10,clj27,66.23,66.64,65.67,66.25,3796,171,final,cme_settle_20260610.csv,2026-08-17T06:40:00
2026-06-10,CLK27,65.84,66.71,65.24,65.94,2369,76,FINAL,cme_settle_20260610.csv,2026-08-17T06:40:00
06/10/2026,CLM27,65.52,65.76,64.89,65.62,1175,28,final,cme_settle_20260610.csv,2026-08-17T06:40:00
06/10/2026,GCM26,2716.6,2742.3,2716.6,2721.7,161351,234399,Final,cme_settle_20260610.csv,2026-08-17T06:40:00
2026-06-10,gcq26,2726.2,2759.3,2717.6,"2,726.60","118,420",109833,Final,cme_settle_20260610.csv,2026-08-17T06:40:00
20260610,GCZ26,"2,740.20",2740.7,2722.8,2731.5,63465,37621,final,cme_settle_20260610.csv,2026-08-17T06:40:00
20260610,GCG27,2735.8,2759.4,"2,710.30",2736.4,38678,"19,019",Final,cme_settle_20260610.csv,2026-08-17T06:40:00
2026-06-10,GCJ27,2746.1,2764.1,2736,2741.3,31130,12088,final,cme_settle_20260610.csv,2026-08-17T06:40:00
2026-06-10,GCM27,"2,748.70",2776,2727.5,2746.2,19409,4699,FINAL,cme_settle_20260610.csv,2026-08-17T06:40:00
06/10/2026,ZBM26,114.2188,115.625,113.3438,114.5,90800,165241,FINAL,cme_settle_20260610.csv,2026-08-17T06:40:00
06/10/26,ZBU26,114.375,115.2188,114.1875,114.5938,72020,88506,final,cme_settle_20260610.csv,2026-08-17T06:40:00
06/10/26,ZBZ26,115.0938,115.7812,113.9688,114.6875,31382,18733,FINAL,cme_settle_20260610.csv,2026-08-17T06:40:00
06/10/2026,ZBH27,115.1562,115.7812,113.6875,114.7812,23848,12498,Final,cme_settle_20260610.csv,2026-08-17T06:40:00
2026-06-10,ZBM27,114.5938,115.8125,113.8125,114.875,11651,3362,Final,cme_settle_20260610.csv,2026-08-17T06:40:00
2026-06-11,ESM26,6052.5,6075.75,5998,6038.5,1275972,2289213,Final,cme_settle_20260611.csv,2026-08-17T06:40:00
06/11/26,ESU26,"6,044.25",6101.25,5981,6049.25,"1,072,268",1206902,Final,cme_settle_20260611.csv,2026-08-17T06:40:00
2026-06-11,ESZ26,6053.5,6125.5,6032.25,6060.25,572289,331262,final,cme_settle_20260611.csv,2026-08-17T06:40:00
20260611,ESH27,6096,6122.5,6024,6071,368551,165788,Final,cme_settle_20260611.csv,2026-08-17T06:40:00
20260611,ESM27,6055.75,6133.75,6017.25,6082,230081,"86,583",final,cme_settle_20260611.csv,2026-08-17T06:40:00
06/11/2026,NQM26,22726.5,22726.5,22426,22635.75,578267,1038331,FINAL,cme_settle_20260611.csv,2026-08-17T06:40:00
06/11/26,NQU26,22759.25,22768,22407,22676.5,462947,455887,Final,cme_settle_20260611.csv,2026-08-17T06:40:00
2026-06-11,NQZ26,22797,22799.75,22645.5,22717.25,195794,134646,Final,cme_settle_20260611.csv,2026-08-17T06:40:00
2026-06-11,NQH27,22699.75,22803,22699.75,22758,"123,670",72767,Final,cme_settle_20260611.csv,2026-08-17T06:40:00
2026-06-11,NQM27,22728.5,23036.5,22700.5,22798.75,91375,32800,FINAL,cme_settle_20260611.csv,2026-08-17T06:40:00
06/11/2026,CLM26,71.44,72.06,71.09,71.35,382691,507968,final,cme_settle_20260611.csv,2026-08-17T06:40:00
06/11/26,cln26,70.91,71.4,70.35,71.03,297966,248716,Final,cme_settle_20260611.csv,2026-08-17T06:40:00
06/11/2026,CLQ26,70.92,70.96,70.07,70.71,172372,99768,FINAL,cme_settle_20260611.csv,2026-08-17T06:40:00
20260611,CLU26,70.25,70.87,69.58,70.39,90756,41919,final,cme_settle_20260611.csv,2026-08-17T06:40:00
06/11/2026,clv26,69.97,70.79,69.92,70.07,50800,19101,final,cme_settle_20260611.csv,2026-08-17T06:40:00
2026-06-11,CLX26,69.63,70.33,69.17,69.74,42714,10075,Final,cme_settle_20260611.csv,2026-08-17T06:40:00
20260611,CLZ26,69.34,69.88,69.32,69.42,20799,2831,Final,cme_settle_20260611.csv,2026-08-17T06:40:00
2026-06-11,CLF27,69.13,69.27,68.58,69.1,13958,1497,FINAL,cme_settle_20260611.csv,2026-08-17T06:40:00
20260611,clg27,68.84,69.13,68.33,68.78,10218,844,final,cme_settle_20260611.csv,2026-08-17T06:40:00
06/11/26,CLH27,68.4,68.67,68.24,68.46,5657,329,FINAL,cme_settle_20260611.csv,2026-08-17T06:40:00
06/11/2026,CLJ27,68.07,68.42,67.34,68.14,3551,131,FINAL,cme_settle_20260611.csv,2026-08-17T06:40:00
20260611,CLK27,67.75,68.14,67.41,67.82,"2,013",49,final,cme_settle_20260611.csv,2026-08-17T06:40:00
2026-06-11,CLM27,67.8,67.8,67.05,67.5,1506,32,final,cme_settle_20260611.csv,2026-08-17T06:40:00
2026-06-11,GCM26,2718.5,"2,721.50",2692.1,2711.4,145524,168010,final,cme_settle_20260611.csv,2026-08-17T06:40:00
2026-06-11,gcq26,2706.3,"2,725.80",2701.3,2716.3,111136,99289,final,cme_settle_20260611.csv,2026-08-17T06:40:00
2026-06-11,GCZ26,2722.3,2747.1,2708.4,2721.2,79716,"70,934",FINAL,cme_settle_20260611.csv,2026-08-17T06:40:00
06/11/2026,GCG27,2725.3,2733.9,2717.8,2726,43939,25742,final,cme_settle_20260611.csv,2026-08-17T06:40:00
06/11/2026,GCG27,2725.3,2733.9,2717.8,2726,43939,25742,final,cme_settle_20260611.csv,2026-08-17T06:41:12
2026-06-11,GC J27,2726.5,2739,2712.8,2730.9,24913,9816,final,cme_settle_20260611.csv,2026-08-17T06:40:00
20260611,GCM27,2725.9,2746.8,2718,2735.8,19144,3850,FINAL,cme_settle_20260611.csv,2026-08-17T06:40:00
2026-06-11,ZBM26,114.59,114.9062,113.1875,114.2188,73421,119410,FINAL,cme_settle_20260611.csv,2026-08-17T06:40:00
06/11/2026,ZBU26,114,115.62,113.12,114.3125,72534,71627,Final,cme_settle_20260611.csv,2026-08-17T06:40:00
06/11/2026,ZBZ26,114.2188,114.8438,113.88,114.4062,31714,23151,final,cme_settle_20260611.csv,2026-08-17T06:40:00
06/11/2026,ZBH27,114.0625,114.7188,113.2812,114.5,18791,7994,final,cme_settle_20260611.csv,2026-08-17T06:40:00
2026-06-11,ZBM27,114.6875,115.4375,113.8438,114.5938,"15,811",6369,Final,cme_settle_20260611.csv,2026-08-17T06:40:00
20260612,ESM26,6034,6106.75,6023.5,6036,862731,1355418,final,cme_settle_20260612.csv,2026-08-17T06:40:00
2026-06-12,ESU26,6047.75,6061.5,6014.25,6046.75,1203546,1062299,FINAL,cme_settle_20260612.csv,2026-08-17T06:40:00
2026-06-12,ESZ26,6073,6094.5,5996.5,6057.75,586628,473080,Final,cme_settle_20260612.csv,2026-08-17T06:40:00
2026-06-12,esh27,6081.25,6097,6022.75,6068.5,330197,168027,FINAL,cme_settle_20260612.csv,2026-08-17T06:40:00
2026-06-12,ESM27,"6,084.50","6,105.50",6026.25,6079.5,216874,60566,FINAL,cme_settle_20260612.csv,2026-08-17T06:40:00
20260612,NQM26,22503,22520.25,"22,300.25",22398,375791,"663,378",FINAL,cme_settle_20260612.csv,2026-08-17T06:40:00
2026-06-12,NQU26,22478.25,22701.25,22394.25,22438.25,458060,555072,final,cme_settle_20260612.csv,2026-08-17T06:40:00
2026-06-12,NQZ26,22369,22741,22212.25,22478.75,269754,190969,final,cme_settle_20260612.csv,2026-08-17T06:40:00
06/12/2026,NQH27,22623.25,22699.5,22455.5,22519,129867,69161,final,cme_settle_20260612.csv,2026-08-17T06:40:00
2026-06-12,NQM27,22483.25,22623,"22,479.50",22559.25,94750,"38,736",FINAL,cme_settle_20260612.csv,2026-08-17T06:40:00
06/12/2026,CLM26,71.78,72.25,70.98,71.52,1023627,437337,FINAL,cme_settle_20260612.csv,2026-08-17T06:40:00
06/12/2026,CLN26,71.27,71.37,70.83,71.2,304780,341120,FINAL,cme_settle_20260612.csv,2026-08-17T06:40:00
06/12/2026,CLQ26,71.13,71.41,70.25,70.88,142352,108269,final,cme_settle_20260612.csv,2026-08-17T06:40:00
06/12/26,CLU26,70.37,71.02,70.37,70.55,88854,52075,final,cme_settle_20260612.csv,2026-08-17T06:40:00
2026-06-12,CLV26,70.32,70.67,69.58,70.23,53575,"17,432",FINAL,cme_settle_20260612.csv,2026-08-17T06:40:00
06/12/26,CLX26,69.62,70.61,69.45,69.91,41908,9710,final,cme_settle_20260612.csv,2026-08-17T06:40:00
2026-06-12,CLZ26,69.52,70.18,69.48,69.59,26602,5390,FINAL,cme_settle_20260612.csv,2026-08-17T06:40:00
06/12/26,CLF27,69.60,69.6,68.63,69.27,15845,1569,FINAL,cme_settle_20260612.csv,2026-08-17T06:40:00
2026-06-12,CLG27,68.82,69.54,68.77,68.95,10158,718,final,cme_settle_20260612.csv,2026-08-17T06:40:00
2026-06-12,CLH27,68.86,68.86,68.11,68.62,4586,314,FINAL,cme_settle_20260612.csv,2026-08-17T06:40:00
06/12/2026,CLJ27,68.37,68.59,67.52,68.3,"3,985",154,FINAL,cme_settle_20260612.csv,2026-08-17T06:40:00
2026-06-12,CLK27,68.04,68.43,67.72,67.98,2073,73,final,cme_settle_20260612.csv,2026-08-17T06:40:00
06/12/26,CLM27,67.51,68.13,67,67.66,1334,28,Final,cme_settle_20260612.csv,2026-08-17T06:40:00
06/12/26,GCM26,2700.5,2711.1,2678,2697.9,107338,184847,final,cme_settle_20260612.csv,2026-08-17T06:40:00
06/12/2026,GC Q26,2711.6,2711.6,2684.9,2702.8,120755,125560,final,cme_settle_20260612.csv,2026-08-17T06:40:00
2026-06-12,GCZ26,2694.8,2732,2694.8,2707.6,57179,42335,final,cme_settle_20260612.csv,2026-08-17T06:40:00
2026-06-12,GCG27,2711.5,"2,733.30",2686,2712.5,39120,24607,FINAL,cme_settle_20260612.csv,2026-08-17T06:40:00
2026-06-12,GCJ27,2713.3,2723,2697.4,2717.3,25042,8982,FINAL,cme_settle_20260612.csv,2026-08-17T06:40:00
2026-06-12,gcm27,2709.5,2752.8,2690,2722.2,17415,3795,FINAL,cme_settle_20260612.csv,2026-08-17T06:40:00
2026-06-12,ZBM26,114.8125,115.6875,113.9375,114.72,59319,83934,FINAL,cme_settle_20260612.csv,2026-08-17T06:40:00
2026-06-12,ZBU26,114.31,115.3438,113.4688,114.8125,73122,88174,FINAL,cme_settle_20260612.csv,2026-08-17T06:40:00
2026-06-12,ZBZ26,114.50,115.3125,114.1875,114.9062,36465,28441,FINAL,cme_settle_20260612.csv,2026-08-17T06:40:00
06/12/26,ZBH27,115.5,115.5,114,115,19213,8609,final,cme_settle_20260612.csv,2026-08-17T06:40:00
06/12/2026,ZBM27,114.625,115.8438,113.9688,115.0938,"13,468",4877,FINAL,cme_settle_20260612.csv,2026-08-17T06:40:00
20260615,ES M26,6029.75,6040.25,5984.75,6031.75,522466,949710,FINAL,cme_settle_20260615.csv,2026-08-17T06:40:00
2026-06-15,ESU26,"6,013.00",6105.75,6013,6042.5,1620073,1435936,Final,cme_settle_20260615.csv,2026-08-17T06:40:00
2026-06-15,ESZ26,6071.75,6071.75,6018,6053.5,512314,400253,final,cme_settle_20260615.csv,2026-08-17T06:40:00
2026-06-15,ESH27,6049.25,6087.75,6028.5,6064.25,301379,"176,713",FINAL,cme_settle_20260615.csv,2026-08-17T06:40:00
06/15/2026,esm27,6086.25,6086.25,6012.5,6075.25,242910,"104,361",FINAL,cme_settle_20260615.csv,2026-08-17T06:40:00
2026-06-15,NQM26,22287.5,22287.5,22069.5,22213.5,243910,414100,Final,cme_settle_20260615.csv,2026-08-17T06:40:00
2026-06-15,NQ U26,22315.25,"22,376.00",22121.75,22253.5,701035,813815,Final,cme_settle_20260615.csv,2026-08-17T06:40:00
2026-06-15,NQZ26,22339,22399.5,"22,047.00",22293.5,"222,202",197522,FINAL,cme_settle_20260615.csv,2026-08-17T06:40:00
06/15/2026,NQH27,22244.25,"22,601.25",22160.5,22333.5,135788,55118,final,cme_settle_20260615.csv,2026-08-17T06:40:00
06/15/2026,NQM27,22480.25,22480.25,22185.75,22373.5,90749,39491,Final,cme_settle_20260615.csv,2026-08-17T06:40:00
06/15/2026,CLM26,69.58,70.18,69.4,69.77,170697,312154,final,cme_settle_20260615.csv,2026-08-17T06:40:00
2026-06-15,CLN26,69.43,69.66,69.21,69.46,455544,370490,FINAL,cme_settle_20260615.csv,2026-08-17T06:40:00
2026-06-15,CLQ26,69.34,69.7,68.53,69.14,185771,143076,final,cme_settle_20260615.csv,2026-08-17T06:40:00
2026-06-15,CLU26,68.84,69.38,68.45,68.83,110969,53858,final,cme_settle_20260615.csv,2026-08-17T06:40:00
06/15/2026,CLV26,68.76,68.94,68.41,68.51,49763,14340,FINAL,cme_settle_20260615.csv,2026-08-17T06:40:00
06/15/26,CLX26,68.43,68.7,67.95,68.2,42767,10491,final,cme_settle_20260615.csv,2026-08-17T06:40:00
06/15/2026,CLZ26,67.9,68.13,67.57,67.89,22641,3584,Final,cme_settle_20260615.csv,2026-08-17T06:40:00
2026-06-15,CLF27,67.87,67.87,66.76,67.57,12937,1399,Final,cme_settle_20260615.csv,2026-08-17T06:40:00
2026-06-15,CLG27,67.59,67.94,66.63,67.26,9724,832,FINAL,cme_settle_20260615.csv,2026-08-17T06:40:00
06/15/2026,clh27,66.83,67.63,66.41,66.94,6173,429,FINAL,cme_settle_20260615.csv,2026-08-17T06:40:00
06/15/26,CLJ27,66.81,66.84,65.92,66.63,4009,151,final,cme_settle_20260615.csv,2026-08-17T06:40:00
06/15/2026,CLK27,66,66.47,65.62,66.32,1845,64,Final,cme_settle_20260615.csv,2026-08-17T06:40:00
2026-06-15,CLM27,66.08,66.75,65.69,66,1368,21,FINAL,cme_settle_20260615.csv,2026-08-17T06:40:00
2026-06-15,gcm26,2659,2687.3,2659,2662.7,84585,"120,810",Final,cme_settle_20260615.csv,2026-08-17T06:40:00
2026-06-15,GCQ26,"2,656.40",2689.7,2656.4,2667.5,208027,250946,Final,cme_settle_20260615.csv,2026-08-17T06:40:00
06/15/2026,GCZ26,2676.9,2700.1,2640.3,2672.3,58777,52224,Final,cme_settle_20260615.csv,2026-08-17T06:40:00
06/15/2026,GCG27,"2,667.10",2696.3,2656.9,2677.1,48916,27620,Final,cme_settle_20260615.csv,2026-08-17T06:40:00
2026-06-15,GCJ27,2687.9,2712.3,2678.3,2681.9,31306,13148,FINAL,cme_settle_20260615.csv,2026-08-17T06:40:00
06/15/2026,GCM27,2690.4,2693,2665.8,2686.7,19363,5614,FINAL,cme_settle_20260615.csv,2026-08-17T06:40:00
2026-06-15,ZBM26,114.625,115.0938,112.9375,114.22,33749,60381,FINAL,cme_settle_20260615.csv,2026-08-17T06:40:00
20260615,ZB U26,114.6562,114.6562,114.0625,114.3125,82023,102188,final,cme_settle_20260615.csv,2026-08-17T06:40:00
2026-06-15,ZBZ26,114.7188,114.75,113.8125,114.4062,32119,20153,Final,cme_settle_20260615.csv,2026-08-17T06:40:00
2026-06-15,ZBH27,115.03,115.0312,113.50,114.5,19486,12233,final,cme_settle_20260615.csv,2026-08-17T06:40:00
06/15/2026,ZBM27,115.0625,115.5938,114.1875,114.5938,14511,5616,FINAL,cme_settle_20260615.csv,2026-08-17T06:40:00
2026-06-16,ESM26,6026.5,6119.25,6008.25,6049.75,470976,"856,314",FINAL,cme_settle_20260616.csv,2026-08-17T06:40:00
2026-06-16,ESU26,6058.75,6106,6051.5,6060.75,1428977,1610982,final,cme_settle_20260616.csv,2026-08-17T06:40:00
2026-06-16,ESZ26,6082.5,6094.5,6028.75,"6,071.50",650017,548244,final,cme_settle_20260616.csv,2026-08-17T06:40:00
2026-06-16,esh27,6109.75,"6,109.75","6,020.25","6,082.50",364601,219350,Final,cme_settle_20260616.csv,2026-08-17T06:40:00
2026-06-16,ESM27,6101.75,6110.5,6037,6093.25,229639,85716,Final,cme_settle_20260616.csv,2026-08-17T06:40:00
06/16/26,NQM26,21936.75,"22,046.50",21808.5,"21,969.00",158092,"252,263",final,cme_settle_20260616.csv,2026-08-17T06:40:00
06/16/2026,NQU26,21933.75,22047.25,21909.5,22008.5,646413,783133,final,cme_settle_20260616.csv,2026-08-17T06:40:00
06/16/2026,NQZ26,22051,22158.25,21803,22048,256291,"146,030",FINAL,cme_settle_20260616.csv,2026-08-17T06:40:00
2026-06-16,NQH27,22142,22168.25,21832,22087.75,174149,74322,final,cme_settle_20260616.csv,2026-08-17T06:40:00
06/16/2026,nqm27,22204.5,22255.25,22001.25,22127.25,81874,24185,Final,cme_settle_20260616.csv,2026-08-17T06:40:00
2026-06-16,CLM26,69.23,69.28,68.34,68.98,125574,208304,FINAL,cme_settle_20260616.csv,2026-08-17T06:40:00
06/16/2026,CLN26,68.55,68.99,67.87,68.67,399064,475485,final,cme_settle_20260616.csv,2026-08-17T06:40:00
06/16/2026,CL Q26,68.57,68.57,68,68.36,149585,100599,final,cme_settle_20260616.csv,2026-08-17T06:40:00
2026-06-16,clu26,68.35,68.61,67.97,68.05,88728,38463,FINAL,cme_settle_20260616.csv,2026-08-17T06:40:00
20260616,CLV26,67.63,68.55,67.06,67.74,68234,22350,final,cme_settle_20260616.csv,2026-08-17T06:40:00
2026-06-16,CLX26,67.46,67.83,67.02,67.43,"36,687",7874,final,cme_settle_20260616.csv,2026-08-17T06:40:00
20260616,CLZ26,67.1,67.19,66.88,67.12,23570,4737,FINAL,cme_settle_20260616.csv,2026-08-17T06:40:00
20260616,CLF27,66.72,67.44,66.49,66.81,15491,2324,FINAL,cme_settle_20260616.csv,2026-08-17T06:40:00
2026-06-16,CLG27,66.18,67,66.1,66.5,7947,670,final,cme_settle_20260616.csv,2026-08-17T06:40:00
2026-06-16,CLG27,66.18,67,66.1,66.5,7947,670,final,cme_settle_20260616.csv,2026-08-17T06:41:12
06/16/26,CLH27,66.17,66.52,65.78,66.19,5690,407,final,cme_settle_20260616.csv,2026-08-17T06:40:00
2026-06-16,CLJ27,65.73,65.95,65.46,65.88,3558,142,Final,cme_settle_20260616.csv,2026-08-17T06:40:00
20260616,CLK27,65.4,65.71,64.87,65.57,2130,59,final,cme_settle_20260616.csv,2026-08-17T06:40:00
2026-06-16,CLM27,65.27,65.94,64.64,65.26,1529,37,Final,cme_settle_20260616.csv,2026-08-17T06:40:00
2026-06-16,GCM26,2693.7,2706,2690.8,2700.2,"54,235","81,828",FINAL,cme_settle_20260616.csv,2026-08-17T06:40:00
20260616,GCQ26,2711.3,2726,2695.9,2705.1,175006,190821,FINAL,cme_settle_20260616.csv,2026-08-17T06:40:00
06/16/26,GCZ26,2713.7,2734.8,2681.4,2709.9,71222,60369,Final,cme_settle_20260616.csv,2026-08-17T06:40:00
06/16/26,GCG27,2715.2,2732.9,2709.7,2714.8,40441,22285,final,cme_settle_20260616.csv,2026-08-17T06:40:00
06/16/2026,GCJ27,"2,715.00",2729,2707.1,2719.6,24818,8968,final,cme_settle_20260616.csv,2026-08-17T06:40:00
20260616,GCM27,2732.8,2740.5,2711.9,2724.5,17638,"3,526",Final,cme_settle_20260616.csv,2026-08-17T06:40:00
20260616,GCM27,2732.8,2740.5,2711.9,2724.5,17638,"3,526",Final,cme_settle_20260616.csv,2026-08-17T06:41:12
06/16/2026,ZBM26,114.44,115.625,113.5938,114.7812,28580,37226,final,cme_settle_20260616.csv,2026-08-17T06:40:00
20260616,zbu26,114.4688,115.0938,114.4688,114.875,83664,75027,final,cme_settle_20260616.csv,2026-08-17T06:40:00
2026-06-16,ZBZ26,114.5312,115.1562,113.7812,114.97,31993,24548,final,cme_settle_20260616.csv,2026-08-17T06:40:00
2026-06-16,ZBH27,114.5312,116.3438,113.875,115.0625,22245,14054,final,cme_settle_20260616.csv,2026-08-17T06:40:00
2026-06-16,ZBM27,115.3438,115.9688,114.0938,115.1562,12072,3658,final,cme_settle_20260616.csv,2026-08-17T06:40:00
06/17/2026,ESM26,5996.75,6078.5,5976.25,6012.5,317323,558016,final,cme_settle_20260617.csv,2026-08-17T06:40:00
06/17/2026,ESU26,6017.75,6051.25,5959.25,6023.25,1799535,1748524,FINAL,cme_settle_20260617.csv,2026-08-17T06:40:00
06/17/2026,ESZ26,"6,007.75",6053,6007.75,6034.25,555003,476045,FINAL,cme_settle_20260617.csv,2026-08-17T06:40:00
2026-06-17,ESH27,6026,6052.25,6026,6045,336131,207572,final,cme_settle_20260617.csv,2026-08-17T06:40:00
06/17/2026,ESM27,6028.75,"6,107.00",5994.5,6055.75,231326,101048,FINAL,cme_settle_20260617.csv,2026-08-17T06:40:00
06/17/2026,nqm26,"22,128.50",22268.5,22089.5,22188.25,157858,202933,FINAL,cme_settle_20260617.csv,2026-08-17T06:40:00
2026-06-17,NQU26,22126.5,22289.5,22126.5,22228.25,623253,648425,FINAL,cme_settle_20260617.csv,2026-08-17T06:40:00
2026-06-17,NQZ26,22256,22470.75,22132.25,22268.25,248661,167767,Final,cme_settle_20260617.csv,2026-08-17T06:40:00
2026-06-17,NQH27,22208.25,22433.75,22181.75,22308,125376,79461,Final,cme_settle_20260617.csv,2026-08-17T06:40:00
2026-06-17,NQM27,22295.5,22475.25,22284,22348,97965,27369,final,cme_settle_20260617.csv,2026-08-17T06:40:00
06/17/2026,CLM26,68.31,68.31,67.36,68.18,104251,159028,Final,cme_settle_20260617.csv,2026-08-17T06:40:00
20260617,CLN26,67.89,68.35,67.17,67.87,449943,565320,final,cme_settle_20260617.csv,2026-08-17T06:40:00
2026-06-17,CLQ26,67.58,68.28,66.81,67.57,"130,758",89002,Final,cme_settle_20260617.csv,2026-08-17T06:40:00
2026-06-17,CLU26,67.35,67.97,67.07,67.26,90876,46143,final,cme_settle_20260617.csv,2026-08-17T06:40:00
06/17/2026,CLV26,66.63,67.08,66.44,66.95,"57,814",22625,final,cme_settle_20260617.csv,2026-08-17T06:40:00
06/17/2026,CLV26,66.63,67.08,66.44,66.95,"57,814",22625,final,cme_settle_20260617.csv,2026-08-17T06:41:12
2026-06-17,CLX26,66.39,67.01,66.39,66.65,"37,756",10513,final,cme_settle_20260617.csv,2026-08-17T06:40:00
06/17/26,CLZ26,66.11,66.84,65.87,66.34,23950,4684,FINAL,cme_settle_20260617.csv,2026-08-17T06:40:00
2026-06-17,CLF27,66.18,66.5,65.5,66.03,12104,1220,Final,cme_settle_20260617.csv,2026-08-17T06:40:00
2026-06-17,CLG27,65.98,66.28,65.39,65.73,7446,497,Final,cme_settle_20260617.csv,2026-08-17T06:40:00
2026-06-17,CLH27,65.58,66.11,65.35,65.42,5748,318,FINAL,cme_settle_20260617.csv,2026-08-17T06:40:00
2026-06-17,CLJ27,65.07,65.43,64.84,65.11,2925,111,Final,cme_settle_20260617.csv,2026-08-17T06:40:00
20260617,CLK27,64.86,65.44,64.31,64.81,2416,81,final,cme_settle_20260617.csv,2026-08-17T06:40:00
2026-06-17,CLM27,64.21,64.89,64.15,64.5,1449,34,FINAL,cme_settle_20260617.csv,2026-08-17T06:40:00
2026-06-17,GCM26,"2,733.30",2736.5,2717.9,2728.6,49810,74830,final,cme_settle_20260617.csv,2026-08-17T06:40:00
2026-06-17,GCQ26,2738.7,2739.2,"2,704.20",2733.5,196640,215255,Final,cme_settle_20260617.csv,2026-08-17T06:40:00
2026-06-17,GCZ26,2726.8,2759.1,"2,726.80",2738.4,73384,59648,final,cme_settle_20260617.csv,2026-08-17T06:40:00
20260617,GCG27,2733.6,2769,2733.6,2743.3,"48,326",19158,final,cme_settle_20260617.csv,2026-08-17T06:40:00
2026-06-17,GCJ27,2759.8,2777.2,2743.3,2748.2,23379,8712,Final,cme_settle_20260617.csv,2026-08-17T06:40:00
2026-06-17,GCM27,2746.3,2756.1,2725.4,2753.2,15184,3479,final,cme_settle_20260617.csv,2026-08-17T06:40:00
06/17/2026,zbm26,114.5938,114.5938,113.2188,114.25,21041,29145,final,cme_settle_20260617.csv,2026-08-17T06:40:00
2026-06-17,ZBU26,114.1562,115.06,113.3438,114.3438,107613,110938,Final,cme_settle_20260617.csv,2026-08-17T06:40:00
2026-06-17,ZBZ26,113.875,115.0625,113.875,114.44,42974,38715,final,cme_settle_20260617.csv,2026-08-17T06:40:00
2026-06-17,ZBH27,115.0625,115.0625,113.5,114.5312,22771,9130,final,cme_settle_20260617.csv,2026-08-17T06:40:00
2026-06-17,ZB M27,115.0312,115.0312,114.4062,114.625,"15,570",4655,FINAL,cme_settle_20260617.csv,2026-08-17T06:40:00
2026-06-18,esm26,5937.75,5988.75,5937.75,5953.25,301833,496390,Final,cme_settle_20260618.csv,2026-08-17T06:40:00
20260618,ESU26,5959.25,6000,5949.75,5964,1799538,1699288,Final,cme_settle_20260618.csv,2026-08-17T06:40:00
20260618,ESZ26,5964,6040.25,5930.5,5974.75,565323,473285,final,cme_settle_20260618.csv,2026-08-17T06:40:00
2026-06-18,ES H27,5966,6047.75,5958.5,5985.5,"399,082",173251,Final,cme_settle_20260618.csv,2026-08-17T06:40:00
20260618,ES M27,5998.25,6036.75,5944.5,"5,996.00",221147,87628,Final,cme_settle_20260618.csv,2026-08-17T06:40:00
20260618,NQM26,22171.25,22334,22125.5,22180,164737,283371,final,cme_settle_20260618.csv,2026-08-17T06:40:00
2026-06-18,NQU26,22195.5,22455.5,22070.75,22220,632228,646030,Final,cme_settle_20260618.csv,2026-08-17T06:40:00
2026-06-18,NQZ26,22333.5,22400.25,22130,22259.75,195968,177237,final,cme_settle_20260618.csv,2026-08-17T06:40:00
20260618,NQH27,22242.5,22478.25,22122.5,22299.75,161295,101522,FINAL,cme_settle_20260618.csv,2026-08-17T06:40:00
06/18/26,NQM27,22276.75,22449.75,22215.25,22339.75,86026,28663,final,cme_settle_20260618.csv,2026-08-17T06:40:00
2026-06-18,CLM26,69.33,69.84,68.37,69.17,84885,139757,final,cme_settle_20260618.csv,2026-08-17T06:40:00
06/18/2026,cln26,68.84,69.15,68.11,68.86,566971,636780,final,cme_settle_20260618.csv,2026-08-17T06:40:00
06/18/26,CLQ26,68.21,69.28,68.01,68.55,151418,126186,Final,cme_settle_20260618.csv,2026-08-17T06:40:00
2026-06-18,CL U26,68.12,68.43,67.83,68.24,109961,68847,final,cme_settle_20260618.csv,2026-08-17T06:40:00
2026-06-18,CLV26,67.6,68.7,67.42,67.92,"62,607",26145,FINAL,cme_settle_20260618.csv,2026-08-17T06:40:00
20260618,CLX26,67.33,68.21,67.17,67.61,31191,6459,FINAL,cme_settle_20260618.csv,2026-08-17T06:40:00
20260618,CLZ26,67.27,67.64,66.65,67.3,24744,5276,FINAL,cme_settle_20260618.csv,2026-08-17T06:40:00
06/18/26,CLF27,66.96,67.37,66.64,66.99,16652,1928,FINAL,cme_settle_20260618.csv,2026-08-17T06:40:00
06/18/2026,CLG27,66.72,67.25,66.16,66.68,8385,775,Final,cme_settle_20260618.csv,2026-08-17T06:40:00
20260618,CLH27,66.28,66.98,66.06,66.37,4871,269,final,cme_settle_20260618.csv,2026-08-17T06:40:00
06/18/26,CLJ27,65.93,66.58,65.40,66.06,2940,99,final,cme_settle_20260618.csv,2026-08-17T06:40:00
2026-06-18,CLK27,65.90,66.15,64.98,65.75,2337,81,FINAL,cme_settle_20260618.csv,2026-08-17T06:40:00
06/18/26,CLM27,65.48,65.5,65.15,65.43,1220,31,FINAL,cme_settle_20260618.csv,2026-08-17T06:40:00
2026-06-18,GCM26,2750.4,2778.9,2723,2751,51499,72262,Final,cme_settle_20260618.csv,2026-08-17T06:40:00
06/18/26,GCQ26,2758.6,2759,2739.7,2756,185617,176933,final,cme_settle_20260618.csv,2026-08-17T06:40:00
2026-06-18,GCZ26,2752,2784.5,2740.9,2760.9,61772,47538,FINAL,cme_settle_20260618.csv,2026-08-17T06:40:00
2026-06-18,gcg27,2753.2,2784,2753.2,2765.9,48811,27547,Final,cme_settle_20260618.csv,2026-08-17T06:40:00
06/18/2026,GCJ27,2760.2,"2,798.20",2742.4,2770.8,25446,8788,Final,cme_settle_20260618.csv,2026-08-17T06:40:00
20260618,GCM27,"2,773.90",2807.9,2749.6,2775.8,17655,3607,FINAL,cme_settle_20260618.csv,2026-08-17T06:40:00
20260618,GCM27,"2,773.90",2807.9,2749.6,2775.8,17655,3607,FINAL,cme_settle_20260618.csv,2026-08-17T06:41:12
2026-06-18,ZBM26,113.2188,114.9062,112.4062,113.6562,25076,40962,FINAL,cme_settle_20260618.csv,2026-08-17T06:40:00
06/18/26,ZBU26,113.6562,114.875,113.125,113.75,131493,123405,Final,cme_settle_20260618.csv,2026-08-17T06:40:00
06/18/2026,ZBZ26,113.72,114.1562,112.5625,113.8438,39245,30904,Final,cme_settle_20260618.csv,2026-08-17T06:40:00
06/18/26,ZB H27,114.4688,115.1562,113.5312,113.9375,"24,835",11677,final,cme_settle_20260618.csv,2026-08-17T06:40:00
2026-06-18,ZBM27,114.4062,114.6562,113.4062,114.0312,13256,"5,013",final,cme_settle_20260618.csv,2026-08-17T06:40:00
06/22/26,ESU26,"5,855.25",5862,5787,5855.5,1544579,"2,341,644",final,cme_settle_20260622.csv,2026-08-17T06:40:00
06/22/2026,ESZ26,5877.25,5890.25,5840.5,5866,910171,951630,FINAL,cme_settle_20260622.csv,2026-08-17T06:40:00
06/22/26,ESH27,5869,5936.5,5815,5876.5,635504,557193,final,cme_settle_20260622.csv,2026-08-17T06:40:00
2026-06-22,ESM27,5901.75,5926.5,5827,5887,403282,248092,FINAL,cme_settle_20260622.csv,2026-08-17T06:40:00
2026-06-22,NQU26,22564.5,22773.5,22409.5,22578.25,627117,735469,FINAL,cme_settle_20260622.csv,2026-08-17T06:40:00
2026-06-22,NQZ26,22584,22698.25,22461.25,22619,327432,269774,final,cme_settle_20260622.csv,2026-08-17T06:40:00
06/22/2026,nqh27,"22,707.50",22817.75,22563.75,22659.5,202247,144448,final,cme_settle_20260622.csv,2026-08-17T06:40:00
2026-06-22,NQM27,22662.25,22909.75,22433.25,22700.25,148635,64566,Final,cme_settle_20260622.csv,2026-08-17T06:40:00
2026-06-22,CLN26,69.70,70.51,69.62,69.7,472715,855689,final,cme_settle_20260622.csv,2026-08-17T06:40:00
20260622,CLQ26,69.73,69.78,68.56,69.39,240855,242308,Final,cme_settle_20260622.csv,2026-08-17T06:40:00
06/22/2026,CLU26,69.17,69.66,68.77,69.07,162542,142164,FINAL,cme_settle_20260622.csv,2026-08-17T06:40:00
2026-06-22,CLV26,68.82,69.17,68.68,68.76,"91,552",51042,FINAL,cme_settle_20260622.csv,2026-08-17T06:40:00
2026-06-22,CLX26,68.12,69.19,68.12,68.45,64796,"20,718",Final,cme_settle_20260622.csv,2026-08-17T06:40:00
06/22/2026,CLZ26,68.02,68.45,67.81,68.13,41759,12630,final,cme_settle_20260622.csv,2026-08-17T06:40:00
2026-06-22,CLF27,67.95,68.41,67.63,67.82,19805,3889,Final,cme_settle_20260622.csv,2026-08-17T06:40:00
2026-06-22,CLG27,67.61,67.77,67.03,67.5,15209,1832,FINAL,cme_settle_20260622.csv,2026-08-17T06:40:00
20260622,CLH27,67.5,67.62,66.45,67.19,10271,894,Final,cme_settle_20260622.csv,2026-08-17T06:40:00
20260622,CLJ27,67.12,67.49,66.25,66.88,5447,399,Final,cme_settle_20260622.csv,2026-08-17T06:40:00
06/22/26,clk27,66.33,66.86,66.02,66.56,3871,187,final,cme_settle_20260622.csv,2026-08-17T06:40:00
20260622,CLM27,66.01,66.8,65.49,66.25,2190,66,Final,cme_settle_20260622.csv,2026-08-17T06:40:00
20260622,GCQ26,2708.5,2753.4,2702.5,2721.1,151795,230315,final,cme_settle_20260622.csv,2026-08-17T06:40:00
2026-06-22,GCZ26,2714.6,"2,736.40",2714.6,2726,103592,103763,final,cme_settle_20260622.csv,2026-08-17T06:40:00
20260622,GCG27,2742.3,2758.1,2718.3,2730.9,68929,61529,Final,cme_settle_20260622.csv,2026-08-17T06:40:00
06/22/2026,GCJ27,2746.4,2746.4,2719.8,2735.8,46420,23420,FINAL,cme_settle_20260622.csv,2026-08-17T06:40:00
2026-06-22,GCM27,2728.7,2758,2728.7,2740.7,23374,7106,FINAL,cme_settle_20260622.csv,2026-08-17T06:40:00
06/22/2026,ZBU26,114.0625,114.0625,112.8125,113.7812,100013,140288,Final,cme_settle_20260622.csv,2026-08-17T06:40:00
2026-06-22,ZBZ26,114.1875,115,113.125,113.875,69159,70821,FINAL,cme_settle_20260622.csv,2026-08-17T06:40:00
2026-06-22,ZBH27,114.4062,114.9688,113.3125,113.9688,40469,33832,final,cme_settle_20260622.csv,2026-08-17T06:40:00
20260622,zbm27,113.8125,114.25,113.2812,114.0625,20000,9857,Final,cme_settle_20260622.csv,2026-08-17T06:40:00
2026-06-23,ES U26,"5,876.75",5916,5834,5872.25,"1,451,119",2122586,FINAL,cme_settle_20260623.csv,2026-08-17T06:40:00
06/23/26,ESZ26,5876.25,5902.75,5866.75,5882.75,"1,058,132",968853,FINAL,cme_settle_20260623.csv,2026-08-17T06:40:00
2026-06-23,ESH27,5907.25,5916,5872,5893.5,549643,455884,FINAL,cme_settle_20260623.csv,2026-08-17T06:40:00
06/23/2026,ESM27,5876,5951,5871.75,5904,352788,180000,FINAL,cme_settle_20260623.csv,2026-08-17T06:40:00
2026-06-23,NQU26,23132,23221.75,23023.25,23165.5,559858,1032958,Final,cme_settle_20260623.csv,2026-08-17T06:40:00
2026-06-23,NQZ26,23144.5,23256.5,"22,988.25",23207.25,361845,394073,final,cme_settle_20260623.csv,2026-08-17T06:40:00
20260623,NQH27,23187,23275,23020.5,23249,198348,162322,FINAL,cme_settle_20260623.csv,2026-08-17T06:40:00
2026-06-23,NQM27,23282.25,23474.25,23014.25,23290.5,155512,94604,final,cme_settle_20260623.csv,2026-08-17T06:40:00
20260623,CLN26,69.38,70.34,69.17,69.52,393120,456645,FINAL,cme_settle_20260623.csv,2026-08-17T06:40:00
20260623,CLQ26,68.96,69.3,68.54,69.21,269639,274543,FINAL,cme_settle_20260623.csv,2026-08-17T06:40:00
06/23/26,CLU26,68.86,69.39,68.23,68.89,160786,125659,FINAL,cme_settle_20260623.csv,2026-08-17T06:40:00
20260623,CLV26,68.9,69.09,68.27,68.58,101016,48919,Final,cme_settle_20260623.csv,2026-08-17T06:40:00
2026-06-23,CLX26,68.08,68.37,67.94,68.27,58506,22753,Final,cme_settle_20260623.csv,2026-08-17T06:40:00
2026-06-23,CLZ26,67.75,68.03,67.54,67.96,39125,11661,final,cme_settle_20260623.csv,2026-08-17T06:40:00
06/23/2026,CLF27,67.53,68.15,67.02,67.64,24769,4196,Final,cme_settle_20260623.csv,2026-08-17T06:40:00
20260623,CLG27,67.09,67.76,66.55,67.33,12226,1198,Final,cme_settle_20260623.csv,2026-08-17T06:40:00
2026-06-23,CL H27,67.16,67.67,66.37,67.02,8471,695,Final,cme_settle_20260623.csv,2026-08-17T06:40:00
2026-06-23,CLJ27,66.73,66.79,65.91,66.7,6143,385,final,cme_settle_20260623.csv,2026-08-17T06:40:00
06/23/2026,CLK27,66.4,66.96,66.08,66.39,3512,153,Final,cme_settle_20260623.csv,2026-08-17T06:40:00
2026-06-23,CL M27,66.18,66.81,65.85,66.08,1823,51,Final,cme_settle_20260623.csv,2026-08-17T06:40:00
2026-06-23,GCQ26,"2,771.20",2787.9,2771.2,2778.6,164120,245462,FINAL,cme_settle_20260623.csv,2026-08-17T06:40:00
20260623,GCZ26,2782,2816.6,2767.1,2783.6,107140,104347,final,cme_settle_20260623.csv,2026-08-17T06:40:00
2026-06-23,GCG27,2791.9,"2,816.50",2770.7,2788.6,63314,36619,Final,cme_settle_20260623.csv,2026-08-17T06:40:00
20260623,GCJ27,2785.8,2816.1,2768.2,2793.6,41250,22295,final,cme_settle_20260623.csv,2026-08-17T06:40:00
2026-06-23,GCM27,2785.9,2803.4,"2,781.10",2798.6,29685,10713,final,cme_settle_20260623.csv,2026-08-17T06:40:00
2026-06-23,ZBU26,114.1562,115.125,112.66,113.875,87346,126758,final,cme_settle_20260623.csv,2026-08-17T06:40:00
2026-06-23,ZBZ26,114.4688,114.59,113.2188,113.9688,69057,74244,FINAL,cme_settle_20260623.csv,2026-08-17T06:40:00
2026-06-23,ZBH27,113.5938,115.0625,113.19,114.0625,41054,28991,Final,cme_settle_20260623.csv,2026-08-17T06:40:00
2026-06-23,ZBH27,113.5938,115.0625,113.19,114.0625,41054,28991,Final,cme_settle_20260623.csv,2026-08-17T06:41:12
20260623,ZBM27,114.5,114.5,113.875,114.1562,26647,16168,Final,cme_settle_20260623.csv,2026-08-17T06:40:00
2026-06-24,esu26,5907.75,5909.25,5846.25,5891,1485602,2309931,Final,cme_settle_20260624.csv,2026-08-17T06:40:00
2026-06-24,ESZ26,5900.5,5959,5862.75,5901.5,878941,923605,Final,cme_settle_20260624.csv,2026-08-17T06:40:00
06/24/2026,ESH27,5937,5982.5,5842.5,5912.25,"648,522",553956,Final,cme_settle_20260624.csv,2026-08-17T06:40:00
2026-06-24,ESM27,5941,5985.5,5907.75,"5,922.75",403016,163042,Final,cme_settle_20260624.csv,2026-08-17T06:40:00
2026-06-24,NQ U26,23152.25,23263.75,22899.25,23175.5,594411,"981,636",FINAL,cme_settle_20260624.csv,2026-08-17T06:40:00
2026-06-24,NQZ26,23200.75,23452.5,"23,179.50",23217.25,452855,495892,Final,cme_settle_20260624.csv,2026-08-17T06:40:00
06/24/2026,NQH27,"23,285.75",23481.75,23203.75,23259,269513,217547,FINAL,cme_settle_20260624.csv,2026-08-17T06:40:00
2026-06-24,NQM27,23263.75,23526.75,23230.25,23300.75,"163,085",72988,final,cme_settle_20260624.csv,2026-08-17T06:40:00
2026-06-24,CLN26,70.64,71.24,70.64,70.74,420438,602568,final,cme_settle_20260624.csv,2026-08-17T06:40:00
20260624,clq26,70.59,71.09,69.77,70.42,294595,"365,615",Final,cme_settle_20260624.csv,2026-08-17T06:40:00
20260624,CLU26,70,70.37,69.7,70.1,144734,109552,FINAL,cme_settle_20260624.csv,2026-08-17T06:40:00
06/24/2026,CL V26,69.92,70.19,69.38,69.79,96192,"45,806",FINAL,cme_settle_20260624.csv,2026-08-17T06:40:00
2026-06-24,CLX26,69.82,69.82,69.35,69.47,64027,20803,Final,cme_settle_20260624.csv,2026-08-17T06:40:00
2026-06-24,CLZ26,69.4,69.4,68.62,69.15,38921,9104,final,cme_settle_20260624.csv,2026-08-17T06:40:00
2026-06-24,CLF27,68.9,69.63,68.3,68.83,19216,"4,128",FINAL,cme_settle_20260624.csv,2026-08-17T06:40:00
06/24/2026,CLG27,68.57,69.29,68.35,68.51,14553,1604,final,cme_settle_20260624.csv,2026-08-17T06:40:00
2026-06-24,CLH27,68.19,68.93,67.99,68.19,8292,602,Final,cme_settle_20260624.csv,2026-08-17T06:40:00
06/24/2026,clj27,67.96,68.5,67.46,67.88,4618,282,final,cme_settle_20260624.csv,2026-08-17T06:40:00
2026-06-24,CL K27,67.30,68.2,66.89,67.56,3933,153,FINAL,cme_settle_20260624.csv,2026-08-17T06:40:00
2026-06-24,CLM27,67.49,67.49,66.54,67.24,2295,52,final,cme_settle_20260624.csv,2026-08-17T06:40:00
06/24/26,gcq26,2827.8,2862,2816.4,2834.5,199922,305235,final,cme_settle_20260624.csv,2026-08-17T06:40:00
2026-06-24,GCZ26,2831.9,2855.8,2822.1,2839.6,97481,"122,797",FINAL,cme_settle_20260624.csv,2026-08-17T06:40:00
2026-06-24,GCG27,2840.3,2857.3,2840.3,2844.7,70857,43588,final,cme_settle_20260624.csv,2026-08-17T06:40:00
2026-06-24,GCJ27,2844.1,2865.7,2839.7,2849.8,48627,29301,FINAL,cme_settle_20260624.csv,2026-08-17T06:40:00
06/24/2026,GCM27,"2,855.70","2,859.90",2835.3,2854.9,24892,8240,FINAL,cme_settle_20260624.csv,2026-08-17T06:40:00
06/24/26,ZBU26,114,114.5,113.1875,114.0625,94033,108606,final,cme_settle_20260624.csv,2026-08-17T06:40:00
20260624,ZBZ26,114.375,114.875,113.0625,114.1562,62401,51933,FINAL,cme_settle_20260624.csv,2026-08-17T06:40:00
20260624,ZBH27,113.78,114.75,113.78,114.25,38553,28082,FINAL,cme_settle_20260624.csv,2026-08-17T06:40:00
06/24/26,ZBM27,114.125,114.8438,113.875,114.3438,25634,12462,FINAL,cme_settle_20260624.csv,2026-08-17T06:40:00
06/25/2026,ESU26,"5,935.75","6,006.75",5879.25,5939.75,1652099,2808310,Final,cme_settle_20260625.csv,2026-08-17T06:40:00
2026-06-25,ESZ26,5945.25,5979.75,5915.25,5950.5,976315,1045576,FINAL,cme_settle_20260625.csv,2026-08-17T06:40:00
06/25/26,ESH27,5957.5,6007,5904,5961.25,571965,352406,FINAL,cme_settle_20260625.csv,2026-08-17T06:40:00
2026-06-25,ESM27,5968,6014.25,5961.25,5971.75,391723,184752,final,cme_settle_20260625.csv,2026-08-17T06:40:00
2026-06-25,NQU26,22763.25,23010.25,22563.25,"22,772.50",577514,854789,Final,cme_settle_20260625.csv,2026-08-17T06:40:00
06/25/2026,NQZ26,22740.75,22875,22740.75,22813.5,433499,465714,FINAL,cme_settle_20260625.csv,2026-08-17T06:40:00
06/25/2026,NQH27,"22,921.00",22921,22646,22854.5,263221,217172,FINAL,cme_settle_20260625.csv,2026-08-17T06:40:00
2026-06-25,NQ M27,22984.25,23084.75,22720.75,22895.5,123117,60455,Final,cme_settle_20260625.csv,2026-08-17T06:40:00
20260625,CLN26,69.85,70.14,69.54,69.98,465834,719105,Final,cme_settle_20260625.csv,2026-08-17T06:40:00
20260625,CLQ26,69.98,69.98,69.38,69.67,251806,290001,Final,cme_settle_20260625.csv,2026-08-17T06:40:00
06/25/2026,CLU26,69.12,69.7,69.12,69.35,160581,124935,final,cme_settle_20260625.csv,2026-08-17T06:40:00
06/25/2026,CLV26,69.03,69.43,68.59,69.04,86361,42354,FINAL,cme_settle_20260625.csv,2026-08-17T06:40:00
20260625,CLX26,68.82,69.21,68.62,68.72,"54,477",22495,final,cme_settle_20260625.csv,2026-08-17T06:40:00
2026-06-25,CL Z26,68.14,68.53,67.76,68.41,42509,8381,FINAL,cme_settle_20260625.csv,2026-08-17T06:40:00
2026-06-25,CL F27,68.4,68.4,67.82,68.09,24000,3272,Final,cme_settle_20260625.csv,2026-08-17T06:40:00
2026-06-25,CL G27,67.77,67.91,67.7,67.78,15263,1947,FINAL,cme_settle_20260625.csv,2026-08-17T06:40:00
2026-06-25,CLH27,67.24,67.66,66.79,67.46,8611,586,final,cme_settle_20260625.csv,2026-08-17T06:40:00
2026-06-25,CLJ27,67.43,67.77,66.61,67.15,5488,357,FINAL,cme_settle_20260625.csv,2026-08-17T06:40:00
2026-06-25,clk27,67.06,67.36,66.16,66.83,3399,143,Final,cme_settle_20260625.csv,2026-08-17T06:40:00
06/25/26,CLM27,66.5,66.97,66.21,66.52,1797,63,Final,cme_settle_20260625.csv,2026-08-17T06:40:00
2026-06-25,GCQ26,2830.9,2851.6,2821.7,2840.3,211937,304660,final,cme_settle_20260625.csv,2026-08-17T06:40:00
06/25/2026,GC Z26,2854.5,2860.4,2830.6,2845.4,112332,126525,final,cme_settle_20260625.csv,2026-08-17T06:40:00
2026-06-25,GCG27,2846.6,2857.4,2817,2850.5,72872,58982,FINAL,cme_settle_20260625.csv,2026-08-17T06:40:00
06/25/2026,GC J27,2851.3,2865.9,"2,846.60",2855.6,39172,23704,final,cme_settle_20260625.csv,2026-08-17T06:40:00
2026-06-25,GCM27,"2,863.70",2882.8,2834.3,"2,860.80",27366,8414,final,cme_settle_20260625.csv,2026-08-17T06:40:00
20260625,ZBU26,114.97,115.0938,114.375,114.7188,77944,137644,Final,cme_settle_20260625.csv,2026-08-17T06:40:00
2026-06-25,ZB Z26,114.9688,116.0938,114.0312,114.8125,52665,65384,FINAL,cme_settle_20260625.csv,2026-08-17T06:40:00
2026-06-25,ZBH27,114.7188,115.8125,113.875,114.91,32528,"27,074",Final,cme_settle_20260625.csv,2026-08-17T06:40:00
2026-06-25,ZB M27,114.8125,115.25,114.7188,115,18931,11122,FINAL,cme_settle_20260625.csv,2026-08-17T06:40:00
06/26/2026,ESU26,5976,6001.75,5966,5979.25,1200341,1453656,Final,cme_settle_20260626.csv,2026-08-17T06:40:00
2026-06-26,ESZ26,5961.75,5998,"5,961.75",5990,944739,845425,Final,cme_settle_20260626.csv,2026-08-17T06:40:00
20260626,ESH27,6026,6026,5976.25,6000.75,645957,496871,Final,cme_settle_20260626.csv,2026-08-17T06:40:00
2026-06-26,ESM27,6037.75,6078,"5,972.25",6011.5,374987,166559,final,cme_settle_20260626.csv,2026-08-17T06:40:00
06/26/26,NQU26,22676.5,22904.5,22472,22677.5,589503,1043722,FINAL,cme_settle_20260626.csv,2026-08-17T06:40:00
06/26/2026,NQZ26,"22,801.50",22856.5,22553.75,22718.25,386827,"457,112",FINAL,cme_settle_20260626.csv,2026-08-17T06:40:00
2026-06-26,NQ H27,22796.5,22987,22547.5,22759.25,269804,203310,final,cme_settle_20260626.csv,2026-08-17T06:40:00
06/26/26,NQM27,"22,891.50",22961,22691.75,"22,800.00",174033,105784,FINAL,cme_settle_20260626.csv,2026-08-17T06:40:00
2026-06-26,CLN26,69.52,70.33,69.52,69.78,457947,576170,FINAL,cme_settle_20260626.csv,2026-08-17T06:40:00
2026-06-26,CLQ26,69.71,69.71,68.82,69.47,296240,357868,FINAL,cme_settle_20260626.csv,2026-08-17T06:40:00
06/26/2026,CLU26,69.4,69.4,68.41,69.15,167965,"106,659",Final,cme_settle_20260626.csv,2026-08-17T06:40:00
06/26/26,CLV26,68.58,69.56,68.58,68.84,81497,51649,final,cme_settle_20260626.csv,2026-08-17T06:40:00
2026-06-26,CLX26,68.7,69.28,67.97,68.52,55956,19666,Final,cme_settle_20260626.csv,2026-08-17T06:40:00
20260626,CLZ26,68.2,68.92,67.79,68.21,37916,7796,FINAL,cme_settle_20260626.csv,2026-08-17T06:40:00
20260626,CLF27,68.09,68.45,67.6,67.9,20644,3409,final,cme_settle_20260626.csv,2026-08-17T06:40:00
2026-06-26,CLG27,67.58,68.28,66.96,67.58,16270,2122,Final,cme_settle_20260626.csv,2026-08-17T06:40:00
2026-06-26,CLH27,67.21,67.44,66.65,67.27,9716,844,Final,cme_settle_20260626.csv,2026-08-17T06:40:00
2026-06-26,CLJ27,66.67,67.65,66.52,66.95,6096,319,Final,cme_settle_20260626.csv,2026-08-17T06:40:00
2026-06-26,CLK27,66.89,67.35,66.11,66.64,3432,136,Final,cme_settle_20260626.csv,2026-08-17T06:40:00
2026-06-26,clm27,66.4,67.03,66.19,66.33,2128,69,final,cme_settle_20260626.csv,2026-08-17T06:40:00
2026-06-26,GCQ26,2814.6,2842.1,2801.5,2814.9,160396,247739,Final,cme_settle_20260626.csv,2026-08-17T06:40:00
2026-06-26,GCZ26,2810.2,2827.6,2810.2,2820,106602,92287,FINAL,cme_settle_20260626.csv,2026-08-17T06:40:00
2026-06-26,GCG27,2818.9,2853.3,2792.8,2825,69103,60956,FINAL,cme_settle_20260626.csv,2026-08-17T06:40:00
06/26/26,GCJ27,2826.5,2863.1,2802.8,2830.1,41724,22050,final,cme_settle_20260626.csv,2026-08-17T06:40:00
06/26/2026,GCM27,"2,832.90",2856.1,2802.1,2835.2,24696,10154,FINAL,cme_settle_20260626.csv,2026-08-17T06:40:00
20260626,ZBU26,114.9062,114.9062,113.7812,114.4688,97704,152237,Final,cme_settle_20260626.csv,2026-08-17T06:40:00
20260626,ZBZ26,114.4062,114.7188,113.3125,114.5625,"59,882",67166,FINAL,cme_settle_20260626.csv,2026-08-17T06:40:00
2026-06-26,ZBH27,115.16,115.6875,114.1875,114.6562,39254,31355,Final,cme_settle_20260626.csv,2026-08-17T06:40:00
2026-06-26,ZB M27,114.7812,115.5625,114.1562,114.75,23903,14892,final,cme_settle_20260626.csv,2026-08-17T06:40:00
2026-06-29,ESU26,5983,6012.75,5919,5971,1608888,2682665,FINAL,cme_settle_20260629.csv,2026-08-17T06:40:00
20260629,ESZ26,5981.5,6032.75,5921,5981.75,946977,852393,final,cme_settle_20260629.csv,2026-08-17T06:40:00
06/29/26,ESH27,5980.75,6033.25,5964.25,5992.5,570719,382500,final,cme_settle_20260629.csv,2026-08-17T06:40:00
06/29/2026,ESM27,6029.75,"6,029.75",5949.75,6003.25,333554,183914,Final,cme_settle_20260629.csv,2026-08-17T06:40:00
06/29/26,NQU26,22576,22814,22576,22661.75,601764,1111578,Final,cme_settle_20260629.csv,2026-08-17T06:40:00
2026-06-29,NQZ26,22695.25,"22,771.50",22443.25,22702.5,368307,385034,final,cme_settle_20260629.csv,2026-08-17T06:40:00
20260629,NQH27,22840.75,22890,22531.5,22743.25,280314,250610,Final,cme_settle_20260629.csv,2026-08-17T06:40:00
2026-06-29,NQM27,"22,824.25",22922.25,22607.25,22784,173344,102740,Final,cme_settle_20260629.csv,2026-08-17T06:40:00
2026-06-29,CLN26,70.01,70.42,69.36,70.03,425004,"552,668",FINAL,cme_settle_20260629.csv,2026-08-17T06:40:00
2026-06-29,CLQ26,69.96,69.97,69.42,69.71,271129,275557,final,cme_settle_20260629.csv,2026-08-17T06:40:00
2026-06-29,CLU26,69.27,69.71,69.22,69.4,164829,106191,final,cme_settle_20260629.csv,2026-08-17T06:40:00
20260629,CLV26,69.23,69.52,68.7,69.08,115130,50559,FINAL,cme_settle_20260629.csv,2026-08-17T06:40:00
2026-06-29,CL X26,68.79,68.95,68.4,68.77,60388,17061,FINAL,cme_settle_20260629.csv,2026-08-17T06:40:00
06/29/26,clz26,68.4,68.65,68.09,68.45,32594,6372,Final,cme_settle_20260629.csv,2026-08-17T06:40:00
2026-06-29,CLF27,68.09,68.48,67.49,68.14,25229,4955,FINAL,cme_settle_20260629.csv,2026-08-17T06:40:00
2026-06-29,CLG27,67.51,68.07,67.51,67.82,12412,1889,FINAL,cme_settle_20260629.csv,2026-08-17T06:40:00
2026-06-29,CLH27,67.52,67.88,66.96,67.51,7989,557,FINAL,cme_settle_20260629.csv,2026-08-17T06:40:00
2026-06-29,CL J27,66.93,67.36,66.92,67.19,6332,427,Final,cme_settle_20260629.csv,2026-08-17T06:40:00
2026-06-29,CL J27,66.93,67.36,66.92,67.19,6332,427,Final,cme_settle_20260629.csv,2026-08-17T06:41:12
2026-06-29,CLK27,67.01,67.01,66.21,66.88,3394,115,Final,cme_settle_20260629.csv,2026-08-17T06:40:00
2026-06-29,CLM27,66.41,66.64,66.39,66.56,2333,82,Final,cme_settle_20260629.csv,2026-08-17T06:40:00
2026-06-29,GCQ26,2784.3,2809.7,2758.2,2790.7,157014,192466,FINAL,cme_settle_20260629.csv,2026-08-17T06:40:00
2026-06-29,GCZ26,2801.6,"2,818.60",2764.1,2795.7,103749,127044,FINAL,cme_settle_20260629.csv,2026-08-17T06:40:00
2026-06-29,GCG27,2797,"2,813.20",2788.9,2800.7,61796,39869,final,cme_settle_20260629.csv,2026-08-17T06:40:00
20260629,GCJ27,2804.7,2828.6,2775.1,2805.8,49525,19927,Final,cme_settle_20260629.csv,2026-08-17T06:40:00
2026-06-29,GCM27,2817.7,2841.8,2802.4,2810.8,23954,7468,final,cme_settle_20260629.csv,2026-08-17T06:40:00
20260629,ZBU26,114.44,116.0938,114.3438,114.75,94780,158059,Final,cme_settle_20260629.csv,2026-08-17T06:40:00
06/29/2026,ZBZ26,114.6875,115.6875,114.6875,114.84,63511,53417,Final,cme_settle_20260629.csv,2026-08-17T06:40:00
06/29/26,ZBH27,115.03,115.25,114.5,114.9375,42996,29462,final,cme_settle_20260629.csv,2026-08-17T06:40:00
06/29/2026,ZBM27,115.2188,115.9688,114.1875,115.0312,18666,9773,Final,cme_settle_20260629.csv,2026-08-17T06:40:00
2026-06-30,ESU26,6059.5,6059.5,5994.25,6037.75,"1,575,080",2869196,Final,cme_settle_20260630.csv,2026-08-17T06:40:00
2026-06-30,ESZ26,6021.25,6059,6007,6048.5,922228,1110496,Final,cme_settle_20260630.csv,2026-08-17T06:40:00
06/30/2026,ESH27,6046,6098.5,5990,6059.5,550344,402794,Final,cme_settle_20260630.csv,2026-08-17T06:40:00
06/30/26,ESM27,6078.5,6140.75,6027.5,6070.25,333288,"166,196",FINAL,cme_settle_20260630.csv,2026-08-17T06:40:00
06/30/2026,NQU26,22379.5,22532.25,22219.75,22282.75,"590,625",778509,final,cme_settle_20260630.csv,2026-08-17T06:40:00
2026-06-30,NQZ26,22253.25,22474,22211.75,22322.75,351974,423119,final,cme_settle_20260630.csv,2026-08-17T06:40:00
06/30/2026,NQH27,22462.5,22613.75,22258.75,22363,227501,205051,FINAL,cme_settle_20260630.csv,2026-08-17T06:40:00
06/30/2026,NQM27,22348,22440.5,22227.75,22403,165974,89842,FINAL,cme_settle_20260630.csv,2026-08-17T06:40:00
2026-06-30,CLN26,72.16,72.31,71.92,72.18,436308,566773,final,cme_settle_20260630.csv,2026-08-17T06:40:00
2026-06-30,CLQ26,71.7,71.97,71.47,71.86,224727,256835,FINAL,cme_settle_20260630.csv,2026-08-17T06:40:00
06/30/2026,CLU26,71.26,72.05,70.8,71.53,150136,107881,final,cme_settle_20260630.csv,2026-08-17T06:40:00
2026-06-30,CLV26,70.89,71.94,70.86,71.21,108658,54322,FINAL,cme_settle_20260630.csv,2026-08-17T06:40:00
2026-06-30,CLX26,71.18,71.18,70.22,70.88,54294,"20,838",final,cme_settle_20260630.csv,2026-08-17T06:40:00
2026-06-30,CLZ26,70.53,71.09,70.38,70.56,40713,8769,final,cme_settle_20260630.csv,2026-08-17T06:40:00
2026-06-30,CL F27,70.41,70.55,69.7,70.23,25858,"4,642",FINAL,cme_settle_20260630.csv,2026-08-17T06:40:00
06/30/2026,CLG27,69.76,70.18,69.22,69.91,15891,2048,final,cme_settle_20260630.csv,2026-08-17T06:40:00
06/30/2026,CLH27,69.82,69.82,68.86,69.58,10363,955,FINAL,cme_settle_20260630.csv,2026-08-17T06:40:00
06/30/2026,clj27,69.19,69.47,68.78,69.26,5983,284,final,cme_settle_20260630.csv,2026-08-17T06:40:00
2026-06-30,CLK27,68.67,69,68.24,68.93,3173,165,final,cme_settle_20260630.csv,2026-08-17T06:40:00
06/30/26,CL M27,68.53,69.18,67.96,68.61,1813,52,FINAL,cme_settle_20260630.csv,2026-08-17T06:40:00
2026-06-30,GC Q26,2791,2823.3,2791,"2,802.90",199187,263899,Final,cme_settle_20260630.csv,2026-08-17T06:40:00
2026-06-30,GCZ26,2805.1,2830.3,2789.3,2807.9,128177,113574,final,cme_settle_20260630.csv,2026-08-17T06:40:00
2026-06-30,GC G27,2799.3,2827.9,2799.3,2813,62175,39238,FINAL,cme_settle_20260630.csv,2026-08-17T06:40:00
06/30/2026,GCJ27,2819.9,2843.4,2801.2,2818,44638,24755,FINAL,cme_settle_20260630.csv,2026-08-17T06:40:00
2026-06-30,GCM27,2817.2,2844.8,2804.9,2823.1,23342,8731,Final,cme_settle_20260630.csv,2026-08-17T06:40:00
20260630,ZBU26,114.625,114.625,114.0312,114.25,107131,154111,final,cme_settle_20260630.csv,2026-08-17T06:40:00
2026-06-30,ZBZ26,114.5,115.125,113.4688,114.3438,69071,72981,Final,cme_settle_20260630.csv,2026-08-17T06:40:00
06/30/2026,ZB H27,114.6562,115.0625,114.2812,114.4375,37920,22691,FINAL,cme_settle_20260630.csv,2026-08-17T06:40:00
2026-06-30,ZBM27,114.9062,114.9062,113.625,114.5312,22782,13814,FINAL,cme_settle_20260630.csv,2026-08-17T06:40:00
2026-07-01,ESU26,6030.5,"6,064.25",6022.25,6032,1646657,2955411,final,cme_settle_20260701.csv,2026-08-17T06:40:00
2026-07-01,ESZ26,6035.75,6051.5,6000,6042.75,910941,930157,final,cme_settle_20260701.csv,2026-08-17T06:40:00
2026-07-01,esh27,6026.5,6086,6012.5,"6,053.75",639634,454028,final,cme_settle_20260701.csv,2026-08-17T06:40:00
20260701,ESM27,6082.25,6085.25,5994,6064.5,289811,131092,final,cme_settle_20260701.csv,2026-08-17T06:40:00
07/01/2026,NQU26,22126.25,22351,22027,22223,539105,724318,Final,cme_settle_20260701.csv,2026-08-17T06:40:00
07/01/2026,NQZ26,22174.75,22330.75,22132,22263,395599,380305,final,cme_settle_20260701.csv,2026-08-17T06:40:00
2026-07-01,nqh27,22200.25,22542.25,22200.25,22303,232020,132441,Final,cme_settle_20260701.csv,2026-08-17T06:40:00
07/01/2026,NQM27,22382,22533,"22,220.75","22,343.00",164818,93721,Final,cme_settle_20260701.csv,2026-08-17T06:40:00
07/01/2026,NQM27,22382,22533,"22,220.75","22,343.00",164818,93721,Final,cme_settle_20260701.csv,2026-08-17T06:41:12
07/01/2026,CLN26,72.32,72.54,71.89,72.03,406972,469764,Final,cme_settle_20260701.csv,2026-08-17T06:40:00
07/01/2026,CLQ26,71.58,72.21,70.86,71.71,219905,184640,final,cme_settle_20260701.csv,2026-08-17T06:40:00
2026-07-01,CLU26,71.05,72.12,70.67,71.38,148335,93566,FINAL,cme_settle_20260701.csv,2026-08-17T06:40:00
07/01/26,CLV26,71.32,71.32,70.39,71.06,94573,44312,final,cme_settle_20260701.csv,2026-08-17T06:40:00
07/01/2026,clx26,70.67,70.91,70.08,70.73,68934,29525,Final,cme_settle_20260701.csv,2026-08-17T06:40:00
20260701,CLZ26,70.1,70.59,69.63,70.41,39363,10131,Final,cme_settle_20260701.csv,2026-08-17T06:40:00
2026-07-01,CLF27,70.37,70.9,69.34,70.09,25376,5266,Final,cme_settle_20260701.csv,2026-08-17T06:40:00
2026-07-01,CL G27,69.78,69.91,68.94,69.76,12909,1959,FINAL,cme_settle_20260701.csv,2026-08-17T06:40:00
2026-07-01,CL H27,69.58,69.9,68.62,69.44,9963,874,Final,cme_settle_20260701.csv,2026-08-17T06:40:00
2026-07-01,CLJ27,69.06,69.28,68.48,69.11,"5,638",332,Final,cme_settle_20260701.csv,2026-08-17T06:40:00
07/01/2026,CLK27,68.64,69.36,68.64,68.79,"3,954",129,FINAL,cme_settle_20260701.csv,2026-08-17T06:40:00
2026-07-01,CLM27,68.19,68.58,68.11,68.46,1975,55,FINAL,cme_settle_20260701.csv,2026-08-17T06:40:00
07/01/2026,GCQ26,2787.6,2809.7,2757.2,2777.6,155888,204589,Final,cme_settle_20260701.csv,2026-08-17T06:40:00
2026-07-01,GCZ26,2782.4,"2,813.10",2774.4,2782.6,"113,782",131475,Final,cme_settle_20260701.csv,2026-08-17T06:40:00
2026-07-01,GCG27,2796,2809.2,2773.9,2787.6,70014,53231,Final,cme_settle_20260701.csv,2026-08-17T06:40:00
2026-07-01,gcj27,"2,786.50",2809.4,2781.3,2792.6,36482,20841,FINAL,cme_settle_20260701.csv,2026-08-17T06:40:00
2026-07-01,GCM27,2792.9,2815.3,2773.8,2797.6,29425,"9,844",final,cme_settle_20260701.csv,2026-08-17T06:40:00
2026-07-01,ZBU26,115.1875,115.8438,114.1875,115,"98,452",166092,Final,cme_settle_20260701.csv,2026-08-17T06:40:00
2026-07-01,zbz26,114.8438,115.4688,114.4062,115.0938,61760,72950,FINAL,cme_settle_20260701.csv,2026-08-17T06:40:00
07/01/26,zbh27,115.1562,116.0625,114.3438,115.1875,42290,31317,FINAL,cme_settle_20260701.csv,2026-08-17T06:40:00
2026-07-01,ZBM27,114.7188,116.375,114.7188,115.2812,18820,7598,FINAL,cme_settle_20260701.csv,2026-08-17T06:40:00
07/02/26,ESU26,5987,6052,5987,6000.25,1380605,2062964,final,cme_settle_20260702.csv,2026-08-17T06:40:00
07/02/2026,ESZ26,6010.75,6037,6001.5,6011,877446,1037228,FINAL,cme_settle_20260702.csv,2026-08-17T06:40:00
20260702,ESH27,6009.25,6031,5968.5,6021.75,488560,352932,final,cme_settle_20260702.csv,2026-08-17T06:40:00
2026-07-02,ESM27,6041.25,6083.75,6010.5,6032.75,315265,185766,Final,cme_settle_20260702.csv,2026-08-17T06:40:00
2026-07-02,NQU26,22250.5,22360.75,22146,22299,566682,985480,FINAL,cme_settle_20260702.csv,2026-08-17T06:40:00
2026-07-02,NQZ26,22341.5,22454.75,22162.5,"22,339.25",351781,344767,final,cme_settle_20260702.csv,2026-08-17T06:40:00
2026-07-02,nqh27,22372.25,22620.25,22309.25,22379.25,257961,159036,FINAL,cme_settle_20260702.csv,2026-08-17T06:40:00
07/02/26,NQM27,22440,22468.75,22166.75,22419.5,125051,59431,FINAL,cme_settle_20260702.csv,2026-08-17T06:40:00
07/02/2026,CLN26,71.35,71.65,71.19,71.52,389406,482869,final,cme_settle_20260702.csv,2026-08-17T06:40:00
2026-07-02,CLQ26,71.53,71.53,70.67,71.2,237358,240435,final,cme_settle_20260702.csv,2026-08-17T06:40:00
07/02/26,CLU26,70.75,71.55,70.75,70.88,147927,93994,Final,cme_settle_20260702.csv,2026-08-17T06:40:00
2026-07-02,CLV26,70.46,70.72,69.97,70.55,81230,47625,Final,cme_settle_20260702.csv,2026-08-17T06:40:00
07/02/2026,CLX26,70.23,70.68,69.42,70.23,57007,24613,final,cme_settle_20260702.csv,2026-08-17T06:40:00
2026-07-02,CL Z26,69.9,70.52,69.45,69.91,35643,8065,FINAL,cme_settle_20260702.csv,2026-08-17T06:40:00
2026-07-02,CL F27,69.45,70.05,68.86,69.59,22336,4000,Final,cme_settle_20260702.csv,2026-08-17T06:40:00
2026-07-02,clg27,68.99,69.95,68.45,69.27,15226,1696,Final,cme_settle_20260702.csv,2026-08-17T06:40:00
20260702,CLH27,69.19,69.45,68.87,68.95,7638,640,Final,cme_settle_20260702.csv,2026-08-17T06:40:00
2026-07-02,CLJ27,68.55,68.91,67.89,68.62,6137,407,Final,cme_settle_20260702.csv,2026-08-17T06:40:00
07/02/2026,CLK27,68.27,69.08,68.18,68.3,3451,148,Final,cme_settle_20260702.csv,2026-08-17T06:40:00
2026-07-02,CLM27,68.12,68.57,67.83,67.98,2461,66,final,cme_settle_20260702.csv,2026-08-17T06:40:00
20260702,GC Q26,2769.6,"2,793.30",2747,2777.1,203533,348186,FINAL,cme_settle_20260702.csv,2026-08-17T06:40:00
2026-07-02,GCZ26,2789.5,2809.8,2770.5,2782.1,95624,96125,Final,cme_settle_20260702.csv,2026-08-17T06:40:00
2026-07-02,GCG27,2797.4,2797.4,2757.8,2787.1,59795,34020,Final,cme_settle_20260702.csv,2026-08-17T06:40:00
2026-07-02,GCJ27,2791.6,2823.5,2771.5,2792.1,49808,24936,final,cme_settle_20260702.csv,2026-08-17T06:40:00
07/02/2026,GCM27,2794.8,2815.9,"2,770.20",2797.1,"29,350",11633,FINAL,cme_settle_20260702.csv,2026-08-17T06:40:00
07/02/26,ZBU26,115.4062,115.8125,115.25,115.375,84524,"134,361",final,cme_settle_20260702.csv,2026-08-17T06:40:00
2026-07-02,ZBZ26,115.53,115.8125,114.7812,115.47,50660,41435,final,cme_settle_20260702.csv,2026-08-17T06:40:00
20260702,ZBH27,116.125,116.9375,114.9688,115.5625,40851,26210,final,cme_settle_20260702.csv,2026-08-17T06:40:00
2026-07-02,ZBM27,115.69,116.81,115.1562,115.66,26697,14418,FINAL,cme_settle_20260702.csv,2026-08-17T06:40:00
07/06/2026,ESU26,5956.75,6031.25,"5,922.50",5975.75,"1,252,286",1952364,Final,cme_settle_20260706.csv,2026-08-17T06:40:00
2026-07-06,ESZ26,5984,6023,5937.75,5986.5,1026407,1085821,FINAL,cme_settle_20260706.csv,2026-08-17T06:40:00
2026-07-06,ES H27,6015,"6,025.50",5936.5,5997.25,513839,301363,Final,cme_settle_20260706.csv,2026-08-17T06:40:00
07/06/2026,ESM27,6013.25,6036.25,6001.5,6008,323747,180774,Final,cme_settle_20260706.csv,2026-08-17T06:40:00
07/06/26,NQU26,22098.5,"22,331.00",22098.5,22186.25,596194,871468,Final,cme_settle_20260706.csv,2026-08-17T06:40:00
20260706,NQZ26,22138.75,22311.75,22057.75,22226.25,321571,409254,Final,cme_settle_20260706.csv,2026-08-17T06:40:00
07/06/2026,NQH27,22305.75,22305.75,22135,22266,227831,148420,final,cme_settle_20260706.csv,2026-08-17T06:40:00
2026-07-06,NQM27,22375.5,22375.5,22135.25,22306,154178,96269,Final,cme_settle_20260706.csv,2026-08-17T06:40:00
2026-07-06,cln26,69.85,70.11,69.85,70,382993,562294,final,cme_settle_20260706.csv,2026-08-17T06:40:00
2026-07-06,CLQ26,69.54,69.76,69.18,69.68,298726,304666,final,cme_settle_20260706.csv,2026-08-17T06:40:00
07/06/26,CLU26,69.56,69.56,69.28,69.37,180455,110324,final,cme_settle_20260706.csv,2026-08-17T06:40:00
07/06/2026,CLV26,68.72,69.18,68.72,69.06,97143,42623,final,cme_settle_20260706.csv,2026-08-17T06:40:00
2026-07-06,clx26,68.89,68.89,68.32,68.74,"66,593",22647,FINAL,cme_settle_20260706.csv,2026-08-17T06:40:00
2026-07-06,CLZ26,68.51,69.17,67.78,68.42,43106,8702,final,cme_settle_20260706.csv,2026-08-17T06:40:00
2026-07-06,CLF27,67.8,68.2,67.67,68.11,25825,"5,230",FINAL,cme_settle_20260706.csv,2026-08-17T06:40:00
07/06/26,CLG27,67.67,68.51,67.35,67.8,15651,1553,Final,cme_settle_20260706.csv,2026-08-17T06:40:00
2026-07-06,CLH27,67.47,67.81,67.03,67.48,7941,551,Final,cme_settle_20260706.csv,2026-08-17T06:40:00
2026-07-06,CLJ27,66.99,67.6,66.63,67.17,5165,279,FINAL,cme_settle_20260706.csv,2026-08-17T06:40:00
2026-07-06,clk27,67.07,67.08,66.69,66.85,3021,110,FINAL,cme_settle_20260706.csv,2026-08-17T06:40:00
07/06/26,CLM27,66.54,66.81,65.93,66.53,1855,60,final,cme_settle_20260706.csv,2026-08-17T06:40:00
07/06/2026,gcq26,2817.5,2820.6,2791.2,2808,172215,198899,Final,cme_settle_20260706.csv,2026-08-17T06:40:00
2026-07-06,GCZ26,2811.2,"2,827.40",2794,"2,813.10",121717,121808,Final,cme_settle_20260706.csv,2026-08-17T06:40:00
2026-07-06,GCG27,2817.8,2830.9,2790,2818.1,67592,45727,final,cme_settle_20260706.csv,2026-08-17T06:40:00
07/06/2026,GCJ27,2824.7,2839.4,2810.7,2823.2,39437,17133,Final,cme_settle_20260706.csv,2026-08-17T06:40:00
2026-07-06,GCM27,2841.2,2841.2,2807.2,"2,828.20",22400,9198,Final,cme_settle_20260706.csv,2026-08-17T06:40:00
20260706,ZBU26,115.28,116.9688,114.4688,115.7188,86076,148443,FINAL,cme_settle_20260706.csv,2026-08-17T06:40:00
07/06/2026,ZB Z26,115.4688,116.0625,114.5312,115.8125,55835,60528,Final,cme_settle_20260706.csv,2026-08-17T06:40:00
2026-07-06,ZBH27,115.7188,116.125,114.8125,115.9062,36539,29520,Final,cme_settle_20260706.csv,2026-08-17T06:40:00
07/06/26,ZBM27,116.1875,116.9688,114.6875,116,25781,13494,Final,cme_settle_20260706.csv,2026-08-17T06:40:00
07/07/26,ESU26,5943.25,5993.5,5918,5948,1326670,1919953,FINAL,cme_settle_20260707.csv,2026-08-17T06:40:00
07/07/26,ESZ26,5965,5996.25,5935,5958.75,928080,"834,072",FINAL,cme_settle_20260707.csv,2026-08-17T06:40:00
2026-07-07,ESH27,5947.25,6022.75,5942.25,5969.5,657067,440756,FINAL,cme_settle_20260707.csv,2026-08-17T06:40:00
20260707,ESM27,5999.5,6034,"5,933.50",5980,362235,221075,FINAL,cme_settle_20260707.csv,2026-08-17T06:40:00
2026-07-07,NQU26,22047.5,22144.75,21802.25,21996.5,728343,1017469,Final,cme_settle_20260707.csv,2026-08-17T06:40:00
2026-07-07,NQZ26,21957,22124.25,21810.25,22036,431199,360964,FINAL,cme_settle_20260707.csv,2026-08-17T06:40:00
07/07/2026,NQH27,"22,173.00",22173,"21,952.75",22075.75,216599,"135,730",Final,cme_settle_20260707.csv,2026-08-17T06:40:00
07/07/2026,NQH27,"22,173.00",22173,"21,952.75",22075.75,216599,"135,730",Final,cme_settle_20260707.csv,2026-08-17T06:41:12
2026-07-07,NQ M27,22160,22179.75,22014.75,22115.25,146923,81563,final,cme_settle_20260707.csv,2026-08-17T06:40:00
07/07/2026,CLN26,70.84,71.41,70.29,70.97,400785,585414,FINAL,cme_settle_20260707.csv,2026-08-17T06:40:00
07/07/2026,clq26,70.42,71.4,70.27,70.65,281528,306240,FINAL,cme_settle_20260707.csv,2026-08-17T06:40:00
07/07/2026,clu26,70.36,70.77,70.15,70.33,161541,115223,Final,cme_settle_20260707.csv,2026-08-17T06:40:00
07/07/2026,CLV26,70.3,70.75,69.34,70.01,84755,51031,FINAL,cme_settle_20260707.csv,2026-08-17T06:40:00
07/07/26,CLX26,69.81,70.33,69.18,69.69,67170,"19,498",Final,cme_settle_20260707.csv,2026-08-17T06:40:00
2026-07-07,CLZ26,69.22,70.11,68.84,69.37,34200,8194,Final,cme_settle_20260707.csv,2026-08-17T06:40:00
2026-07-07,CLZ26,69.22,70.11,68.84,69.37,34200,8194,Final,cme_settle_20260707.csv,2026-08-17T06:41:12
07/07/2026,CLF27,69.01,69.24,68.9,69.05,19568,3661,Final,cme_settle_20260707.csv,2026-08-17T06:40:00
2026-07-07,CLG27,68.9,69.49,68.05,68.73,14347,1405,Final,cme_settle_20260707.csv,2026-08-17T06:40:00
07/07/2026,CLH27,68.35,68.82,67.85,68.42,9420,805,final,cme_settle_20260707.csv,2026-08-17T06:40:00
20260707,CLJ27,68.3,68.78,67.55,68.10,4991,331,FINAL,cme_settle_20260707.csv,2026-08-17T06:40:00
07/07/26,CLK27,67.49,68.08,67.49,67.78,3398,143,Final,cme_settle_20260707.csv,2026-08-17T06:40:00
07/07/26,CL M27,67.75,67.83,66.68,67.46,2194,59,final,cme_settle_20260707.csv,2026-08-17T06:40:00
2026-07-07,GCQ26,2776.5,2785.7,2738.2,2765.8,188905,228913,FINAL,cme_settle_20260707.csv,2026-08-17T06:40:00
2026-07-07,GCZ26,2768.9,"2,775.70","2,741.90",2770.8,107441,88862,FINAL,cme_settle_20260707.csv,2026-08-17T06:40:00
07/07/2026,GCG27,2786.7,2798.1,"2,747.00",2775.8,72179,45632,final,cme_settle_20260707.csv,2026-08-17T06:40:00
07/07/2026,gcj27,2785.6,"2,785.60",2772,2780.7,49042,25903,final,cme_settle_20260707.csv,2026-08-17T06:40:00
2026-07-07,GCM27,2784,2789.2,2781.4,2785.7,25667,10050,FINAL,cme_settle_20260707.csv,2026-08-17T06:40:00
07/07/2026,ZB U26,116.28,116.625,115.0938,115.8438,97225,132858,final,cme_settle_20260707.csv,2026-08-17T06:40:00
2026-07-07,ZBZ26,116.4062,117.125,114.8125,115.9375,56291,60914,Final,cme_settle_20260707.csv,2026-08-17T06:40:00
2026-07-07,ZBH27,115.75,117.375,115.5625,116.0312,37908,23514,FINAL,cme_settle_20260707.csv,2026-08-17T06:40:00
07/07/26,zbm27,116.1875,117.1875,115.2188,116.125,26205,12213,final,cme_settle_20260707.csv,2026-08-17T06:40:00
20260708,ESU26,5871.75,5911.75,5812.25,5843.5,1510590,1916315,final,cme_settle_20260708.csv,2026-08-17T06:40:00
07/08/2026,ESZ26,5827.5,5874.75,5803,5854,"842,042",1007925,Final,cme_settle_20260708.csv,2026-08-17T06:40:00
2026-07-08,ES H27,5881.5,5922.25,5835.75,5864.5,551142,421274,Final,cme_settle_20260708.csv,2026-08-17T06:40:00
2026-07-08,ESM27,5875,5885.75,5818.5,5875,"303,270",177862,final,cme_settle_20260708.csv,2026-08-17T06:40:00
2026-07-08,NQU26,21822.5,21902.5,21550.25,21810.75,661455,1075011,FINAL,cme_settle_20260708.csv,2026-08-17T06:40:00
2026-07-08,NQZ26,21909.75,22099.75,"21,611.25",21850,398846,496486,Final,cme_settle_20260708.csv,2026-08-17T06:40:00
2026-07-08,NQH27,21989.75,22001.75,21709,21889.25,259664,231040,final,cme_settle_20260708.csv,2026-08-17T06:40:00
2026-07-08,NQ M27,"21,954.50",22123.75,21738.75,"21,928.50",169740,79694,FINAL,cme_settle_20260708.csv,2026-08-17T06:40:00
2026-07-08,cln26,70.28,70.67,69.79,70.12,414665,492315,FINAL,cme_settle_20260708.csv,2026-08-17T06:40:00
2026-07-08,CLQ26,70.06,70.06,69.62,69.8,267584,304729,FINAL,cme_settle_20260708.csv,2026-08-17T06:40:00
2026-07-08,CLU26,69.21,69.68,68.82,69.49,166428,96232,FINAL,cme_settle_20260708.csv,2026-08-17T06:40:00
07/08/26,CLV26,69.12,69.62,68.43,69.17,106771,52392,FINAL,cme_settle_20260708.csv,2026-08-17T06:40:00
2026-07-08,CLX26,68.53,69.26,68.21,68.86,68754,27696,final,cme_settle_20260708.csv,2026-08-17T06:40:00
2026-07-08,CLZ26,68.73,68.73,68.11,68.54,30961,8868,final,cme_settle_20260708.csv,2026-08-17T06:40:00
2026-07-08,CLF27,68.2,68.67,67.6,68.23,22840,3527,FINAL,cme_settle_20260708.csv,2026-08-17T06:40:00
2026-07-08,CLG27,67.91,68.51,67.1,67.91,14490,1641,FINAL,cme_settle_20260708.csv,2026-08-17T06:40:00
2026-07-08,CLH27,67.77,67.77,66.87,67.6,"9,103",690,FINAL,cme_settle_20260708.csv,2026-08-17T06:40:00
07/08/2026,CLJ27,67.26,67.58,66.52,67.28,4908,233,final,cme_settle_20260708.csv,2026-08-17T06:40:00
07/08/2026,CLK27,67.26,67.7,66.57,66.96,3884,169,final,cme_settle_20260708.csv,2026-08-17T06:40:00
07/08/2026,CL M27,66.66,66.9,66.57,66.65,2166,51,Final,cme_settle_20260708.csv,2026-08-17T06:40:00
2026-07-08,GCQ26,2815.6,2843.1,2798.7,2822.1,176045,"313,621",final,cme_settle_20260708.csv,2026-08-17T06:40:00
2026-07-08,GCZ26,2818.9,2834,2798,2827.2,110262,131904,final,cme_settle_20260708.csv,2026-08-17T06:40:00
2026-07-08,GCG27,2836.4,2863.7,2818.1,2832.3,74884,43720,FINAL,cme_settle_20260708.csv,2026-08-17T06:40:00
07/08/2026,GCJ27,2836.5,2859.8,2813.8,2837.3,48712,21438,final,cme_settle_20260708.csv,2026-08-17T06:40:00
2026-07-08,GCM27,2836.3,2869.2,2817.2,2842.4,27616,10078,FINAL,cme_settle_20260708.csv,2026-08-17T06:40:00
2026-07-08,ZBU26,115.75,116.375,114.5312,115.4062,96815,148804,Final,cme_settle_20260708.csv,2026-08-17T06:40:00
2026-07-08,zbz26,115,115.875,114.4688,115.5,66365,66789,final,cme_settle_20260708.csv,2026-08-17T06:40:00
2026-07-08,ZBH27,115.2812,116.4062,114.4375,115.5938,32197,27737,final,cme_settle_20260708.csv,2026-08-17T06:40:00
20260708,ZBM27,115.5,115.9062,114.4375,115.6875,25667,15880,Final,cme_settle_20260708.csv,2026-08-17T06:40:00
2026-07-09,ESU26,5829.25,5877.25,5797,5852,1282767,2036805,final,cme_settle_20260709.csv,2026-08-17T06:40:00
2026-07-09,ESZ26,5843.25,5925,5843.25,5862.5,830476,907254,FINAL,cme_settle_20260709.csv,2026-08-17T06:40:00
07/09/26,ESH27,5865.25,5899.25,5810.25,5873,628425,367299,FINAL,cme_settle_20260709.csv,2026-08-17T06:40:00
2026-07-09,ESM27,5865.75,5900.5,5834,5883.5,341288,207439,Final,cme_settle_20260709.csv,2026-08-17T06:40:00
07/09/2026,NQ U26,22364.5,"22,364.50",22171.25,22256,726796,1313930,final,cme_settle_20260709.csv,2026-08-17T06:40:00
20260709,NQZ26,22320,"22,502.25",22252.5,22296,397537,"400,509",final,cme_settle_20260709.csv,2026-08-17T06:40:00
20260709,NQZ26,22320,"22,502.25",22252.5,22296,397537,"400,509",final,cme_settle_20260709.csv,2026-08-17T06:41:12
2026-07-09,NQH27,"22,226.25",22466,22154,22336,"202,080",167433,FINAL,cme_settle_20260709.csv,2026-08-17T06:40:00
07/09/26,nqm27,22357.25,22627.25,22260.5,22376.25,173448,75290,final,cme_settle_20260709.csv,2026-08-17T06:40:00
20260709,CLN26,70.68,70.96,70.41,70.6,341827,463773,Final,cme_settle_20260709.csv,2026-08-17T06:40:00
2026-07-09,CLQ26,70.38,70.46,69.74,70.28,259442,315401,FINAL,cme_settle_20260709.csv,2026-08-17T06:40:00
07/09/26,CLU26,69.8,70.49,69.79,69.96,181808,122532,Final,cme_settle_20260709.csv,2026-08-17T06:40:00
2026-07-09,clv26,69.72,70.16,69.32,69.65,92086,47354,FINAL,cme_settle_20260709.csv,2026-08-17T06:40:00
2026-07-09,CLX26,69.55,69.64,69.09,69.33,65594,24014,Final,cme_settle_20260709.csv,2026-08-17T06:40:00
2026-07-09,CLZ26,69.09,69.4,68.19,69.01,39170,12012,FINAL,cme_settle_20260709.csv,2026-08-17T06:40:00
07/09/2026,CL F27,68.56,68.88,67.97,68.69,23291,"3,399",final,cme_settle_20260709.csv,2026-08-17T06:40:00
2026-07-09,CLG27,68.15,68.75,67.74,68.38,14992,1622,final,cme_settle_20260709.csv,2026-08-17T06:40:00
20260709,CLH27,68.05,68.37,67.91,68.06,10326,1006,final,cme_settle_20260709.csv,2026-08-17T06:40:00
2026-07-09,CLJ27,67.97,68.12,67.52,67.74,6038,421,FINAL,cme_settle_20260709.csv,2026-08-17T06:40:00
20260709,CLK27,67.19,68.22,66.85,67.42,"3,518",167,FINAL,cme_settle_20260709.csv,2026-08-17T06:40:00
2026-07-09,CLM27,67.28,67.28,66.72,67.11,2010,46,Final,cme_settle_20260709.csv,2026-08-17T06:40:00
07/09/2026,GCQ26,2866.7,2891.4,2852,2867.2,152083,"280,628",FINAL,cme_settle_20260709.csv,2026-08-17T06:40:00
2026-07-09,GCZ26,2869.7,2883,2846.3,2872.4,97166,97161,Final,cme_settle_20260709.csv,2026-08-17T06:40:00
07/09/2026,GCG27,2883.6,2896.4,"2,852.00",2877.5,61435,39223,Final,cme_settle_20260709.csv,2026-08-17T06:40:00
2026-07-09,gcj27,2877,2894.5,2864.9,2882.7,42970,20805,final,cme_settle_20260709.csv,2026-08-17T06:40:00
07/09/26,GCM27,2890.1,2912.4,2855.3,2887.8,26983,10766,final,cme_settle_20260709.csv,2026-08-17T06:40:00
2026-07-09,ZBU26,115.3438,115.7812,114.2188,115.2188,110531,156316,Final,cme_settle_20260709.csv,2026-08-17T06:40:00
2026-07-09,zbz26,115.0938,115.9062,114.1875,115.3125,50585,41973,FINAL,cme_settle_20260709.csv,2026-08-17T06:40:00
07/09/2026,ZBH27,115.19,115.9062,114.84,115.4062,38867,"35,011",final,cme_settle_20260709.csv,2026-08-17T06:40:00
2026-07-09,ZBM27,115.2812,115.7812,115.1562,115.5,19430,10613,final,cme_settle_20260709.csv,2026-08-17T06:40:00
07/10/2026,ESU26,5838.5,5928.25,5823.75,5864.75,1425552,2516277,Final,cme_settle_20260710.csv,2026-08-17T06:40:00
2026-07-10,ESZ26,5852.5,5894.5,5834.5,5875.25,1047157,1103233,Final,cme_settle_20260710.csv,2026-08-17T06:40:00
2026-07-10,ESH27,5896.25,5914.75,5820.5,5885.75,649855,551234,final,cme_settle_20260710.csv,2026-08-17T06:40:00
07/10/26,ESM27,5882.25,5956,5826.25,5896.5,378848,162569,final,cme_settle_20260710.csv,2026-08-17T06:40:00
07/10/2026,NQU26,22216.5,22364.25,22067.5,22219.25,707177,1203066,FINAL,cme_settle_20260710.csv,2026-08-17T06:40:00
2026-07-10,NQZ26,22176.5,22365.75,"22,003.00",22259.25,335031,375041,final,cme_settle_20260710.csv,2026-08-17T06:40:00
07/10/2026,NQH27,22209.5,22486.5,22057.5,22299.25,255578,181131,final,cme_settle_20260710.csv,2026-08-17T06:40:00
07/10/2026,NQM27,22386.5,22520.75,22247.5,22339.25,130607,62346,final,cme_settle_20260710.csv,2026-08-17T06:40:00
07/10/2026,CLN26,67.79,68.35,67.45,67.89,279034,493655,Final,cme_settle_20260710.csv,2026-08-17T06:40:00
2026-07-10,CLQ26,67.5,67.96,67.32,67.58,387605,"419,458",FINAL,cme_settle_20260710.csv,2026-08-17T06:40:00
2026-07-10,CLU26,67.57,67.57,67.14,67.28,152799,95949,Final,cme_settle_20260710.csv,2026-08-17T06:40:00
2026-07-10,CLV26,66.89,67.66,66.68,66.97,106124,49807,Final,cme_settle_20260710.csv,2026-08-17T06:40:00
2026-07-10,clx26,66.81,67.1,65.91,66.67,"54,573",18255,FINAL,cme_settle_20260710.csv,2026-08-17T06:40:00
2026-07-10,clx26,66.81,67.1,65.91,66.67,"54,573",18255,FINAL,cme_settle_20260710.csv,2026-08-17T06:41:12
2026-07-10,CLZ26,66.54,66.72,66.23,66.36,32429,8109,Final,cme_settle_20260710.csv,2026-08-17T06:40:00
20260710,CLF27,65.73,66.38,65.73,66.06,26112,4313,final,cme_settle_20260710.csv,2026-08-17T06:40:00
20260710,clg27,65.46,66.26,65.18,65.75,15641,"1,631",FINAL,cme_settle_20260710.csv,2026-08-17T06:40:00
07/10/2026,CLH27,65.37,65.73,65.16,65.45,9028,856,FINAL,cme_settle_20260710.csv,2026-08-17T06:40:00
07/10/2026,CLH27,65.37,65.73,65.16,65.45,9028,856,FINAL,cme_settle_20260710.csv,2026-08-17T06:41:12
07/10/2026,CLJ27,65.37,65.37,64.96,65.14,"5,036",372,Final,cme_settle_20260710.csv,2026-08-17T06:40:00
2026-07-10,CLK27,64.83,64.96,64.72,64.83,3905,181,Final,cme_settle_20260710.csv,2026-08-17T06:40:00
07/10/26,CLM27,64.31,64.95,64.22,64.53,2223,65,FINAL,cme_settle_20260710.csv,2026-08-17T06:40:00
2026-07-10,GCQ26,2828,2835.7,2804.9,2831.9,186558,343550,Final,cme_settle_20260710.csv,2026-08-17T06:40:00
20260710,gcz26,2832.5,"2,865.80",2821.1,2837,"119,179",120147,FINAL,cme_settle_20260710.csv,2026-08-17T06:40:00
2026-07-10,GCG27,2836.2,2853.8,2834.7,2842.1,75988,51414,FINAL,cme_settle_20260710.csv,2026-08-17T06:40:00
07/10/2026,GCJ27,2844.7,2868.4,2826.9,2847.2,36317,15378,FINAL,cme_settle_20260710.csv,2026-08-17T06:40:00
07/10/2026,GCM27,2856.7,2867.3,2844.4,2852.3,28542,11742,final,cme_settle_20260710.csv,2026-08-17T06:40:00
2026-07-10,zbu26,115.9375,116.5938,114.47,115.5312,88040,142592,final,cme_settle_20260710.csv,2026-08-17T06:40:00
07/10/2026,ZBZ26,115.875,116.9688,115.4062,115.625,55506,65813,Final,cme_settle_20260710.csv,2026-08-17T06:40:00
2026-07-10,zbh27,115.8125,116.3125,115.5312,115.7188,42735,35577,FINAL,cme_settle_20260710.csv,2026-08-17T06:40:00
07/10/26,ZBM27,115.84,115.9688,115.0938,115.8125,21232,9546,Final,cme_settle_20260710.csv,2026-08-17T06:40:00
2026-07-13,ESU26,5855.25,5855.25,5836.75,5848.25,1241303,1485447,final,cme_settle_20260713.csv,2026-08-17T06:40:00
07/13/2026,ESZ26,5867,5891.75,5788.5,5858.75,1056589,1044875,Final,cme_settle_20260713.csv,2026-08-17T06:40:00
2026-07-13,ESH27,5875.25,5900.25,5828,5869.25,553028,371885,Final,cme_settle_20260713.csv,2026-08-17T06:40:00
2026-07-13,ESM27,"5,880.75",5928.5,5858,5879.75,376212,170173,final,cme_settle_20260713.csv,2026-08-17T06:40:00
07/13/2026,NQU26,22100.5,22274.25,21937.75,22013.75,602048,825627,Final,cme_settle_20260713.csv,2026-08-17T06:40:00
07/13/26,NQ Z26,22091,22091,22011,22053.25,421565,342044,FINAL,cme_settle_20260713.csv,2026-08-17T06:40:00
07/13/2026,NQ H27,22033.75,22320.25,22011,22093,257929,170384,final,cme_settle_20260713.csv,2026-08-17T06:40:00
07/13/2026,NQM27,22049.75,22388,21952.25,"22,132.50",132817,55872,Final,cme_settle_20260713.csv,2026-08-17T06:40:00
07/13/2026,CLN26,69.17,70.03,68.49,69.31,179096,"281,326",Final,cme_settle_20260713.csv,2026-08-17T06:40:00
2026-07-13,clq26,68.94,69.48,68.51,69,446487,413439,FINAL,cme_settle_20260713.csv,2026-08-17T06:40:00
07/13/26,CLU26,68.77,68.77,68.03,68.69,"173,552",147291,FINAL,cme_settle_20260713.csv,2026-08-17T06:40:00
20260713,CLV26,68.62,68.94,68.03,68.37,"85,792",49417,final,cme_settle_20260713.csv,2026-08-17T06:40:00
2026-07-13,CLX26,67.77,68.3,67.77,68.06,"61,693",18249,Final,cme_settle_20260713.csv,2026-08-17T06:40:00
2026-07-13,CLZ26,68,68.27,67.51,67.75,"41,791",10824,FINAL,cme_settle_20260713.csv,2026-08-17T06:40:00
2026-07-13,clf27,67.46,67.52,66.96,67.44,26104,3981,final,cme_settle_20260713.csv,2026-08-17T06:40:00
2026-07-13,CLG27,66.97,67.82,66.68,67.13,16639,1846,final,cme_settle_20260713.csv,2026-08-17T06:40:00
2026-07-13,clh27,66.57,66.98,66.57,66.81,10399,906,FINAL,cme_settle_20260713.csv,2026-08-17T06:40:00
2026-07-13,CLJ27,66.53,67.22,66.28,66.50,5179,303,Final,cme_settle_20260713.csv,2026-08-17T06:40:00
2026-07-13,CLJ27,66.53,67.22,66.28,66.50,5179,303,Final,cme_settle_20260713.csv,2026-08-17T06:41:12
2026-07-13,CLK27,66.43,66.79,66.12,66.19,3575,130,Final,cme_settle_20260713.csv,2026-08-17T06:40:00
2026-07-13,CLM27,65.69,66.09,65.26,65.88,2322,63,FINAL,cme_settle_20260713.csv,2026-08-17T06:40:00
2026-07-13,GCQ26,2804.6,2809.2,2774.8,2792,204664,283678,FINAL,cme_settle_20260713.csv,2026-08-17T06:40:00
07/13/26,GCZ26,2787.5,2822.8,2775.4,2797,106679,120642,FINAL,cme_settle_20260713.csv,2026-08-17T06:40:00
07/13/26,GCG27,2797.7,2805.7,2789.6,2802.1,81588,63677,FINAL,cme_settle_20260713.csv,2026-08-17T06:40:00
20260713,GC J27,2795.6,2832.3,2795.6,2807.1,"47,478",20494,final,cme_settle_20260713.csv,2026-08-17T06:40:00
2026-07-13,GCM27,"2,812.20",2841.7,2781.3,2812.1,24114,9007,FINAL,cme_settle_20260713.csv,2026-08-17T06:40:00
07/13/26,ZBU26,115,115.9375,114.6562,115.5312,104091,123432,final,cme_settle_20260713.csv,2026-08-17T06:40:00
2026-07-13,ZBZ26,116,116.1875,114.375,115.625,64307,81740,FINAL,cme_settle_20260713.csv,2026-08-17T06:40:00
2026-07-13,ZBH27,115.375,116.3125,115.375,115.7188,"35,305",26388,final,cme_settle_20260713.csv,2026-08-17T06:40:00
20260713,ZBM27,115.7812,116.75,114.7812,115.8125,20009,"10,765",final,cme_settle_20260713.csv,2026-08-17T06:40:00
07/14/2026,ESU26,5840.75,5853.75,5746.25,5815,1394736,2474976,FINAL,cme_settle_20260714.csv,2026-08-17T06:40:00
07/14/26,ESZ26,5809.25,"5,847.50",5797.25,5825.5,877350,1135626,final,cme_settle_20260714.csv,2026-08-17T06:40:00
2026-07-14,ESH27,5824.75,5859.5,5819.75,5836,607892,372504,Final,cme_settle_20260714.csv,2026-08-17T06:40:00
2026-07-14,ESM27,5842.25,5852.5,5796.5,5846.5,378395,158714,FINAL,cme_settle_20260714.csv,2026-08-17T06:40:00
2026-07-14,NQU26,21888.25,22052.75,21808.75,21924.25,640341,1021983,FINAL,cme_settle_20260714.csv,2026-08-17T06:40:00
2026-07-14,nqz26,22045.75,22055.25,"21,938.50",21963.75,401903,430995,FINAL,cme_settle_20260714.csv,2026-08-17T06:40:00
2026-07-14,NQH27,21896.25,22205,21896.25,22003.25,244525,166855,Final,cme_settle_20260714.csv,2026-08-17T06:40:00
2026-07-14,NQM27,22028.25,22246.5,21982,22042.75,173853,95236,Final,cme_settle_20260714.csv,2026-08-17T06:40:00
07/14/2026,CLN26,67.64,67.64,67.05,67.44,116660,194224,Final,cme_settle_20260714.csv,2026-08-17T06:40:00
2026-07-14,clq26,67.26,67.58,66.97,67.14,476654,425980,final,cme_settle_20260714.csv,2026-08-17T06:40:00
2026-07-14,CL U26,66.97,67.25,66.2,66.83,177520,146262,FINAL,cme_settle_20260714.csv,2026-08-17T06:40:00
07/14/26,CLV26,66.3,66.78,66.02,66.53,106222,46193,FINAL,cme_settle_20260714.csv,2026-08-17T06:40:00
07/14/2026,CLX26,66,66.73,65.87,66.23,58248,18598,FINAL,cme_settle_20260714.csv,2026-08-17T06:40:00
20260714,CLZ26,65.93,66.08,65.6,65.92,36364,8079,Final,cme_settle_20260714.csv,2026-08-17T06:40:00
2026-07-14,CLF27,65.4,66.34,65.17,65.62,21736,"3,938",FINAL,cme_settle_20260714.csv,2026-08-17T06:40:00
2026-07-14,clg27,65.23,65.41,65.05,65.32,13146,1786,final,cme_settle_20260714.csv,2026-08-17T06:40:00
2026-07-14,CLH27,64.77,65.34,64.23,65.01,8236,671,Final,cme_settle_20260714.csv,2026-08-17T06:40:00
2026-07-14,CLH27,64.77,65.34,64.23,65.01,8236,671,Final,cme_settle_20260714.csv,2026-08-17T06:41:12
2026-07-14,CLJ27,64.93,65.13,64.04,64.71,5423,342,final,cme_settle_20260714.csv,2026-08-17T06:40:00
07/14/2026,CLK27,64.33,64.71,64.33,64.41,3312,158,final,cme_settle_20260714.csv,2026-08-17T06:40:00
2026-07-14,CLM27,63.82,64.35,63.79,64.1,1802,48,FINAL,cme_settle_20260714.csv,2026-08-17T06:40:00
20260714,GCQ26,2791.1,2794.5,2762.2,2784.4,188042,344992,FINAL,cme_settle_20260714.csv,2026-08-17T06:40:00
07/14/2026,GCZ26,2789.1,2800,2780.8,2789.4,126267,107398,final,cme_settle_20260714.csv,2026-08-17T06:40:00
2026-07-14,gcg27,2782.3,2827.4,2775,2794.4,80469,46444,FINAL,cme_settle_20260714.csv,2026-08-17T06:40:00
2026-07-14,gcj27,2810.5,2812.8,2772.1,2799.4,47120,21424,Final,cme_settle_20260714.csv,2026-08-17T06:40:00
20260714,GC M27,2791.3,2826.9,2791.3,2804.4,30270,10542,FINAL,cme_settle_20260714.csv,2026-08-17T06:40:00
2026-07-14,ZBU26,115.625,116.50,114.72,115.625,92412,165993,Final,cme_settle_20260714.csv,2026-08-17T06:40:00
2026-07-14,zbz26,115.6875,116.0312,114.75,115.7188,68082,58488,Final,cme_settle_20260714.csv,2026-08-17T06:40:00
07/14/2026,ZBH27,115.9062,117.09,114.625,115.8125,41091,30327,Final,cme_settle_20260714.csv,2026-08-17T06:40:00
2026-07-14,zbm27,116.25,116.9375,114.5938,115.9062,25703,11331,FINAL,cme_settle_20260714.csv,2026-08-17T06:40:00
07/15/2026,ESU26,"5,810.25",5874.75,"5,810.25",5833.75,1513816,2011582,FINAL,cme_settle_20260715.csv,2026-08-17T06:40:00
2026-07-15,ESZ26,5850.5,5852.75,5823.5,5844.25,874017,1118571,FINAL,cme_settle_20260715.csv,2026-08-17T06:40:00
07/15/2026,ESH27,5859.25,5924.75,5830.25,5854.75,498413,326565,final,cme_settle_20260715.csv,2026-08-17T06:40:00
07/15/26,ESM27,5857.5,5889,5842.25,5865.25,385884,182017,FINAL,cme_settle_20260715.csv,2026-08-17T06:40:00
07/15/2026,NQU26,22085.75,22424.5,22080.75,22165,695778,957272,FINAL,cme_settle_20260715.csv,2026-08-17T06:40:00
07/15/26,NQZ26,22107.5,"22,282.00",21943.5,22205,329989,312447,final,cme_settle_20260715.csv,2026-08-17T06:40:00
2026-07-15,NQ H27,22168.25,22267.25,22004.75,22244.75,208097,"172,680",final,cme_settle_20260715.csv,2026-08-17T06:40:00
2026-07-15,NQM27,22326.5,22483.75,22242,22284.75,158205,68378,final,cme_settle_20260715.csv,2026-08-17T06:40:00
2026-07-15,CLN26,69.71,70.16,68.84,69.37,111291,"152,291",final,cme_settle_20260715.csv,2026-08-17T06:40:00
2026-07-15,CLQ26,69.19,69.25,68.73,69.06,"452,188",561505,final,cme_settle_20260715.csv,2026-08-17T06:40:00
20260715,CLU26,68.56,69.29,68.56,68.75,142713,81863,final,cme_settle_20260715.csv,2026-08-17T06:40:00
07/15/2026,CLV26,68.52,68.98,67.82,68.43,80275,36180,Final,cme_settle_20260715.csv,2026-08-17T06:40:00
07/15/26,CLX26,67.83,68.2,67.72,68.12,51276,18899,Final,cme_settle_20260715.csv,2026-08-17T06:40:00
2026-07-15,CLZ26,67.72,68.10,67.24,67.81,43140,"11,180",FINAL,cme_settle_20260715.csv,2026-08-17T06:40:00
2026-07-15,CLF27,67.34,67.96,67.34,67.5,22227,4036,Final,cme_settle_20260715.csv,2026-08-17T06:40:00
2026-07-15,CLG27,67.01,67.69,67.01,67.18,16692,2120,Final,cme_settle_20260715.csv,2026-08-17T06:40:00
2026-07-15,CLH27,66.85,66.99,66.5,66.87,8780,919,final,cme_settle_20260715.csv,2026-08-17T06:40:00
2026-07-15,CLJ27,66.33,67.35,66.07,66.56,4590,221,final,cme_settle_20260715.csv,2026-08-17T06:40:00
20260715,CLK27,66.09,66.41,65.95,66.25,3129,151,FINAL,cme_settle_20260715.csv,2026-08-17T06:40:00
07/15/2026,CL M27,66.16,66.39,65.18,65.94,2089,65,Final,cme_settle_20260715.csv,2026-08-17T06:40:00
20260715,GCQ26,"2,745.20","2,762.80",2735,2755.9,195116,240689,FINAL,cme_settle_20260715.csv,2026-08-17T06:40:00
2026-07-15,GCZ26,"2,747.50",2764.9,2731.4,2760.9,117802,151933,final,cme_settle_20260715.csv,2026-08-17T06:40:00
2026-07-15,gcg27,2774.8,2797.7,2748.4,2765.8,80373,51392,Final,cme_settle_20260715.csv,2026-08-17T06:40:00
07/15/26,GCJ27,2761.4,2777.7,2756.9,2770.8,39863,15934,Final,cme_settle_20260715.csv,2026-08-17T06:40:00
20260715,GCM27,2763.3,2784.3,2763.3,2775.7,25129,9150,FINAL,cme_settle_20260715.csv,2026-08-17T06:40:00
20260715,ZBU26,114.375,115.1562,113.7812,114.8438,91196,159901,final,cme_settle_20260715.csv,2026-08-17T06:40:00
07/15/2026,ZBZ26,114.69,115.8438,113.8125,114.9375,66334,83270,final,cme_settle_20260715.csv,2026-08-17T06:40:00
2026-07-15,ZBH27,115.0938,116.25,114.5312,115.0312,30463,21195,Final,cme_settle_20260715.csv,2026-08-17T06:40:00
20260715,ZBM27,115.0312,115.5625,114.9062,115.125,23069,11809,FINAL,cme_settle_20260715.csv,2026-08-17T06:40:00
07/16/26,ESU26,5905.75,5955.5,5883.25,5916.75,1195953,1645677,Final,cme_settle_20260716.csv,2026-08-17T06:40:00
2026-07-16,ESZ26,5934.25,5971.75,5857.25,5927.5,913798,963941,FINAL,cme_settle_20260716.csv,2026-08-17T06:40:00
2026-07-16,ESH27,5922,5996.5,5897.5,5938,540187,348114,Final,cme_settle_20260716.csv,2026-08-17T06:40:00
20260716,esm27,"5,968.00",6014,5928.75,5948.75,"380,295",152994,final,cme_settle_20260716.csv,2026-08-17T06:40:00
2026-07-16,NQU26,21949.25,22111.75,21915.75,21996.25,712443,885896,FINAL,cme_settle_20260716.csv,2026-08-17T06:40:00
20260716,NQZ26,22042,22236.25,21801.25,22035.75,345232,438580,Final,cme_settle_20260716.csv,2026-08-17T06:40:00
07/16/2026,NQH27,"21,986.75",22280,21983.5,22075.5,236789,184984,FINAL,cme_settle_20260716.csv,2026-08-17T06:40:00
07/16/2026,NQM27,22171,22310.25,22040.75,22115,155338,77943,FINAL,cme_settle_20260716.csv,2026-08-17T06:40:00
2026-07-16,CLN26,70.61,71.29,70.34,70.84,88778,157097,FINAL,cme_settle_20260716.csv,2026-08-17T06:40:00
2026-07-16,CLQ26,70.33,70.83,70.33,70.52,558733,526978,FINAL,cme_settle_20260716.csv,2026-08-17T06:40:00
07/16/2026,clu26,70.48,70.79,69.71,70.2,130132,106720,FINAL,cme_settle_20260716.csv,2026-08-17T06:40:00
2026-07-16,CLV26,69.65,70.59,69.57,69.88,100395,62552,Final,cme_settle_20260716.csv,2026-08-17T06:40:00
2026-07-16,CLX26,69.52,69.85,69.3,69.56,63754,23947,FINAL,cme_settle_20260716.csv,2026-08-17T06:40:00
20260716,CLZ26,69.13,69.87,69.01,69.25,42560,9856,final,cme_settle_20260716.csv,2026-08-17T06:40:00
2026-07-16,CLF27,68.98,69.35,68.48,68.93,19529,3637,Final,cme_settle_20260716.csv,2026-08-17T06:40:00
20260716,CLG27,68.70,69.21,68.2,68.61,"15,368",1960,FINAL,cme_settle_20260716.csv,2026-08-17T06:40:00
2026-07-16,CLH27,68.01,68.4,67.61,68.29,8654,719,FINAL,cme_settle_20260716.csv,2026-08-17T06:40:00
2026-07-16,CL J27,67.63,68.05,67.54,67.97,6118,455,Final,cme_settle_20260716.csv,2026-08-17T06:40:00
2026-07-16,CLK27,67.79,68.43,67.15,67.65,4030,186,FINAL,cme_settle_20260716.csv,2026-08-17T06:40:00
2026-07-16,CLM27,67.5,68.04,66.71,67.33,1798,57,Final,cme_settle_20260716.csv,2026-08-17T06:40:00
2026-07-16,GCQ26,"2,748.50",2775,2732.1,2749,156029,266718,final,cme_settle_20260716.csv,2026-08-17T06:40:00
2026-07-16,GCZ26,2761.8,"2,782.90",2721.8,2753.9,127487,141841,final,cme_settle_20260716.csv,2026-08-17T06:40:00
07/16/2026,GCG27,2769.9,2776.1,2749.9,2758.9,69130,54806,FINAL,cme_settle_20260716.csv,2026-08-17T06:40:00
20260716,GCJ27,2775.7,2777.2,2736.6,2763.8,46533,20790,FINAL,cme_settle_20260716.csv,2026-08-17T06:40:00
2026-07-16,GCM27,2773.3,2794.7,2758.3,2768.8,21910,9620,Final,cme_settle_20260716.csv,2026-08-17T06:40:00
07/16/2026,ZBU26,115.125,115.1875,114.375,114.9688,80361,130659,final,cme_settle_20260716.csv,2026-08-17T06:40:00
07/16/2026,zbz26,114.8438,116.2812,113.7188,115.06,54619,49935,FINAL,cme_settle_20260716.csv,2026-08-17T06:40:00
2026-07-16,ZBH27,114.875,115.7188,113.875,115.1562,31497,28450,Final,cme_settle_20260716.csv,2026-08-17T06:40:00
07/16/26,ZBM27,114.9062,116.3438,114.9062,115.25,20232,11157,Final,cme_settle_20260716.csv,2026-08-17T06:40:00
2026-07-17,ESU26,5916,5963.25,5884,5919.5,1588550,2489238,Final,cme_settle_20260717.csv,2026-08-17T06:40:00
2026-07-17,ES Z26,5918,"5,975.50",5865.25,5930.25,933032,1029509,FINAL,cme_settle_20260717.csv,2026-08-17T06:40:00
2026-07-17,ESH27,5936,5959.5,5922.75,5940.75,482874,356455,Final,cme_settle_20260717.csv,2026-08-17T06:40:00
07/17/2026,ESM27,5925.5,6003.25,5922.5,5951.5,291756,133710,FINAL,cme_settle_20260717.csv,2026-08-17T06:40:00
2026-07-17,NQ U26,22117.75,"22,310.25",21933.25,22120,590671,1044328,FINAL,cme_settle_20260717.csv,2026-08-17T06:40:00
07/17/2026,NQZ26,22146.25,22413.5,22026.25,22159.75,346039,318498,FINAL,cme_settle_20260717.csv,2026-08-17T06:40:00
2026-07-17,NQH27,22238.75,22343.75,22034,"22,199.75",252415,215870,final,cme_settle_20260717.csv,2026-08-17T06:40:00
2026-07-17,NQ M27,22218,"22,490.50",22090,22239.5,123787,65065,FINAL,cme_settle_20260717.csv,2026-08-17T06:40:00
2026-07-17,CL N26,68.92,69.67,68.73,68.93,104788,167579,final,cme_settle_20260717.csv,2026-08-17T06:40:00
2026-07-17,CLQ26,68.44,68.91,68.37,68.62,568811,676910,FINAL,cme_settle_20260717.csv,2026-08-17T06:40:00
07/17/26,CLU26,68.05,69.07,67.62,68.31,178330,142840,final,cme_settle_20260717.csv,2026-08-17T06:40:00
2026-07-17,CLV26,68.09,68.28,67.42,68,114023,48133,final,cme_settle_20260717.csv,2026-08-17T06:40:00
2026-07-17,CLX26,67.36,68.48,67.18,67.69,62491,21990,FINAL,cme_settle_20260717.csv,2026-08-17T06:40:00
20260717,CLZ26,67.4,67.93,66.96,67.38,35733,9487,Final,cme_settle_20260717.csv,2026-08-17T06:40:00
2026-07-17,CLF27,67.36,67.84,66.8,67.07,21218,3329,final,cme_settle_20260717.csv,2026-08-17T06:40:00
07/17/26,CLG27,66.67,67.03,66.29,66.76,12252,1317,final,cme_settle_20260717.csv,2026-08-17T06:40:00
07/17/2026,CLH27,66.24,67.23,65.75,66.45,10145,892,FINAL,cme_settle_20260717.csv,2026-08-17T06:40:00
2026-07-17,CL J27,66.19,66.44,65.76,66.14,5651,307,Final,cme_settle_20260717.csv,2026-08-17T06:40:00
2026-07-17,clk27,65.72,66.46,65.59,65.83,3983,201,Final,cme_settle_20260717.csv,2026-08-17T06:40:00
07/17/2026,CL M27,65.65,65.7,64.87,65.52,2187,79,Final,cme_settle_20260717.csv,2026-08-17T06:40:00
2026-07-17,GC Q26,2676,2686.3,2671,2678,193061,286360,final,cme_settle_20260717.csv,2026-08-17T06:40:00
07/17/26,GCZ26,2694.3,2700.2,2674.5,2682.8,111580,120952,FINAL,cme_settle_20260717.csv,2026-08-17T06:40:00
2026-07-17,GCG27,2694.9,2719.1,2684.6,2687.6,60650,46861,final,cme_settle_20260717.csv,2026-08-17T06:40:00
07/17/2026,GCJ27,2697.1,2697.1,2678.6,2692.5,40515,19734,final,cme_settle_20260717.csv,2026-08-17T06:40:00
20260717,GCM27,"2,705.00",2705,2691,"2,697.30",29484,9705,FINAL,cme_settle_20260717.csv,2026-08-17T06:40:00
2026-07-17,ZBU26,114.75,115.6562,113.66,114.5938,105479,"148,218",FINAL,cme_settle_20260717.csv,2026-08-17T06:40:00
2026-07-17,ZBZ26,115,115.3125,113.5312,114.6875,66364,66714,Final,cme_settle_20260717.csv,2026-08-17T06:40:00
07/17/26,ZBH27,114.3438,115.9375,114.3438,114.7812,"32,894",24957,Final,cme_settle_20260717.csv,2026-08-17T06:40:00
2026-07-17,ZB M27,114.7812,115.4688,113.7812,114.875,18853,11770,FINAL,cme_settle_20260717.csv,2026-08-17T06:40:00
2026-07-20,ES U26,5894.25,5928.5,5885.5,5895.75,1395015,1932347,FINAL,cme_settle_20260720.csv,2026-08-17T06:40:00
2026-07-20,ESZ26,"5,915.75",5969.75,5866.75,5906.25,978308,1093762,Final,cme_settle_20260720.csv,2026-08-17T06:40:00
2026-07-20,ESH27,5896.25,5975.25,5880.5,"5,917.00","583,100",510968,FINAL,cme_settle_20260720.csv,2026-08-17T06:40:00
2026-07-20,ESM27,5953.25,"5,985.00",5904.25,5927.5,318984,154149,final,cme_settle_20260720.csv,2026-08-17T06:40:00
2026-07-20,NQU26,22198.25,"22,350.25",22197.25,22306,648946,"1,186,561",Final,cme_settle_20260720.csv,2026-08-17T06:40:00
07/20/2026,NQ Z26,22362,22374.25,22293,22346.25,334274,371657,Final,cme_settle_20260720.csv,2026-08-17T06:40:00
2026-07-20,NQH27,22450.75,22450.75,22284.5,22386.25,251152,185131,Final,cme_settle_20260720.csv,2026-08-17T06:40:00
2026-07-20,NQM27,22485.5,22507,22173.25,22426.5,123207,70180,final,cme_settle_20260720.csv,2026-08-17T06:40:00
07/20/2026,CL Q26,68.72,68.92,68.02,68.82,435268,511288,Final,cme_settle_20260720.csv,2026-08-17T06:40:00
2026-07-20,CLU26,68.56,68.66,67.7,68.51,266276,324234,Final,cme_settle_20260720.csv,2026-08-17T06:40:00
20260720,CLV26,67.93,68.99,67.93,68.2,179592,160929,FINAL,cme_settle_20260720.csv,2026-08-17T06:40:00
2026-07-20,clx26,67.85,68.25,67.19,67.89,91576,56515,FINAL,cme_settle_20260720.csv,2026-08-17T06:40:00
07/20/26,CLZ26,67.67,68.34,67.36,67.58,70268,26299,final,cme_settle_20260720.csv,2026-08-17T06:40:00
2026-07-20,CLF27,67.56,67.59,66.83,67.27,39617,8074,final,cme_settle_20260720.csv,2026-08-17T06:40:00
07/20/26,CLG27,66.8,67.1,66.29,66.96,26207,4112,final,cme_settle_20260720.csv,2026-08-17T06:40:00
07/20/2026,CLH27,66.46,67.3,65.93,66.65,"15,269",2184,Final,cme_settle_20260720.csv,2026-08-17T06:40:00
2026-07-20,CLJ27,66.22,67.09,66.08,66.34,8772,791,final,cme_settle_20260720.csv,2026-08-17T06:40:00
2026-07-20,CLJ27,66.22,67.09,66.08,66.34,8772,791,final,cme_settle_20260720.csv,2026-08-17T06:41:12
2026-07-20,CLK27,65.8,66.23,65.38,66.03,4891,322,final,cme_settle_20260720.csv,2026-08-17T06:40:00
2026-07-20,CLM27,65.83,65.84,64.94,65.72,"3,890",154,Final,cme_settle_20260720.csv,2026-08-17T06:40:00
2026-07-20,GCQ26,"2,663.40",2693.9,2655.6,"2,672.20",151601,270352,FINAL,cme_settle_20260720.csv,2026-08-17T06:40:00
2026-07-20,GCZ26,2667.9,2687,2656.9,2677,129128,150346,final,cme_settle_20260720.csv,2026-08-17T06:40:00
2026-07-20,GCG27,2688.8,2701.6,2674.5,2681.8,76502,65673,Final,cme_settle_20260720.csv,2026-08-17T06:40:00
20260720,GCJ27,2677.4,2699.5,2677.4,2686.6,36303,"17,955",Final,cme_settle_20260720.csv,2026-08-17T06:40:00
2026-07-20,GCM27,2698.5,2707.1,2673.9,2691.4,25681,8915,final,cme_settle_20260720.csv,2026-08-17T06:40:00
07/20/2026,ZBU26,113.6562,114.9688,112.9062,114.00,79310,102719,FINAL,cme_settle_20260720.csv,2026-08-17T06:40:00
2026-07-20,ZBZ26,113.7812,115.3125,113.7812,114.0938,57275,61198,Final,cme_settle_20260720.csv,2026-08-17T06:40:00
2026-07-20,ZBH27,113.9062,114.41,113.4375,114.1875,37351,28018,FINAL,cme_settle_20260720.csv,2026-08-17T06:40:00
07/20/2026,zbm27,114.75,114.75,113.0938,114.2812,21444,9950,final,cme_settle_20260720.csv,2026-08-17T06:40:00
07/21/2026,ES U26,5864,5883.5,5859.75,5868.25,"1,597,110",2946972,FINAL,cme_settle_20260721.csv,2026-08-17T06:40:00
2026-07-21,ESZ26,5850.5,"5,922.25",5850.5,5878.75,892549,986837,final,cme_settle_20260721.csv,2026-08-17T06:40:00
20260721,ESH27,5892.5,5959,5832.75,"5,889.50",541006,374289,FINAL,cme_settle_20260721.csv,2026-08-17T06:40:00
2026-07-21,ESM27,5904.75,5965.75,5878.25,5900,368703,185570,FINAL,cme_settle_20260721.csv,2026-08-17T06:40:00
2026-07-21,nqu26,22450.75,22565.5,22390.5,22499.25,517230,597447,FINAL,cme_settle_20260721.csv,2026-08-17T06:40:00
20260721,NQZ26,22561.5,22644.25,22312.5,22539.75,346816,299104,Final,cme_settle_20260721.csv,2026-08-17T06:40:00
20260721,NQH27,22577.75,22839,22531,22580.25,253426,190672,FINAL,cme_settle_20260721.csv,2026-08-17T06:40:00
2026-07-21,NQM27,22568.75,22786.25,22532.5,22620.75,164466,97694,final,cme_settle_20260721.csv,2026-08-17T06:40:00
2026-07-21,CLQ26,68.81,69.39,68.49,68.91,377549,676824,FINAL,cme_settle_20260721.csv,2026-08-17T06:40:00
2026-07-21,CLU26,68.74,69.25,68.52,68.6,288865,"344,865",FINAL,cme_settle_20260721.csv,2026-08-17T06:40:00
2026-07-21,CLV26,68.58,68.82,67.62,68.29,152253,90527,FINAL,cme_settle_20260721.csv,2026-08-17T06:40:00
2026-07-21,CLX26,68.28,68.62,67.46,67.98,"93,765",43206,Final,cme_settle_20260721.csv,2026-08-17T06:40:00
2026-07-21,CLZ26,67.5,67.97,67.50,67.67,62809,"23,487",final,cme_settle_20260721.csv,2026-08-17T06:40:00
2026-07-21,CLF27,67.3,67.9,66.67,67.36,36763,10602,FINAL,cme_settle_20260721.csv,2026-08-17T06:40:00
2026-07-21,CLG27,67.04,67.51,66.8,67.05,20653,4373,final,cme_settle_20260721.csv,2026-08-17T06:40:00
2026-07-21,CLH27,66.46,67.23,66.21,66.74,13334,1773,Final,cme_settle_20260721.csv,2026-08-17T06:40:00
07/21/2026,CL J27,66.7,66.73,65.97,66.43,7866,834,FINAL,cme_settle_20260721.csv,2026-08-17T06:40:00
2026-07-21,CLK27,65.9,66.27,65.38,66.12,4762,337,FINAL,cme_settle_20260721.csv,2026-08-17T06:40:00
07/21/2026,CLM27,66.03,66.54,65.36,65.81,3980,164,Final,cme_settle_20260721.csv,2026-08-17T06:40:00
07/21/2026,GCQ26,2731.9,2731.9,2696.2,2721.2,170402,284263,FINAL,cme_settle_20260721.csv,2026-08-17T06:40:00
2026-07-21,gcz26,2730.6,2744.8,2719.1,2726.1,118514,121648,final,cme_settle_20260721.csv,2026-08-17T06:40:00
07/21/26,GCG27,2742.7,2753.7,"2,723.80",2731,57500,43637,FINAL,cme_settle_20260721.csv,2026-08-17T06:40:00
2026-07-21,GCJ27,2741.1,"2,747.10",2711.2,2735.9,36337,18007,Final,cme_settle_20260721.csv,2026-08-17T06:40:00
20260721,GCM27,2733.4,2766.2,2712.3,"2,740.80","25,989",8376,final,cme_settle_20260721.csv,2026-08-17T06:40:00
07/21/2026,ZBU26,113.4375,115.1875,113.4375,113.9062,"85,571",146727,final,cme_settle_20260721.csv,2026-08-17T06:40:00
2026-07-21,ZBZ26,114.28,114.41,113.8125,114,55184,65007,FINAL,cme_settle_20260721.csv,2026-08-17T06:40:00
2026-07-21,zbh27,113.8438,115.375,113.5312,114.0938,43083,33930,FINAL,cme_settle_20260721.csv,2026-08-17T06:40:00
2026-07-21,ZBM27,114.4688,115.1562,113.22,114.1875,22930,12219,final,cme_settle_20260721.csv,2026-08-17T06:40:00
07/22/26,esu26,5849.5,5887.25,5812.5,5865.75,"1,443,972",2507413,Final,cme_settle_20260722.csv,2026-08-17T06:40:00
07/22/2026,ESZ26,5894.5,5936.25,"5,810.75",5876.25,787744,1001278,Final,cme_settle_20260722.csv,2026-08-17T06:40:00
07/22/2026,ESH27,5895.25,5929.75,5845,5886.75,"522,761",365909,Final,cme_settle_20260722.csv,2026-08-17T06:40:00
2026-07-22,ESM27,5897.75,5950.75,5852,5897.5,291759,133781,FINAL,cme_settle_20260722.csv,2026-08-17T06:40:00
20260722,NQU26,22951,23056,22767.5,22859.75,"700,761",823158,Final,cme_settle_20260722.csv,2026-08-17T06:40:00
07/22/2026,NQZ26,22820.75,22974.75,22818.25,22901,322670,339167,FINAL,cme_settle_20260722.csv,2026-08-17T06:40:00
07/22/2026,nqh27,22827.75,23087.5,22701.25,22942,202405,136918,Final,cme_settle_20260722.csv,2026-08-17T06:40:00
2026-07-22,NQM27,23018.25,23076.75,22751.5,22983.25,172494,71847,Final,cme_settle_20260722.csv,2026-08-17T06:40:00
20260722,CLQ26,67.58,67.78,66.74,67.52,442830,512932,Final,cme_settle_20260722.csv,2026-08-17T06:40:00
07/22/26,clu26,67.52,67.91,66.66,67.22,260292,294107,final,cme_settle_20260722.csv,2026-08-17T06:40:00
2026-07-22,CLV26,66.7,67.27,66.6,66.91,184143,142095,FINAL,cme_settle_20260722.csv,2026-08-17T06:40:00
2026-07-22,CLX26,66.7,66.75,66.29,66.61,85352,38572,final,cme_settle_20260722.csv,2026-08-17T06:40:00
20260722,CLZ26,66.44,66.97,66.1,66.3,62257,27179,FINAL,cme_settle_20260722.csv,2026-08-17T06:40:00
20260722,CLF27,66.18,66.65,65.25,66,35151,9704,Final,cme_settle_20260722.csv,2026-08-17T06:40:00
2026-07-22,clg27,66,66.21,65,65.70,"27,134",4129,Final,cme_settle_20260722.csv,2026-08-17T06:40:00
2026-07-22,CLH27,65.61,65.62,65.27,65.39,12191,1229,Final,cme_settle_20260722.csv,2026-08-17T06:40:00
2026-07-22,CLJ27,64.9,65.24,64.47,65.09,"9,726",735,FINAL,cme_settle_20260722.csv,2026-08-17T06:40:00
20260722,CL K27,64.8,65.08,64.68,64.79,6376,461,Final,cme_settle_20260722.csv,2026-08-17T06:40:00
2026-07-22,CLM27,64.63,64.63,64.37,64.48,3109,162,final,cme_settle_20260722.csv,2026-08-17T06:40:00
2026-07-22,GCQ26,2699.3,"2,699.30",2684.9,2691,171647,289929,Final,cme_settle_20260722.csv,2026-08-17T06:40:00
07/22/2026,GCZ26,2708.9,2708.9,2680.4,2695.8,100076,124960,final,cme_settle_20260722.csv,2026-08-17T06:40:00
2026-07-22,GCG27,2700.5,2723.8,2675.1,2700.7,"59,579",37461,Final,cme_settle_20260722.csv,2026-08-17T06:40:00
2026-07-22,GCJ27,2706,2716.7,2700.4,2705.5,48754,29721,Final,cme_settle_20260722.csv,2026-08-17T06:40:00
2026-07-22,GCM27,2698.5,2739.3,"2,698.50",2710.4,26388,7939,final,cme_settle_20260722.csv,2026-08-17T06:40:00
07/22/2026,ZBU26,113.3125,113.5625,111.7188,112.88,81991,95680,Final,cme_settle_20260722.csv,2026-08-17T06:40:00
20260722,ZBZ26,113.2812,113.7812,112.5625,112.9688,67814,72437,Final,cme_settle_20260722.csv,2026-08-17T06:40:00
2026-07-22,ZBH27,113.62,114.0938,112.0312,113.0625,37025,21872,Final,cme_settle_20260722.csv,2026-08-17T06:40:00
2026-07-22,ZBM27,112.7812,113.625,112.5,113.1562,"21,987",12883,FINAL,cme_settle_20260722.csv,2026-08-17T06:40:00
2026-07-23,ESU26,5819.75,5831.25,5738.5,5806,1323412,2103390,final,cme_settle_20260723.csv,2026-08-17T06:40:00
07/23/2026,ESZ26,5788.75,5825,5765.5,5816.5,738978,612628,final,cme_settle_20260723.csv,2026-08-17T06:40:00
20260723,ESH27,5833,5896.5,"5,792.50",5827,529545,301836,Final,cme_settle_20260723.csv,2026-08-17T06:40:00
20260723,ESM27,5814.25,5850.25,5810,5837.25,293215,185196,final,cme_settle_20260723.csv,2026-08-17T06:40:00
2026-07-23,NQU26,22623.25,22960.5,22623.25,22720.75,583885,680269,final,cme_settle_20260723.csv,2026-08-17T06:40:00
2026-07-23,nqz26,22867,22867,22498.5,22761.75,428483,519854,final,cme_settle_20260723.csv,2026-08-17T06:40:00
20260723,NQH27,22753,22895,22677.75,22802.5,239177,210302,FINAL,cme_settle_20260723.csv,2026-08-17T06:40:00
07/23/2026,NQM27,22926.75,23081.5,22769.25,22843.5,162266,97776,Final,cme_settle_20260723.csv,2026-08-17T06:40:00
2026-07-23,CLQ26,69.63,69.63,69.16,69.34,442035,811307,Final,cme_settle_20260723.csv,2026-08-17T06:40:00
07/23/2026,clu26,69.2,69.7,68.32,69.03,245522,303751,Final,cme_settle_20260723.csv,2026-08-17T06:40:00
2026-07-23,CLV26,68.52,69.43,68.25,68.72,156318,131129,FINAL,cme_settle_20260723.csv,2026-08-17T06:40:00
07/23/26,CLX26,68.35,68.8,67.92,68.4,100234,46916,final,cme_settle_20260723.csv,2026-08-17T06:40:00
2026-07-23,CL Z26,68.34,68.34,67.61,68.09,62259,23977,Final,cme_settle_20260723.csv,2026-08-17T06:40:00
07/23/2026,CL F27,67.84,68.01,67.63,67.78,39624,11078,FINAL,cme_settle_20260723.csv,2026-08-17T06:40:00
07/23/26,CL G27,67.17,68.17,67.17,67.47,22076,3805,Final,cme_settle_20260723.csv,2026-08-17T06:40:00
2026-07-23,CL H27,67.04,67.62,66.69,67.16,15067,1968,Final,cme_settle_20260723.csv,2026-08-17T06:40:00
2026-07-23,clj27,66.96,67.6,66.73,66.84,9496,810,final,cme_settle_20260723.csv,2026-08-17T06:40:00
2026-07-23,CLK27,66.51,66.71,66.41,66.53,6110,401,Final,cme_settle_20260723.csv,2026-08-17T06:40:00
2026-07-23,CLM27,66.32,66.92,65.96,66.22,4049,198,final,cme_settle_20260723.csv,2026-08-17T06:40:00
20260723,GC Q26,2686.7,2691.8,"2,678.50",2684,204309,272740,final,cme_settle_20260723.csv,2026-08-17T06:40:00
2026-07-23,GCZ26,2679.1,2705.3,2672.1,2688.8,110724,136370,final,cme_settle_20260723.csv,2026-08-17T06:40:00
2026-07-23,GCG27,2689.5,2701.5,2679.4,2693.7,77570,56235,final,cme_settle_20260723.csv,2026-08-17T06:40:00
07/23/2026,GCJ27,2693.3,2707.6,2691.3,2698.5,35503,14543,Final,cme_settle_20260723.csv,2026-08-17T06:40:00
07/23/2026,GCM27,2708.6,2708.9,2671,2703.3,29278,11152,final,cme_settle_20260723.csv,2026-08-17T06:40:00
2026-07-23,ZBU26,113.4062,113.5938,112.5,113.2812,"80,231",98273,FINAL,cme_settle_20260723.csv,2026-08-17T06:40:00
2026-07-23,ZBZ26,113.25,114.7188,112.7812,113.375,67507,86805,FINAL,cme_settle_20260723.csv,2026-08-17T06:40:00
2026-07-23,ZBH27,113.9062,114.5,113.3438,113.4688,34641,29759,Final,cme_settle_20260723.csv,2026-08-17T06:40:00
20260723,ZB M27,113.1562,114.7812,112.7812,113.5625,25219,14374,FINAL,cme_settle_20260723.csv,2026-08-17T06:40:00
07/24/2026,ESU26,5808.5,5824.25,5784.75,5800.75,1420514,2236495,Final,cme_settle_20260724.csv,2026-08-17T06:40:00
2026-07-24,ESZ26,5832.25,5850.75,5794.75,5811.25,974667,1204733,final,cme_settle_20260724.csv,2026-08-17T06:40:00
2026-07-24,ESH27,5842.5,5856,5797,5821.75,473799,314856,final,cme_settle_20260724.csv,2026-08-17T06:40:00
20260724,ESM27,5807.25,"5,839.00",5763.25,5832,366192,148857,final,cme_settle_20260724.csv,2026-08-17T06:40:00
2026-07-24,nqu26,22968.25,"23,150.00",22968.25,23016.25,"715,060","1,033,714",FINAL,cme_settle_20260724.csv,2026-08-17T06:40:00
20260724,NQZ26,23144.25,23193.25,22838.25,23057.75,385943,380538,FINAL,cme_settle_20260724.csv,2026-08-17T06:40:00
2026-07-24,NQ H27,23214.25,23364,23025.5,23099,277030,190262,Final,cme_settle_20260724.csv,2026-08-17T06:40:00
20260724,NQM27,23047.5,23377.75,23047.5,23140.5,154871,62735,FINAL,cme_settle_20260724.csv,2026-08-17T06:40:00
2026-07-24,CLQ26,71.22,72.27,70.9,71.43,436164,581299,final,cme_settle_20260724.csv,2026-08-17T06:40:00
07/24/2026,clu26,70.8,71.40,70.63,71.11,258087,212998,FINAL,cme_settle_20260724.csv,2026-08-17T06:40:00
07/24/2026,CLV26,71.09,71.61,70.64,70.79,161699,109307,final,cme_settle_20260724.csv,2026-08-17T06:40:00
20260724,CLX26,70.47,71.2,69.82,70.47,101476,50190,FINAL,cme_settle_20260724.csv,2026-08-17T06:40:00
07/24/2026,CLZ26,69.87,70.74,69.62,70.14,68799,26661,FINAL,cme_settle_20260724.csv,2026-08-17T06:40:00
07/24/26,CLF27,69.86,70.18,69.27,69.82,38346,10969,Final,cme_settle_20260724.csv,2026-08-17T06:40:00
07/24/26,CL G27,69.35,69.61,68.87,69.5,26224,4252,Final,cme_settle_20260724.csv,2026-08-17T06:40:00
2026-07-24,CLH27,69.4,69.89,68.4,69.18,14640,1977,final,cme_settle_20260724.csv,2026-08-17T06:40:00
2026-07-24,CL J27,68.60,69.48,68.54,68.86,7801,536,Final,cme_settle_20260724.csv,2026-08-17T06:40:00
07/24/2026,CLK27,68.84,69.04,67.83,68.54,5080,296,FINAL,cme_settle_20260724.csv,2026-08-17T06:40:00
2026-07-24,CL M27,68.47,68.47,67.92,68.22,2858,120,FINAL,cme_settle_20260724.csv,2026-08-17T06:40:00
2026-07-24,GCQ26,2642.3,2659.5,2627.9,2644.2,210709,295795,Final,cme_settle_20260724.csv,2026-08-17T06:40:00
20260724,GCZ26,2652.6,2659.2,2617.5,2649,103540,127191,final,cme_settle_20260724.csv,2026-08-17T06:40:00
07/24/2026,GCG27,2643.1,2682.5,2641.6,2653.7,63721,50946,Final,cme_settle_20260724.csv,2026-08-17T06:40:00
2026-07-24,GCJ27,2665.8,2665.8,2631.8,2658.5,43414,26094,FINAL,cme_settle_20260724.csv,2026-08-17T06:40:00
07/24/2026,GCM27,2667.2,2667.9,"2,643.10",2663.2,29697,8391,Final,cme_settle_20260724.csv,2026-08-17T06:40:00
2026-07-24,ZBU26,114,114.375,112.5,113.7812,82115,119615,FINAL,cme_settle_20260724.csv,2026-08-17T06:40:00
20260724,ZBZ26,114.375,114.4688,113.125,113.875,55926,71898,final,cme_settle_20260724.csv,2026-08-17T06:40:00
07/24/26,ZBH27,113.625,115.0938,113.1875,113.9688,30185,21556,FINAL,cme_settle_20260724.csv,2026-08-17T06:40:00
2026-07-24,ZB M27,113.8125,114.7188,113.0938,114.0625,26571,"14,562",FINAL,cme_settle_20260724.csv,2026-08-17T06:40:00
07/27/2026,ESU26,5799.75,5830.5,5776.5,5804.75,1221352,2004353,FINAL,cme_settle_20260727.csv,2026-08-17T06:40:00
07/27/2026,ES Z26,5843,5843,"5,802.00",5815.25,939072,758398,Final,cme_settle_20260727.csv,2026-08-17T06:40:00
07/27/26,ESH27,5797,5855.25,5797,5825.75,627361,445068,final,cme_settle_20260727.csv,2026-08-17T06:40:00
2026-07-27,ESM27,"5,806.75",5899.75,5798.5,5836,"324,227",165428,final,cme_settle_20260727.csv,2026-08-17T06:40:00
2026-07-27,NQU26,22771.75,23077.25,22629.75,22813,511334,836249,Final,cme_settle_20260727.csv,2026-08-17T06:40:00
07/27/2026,NQZ26,22937.5,22967.75,22632,22854,422410,342825,FINAL,cme_settle_20260727.csv,2026-08-17T06:40:00
2026-07-27,NQ H27,"22,790.25",23042.25,22779.75,22895.25,256618,217204,final,cme_settle_20260727.csv,2026-08-17T06:40:00
2026-07-27,NQM27,23032,23055.75,"22,805.25",22936.25,154410,89994,FINAL,cme_settle_20260727.csv,2026-08-17T06:40:00
2026-07-27,CLQ26,68.28,68.97,68.08,68.59,391619,464406,Final,cme_settle_20260727.csv,2026-08-17T06:40:00
20260727,CLU26,68.33,68.51,67.78,68.28,298900,250796,final,cme_settle_20260727.csv,2026-08-17T06:40:00
2026-07-27,CLV26,68.15,68.32,67.47,67.97,163061,136192,FINAL,cme_settle_20260727.csv,2026-08-17T06:40:00
07/27/2026,CLX26,67.48,68.38,67.43,67.66,101843,54328,Final,cme_settle_20260727.csv,2026-08-17T06:40:00
07/27/2026,CLZ26,67.24,67.71,67.12,67.36,54897,21260,final,cme_settle_20260727.csv,2026-08-17T06:40:00
2026-07-27,CLF27,66.82,67.15,66.61,67.05,36597,8378,final,cme_settle_20260727.csv,2026-08-17T06:40:00
07/27/26,CLG27,66.76,66.85,66.35,66.74,27442,4150,FINAL,cme_settle_20260727.csv,2026-08-17T06:40:00
2026-07-27,CLH27,66.56,66.84,65.71,66.43,14438,1892,final,cme_settle_20260727.csv,2026-08-17T06:40:00
2026-07-27,CLJ27,66.37,66.55,65.8,66.12,10352,972,Final,cme_settle_20260727.csv,2026-08-17T06:40:00
2026-07-27,CLK27,65.59,65.91,65.55,65.81,"6,363",382,FINAL,cme_settle_20260727.csv,2026-08-17T06:40:00
2026-07-27,CLM27,65.57,66,65.04,65.5,3175,144,final,cme_settle_20260727.csv,2026-08-17T06:40:00
20260727,GC Q26,2649.5,2693.1,2645.8,2661.6,164349,293499,Final,cme_settle_20260727.csv,2026-08-17T06:40:00
07/27/26,GCZ26,2654.9,2670.8,2637.3,2666.4,121090,105517,Final,cme_settle_20260727.csv,2026-08-17T06:40:00
20260727,GCG27,2672.7,2674.6,2653.8,2671.2,73769,47200,FINAL,cme_settle_20260727.csv,2026-08-17T06:40:00
2026-07-27,GCJ27,2689.2,2694.2,2644.6,2676,46527,28121,FINAL,cme_settle_20260727.csv,2026-08-17T06:40:00
2026-07-27,GCM27,2677.8,2708.3,2668.3,2680.8,23409,10281,FINAL,cme_settle_20260727.csv,2026-08-17T06:40:00
2026-07-27,ZBU26,113.6875,114.7188,113.1875,113.7812,102606,120799,FINAL,cme_settle_20260727.csv,2026-08-17T06:40:00
07/27/2026,ZBZ26,113.4375,114.5,113,113.875,55338,56722,final,cme_settle_20260727.csv,2026-08-17T06:40:00
07/27/2026,ZB H27,113.5938,114.5938,112.8125,113.9688,"34,337",28632,FINAL,cme_settle_20260727.csv,2026-08-17T06:40:00
2026-07-27,ZBM27,114.5312,114.8125,113.25,114.0625,24870,10432,Final,cme_settle_20260727.csv,2026-08-17T06:40:00
2026-07-28,ESU26,5893.25,5956.25,"5,850.00",5893.25,1260945,1766213,Final,cme_settle_20260728.csv,2026-08-17T06:40:00
20260728,ESZ26,5892.25,5952,5838,5903.75,"1,032,959",933152,FINAL,cme_settle_20260728.csv,2026-08-17T06:40:00
2026-07-28,ESH27,5919.5,5945.75,5897.5,"5,914.50",539840,357040,final,cme_settle_20260728.csv,2026-08-17T06:40:00
2026-07-28,ESM27,5938,5953,5874.25,5925,357130,168572,final,cme_settle_20260728.csv,2026-08-17T06:40:00
20260728,NQU26,22672,22942.25,22669.25,22714,653662,823215,FINAL,cme_settle_20260728.csv,2026-08-17T06:40:00
07/28/26,NQZ26,22828,22880.75,"22,581.25",22755,447819,395130,FINAL,cme_settle_20260728.csv,2026-08-17T06:40:00
2026-07-28,NQ H27,22827.5,22986.25,22585.5,22795.75,265248,157947,final,cme_settle_20260728.csv,2026-08-17T06:40:00
07/28/2026,NQM27,22821,22963.5,22598,22836.75,155548,89843,FINAL,cme_settle_20260728.csv,2026-08-17T06:40:00
20260728,CL Q26,66.38,67.16,66.38,66.58,338395,509569,final,cme_settle_20260728.csv,2026-08-17T06:40:00
2026-07-28,CLU26,66.53,66.87,65.98,66.28,"276,050",230246,final,cme_settle_20260728.csv,2026-08-17T06:40:00
2026-07-28,CL V26,66.29,66.71,65.37,65.98,144768,93046,FINAL,cme_settle_20260728.csv,2026-08-17T06:40:00
07/28/2026,CLX26,65.95,66.13,65.58,65.68,90998,50731,Final,cme_settle_20260728.csv,2026-08-17T06:40:00
07/28/2026,CLZ26,65.62,65.89,64.7,65.38,58256,18767,Final,cme_settle_20260728.csv,2026-08-17T06:40:00
07/28/2026,CLF27,65.4,65.46,64.51,65.08,31094,8191,final,cme_settle_20260728.csv,2026-08-17T06:40:00
2026-07-28,CLG27,65.02,65.4,64.69,64.78,27148,4723,Final,cme_settle_20260728.csv,2026-08-17T06:40:00
07/28/2026,CL H27,64.78,64.79,63.97,64.48,13027,1743,Final,cme_settle_20260728.csv,2026-08-17T06:40:00
07/28/2026,CLJ27,64.24,64.29,63.93,64.18,8676,803,FINAL,cme_settle_20260728.csv,2026-08-17T06:40:00
07/28/2026,CLK27,63.67,64.53,63.22,63.88,4969,327,final,cme_settle_20260728.csv,2026-08-17T06:40:00
2026-07-28,CLM27,63.88,63.88,63.14,63.58,4029,171,FINAL,cme_settle_20260728.csv,2026-08-17T06:40:00
20260728,GC Q26,2660.2,2663.9,2631.6,2656,161681,236159,final,cme_settle_20260728.csv,2026-08-17T06:40:00
2026-07-28,GC Z26,2664.5,2692.7,2650.6,2660.8,93122,98390,final,cme_settle_20260728.csv,2026-08-17T06:40:00
2026-07-28,gcg27,2661.9,2671.5,2648.8,2665.6,61598,46662,Final,cme_settle_20260728.csv,2026-08-17T06:40:00
07/28/26,GCJ27,2668.1,2694.8,2638.8,2670.3,37734,22209,Final,cme_settle_20260728.csv,2026-08-17T06:40:00
2026-07-28,GCM27,2687.4,2687.5,"2,649.60",2675.1,30980,10434,final,cme_settle_20260728.csv,2026-08-17T06:40:00
2026-07-28,ZBU26,113.1875,113.84,111.97,113.22,107991,170775,Final,cme_settle_20260728.csv,2026-08-17T06:40:00
20260728,ZBZ26,113.59,114.4375,112.7812,113.3125,60236,74694,Final,cme_settle_20260728.csv,2026-08-17T06:40:00
20260728,ZBH27,113.8438,113.8438,113.1562,113.4062,32485,25147,Final,cme_settle_20260728.csv,2026-08-17T06:40:00
2026-07-28,ZBM27,113.1562,114.6562,112.625,113.5,26352,12210,FINAL,cme_settle_20260728.csv,2026-08-17T06:40:00
2026-07-29,esu26,5921.5,5974.75,5897.5,5939.75,1258946,2026186,final,cme_settle_20260729.csv,2026-08-17T06:40:00
2026-07-29,ESZ26,5959.5,6020,5928.75,5950.5,839312,954701,final,cme_settle_20260729.csv,2026-08-17T06:40:00
2026-07-29,ESH27,5971.25,"5,996.75",5950.25,5961.25,590454,503611,FINAL,cme_settle_20260729.csv,2026-08-17T06:40:00
2026-07-29,ESM27,6001.5,6012.5,5929.75,5971.75,400028,166401,final,cme_settle_20260729.csv,2026-08-17T06:40:00
2026-07-29,NQU26,"22,923.00",23293.75,22923,23025.5,661581,1129544,Final,cme_settle_20260729.csv,2026-08-17T06:40:00
07/29/2026,nqz26,23042.75,23304.75,23002.75,23067,366429,"446,543",FINAL,cme_settle_20260729.csv,2026-08-17T06:40:00
2026-07-29,NQH27,23048.75,23322.75,23016,23108.5,223264,127418,final,cme_settle_20260729.csv,2026-08-17T06:40:00
2026-07-29,nqm27,"23,241.75",23258,23088.25,23149.75,165726,"103,202",final,cme_settle_20260729.csv,2026-08-17T06:40:00
07/29/2026,CLQ26,67.36,68.04,67.28,67.66,"346,576",614712,final,cme_settle_20260729.csv,2026-08-17T06:40:00
2026-07-29,CLU26,67.06,67.77,66.8,67.36,228599,278938,Final,cme_settle_20260729.csv,2026-08-17T06:40:00
2026-07-29,CLV26,67.17,67.54,66.7,67.05,145410,104041,Final,cme_settle_20260729.csv,2026-08-17T06:40:00
2026-07-29,CLX26,66.79,67.34,66.28,66.75,97365,50493,Final,cme_settle_20260729.csv,2026-08-17T06:40:00
2026-07-29,CLZ26,66.57,67.18,65.78,66.44,53537,23658,final,cme_settle_20260729.csv,2026-08-17T06:40:00
20260729,CLF27,66.06,66.76,66.03,66.14,41785,"9,031",FINAL,cme_settle_20260729.csv,2026-08-17T06:40:00
07/29/2026,clg27,65.7,66.11,65.64,65.83,26694,4012,Final,cme_settle_20260729.csv,2026-08-17T06:40:00
07/29/2026,CLH27,65.45,66.16,65.22,65.53,15165,2016,final,cme_settle_20260729.csv,2026-08-17T06:40:00
2026-07-29,CLJ27,64.91,65.56,64.85,65.22,"9,683",919,Final,cme_settle_20260729.csv,2026-08-17T06:40:00
07/29/2026,CLK27,64.92,65.42,64.79,64.92,4747,322,Final,cme_settle_20260729.csv,2026-08-17T06:40:00
2026-07-29,CL M27,64.33,65.39,64.33,64.62,2847,120,Final,cme_settle_20260729.csv,2026-08-17T06:40:00
07/29/26,GCQ26,2702.3,"2,731.40",2700.7,2708.3,154263,259388,Final,cme_settle_20260729.csv,2026-08-17T06:40:00
07/29/2026,GCZ26,2718.9,2734.5,2695,"2,713.20","131,644",106724,FINAL,cme_settle_20260729.csv,2026-08-17T06:40:00
2026-07-29,GCG27,2721,2734.1,2703,2718,69688,49156,final,cme_settle_20260729.csv,2026-08-17T06:40:00
07/29/2026,GCJ27,"2,719.20",2753.5,2695.7,2722.9,48193,29005,FINAL,cme_settle_20260729.csv,2026-08-17T06:40:00
07/29/2026,gcm27,2728.7,2751.5,2709.3,2727.8,26052,10485,FINAL,cme_settle_20260729.csv,2026-08-17T06:40:00
2026-07-29,ZBU26,112.1562,112.9375,112,112.7188,86657,147445,FINAL,cme_settle_20260729.csv,2026-08-17T06:40:00
07/29/26,ZBZ26,112.5312,114.1562,112.4688,112.8125,59868,74387,FINAL,cme_settle_20260729.csv,2026-08-17T06:40:00
2026-07-29,ZBH27,112.625,113.2812,111.9062,112.9062,31912,28716,FINAL,cme_settle_20260729.csv,2026-08-17T06:40:00
20260729,ZBM27,113.25,113.5625,111.6562,113,22566,13704,final,cme_settle_20260729.csv,2026-08-17T06:40:00
2026-07-30,ESU26,6005,6031.25,5931.5,"5,991.00",1636833,2502288,Final,cme_settle_20260730.csv,2026-08-17T06:40:00
2026-07-30,ESZ26,6003.25,6055.5,5954.75,6001.75,1018401,1294749,final,cme_settle_20260730.csv,2026-08-17T06:40:00
07/30/26,ESH27,5990.5,6024,5953.5,6012.5,531951,303419,final,cme_settle_20260730.csv,2026-08-17T06:40:00
2026-07-30,ESM27,6033.75,6075.5,5984.75,6023.25,"325,355","157,999",Final,cme_settle_20260730.csv,2026-08-17T06:40:00
2026-07-30,NQU26,23299.5,23405.25,23114.25,23244,582674,876408,final,cme_settle_20260730.csv,2026-08-17T06:40:00
2026-07-30,NQZ26,23346.25,23503.5,23131,23285.75,418685,"510,405",Final,cme_settle_20260730.csv,2026-08-17T06:40:00
07/30/2026,NQH27,23440.25,23440.25,"23,116.75","23,327.75",219506,154398,FINAL,cme_settle_20260730.csv,2026-08-17T06:40:00
2026-07-30,NQ M27,23314,23560.5,23244.75,23369.5,144173,77383,Final,cme_settle_20260730.csv,2026-08-17T06:40:00
2026-07-30,CLQ26,65.8,66.45,65.44,65.88,444041,515219,Final,cme_settle_20260730.csv,2026-08-17T06:40:00
07/30/2026,CLU26,65.63,65.87,64.82,65.58,277590,347633,Final,cme_settle_20260730.csv,2026-08-17T06:40:00
2026-07-30,CLV26,65.46,65.9,65.18,65.29,160351,118651,final,cme_settle_20260730.csv,2026-08-17T06:40:00
07/30/2026,CLX26,65.3,65.3,64.67,64.99,107562,53119,FINAL,cme_settle_20260730.csv,2026-08-17T06:40:00
07/30/2026,CL Z26,64.5,65.46,64.5,64.69,66914,26470,FINAL,cme_settle_20260730.csv,2026-08-17T06:40:00
2026-07-30,CL F27,64.45,65.01,64.32,64.4,34816,7715,FINAL,cme_settle_20260730.csv,2026-08-17T06:40:00
07/30/26,clg27,63.84,64.36,63.45,64.1,23502,4625,FINAL,cme_settle_20260730.csv,2026-08-17T06:40:00
20260730,CLH27,63.77,63.91,63.4,63.8,15405,1553,FINAL,cme_settle_20260730.csv,2026-08-17T06:40:00
2026-07-30,CLJ27,63.36,63.86,62.76,63.51,9309,679,FINAL,cme_settle_20260730.csv,2026-08-17T06:40:00
2026-07-30,CLK27,63.31,63.85,62.77,63.21,4636,342,Final,cme_settle_20260730.csv,2026-08-17T06:40:00
2026-07-30,CLM27,63.16,63.37,62.78,62.92,2861,94,FINAL,cme_settle_20260730.csv,2026-08-17T06:40:00
07/30/2026,GCQ26,2701.8,2721.4,2696.5,2714.4,149923,221255,Final,cme_settle_20260730.csv,2026-08-17T06:40:00
07/30/2026,GCZ26,2731.7,"2,731.70",2687.5,2719.3,105606,97482,final,cme_settle_20260730.csv,2026-08-17T06:40:00
2026-07-30,GCG27,"2,719.80",2729.2,2713.4,2724.2,78619,54095,FINAL,cme_settle_20260730.csv,2026-08-17T06:40:00
07/30/2026,GCJ27,2730.9,2751,2702.4,2729.1,35179,16489,final,cme_settle_20260730.csv,2026-08-17T06:40:00
2026-07-30,GCM27,2720.8,2754.3,2720.8,2733.9,"23,730",8965,final,cme_settle_20260730.csv,2026-08-17T06:40:00
2026-07-30,ZBU26,112.9375,113.1875,112.4688,112.625,100074,133858,final,cme_settle_20260730.csv,2026-08-17T06:40:00
07/30/26,ZBZ26,113,113.00,112,112.7188,64050,71735,Final,cme_settle_20260730.csv,2026-08-17T06:40:00
07/30/26,ZBZ26,113,113.00,112,112.7188,64050,71735,Final,cme_settle_20260730.csv,2026-08-17T06:41:12
2026-07-30,ZBH27,112.6562,113.0625,112.0625,112.8125,39727,33874,final,cme_settle_20260730.csv,2026-08-17T06:40:00
07/30/2026,ZBM27,112.5,113.5,111.75,112.9062,20852,8696,Final,cme_settle_20260730.csv,2026-08-17T06:40:00
20260731,ESU26,5927.75,5995.75,5927.75,5957,1480327,2488498,Final,cme_settle_20260731.csv,2026-08-17T06:40:00
07/31/2026,ESZ26,5984.75,5993,5912.75,5967.75,829192,820511,FINAL,cme_settle_20260731.csv,2026-08-17T06:40:00
2026-07-31,ESH27,"5,951.75",5985.5,5943.5,5978.5,529955,365559,final,cme_settle_20260731.csv,2026-08-17T06:40:00
07/31/26,ESM27,5964.75,6012,5944.5,"5,989.25",339240,145134,final,cme_settle_20260731.csv,2026-08-17T06:40:00
2026-07-31,NQU26,"23,200.75",23322.25,22970.75,23248.25,607043,762208,FINAL,cme_settle_20260731.csv,2026-08-17T06:40:00
07/31/2026,NQZ26,"23,180.00",23361,23058.25,23290,418027,428708,Final,cme_settle_20260731.csv,2026-08-17T06:40:00
2026-07-31,NQH27,23259.25,23397.5,23081.25,23332,261610,171480,Final,cme_settle_20260731.csv,2026-08-17T06:40:00
20260731,NQM27,23282.5,23648,23204.75,23373.75,152287,83899,final,cme_settle_20260731.csv,2026-08-17T06:40:00
2026-07-31,CLQ26,65.20,65.66,64.61,65.36,456729,647500,Final,cme_settle_20260731.csv,2026-08-17T06:40:00
2026-07-31,CLU26,65.32,65.32,64.7,65.07,222650,230346,FINAL,cme_settle_20260731.csv,2026-08-17T06:40:00
2026-07-31,CLV26,65.01,65.01,64.65,64.77,148160,84057,Final,cme_settle_20260731.csv,2026-08-17T06:40:00
2026-07-31,clx26,64.8,64.8,64.14,64.48,92398,48206,FINAL,cme_settle_20260731.csv,2026-08-17T06:40:00
20260731,CLZ26,64.16,64.32,63.71,64.18,69334,22517,final,cme_settle_20260731.csv,2026-08-17T06:40:00
20260731,CLF27,64.19,64.20,63.46,63.89,38624,7624,FINAL,cme_settle_20260731.csv,2026-08-17T06:40:00
07/31/2026,CLG27,63.36,64.05,63.05,63.6,25790,4489,FINAL,cme_settle_20260731.csv,2026-08-17T06:40:00
2026-07-31,CLH27,63.09,63.48,62.87,63.3,12775,1511,final,cme_settle_20260731.csv,2026-08-17T06:40:00
07/31/2026,CLJ27,62.86,63.75,62.86,63.01,9805,920,Final,cme_settle_20260731.csv,2026-08-17T06:40:00
2026-07-31,CLK27,62.42,63.21,62.42,62.71,6170,381,final,cme_settle_20260731.csv,2026-08-17T06:40:00
2026-07-31,CLM27,62.14,62.63,61.84,62.42,3368,157,final,cme_settle_20260731.csv,2026-08-17T06:40:00
07/31/26,GCQ26,2703.7,2710.6,2702,2704.7,156859,194040,final,cme_settle_20260731.csv,2026-08-17T06:40:00
2026-07-31,GC Z26,2719.6,2722.7,2704.9,2709.6,124649,120108,final,cme_settle_20260731.csv,2026-08-17T06:40:00
2026-07-31,GCG27,"2,724.90",2733.4,2701.1,2714.4,72606,41382,final,cme_settle_20260731.csv,2026-08-17T06:40:00
2026-07-31,GCJ27,2727.2,"2,751.00",2713.3,2719.3,41873,21735,Final,cme_settle_20260731.csv,2026-08-17T06:40:00
2026-07-31,GC M27,2729.4,2729.4,2697.7,2724.2,"26,854",8184,Final,cme_settle_20260731.csv,2026-08-17T06:40:00
2026-07-31,ZB U26,111.5312,111.56,110.125,111.2812,80820,118481,FINAL,cme_settle_20260731.csv,2026-08-17T06:40:00
07/31/2026,ZBZ26,111.4688,111.8438,110.5312,111.375,50671,42798,Final,cme_settle_20260731.csv,2026-08-17T06:40:00
2026-07-31,ZBH27,111.0312,112.5625,111.0312,111.4688,39129,30580,FINAL,cme_settle_20260731.csv,2026-08-17T06:40:00
07/31/26,ZBM27,111.3438,112.4688,110.5312,111.5625,22532,"11,095",FINAL,cme_settle_20260731.csv,2026-08-17T06:40:00
2026-08-03,ESU26,6002.25,"6,030.00",5918.75,5990.5,1549661,2054250,Final,cme_settle_20260803.csv,2026-08-17T06:40:00
08/03/2026,ESZ26,5974.75,6022,5974.75,6001.25,843636,941294,final,cme_settle_20260803.csv,2026-08-17T06:40:00
08/03/26,ESH27,"5,991.00",6046,5974,6012,520599,441126,final,cme_settle_20260803.csv,2026-08-17T06:40:00
20260803,ESM27,6052.5,"6,080.50",5961,6022.75,"394,018",234079,Final,cme_settle_20260803.csv,2026-08-17T06:40:00
08/03/26,nqu26,22923.5,23211.75,22727,22937.75,697843,1076738,Final,cme_settle_20260803.csv,2026-08-17T06:40:00
2026-08-03,NQ Z26,22962,23139.5,22949.75,22979,"340,922",410802,FINAL,cme_settle_20260803.csv,2026-08-17T06:40:00
20260803,NQH27,23033.5,23060,"22,804.75",23020.25,251211,170149,final,cme_settle_20260803.csv,2026-08-17T06:40:00
20260803,NQ M27,23031.75,23205.25,22996.5,23061.5,158847,88418,final,cme_settle_20260803.csv,2026-08-17T06:40:00
08/03/26,CL Q26,65.24,65.83,64.9,65.52,437747,588157,FINAL,cme_settle_20260803.csv,2026-08-17T06:40:00
2026-08-03,clu26,65.12,65.5,64.64,65.23,289586,286658,final,cme_settle_20260803.csv,2026-08-17T06:40:00
2026-08-03,CLV26,64.68,65.05,64.44,64.93,162580,122092,Final,cme_settle_20260803.csv,2026-08-17T06:40:00
20260803,CL X26,64.71,64.77,63.98,64.64,90820,46527,FINAL,cme_settle_20260803.csv,2026-08-17T06:40:00
2026-08-03,CLZ26,64.49,64.49,63.92,64.34,62624,26952,final,cme_settle_20260803.csv,2026-08-17T06:40:00
2026-08-03,CLF27,63.97,64.16,63.94,64.05,33256,9955,Final,cme_settle_20260803.csv,2026-08-17T06:40:00
08/03/26,CLG27,64,64.05,63.03,63.75,"25,369",3438,FINAL,cme_settle_20260803.csv,2026-08-17T06:40:00
2026-08-03,CLH27,63.57,63.81,63.38,63.46,16663,2373,final,cme_settle_20260803.csv,2026-08-17T06:40:00
08/03/2026,clj27,62.99,63.58,62.61,63.16,8832,795,final,cme_settle_20260803.csv,2026-08-17T06:40:00
2026-08-03,clk27,62.57,63.47,62.24,62.87,5319,275,final,cme_settle_20260803.csv,2026-08-17T06:40:00
2026-08-03,CLM27,62.33,63.28,62.33,62.57,3499,167,final,cme_settle_20260803.csv,2026-08-17T06:40:00
20260803,gcq26,2731.2,2746.8,2699.1,2720.1,164454,201243,Final,cme_settle_20260803.csv,2026-08-17T06:40:00
2026-08-03,GC Z26,2713.7,2755.9,2712.9,2725,"103,212","93,981",FINAL,cme_settle_20260803.csv,2026-08-17T06:40:00
2026-08-03,GCG27,2741.9,2755.3,2711.7,2729.9,66386,"56,807",Final,cme_settle_20260803.csv,2026-08-17T06:40:00
08/03/26,GC J27,2733.6,2740.5,2714,2734.8,50079,20386,FINAL,cme_settle_20260803.csv,2026-08-17T06:40:00
2026-08-03,GCM27,2738.9,2756.5,"2,724.60",2739.7,27569,9833,FINAL,cme_settle_20260803.csv,2026-08-17T06:40:00
2026-08-03,ZBU26,111.875,112.625,110.3125,111.4062,99260,161935,final,cme_settle_20260803.csv,2026-08-17T06:40:00
2026-08-03,ZBZ26,111.625,112.3438,110.875,111.5,59343,72230,FINAL,cme_settle_20260803.csv,2026-08-17T06:40:00
20260803,ZBH27,111.8125,112.4688,111,111.5938,30446,24725,final,cme_settle_20260803.csv,2026-08-17T06:40:00
2026-08-03,ZB M27,111.3125,112.125,111.3125,111.6875,19085,10284,FINAL,cme_settle_20260803.csv,2026-08-17T06:40:00
2026-08-04,ESU26,5924.75,6003,"5,866.50",5935.75,1474084,2708050,final,cme_settle_20260804.csv,2026-08-17T06:40:00
2026-08-04,ESU26,5924.75,6003,"5,866.50",5935.75,1474084,2708050,final,cme_settle_20260804.csv,2026-08-17T06:41:12
2026-08-04,esz26,5956.75,5959.5,5912.75,5946.5,970064,951178,final,cme_settle_20260804.csv,2026-08-17T06:40:00
2026-08-04,ESH27,5972.75,5988.75,5901.5,5957,518147,412207,FINAL,cme_settle_20260804.csv,2026-08-17T06:40:00
2026-08-04,ES M27,5969.75,6010.5,5909.75,5967.75,312288,140162,FINAL,cme_settle_20260804.csv,2026-08-17T06:40:00
20260804,NQU26,23076.5,23320,22954.5,23087.5,598215,841321,final,cme_settle_20260804.csv,2026-08-17T06:40:00
20260804,NQZ26,23164.25,23195.5,23081.75,23129,330283,"341,145",FINAL,cme_settle_20260804.csv,2026-08-17T06:40:00
2026-08-04,NQH27,23129,23284.25,23111.25,"23,170.50","245,983",208034,FINAL,cme_settle_20260804.csv,2026-08-17T06:40:00
08/04/26,NQ M27,23159.5,23441.25,22937.5,23212.25,162957,76647,final,cme_settle_20260804.csv,2026-08-17T06:40:00
20260804,CLQ26,66.58,66.85,66.23,66.43,349955,601067,FINAL,cme_settle_20260804.csv,2026-08-17T06:40:00
2026-08-04,clu26,66.05,66.43,65.62,66.13,258904,240957,Final,cme_settle_20260804.csv,2026-08-17T06:40:00
20260804,CLV26,65.93,66.28,65.09,65.83,132941,84661,final,cme_settle_20260804.csv,2026-08-17T06:40:00
20260804,CLX26,65.74,65.91,64.79,65.53,111546,53694,Final,cme_settle_20260804.csv,2026-08-17T06:40:00
2026-08-04,CLZ26,65.36,65.84,64.89,65.23,68711,29867,final,cme_settle_20260804.csv,2026-08-17T06:40:00
08/04/2026,CLF27,65.26,65.59,64.25,64.94,35436,9830,Final,cme_settle_20260804.csv,2026-08-17T06:40:00
20260804,CLG27,64.81,65.31,64.04,64.64,25062,5031,FINAL,cme_settle_20260804.csv,2026-08-17T06:40:00
2026-08-04,CLH27,64.29,65.07,64.11,64.34,12108,1388,Final,cme_settle_20260804.csv,2026-08-17T06:40:00
2026-08-04,CLJ27,64.23,64.41,63.5,64.04,9248,694,FINAL,cme_settle_20260804.csv,2026-08-17T06:40:00
08/04/26,CLK27,63.53,63.82,63.38,63.74,5925,317,final,cme_settle_20260804.csv,2026-08-17T06:40:00
08/04/2026,CL M27,63.59,63.67,62.87,63.44,3542,174,Final,cme_settle_20260804.csv,2026-08-17T06:40:00
2026-08-04,GCQ26,2717.1,2738.9,2698.5,2706.6,170033,306046,FINAL,cme_settle_20260804.csv,2026-08-17T06:40:00
2026-08-04,GCZ26,2716.4,2720.4,2679.8,2711.5,115712,136969,FINAL,cme_settle_20260804.csv,2026-08-17T06:40:00
2026-08-04,GCG27,2709.3,"2,740.70",2708.5,2716.3,70832,51631,Final,cme_settle_20260804.csv,2026-08-17T06:40:00
2026-08-04,gcj27,2719.9,2744.6,2689.1,2721.2,"41,419",24228,FINAL,cme_settle_20260804.csv,2026-08-17T06:40:00
2026-08-04,GCM27,2724.8,"2,744.00",2704.1,2726.1,30803,12684,FINAL,cme_settle_20260804.csv,2026-08-17T06:40:00
2026-08-04,ZBU26,112.3125,113,111.5312,111.7812,91593,162664,FINAL,cme_settle_20260804.csv,2026-08-17T06:40:00
2026-08-04,ZBZ26,112.0938,113.0938,110.875,111.875,"61,637","57,331",FINAL,cme_settle_20260804.csv,2026-08-17T06:40:00
08/04/2026,ZBH27,112.125,112.3125,111.4688,111.9688,39900,29166,final,cme_settle_20260804.csv,2026-08-17T06:40:00
2026-08-04,ZBM27,111.75,112.2188,111.5625,112.0625,20803,8536,FINAL,cme_settle_20260804.csv,2026-08-17T06:40:00
2026-08-04,ZBM27,111.75,112.2188,111.5625,112.0625,20803,8536,FINAL,cme_settle_20260804.csv,2026-08-17T06:41:12
2026-08-05,ESU26,5935.25,"5,963.00",5935.25,5951.75,"1,191,696",1984838,final,cme_settle_20260805.csv,2026-08-17T06:40:00
08/05/2026,ESZ26,5950.5,6004.5,5892.5,5962.5,823848,1046457,final,cme_settle_20260805.csv,2026-08-17T06:40:00
08/05/26,ESH27,5969,5982.5,5927.5,5973.25,552202,318389,FINAL,cme_settle_20260805.csv,2026-08-17T06:40:00
08/05/26,ESM27,"5,991.25",6023.25,5929,"5,984.00",303394,163969,final,cme_settle_20260805.csv,2026-08-17T06:40:00
2026-08-05,NQU26,22985,23085.25,22744.5,22926.25,659731,1100523,Final,cme_settle_20260805.csv,2026-08-17T06:40:00
08/05/2026,NQZ26,22857.5,23237.25,22857.5,22967.5,421516,531749,Final,cme_settle_20260805.csv,2026-08-17T06:40:00
2026-08-05,NQH27,22966.25,23042.75,22733.75,23008.75,222411,141899,FINAL,cme_settle_20260805.csv,2026-08-17T06:40:00
20260805,NQM27,23014.75,23161.75,22839.75,23050,142052,82269,FINAL,cme_settle_20260805.csv,2026-08-17T06:40:00
20260805,CLQ26,65.93,66.91,65.48,66.13,462216,577189,FINAL,cme_settle_20260805.csv,2026-08-17T06:40:00
20260805,CLU26,66.12,66.44,65.23,65.83,291434,"346,385",FINAL,cme_settle_20260805.csv,2026-08-17T06:40:00
2026-08-05,clv26,65.46,66.1,64.91,65.53,157724,105247,FINAL,cme_settle_20260805.csv,2026-08-17T06:40:00
2026-08-05,clv26,65.46,66.1,64.91,65.53,157724,105247,FINAL,cme_settle_20260805.csv,2026-08-17T06:41:12
2026-08-05,CLX26,65.21,66.01,64.93,65.24,98797,41218,Final,cme_settle_20260805.csv,2026-08-17T06:40:00
08/05/2026,CLZ26,64.88,65.01,64.44,64.94,51263,18048,final,cme_settle_20260805.csv,2026-08-17T06:40:00
2026-08-05,CLF27,64.54,65.04,64.54,64.64,38498,8307,FINAL,cme_settle_20260805.csv,2026-08-17T06:40:00
2026-08-05,CLG27,64.16,64.85,63.84,64.34,23896,"3,407",Final,cme_settle_20260805.csv,2026-08-17T06:40:00
08/05/2026,CLH27,63.78,64.42,63.74,64.05,15200,1493,Final,cme_settle_20260805.csv,2026-08-17T06:40:00
2026-08-05,CL J27,63.88,64.32,63.28,63.75,10276,743,Final,cme_settle_20260805.csv,2026-08-17T06:40:00
08/05/26,CL K27,63.50,64.04,63.17,63.45,4734,236,final,cme_settle_20260805.csv,2026-08-17T06:40:00
2026-08-05,CL M27,63.2,63.35,63.07,63.15,3641,175,final,cme_settle_20260805.csv,2026-08-17T06:40:00
20260805,GC Q26,2673.9,2688.5,2651.5,2670.5,151568,280002,FINAL,cme_settle_20260805.csv,2026-08-17T06:40:00
2026-08-05,GCZ26,2669.6,2685.1,2661.4,2675.3,113077,132316,Final,cme_settle_20260805.csv,2026-08-17T06:40:00
08/05/2026,GCG27,2682.5,2702.6,2664.5,2680.1,77873,46665,FINAL,cme_settle_20260805.csv,2026-08-17T06:40:00
08/05/26,GCJ27,"2,684.00",2715.7,2669.2,2684.9,36662,20362,final,cme_settle_20260805.csv,2026-08-17T06:40:00
2026-08-05,GCM27,2692.7,2696.2,2669.3,2689.7,"28,656",12005,final,cme_settle_20260805.csv,2026-08-17T06:40:00
08/05/2026,ZBU26,111.0938,112.125,111.0625,111.625,82810,127308,FINAL,cme_settle_20260805.csv,2026-08-17T06:40:00
2026-08-05,ZBZ26,111.7812,112.4688,110.5312,111.7188,57193,61024,Final,cme_settle_20260805.csv,2026-08-17T06:40:00
20260805,ZBH27,112.3125,112.38,110.8125,111.8125,40216,35354,final,cme_settle_20260805.csv,2026-08-17T06:40:00
08/05/2026,ZBM27,112.0625,113,110.6875,111.9062,21441,10554,FINAL,cme_settle_20260805.csv,2026-08-17T06:40:00
2026-08-06,ESU26,5962,"6,022.00",5962,5973.25,"1,621,380",2439384,final,cme_settle_20260806.csv,2026-08-17T06:40:00
08/06/2026,esz26,6003.5,6023,5934.5,5984,1033157,"1,026,685",Final,cme_settle_20260806.csv,2026-08-17T06:40:00
08/06/2026,esz26,6003.5,6023,5934.5,5984,1033157,"1,026,685",Final,cme_settle_20260806.csv,2026-08-17T06:41:12
2026-08-06,ESH27,"6,000.50",6064.75,5972.75,5994.75,495637,414160,Final,cme_settle_20260806.csv,2026-08-17T06:40:00
2026-08-06,ESM27,5983,6042.25,"5,950.00",6005.5,302599,160412,final,cme_settle_20260806.csv,2026-08-17T06:40:00
08/06/2026,NQU26,22699.75,22850.75,"22,508.50",22689.75,"600,816",1106272,FINAL,cme_settle_20260806.csv,2026-08-17T06:40:00
20260806,NQZ26,22760,"22,969.50",22641.75,22730.5,336488,"431,147",Final,cme_settle_20260806.csv,2026-08-17T06:40:00
08/06/2026,NQH27,22856.5,22856.5,22540,"22,771.50",260943,198157,Final,cme_settle_20260806.csv,2026-08-17T06:40:00
2026-08-06,NQM27,22801.75,23030.5,22763,22812.25,124331,49120,FINAL,cme_settle_20260806.csv,2026-08-17T06:40:00
08/06/2026,CLQ26,66.18,66.74,65.97,66.25,449691,591972,FINAL,cme_settle_20260806.csv,2026-08-17T06:40:00
2026-08-06,CLU26,66.18,66.7,65.42,65.95,279022,326671,Final,cme_settle_20260806.csv,2026-08-17T06:40:00
2026-08-06,CLV26,65.92,65.92,65.09,65.65,153897,121698,FINAL,cme_settle_20260806.csv,2026-08-17T06:40:00
08/06/2026,CLX26,65.31,66.10,64.79,65.36,110914,66606,Final,cme_settle_20260806.csv,2026-08-17T06:40:00
08/06/2026,CLZ26,65.1,65.51,64.86,65.06,56838,18208,Final,cme_settle_20260806.csv,2026-08-17T06:40:00
2026-08-06,CLF27,65.03,65.03,64.11,64.76,42181,"11,012",FINAL,cme_settle_20260806.csv,2026-08-17T06:40:00
2026-08-06,CLG27,64.72,65.09,63.74,64.46,24646,4056,FINAL,cme_settle_20260806.csv,2026-08-17T06:40:00
2026-08-06,CLH27,64.11,64.76,64.01,64.16,17008,2497,FINAL,cme_settle_20260806.csv,2026-08-17T06:40:00
08/06/26,CLJ27,63.94,64.12,63.23,63.86,8020,809,final,cme_settle_20260806.csv,2026-08-17T06:40:00
08/06/26,clk27,63.28,64.12,63.28,63.57,5447,274,final,cme_settle_20260806.csv,2026-08-17T06:40:00
08/06/2026,CLM27,63.23,63.81,62.66,63.27,3934,132,FINAL,cme_settle_20260806.csv,2026-08-17T06:40:00
20260806,GCQ26,2687.7,2701.7,"2,661.80",2679.1,177421,281973,final,cme_settle_20260806.csv,2026-08-17T06:40:00
08/06/26,gcz26,2690.6,2715.9,2674.6,2683.9,131048,158542,Final,cme_settle_20260806.csv,2026-08-17T06:40:00
2026-08-06,GC G27,2695.7,2695.7,2684.7,2688.7,66306,49658,FINAL,cme_settle_20260806.csv,2026-08-17T06:40:00
2026-08-06,GCJ27,2703,2708.3,2669.1,2693.6,37891,18151,FINAL,cme_settle_20260806.csv,2026-08-17T06:40:00
2026-08-06,GCM27,"2,705.00",2712.1,2675.8,2698.4,"22,942",9030,final,cme_settle_20260806.csv,2026-08-17T06:40:00
2026-08-06,ZBU26,111.5,112.5312,110.5,111.375,84665,135587,final,cme_settle_20260806.csv,2026-08-17T06:40:00
2026-08-06,zbz26,111,112.75,110.6875,111.4688,62456,64362,FINAL,cme_settle_20260806.csv,2026-08-17T06:40:00
2026-08-06,ZB H27,111.6875,112.75,110.875,111.5625,37116,33290,Final,cme_settle_20260806.csv,2026-08-17T06:40:00
2026-08-06,ZBM27,111.9062,112.4062,111.0312,111.6562,22477,12628,Final,cme_settle_20260806.csv,2026-08-17T06:40:00
2026-08-07,ESU26,5931.5,5954.75,5916.75,"5,936.50",1540772,2353940,FINAL,cme_settle_20260807.csv,2026-08-17T06:40:00
2026-08-07,ES Z26,5946.75,5977.5,5921.5,5947.25,780601,789001,final,cme_settle_20260807.csv,2026-08-17T06:40:00
2026-08-07,ESH27,5952.75,6018.75,5928.25,5957.75,521461,394949,Final,cme_settle_20260807.csv,2026-08-17T06:40:00
08/07/2026,ESM27,5958.25,6024.75,"5,958.25",5968.5,296946,169645,final,cme_settle_20260807.csv,2026-08-17T06:40:00
2026-08-07,NQU26,22474.75,22593.5,22429.5,22526.5,531082,753205,FINAL,cme_settle_20260807.csv,2026-08-17T06:40:00
2026-08-07,NQZ26,22622,22827,22328.5,22567,379511,423395,Final,cme_settle_20260807.csv,2026-08-17T06:40:00
2026-08-07,NQH27,22711.5,22850.5,22429.5,22607.5,210997,191251,FINAL,cme_settle_20260807.csv,2026-08-17T06:40:00
08/07/2026,NQM27,22596,22850.5,22594.75,22648.25,138761,57887,Final,cme_settle_20260807.csv,2026-08-17T06:40:00
2026-08-07,clq26,64.98,65.74,64.8,65.2,375053,626754,final,cme_settle_20260807.csv,2026-08-17T06:40:00
20260807,clu26,64.74,65.23,64.71,64.91,237687,275691,Final,cme_settle_20260807.csv,2026-08-17T06:40:00
20260807,CLV26,64.6,64.81,63.87,64.61,149875,117075,FINAL,cme_settle_20260807.csv,2026-08-17T06:40:00
08/07/2026,CLX26,64.57,64.93,63.94,64.32,100882,41326,final,cme_settle_20260807.csv,2026-08-17T06:40:00
08/07/26,CL Z26,64,64.24,63.63,64.03,54225,22842,final,cme_settle_20260807.csv,2026-08-17T06:40:00
20260807,CLF27,63.66,64.03,63.44,63.73,36952,8509,Final,cme_settle_20260807.csv,2026-08-17T06:40:00
2026-08-07,CLG27,63.31,63.6,62.82,63.44,"25,712",4985,Final,cme_settle_20260807.csv,2026-08-17T06:40:00
2026-08-07,CLH27,63.05,63.38,62.92,63.15,"16,236",2229,Final,cme_settle_20260807.csv,2026-08-17T06:40:00
08/07/26,CLJ27,63.07,63.07,62.38,62.85,7771,560,Final,cme_settle_20260807.csv,2026-08-17T06:40:00
2026-08-07,CLK27,62.73,62.73,62.29,62.56,4892,260,Final,cme_settle_20260807.csv,2026-08-17T06:40:00
2026-08-07,CLM27,62.54,62.67,61.59,62.27,2897,127,final,cme_settle_20260807.csv,2026-08-17T06:40:00
20260807,GCQ26,2669.1,2699.1,2666.2,2674.8,192722,258701,FINAL,cme_settle_20260807.csv,2026-08-17T06:40:00
2026-08-07,GC Z26,2667.6,2701.2,2648.6,2679.6,91651,82276,final,cme_settle_20260807.csv,2026-08-17T06:40:00
2026-08-07,GCG27,2676.3,2709.1,2676.3,2684.4,60819,35707,Final,cme_settle_20260807.csv,2026-08-17T06:40:00
2026-08-07,GCJ27,2683.3,2719.9,2661.6,2689.2,37992,17729,FINAL,cme_settle_20260807.csv,2026-08-17T06:40:00
2026-08-07,GCM27,"2,707.40",2707.4,2671.8,2694.1,30693,"9,385",Final,cme_settle_20260807.csv,2026-08-17T06:40:00
08/07/2026,ZBU26,111.125,111.8125,110.5625,111.5,112054,152338,Final,cme_settle_20260807.csv,2026-08-17T06:40:00
08/07/2026,ZBZ26,112.0625,112.125,110.5938,111.5938,67488,77388,Final,cme_settle_20260807.csv,2026-08-17T06:40:00
08/07/2026,ZBH27,111.625,112.09,111.2188,111.6875,"39,507",34853,FINAL,cme_settle_20260807.csv,2026-08-17T06:40:00
08/07/2026,ZBM27,111.2812,112.5,111.1562,111.7812,24634,"11,729",final,cme_settle_20260807.csv,2026-08-17T06:40:00
08/07/2026,ZBM27,111.2812,112.5,111.1562,111.7812,24634,"11,729",final,cme_settle_20260807.csv,2026-08-17T06:41:12
20260810,ESU26,6023,6077.75,6002.25,6034.75,1408955,2496579,Final,cme_settle_20260810.csv,2026-08-17T06:40:00
2026-08-10,ESZ26,6053.75,6109.25,5975.75,6045.5,"855,869",960026,FINAL,cme_settle_20260810.csv,2026-08-17T06:40:00
20260810,ESH27,"6,064.25",6107,6001.5,6056.5,531090,445321,FINAL,cme_settle_20260810.csv,2026-08-17T06:40:00
08/10/26,esm27,6084.5,6133.25,6028.25,6067.25,"365,445",183256,final,cme_settle_20260810.csv,2026-08-17T06:40:00
2026-08-10,NQU26,22515.25,22804.5,22515.25,22593,572918,965924,FINAL,cme_settle_20260810.csv,2026-08-17T06:40:00
2026-08-10,nqz26,22536.75,22904,"22,413.75","22,633.75",440540,536203,Final,cme_settle_20260810.csv,2026-08-17T06:40:00
08/10/26,NQH27,22725.75,22919.75,22493.25,22674.25,273535,212222,final,cme_settle_20260810.csv,2026-08-17T06:40:00
2026-08-10,NQM27,22667.5,22900.25,22609.25,22715,"145,824",72745,Final,cme_settle_20260810.csv,2026-08-17T06:40:00
2026-08-10,CLQ26,67.21,67.21,66.83,66.9,346411,407262,Final,cme_settle_20260810.csv,2026-08-17T06:40:00
20260810,CLU26,66.71,67.09,66.41,66.6,210251,198043,FINAL,cme_settle_20260810.csv,2026-08-17T06:40:00
2026-08-10,CLV26,66.56,67.06,65.72,66.3,"163,331",92948,final,cme_settle_20260810.csv,2026-08-17T06:40:00
2026-08-10,CLX26,65.88,66.45,65.54,66,87760,42295,final,cme_settle_20260810.csv,2026-08-17T06:40:00
2026-08-10,CLZ26,65.46,66.02,65.1,65.7,56921,15917,FINAL,cme_settle_20260810.csv,2026-08-17T06:40:00
20260810,CLF27,65.23,65.98,65.21,65.39,40392,"8,634",final,cme_settle_20260810.csv,2026-08-17T06:40:00
2026-08-10,CLG27,65.32,65.38,64.46,65.09,26417,3980,final,cme_settle_20260810.csv,2026-08-17T06:40:00
20260810,CLH27,64.75,65.52,64.4,64.79,15606,1637,FINAL,cme_settle_20260810.csv,2026-08-17T06:40:00
20260810,CLJ27,64.67,65.02,64.12,64.49,"10,314",926,Final,cme_settle_20260810.csv,2026-08-17T06:40:00
20260810,CLK27,63.94,64.7,63.94,64.19,4880,325,FINAL,cme_settle_20260810.csv,2026-08-17T06:40:00
2026-08-10,CLM27,63.74,64.39,63.69,63.89,3554,178,Final,cme_settle_20260810.csv,2026-08-17T06:40:00
2026-08-10,GCQ26,2668,2695.3,2655.8,2679.7,186170,265403,final,cme_settle_20260810.csv,2026-08-17T06:40:00
2026-08-10,GCZ26,"2,688.90","2,701.90",2667.5,2684.5,121078,126699,FINAL,cme_settle_20260810.csv,2026-08-17T06:40:00
08/10/26,GCG27,2696.3,2718.2,2662.7,2689.3,58810,47151,final,cme_settle_20260810.csv,2026-08-17T06:40:00
2026-08-10,GCJ27,2702.6,2725.8,2666.3,"2,694.20",35426,17769,final,cme_settle_20260810.csv,2026-08-17T06:40:00
2026-08-10,GCM27,"2,700.50",2704.3,2695.2,2699,25862,7620,final,cme_settle_20260810.csv,2026-08-17T06:40:00
20260810,ZBU26,111.4062,112.34,111.4062,111.7188,91990,155662,Final,cme_settle_20260810.csv,2026-08-17T06:40:00
08/10/2026,ZBZ26,112.2812,112.7188,110.875,111.8125,48717,54628,Final,cme_settle_20260810.csv,2026-08-17T06:40:00
20260810,ZBH27,111.6875,112.4688,111.0938,111.9062,34565,31049,final,cme_settle_20260810.csv,2026-08-17T06:40:00
20260810,ZBH27,111.6875,112.4688,111.0938,111.9062,34565,31049,final,cme_settle_20260810.csv,2026-08-17T06:41:12
2026-08-10,ZBM27,111.5,113.2812,111.4062,112,20033,10959,final,cme_settle_20260810.csv,2026-08-17T06:40:00
2026-08-11,esu26,6060.75,6078.75,6054,6063.75,1326561,"1,538,868",Final,cme_settle_20260811.csv,2026-08-17T06:40:00
08/11/2026,ESZ26,6097.25,6136,6024.5,6074.75,992923,935082,FINAL,cme_settle_20260811.csv,2026-08-17T06:40:00
2026-08-11,ESH27,6090.5,6094,6025.75,6085.5,506772,382723,final,cme_settle_20260811.csv,2026-08-17T06:40:00
2026-08-11,ES M27,6096,6147,6089.25,6096.5,"393,920",178869,FINAL,cme_settle_20260811.csv,2026-08-17T06:40:00
20260811,NQU26,21974.5,22103.25,21849,22053.25,"628,877",1100140,FINAL,cme_settle_20260811.csv,2026-08-17T06:40:00
2026-08-11,NQZ26,"22,007.75",22245,22007.75,22093,363295,417827,Final,cme_settle_20260811.csv,2026-08-17T06:40:00
2026-08-11,NQH27,22234.25,22252,21885.5,22132.75,253033,219992,Final,cme_settle_20260811.csv,2026-08-17T06:40:00
08/11/2026,nqm27,22101.25,22287.5,22088,22172.25,171515,74629,final,cme_settle_20260811.csv,2026-08-17T06:40:00
20260811,CLQ26,66.48,66.92,65.88,66.22,"455,505","811,827",FINAL,cme_settle_20260811.csv,2026-08-17T06:40:00
08/11/2026,clu26,65.76,66.56,65.35,65.92,259366,"260,974",FINAL,cme_settle_20260811.csv,2026-08-17T06:40:00
20260811,CLV26,65.58,66.22,65.27,65.62,"154,106",98611,Final,cme_settle_20260811.csv,2026-08-17T06:40:00
08/11/2026,CLX26,65.2,65.64,65.15,65.33,97264,60243,final,cme_settle_20260811.csv,2026-08-17T06:40:00
20260811,clz26,64.95,65.39,64.31,65.03,67575,29236,final,cme_settle_20260811.csv,2026-08-17T06:40:00
08/11/26,CLF27,64.86,65.19,64.19,64.73,32569,8504,FINAL,cme_settle_20260811.csv,2026-08-17T06:40:00
20260811,CLG27,64.36,64.76,64.33,64.43,26684,5250,final,cme_settle_20260811.csv,2026-08-17T06:40:00
08/11/26,CLH27,64.03,64.82,63.97,64.13,"12,792",1621,Final,cme_settle_20260811.csv,2026-08-17T06:40:00
08/11/2026,CLJ27,63.97,63.97,63.12,63.84,9004,939,Final,cme_settle_20260811.csv,2026-08-17T06:40:00
2026-08-11,CLK27,63.35,64.13,63.13,63.54,6037,339,final,cme_settle_20260811.csv,2026-08-17T06:40:00
08/11/2026,clm27,63.35,63.44,62.73,63.24,"3,867",129,FINAL,cme_settle_20260811.csv,2026-08-17T06:40:00
08/11/2026,GCQ26,2698.9,2718.2,2676.7,2690.3,168250,287168,final,cme_settle_20260811.csv,2026-08-17T06:40:00
08/11/2026,GCZ26,2687.7,2700.6,2675.6,2695.1,131490,155105,Final,cme_settle_20260811.csv,2026-08-17T06:40:00
2026-08-11,GCG27,2690.9,2712.9,2680.8,"2,700.00",62767,41865,FINAL,cme_settle_20260811.csv,2026-08-17T06:40:00
2026-08-11,GCJ27,2710.9,2718.7,2673.1,2704.8,39114,16235,Final,cme_settle_20260811.csv,2026-08-17T06:40:00
2026-08-11,GCM27,2722.3,"2,727.90",2695.8,2709.7,25894,7699,final,cme_settle_20260811.csv,2026-08-17T06:40:00
20260811,ZBU26,112.375,113.5312,111.9688,112.3438,84509,113308,Final,cme_settle_20260811.csv,2026-08-17T06:40:00
2026-08-11,ZBZ26,112.625,113,111.4062,112.4375,55972,49959,final,cme_settle_20260811.csv,2026-08-17T06:40:00
2026-08-11,ZBH27,112.1875,113,112.1875,112.5312,34273,24006,Final,cme_settle_20260811.csv,2026-08-17T06:40:00
08/11/2026,ZBM27,112.125,113.625,112.125,112.625,"23,540",14815,Final,cme_settle_20260811.csv,2026-08-17T06:40:00
2026-08-12,ESU26,5991.25,6033.5,5928.25,5970.25,"1,661,253",2081087,Final,cme_settle_20260812.csv,2026-08-17T06:40:00
2026-08-12,ESZ26,6003.25,6023,5929.75,5981,888044,"1,026,787",Final,cme_settle_20260812.csv,2026-08-17T06:40:00
08/12/2026,ESH27,6019.25,6056.5,5960.75,5991.75,562428,452470,FINAL,cme_settle_20260812.csv,2026-08-17T06:40:00
20260812,ESM27,5984,6031.75,5966.75,6002.5,"383,546",160830,final,cme_settle_20260812.csv,2026-08-17T06:40:00
2026-08-12,NQU26,22050.25,"22,297.75",22002,22147,696946,915914,Final,cme_settle_20260812.csv,2026-08-17T06:40:00
08/12/2026,NQZ26,22196.75,22370.25,22071.25,22186.75,"338,680",396560,final,cme_settle_20260812.csv,2026-08-17T06:40:00
20260812,NQH27,22260.5,22279.75,22080.75,22226.75,278966,217478,Final,cme_settle_20260812.csv,2026-08-17T06:40:00
2026-08-12,NQM27,22309.25,22370.5,22130.75,"22,266.50",140279,75867,FINAL,cme_settle_20260812.csv,2026-08-17T06:40:00
20260812,CLQ26,66.66,66.93,66.6,66.67,361225,478910,Final,cme_settle_20260812.csv,2026-08-17T06:40:00
20260812,CLU26,66.04,66.5,66.01,66.37,286242,242240,final,cme_settle_20260812.csv,2026-08-17T06:40:00
2026-08-12,CL V26,65.94,66.28,65.57,66.07,146128,94562,FINAL,cme_settle_20260812.csv,2026-08-17T06:40:00
2026-08-12,clx26,65.71,66.08,65.2,65.77,83240,34837,final,cme_settle_20260812.csv,2026-08-17T06:40:00
08/12/2026,CLZ26,65.49,65.88,64.94,65.47,54748,21584,final,cme_settle_20260812.csv,2026-08-17T06:40:00
20260812,CL F27,65.18,65.86,64.83,65.17,42486,12138,Final,cme_settle_20260812.csv,2026-08-17T06:40:00
20260812,CLG27,65.16,65.16,64.38,64.87,23955,4969,FINAL,cme_settle_20260812.csv,2026-08-17T06:40:00
2026-08-12,CLH27,64.34,64.74,64.23,64.57,16349,2095,final,cme_settle_20260812.csv,2026-08-17T06:40:00
2026-08-12,clj27,64.08,64.38,63.91,64.27,8898,912,Final,cme_settle_20260812.csv,2026-08-17T06:40:00
20260812,CL K27,64.22,64.68,63.28,63.97,6493,462,Final,cme_settle_20260812.csv,2026-08-17T06:40:00
2026-08-12,CL M27,63.50,64.01,62.93,63.67,2897,130,FINAL,cme_settle_20260812.csv,2026-08-17T06:40:00
2026-08-12,GCQ26,2669.2,2703.7,2669.2,2676.9,173707,224150,final,cme_settle_20260812.csv,2026-08-17T06:40:00
20260812,GCZ26,2683.8,2703.7,2667.9,2681.7,115351,128543,FINAL,cme_settle_20260812.csv,2026-08-17T06:40:00
08/12/2026,GCG27,2681.6,2691.1,2673.3,2686.5,58392,40500,FINAL,cme_settle_20260812.csv,2026-08-17T06:40:00
2026-08-12,GCJ27,2691.9,2723.3,2671.6,2691.4,"50,467",30689,FINAL,cme_settle_20260812.csv,2026-08-17T06:40:00
2026-08-12,GCM27,2699.1,2704.7,2671.8,2696.2,25294,10574,FINAL,cme_settle_20260812.csv,2026-08-17T06:40:00
08/12/2026,ZB U26,112.8438,113.6875,111.9375,112.375,84024,"141,979",final,cme_settle_20260812.csv,2026-08-17T06:40:00
2026-08-12,ZB Z26,112.2812,112.9375,112.2188,112.4688,"58,803",54964,Final,cme_settle_20260812.csv,2026-08-17T06:40:00
08/12/2026,ZBH27,113.0312,113.6562,111.3438,112.5625,39892,31677,final,cme_settle_20260812.csv,2026-08-17T06:40:00
2026-08-12,zbm27,112.1875,113.5938,111.75,112.6562,"24,167",13156,FINAL,cme_settle_20260812.csv,2026-08-17T06:40:00
08/13/2026,ESU26,6007.75,6070,5960.25,5998.25,1264378,1466434,Final,cme_settle_20260813.csv,2026-08-17T06:40:00
2026-08-13,ESZ26,5991.25,6016.5,5966.75,6009,913347,821050,Final,cme_settle_20260813.csv,2026-08-17T06:40:00
2026-08-13,ESH27,6005,6062.25,6000.75,6019.75,507618,365917,FINAL,cme_settle_20260813.csv,2026-08-17T06:40:00
2026-08-13,ESM27,6059,6095,5958.5,6030.75,371637,153281,final,cme_settle_20260813.csv,2026-08-17T06:40:00
2026-08-13,NQU26,22120,22358.75,22093.5,22194.25,531508,936666,FINAL,cme_settle_20260813.csv,2026-08-17T06:40:00
2026-08-13,nqz26,22222,22436,22105.5,22234.25,414361,474139,final,cme_settle_20260813.csv,2026-08-17T06:40:00
08/13/2026,NQH27,22218.75,22422.75,22064.25,22274.25,203685,174231,final,cme_settle_20260813.csv,2026-08-17T06:40:00
08/13/2026,NQM27,"22,359.25",22409.5,22067.75,22314,143131,81007,final,cme_settle_20260813.csv,2026-08-17T06:40:00
2026-08-13,CLQ26,65.77,66.52,65.77,65.98,312493,575256,FINAL,cme_settle_20260813.csv,2026-08-17T06:40:00
08/13/26,CLU26,65.39,65.94,65.33,65.68,305622,358336,Final,cme_settle_20260813.csv,2026-08-17T06:40:00
2026-08-13,CLV26,65.35,65.57,65.07,65.39,181438,162614,FINAL,cme_settle_20260813.csv,2026-08-17T06:40:00
2026-08-13,clx26,64.99,65.21,64.99,65.09,109417,52950,Final,cme_settle_20260813.csv,2026-08-17T06:40:00
2026-08-13,CLZ26,64.87,65.3,64.19,64.79,70935,23974,FINAL,cme_settle_20260813.csv,2026-08-17T06:40:00
2026-08-13,CLF27,64.59,65.2,64.16,64.5,31607,6711,final,cme_settle_20260813.csv,2026-08-17T06:40:00
20260813,CLG27,64.11,64.96,63.5,64.2,23419,"3,382",FINAL,cme_settle_20260813.csv,2026-08-17T06:40:00
2026-08-13,CLH27,63.7,64.26,63.7,63.9,12427,1224,Final,cme_settle_20260813.csv,2026-08-17T06:40:00
2026-08-13,CLJ27,63.36,64,63.36,63.6,7769,665,final,cme_settle_20260813.csv,2026-08-17T06:40:00
2026-08-13,CLK27,63.04,63.68,63.04,63.31,5253,343,Final,cme_settle_20260813.csv,2026-08-17T06:40:00
2026-08-13,clm27,62.77,63.09,62.28,63.01,3091,125,FINAL,cme_settle_20260813.csv,2026-08-17T06:40:00
2026-08-13,GC Q26,2694.9,2715.5,2685.2,2688.7,161799,280265,Final,cme_settle_20260813.csv,2026-08-17T06:40:00
08/13/26,GCZ26,2682,2708.2,2682,2693.5,124496,113163,FINAL,cme_settle_20260813.csv,2026-08-17T06:40:00
20260813,GCG27,2709.1,2725.1,2683.2,2698.4,59527,53879,final,cme_settle_20260813.csv,2026-08-17T06:40:00
2026-08-13,GCJ27,2693.2,2706.2,2682.7,2703.2,49629,25722,Final,cme_settle_20260813.csv,2026-08-17T06:40:00
2026-08-13,GCM27,2703.9,2724.6,2692,"2,708.10",26080,10762,Final,cme_settle_20260813.csv,2026-08-17T06:40:00
2026-08-13,ZBU26,111.7188,112.3125,111.25,112,88392,104687,FINAL,cme_settle_20260813.csv,2026-08-17T06:40:00
2026-08-13,ZBZ26,111.6562,113.4375,111.3125,112.0938,59721,59699,final,cme_settle_20260813.csv,2026-08-17T06:40:00
2026-08-13,ZB H27,112.1562,112.6562,111.7188,112.1875,35704,26461,final,cme_settle_20260813.csv,2026-08-17T06:40:00
20260813,ZBM27,112.4375,112.6562,111.3438,112.28,25534,10813,FINAL,cme_settle_20260813.csv,2026-08-17T06:40:00
2026-08-14,ES U26,"5,969.50",6005.5,5949.5,5979.25,1419705,1687587,final,cme_settle_20260814.csv,2026-08-17T06:40:00
2026-08-14,ESZ26,5986.75,6037.25,5941.75,5990,772276,691097,final,cme_settle_20260814.csv,2026-08-17T06:40:00
2026-08-14,esh27,5989.25,6017,5971.75,6000.75,563758,"401,033",FINAL,cme_settle_20260814.csv,2026-08-17T06:40:00
2026-08-14,ESM27,"6,009.00",6077.25,5966.25,6011.5,292434,144727,Final,cme_settle_20260814.csv,2026-08-17T06:40:00
2026-08-14,NQU26,21992.75,22163.25,21799.25,22050.5,720573,"1,050,152",Final,cme_settle_20260814.csv,2026-08-17T06:40:00
2026-08-14,NQU26,21992.75,22163.25,21799.25,22050.5,720573,"1,050,152",Final,cme_settle_20260814.csv,2026-08-17T06:41:12
08/14/2026,NQZ26,22118.5,22329.5,21919.5,22090.25,415991,343367,Final,cme_settle_20260814.csv,2026-08-17T06:40:00
2026-08-14,NQH27,22216,22216,"21,872.50","22,130.00",201622,176233,FINAL,cme_settle_20260814.csv,2026-08-17T06:40:00
2026-08-14,NQM27,22192.25,22394.25,21980.25,22169.5,140453,78890,Final,cme_settle_20260814.csv,2026-08-17T06:40:00
2026-08-14,CLQ26,66.39,66.39,65.93,66.12,263286,335609,Final,cme_settle_20260814.csv,2026-08-17T06:40:00
2026-08-14,CLU26,65.68,66.42,65.38,65.82,379537,410864,final,cme_settle_20260814.csv,2026-08-17T06:40:00
2026-08-14,CLV26,65.23,65.96,64.82,65.52,180614,149043,FINAL,cme_settle_20260814.csv,2026-08-17T06:40:00
2026-08-14,CLX26,65.43,65.49,65.02,65.23,96499,"45,835",FINAL,cme_settle_20260814.csv,2026-08-17T06:40:00
2026-08-14,CLZ26,64.82,65.28,64.68,64.93,65226,22593,Final,cme_settle_20260814.csv,2026-08-17T06:40:00
2026-08-14,CLF27,64.61,65.22,63.88,64.63,40823,10832,FINAL,cme_settle_20260814.csv,2026-08-17T06:40:00
08/14/2026,CLG27,64.03,64.53,63.89,64.33,19469,3910,FINAL,cme_settle_20260814.csv,2026-08-17T06:40:00
08/14/26,clh27,64.21,64.3,63.74,64.04,16089,2433,FINAL,cme_settle_20260814.csv,2026-08-17T06:40:00
2026-08-14,CLJ27,63.85,63.97,63.58,63.74,8372,687,Final,cme_settle_20260814.csv,2026-08-17T06:40:00
2026-08-14,clk27,63.21,63.79,62.88,63.44,6142,385,final,cme_settle_20260814.csv,2026-08-17T06:40:00
2026-08-14,CL M27,62.93,63.46,62.72,63.14,3305,139,FINAL,cme_settle_20260814.csv,2026-08-17T06:40:00
20260814,GCQ26,2728,2758.9,2704.8,2736.2,128704,169172,final,cme_settle_20260814.csv,2026-08-17T06:40:00
2026-08-14,GCZ26,"2,740.60","2,744.60",2736.7,2741.1,140160,157088,Final,cme_settle_20260814.csv,2026-08-17T06:40:00
2026-08-14,GCG27,2747.8,2775.2,2731.8,2746.1,77018,50820,FINAL,cme_settle_20260814.csv,2026-08-17T06:40:00
08/14/2026,GCJ27,2764.5,2772.8,2738.7,2751,43960,23448,FINAL,cme_settle_20260814.csv,2026-08-17T06:40:00
2026-08-14,GCM27,2756.2,2780.8,2749.3,2755.9,29095,12629,Final,cme_settle_20260814.csv,2026-08-17T06:40:00
20260814,zbu26,111.22,113,111.2188,111.75,99467,160833,Final,cme_settle_20260814.csv,2026-08-17T06:40:00
2026-08-14,ZBZ26,111.5,112.3125,111.5,111.8438,51406,48149,FINAL,cme_settle_20260814.csv,2026-08-17T06:40:00
08/14/2026,ZBH27,111.5,112.2188,110.6562,111.9375,34090,23282,Final,cme_settle_20260814.csv,2026-08-17T06:40:00
2026-08-14,ZB M27,112.0938,113.0938,111.2188,112.0312,25207,15926,Final,cme_settle_20260814.csv,2026-08-17T06:40:00
2026-08-14,ZB M27,112.0938,113.0938,111.2188,112.0312,25207,15926,Final,cme_settle_20260814.csv,2026-08-17T06:41:12
