as_of,und,exp_dt,strike_px,put_call,bid_px,ask_px,last_px,trd_vol,oi,imp_vol,delta,opt_root,exch,snap_id,rec_hash
20260720,ES,2026-08-21,5400,C,565.25,573.25,569.25,1189,3670,0.1203,0.699,ES,CME,snap-20260720-es,ES-20260821-5400-C-20260720
20260720,ES,2026-08-21,5400,C,565.25,573.25,569.25,1189,3670,0.1203,0.699,ES,CME,snap-20260720-es-retry,ES-20260821-5400-C-20260720
2026-07-20,ES,2026-08-21,5400,P ,76.75,77.75,77.25,676,3199,0.1264,-0.301,ES,CME,snap-20260720-es,ES-20260821-5400-P-20260720
20260720,ES,2026-08-21,5450,C,515,522.25,518.5,1073,3415,0.1193,0.712,ES,CME,snap-20260720-es,ES-20260821-5450-C-20260720
2026-07-20,ES,20260821,5450,P,75.75,76.75,76.25,"1,487",4639,0.1248,-0.288,ES,CME,snap-20260720-es,ES-20260821-5450-P-20260720
2026-07-20,ES,2026-08-21,5500,C,465,471.25,468,5519,24361,0.1184,0.726,ES,CME,snap-20260720-es,ES-20260821-5500-C-20260720
2026-07-20,ES,20260821,5500,P,74.75,75.75,75.25,7280,36733,0.12,-0.274,ES,CME,snap-20260720-es,ES-20260821-5500-P-20260720
2026-07-20,ES,2026-08-21,5550,C,414.75,420.25,417.5,5576,22832,0.1174,0.743,ES,CME,snap-20260720-es,ES-20260821-5550-C-20260720
07/20/26,ES,08/21/26,5550,put,73.75,74.75,74.25,7313,40285,0.1216,-0.257,ES,CME,snap-20260720-es,ES-20260821-5550-P-20260720
07/20/2026,ES,20260821,5600,C,364.5,369.25,367,7076,33800,0.1164,0.763,ES,CME,snap-20260720-es,ES-20260821-5600-C-20260720
2026-07-20,ES,08/21/2026,5600,P,72.75,73.75,73.25,11400,50826,0.12,-0.237,ES,CME,snap-20260720-es,ES-20260821-5600-P-20260720
07/20/2026,ES,2026-08-21,5650,Call,314.25,318.25,316.25,10206,36098,0.1154,0.786,ES,CME,snap-20260720-es,ES-20260821-5650-C-20260720
20260720,ES,2026-08-21,5650,P,71.75,72.75,72.25,"12,698",47854,0.1184,-0.214,ES,CME,snap-20260720-es,ES-20260821-5650-P-20260720
2026-07-20,ES,08/21/26,5700,C,264,267.25,265.5,7750,27087,0.1144,0.813,ES,CME,snap-20260720-es,ES-20260821-5700-C-20260720
07/20/2026,ES,2026-08-21,"5,700.00",P,71,71.75,71.5,"13,821",66771,0.1168,-0.187,ES,CME,snap-20260720-es,ES-20260821-5700-P-20260720
07/20/2026,ES,08/21/2026,5750,C,213.75,216.25,215,17478,67208,0.1134,0.846,ES,CME,snap-20260720-es,ES-20260821-5750-C-20260720
20260720,ES,2026-08-21,5750,put,70,70.75,70.5,20273,71063,0.1152,-0.154,ES,CME,snap-20260720-es,ES-20260821-5750-P-20260720
2026-07-20,ES,2026-08-21,5800,C,163.5,165.25,164.5,15500,50952,0.11,0.887,ES,CME,snap-20260720-es,ES-20260821-5800-C-20260720
2026-07-20,ES,08/21/2026,5800,P,69,69.75,69.5,13289,63649,0.1136,-0.113,ES,CME,snap-20260720-es,ES-20260821-5800-P-20260720
20260720,ES,2026-08-21,5850,C,113.25,114.5,114,16686,74515,0.1114,0.939,ES,CME,snap-20260720-es,ES-20260821-5850-C-20260720
2026-07-20,es,20260821,5850,P,68,68.75,68.5,15547,58901,0.112,-0.061,ES,CME,snap-20260720-es,ES-20260821-5850-P-20260720
2026-07-20,ES,20260821,5900,C,67.25,68,67.5,"19,529",45383,0.1106,0.994,ES,CME,snap-20260720-es,ES-20260821-5900-C-20260720
2026-07-20,ES,08/21/2026,5900,P,71.5,72.25,72,30612,102776,0.1106,-0.006,ES,CME,snap-20260720-es,ES-20260821-5900-P-20260720
2026-07-20,ES,2026-08-21,5950,C,68,68.75,68.5,21102,78234,0.1118,0.929,ES,CME,snap-20260720-es,ES-20260821-5950-C-20260720
2026-07-20,ES,2026-08-21,5950,put,121.75,123.00,122.5,16304,86513,0.1116,-0.071,ES,CME,snap-20260720-es,ES-20260821-5950-P-20260720
07/20/2026,ES,20260821,6000,Call,68.75,69.5,69,21352,47000,0.113,0.879,ES,CME,snap-20260720-es,ES-20260821-6000-C-20260720
2026-07-20,es,2026-08-21,6000,P,172.00,174,173,25189,84209,0.11,-0.121,ES,CME,snap-20260720-es,ES-20260821-6000-P-20260720
2026-07-20,ES,20260821,6050,Call,69.25,70.25,69.75,6093,25809,0.1142,0.84,ES,CME,snap-20260720-es,ES-20260821-6050-C-20260720
2026-07-20,ES,2026-08-21,6050,P,222.25,225,223.5,9721,52502,0.1136,-0.16,ES,CME,snap-20260720-es,ES-20260821-6050-P-20260720
2026-07-20,es,08/21/26,6100,C,70,71,70.50,14254,42756,0.12,0.808,ES,CME,snap-20260720-es,ES-20260821-6100-C-20260720
07/20/2026,ES,2026-08-21,6100,P,272.5,276,274.25,17867,87400,0.1146,-0.192,ES,CME,snap-20260720-es,ES-20260821-6100-P-20260720
07/20/2026,ES,08/21/2026,"6,150.00",C,70.75,71.75,71.25,12696,34661,0.1166,0.781,ES,CME,snap-20260720-es,ES-20260821-6150-C-20260720
2026-07-20,ES,2026-08-21,6150,P,322.75,326.75,324.75,9735,27308,0.1155,-0.219,ES,CME,snap-20260720-es,ES-20260821-6150-P-20260720
2026-07-20,ES,08/21/26,6200,C,71.5,72.5,72,4543,19472,0.1177,0.759,ES,CME,snap-20260720-es,ES-20260821-6200-C-20260720
2026-07-20,ES,08/21/2026,6200,P,373,377.75,375.5,9645,49859,0.1165,-0.241,ES,CME,snap-20260720-es,ES-20260821-6200-P-20260720
2026-07-20,ES,2026-08-21,6250,C,72.25,73.25,72.75,5414,17430,0.1189,0.74,ES,CME,snap-20260720-es,ES-20260821-6250-C-20260720
2026-07-20,ES,2026-08-21,6250,P,423.25,428.75,426,6526,29289,0.1175,-0.26,ES,CME,snap-20260720-es,ES-20260821-6250-P-20260720
2026-07-20,ES,08/21/26,6300,C,73,74,73.5,4480,12420,0.1201,0.724,ES,CME,snap-20260720-es,ES-20260821-6300-C-20260720
2026-07-20,ES,08/21/2026,"6,300.00",P,473.50,479.75,476.5,6229,20144,0.1185,-0.276,ES,CME,snap-20260720-es,ES-20260821-6300-P-20260720
2026-07-20,ES,2026-08-21,"6,350.00",C,73.5,74.75,74,1354,4063,0.1213,0.709,ES,CME,snap-20260720-es,ES-20260821-6350-C-20260720
07/20/2026,ES,20260821,6350,P,523.75,531,527.5,2368,"9,191",0.1195,-0.291,ES,CME,snap-20260720-es,ES-20260821-6350-P-20260720
2026-07-20,ES,2026-08-21,6400,C,74.25,75.5,75,554,1294,0.1225,0.697,ES,CME,snap-20260720-es,ES-20260821-6400-C-20260720
2026-07-20,ES,20260821,6400,Put,573.75,582,578.00,677,2147,0.1205,-0.303,ES,CME,snap-20260720-es,ES-20260821-6400-P-20260720
2026-07-20,ES,2026-08-28,5400,C,572.75,581.25,577,1031,2735,0.1203,0.699,ES,CME,snap-20260720-es,ES-20260828-5400-C-20260720
07/20/2026,ES,20260828,"5,400.00",P,84.5,85.75,85,910,2476,0.1264,-0.301,ES,CME,snap-20260720-es,ES-20260828-5400-P-20260720
07/20/26,ES,2026-08-28,5450,C,522.5,530,526.25,2613,10879,0.1193,0.712,ES,CME,snap-20260720-es,ES-20260828-5450-C-20260720
2026-07-20,ES,2026-08-28,5450,P,83.5,84.75,84,2513,11444,0.1248,-0.288,ES,CME,snap-20260720-es,ES-20260828-5450-P-20260720
20260720,ES,2026-08-28,5500,C,472.25,479,475.5,5180,11466,0.1184,0.726,ES,CME,snap-20260720-es,ES-20260828-5500-C-20260720
20260720,ES,08/28/2026,5500,P,82.5,83.75,83,6923,23712,0.1232,-0.274,ES,CME,snap-20260720-es,ES-20260828-5500-P-20260720
2026-07-20,ES,2026-08-28,5550,C,422,427.75,425,"2,410",10306,0.1174,0.743,ES,CME,snap-20260720-es,ES-20260828-5550-C-20260720
20260720,ES,2026-08-28,5550,P,81.5,82.5,82,5020,27518,0.1216,-0.257,ES,CME,snap-20260720-es,ES-20260828-5550-P-20260720
20260720,ES,08/28/2026,5600,C,371.75,376.75,374.25,10017,30600,0.1164,0.763,ES,CME,snap-20260720-es,ES-20260828-5600-C-20260720
2026-07-20,ES,08/28/26,5600,P ,80.5,81.5,81,12135,61300,0.12,-0.237,ES,CME,snap-20260720-es,ES-20260828-5600-P-20260720
2026-07-20,ES,08/28/26,5600,P ,80.5,81.5,81,12135,61300,0.12,-0.237,ES,CME,snap-20260720-es-retry,ES-20260828-5600-P-20260720
07/20/2026,ES,2026-08-28,5650,Call,321.5,325.75,323.5,10033,23787,0.12,0.786,ES,CME,snap-20260720-es,ES-20260828-5650-C-20260720
2026-07-20,ES,2026-08-28,5650,P,79.25,80.25,79.75,13572,36520,0.12,-0.214,ES,CME,snap-20260720-es,ES-20260828-5650-P-20260720
07/20/26,ES,2026-08-28,5700,C,271.25,274.50,273,"13,282",56036,0.1144,0.813,ES,CME,snap-20260720-es,ES-20260828-5700-C-20260720
2026-07-20,es,2026-08-28,5700,P,78.25,79.25,78.75,15743,83428,0.1168,-0.19,ES,CME,snap-20260720-es,ES-20260828-5700-P-20260720
2026-07-20,ES,2026-08-28,5750,C,221,223.5,222.25,9947,33463,0.1134,0.846,ES,CME,snap-20260720-es,ES-20260828-5750-C-20260720
2026-07-20,ES,2026-08-28,5750,P ,77.25,78.25,77.75,8973,32495,0.1152,-0.154,ES,CME,snap-20260720-es,ES-20260828-5750-P-20260720
2026-07-20,ES,08/28/2026,5800,C,170.5,172.5,171.5,16040,61118,0.11,0.887,ES,CME,snap-20260720-es,ES-20260828-5800-C-20260720
2026-07-20,ES,08/28/2026,"5,800.00",P,76.25,77,76.5,18290,47336,0.1136,-0.113,ES,CME,snap-20260720-es,ES-20260828-5800-P-20260720
2026-07-20,ES,08/28/2026,5850,C,120.25,121.5,121,10150,29215,0.1114,0.939,ES,CME,snap-20260720-es,ES-20260828-5850-C-20260720
2026-07-20,ES,2026-08-28,5850,P,75,76,75.5,16056,74550,0.112,-0.061,ES,CME,snap-20260720-es,ES-20260828-5850-P-20260720
2026-07-20,ES,08/28/26,"5,900.00",C,74.25,75,74.5,13890,37854,0.1106,0.994,ES,CME,snap-20260720-es,ES-20260828-5900-C-20260720
20260720,ES,2026-08-28,5900,P,78.5,79.25,79,23936,118743,0.1106,-0.006,ES,CME,snap-20260720-es,ES-20260828-5900-P-20260720
2026-07-20,ES,20260828,5950,Call,75,75.75,75.5,17792,"78,995",0.1118,0.929,ES,CME,snap-20260720-es,ES-20260828-5950-C-20260720
2026-07-20,ES,2026-08-28,5950,P ,128.75,130.25,129.5,24653,105951,0.1116,-0.071,ES,CME,snap-20260720-es,ES-20260828-5950-P-20260720
2026-07-20,ES,20260828,"6,000.00",C,75.75,76.75,76.25,12567,43729,0.113,0.879,ES,CME,snap-20260720-es,ES-20260828-6000-C-20260720
2026-07-20,ES,2026-08-28,6000,P,179,181.25,180,16318,46906,0.1126,-0.121,ES,CME,snap-20260720-es,ES-20260828-6000-P-20260720
2026-07-20,ES,2026-08-28,6050,Call,76.5,77.5,77,6404,29957,0.1142,0.84,ES,CME,snap-20260720-es,ES-20260828-6050-C-20260720
2026-07-20,ES,2026-08-28,6050,P,229.50,232.25,231,16857,62248,0.1136,-0.16,ES,CME,snap-20260720-es,ES-20260828-6050-P-20260720
2026-07-20,ES,20260828,6100,Call,77.25,78.25,77.75,18320,67928,0.1154,0.808,ES,CME,snap-20260720-es,ES-20260828-6100-C-20260720
07/20/2026,ES,2026-08-28,6100,P,279.75,283.25,281.5,9052,30878,0.1146,-0.192,ES,CME,snap-20260720-es,ES-20260828-6100-P-20260720
07/20/2026,ES,2026-08-28,6100,P,279.75,283.25,281.5,9052,30878,0.1146,-0.192,ES,CME,snap-20260720-es-retry,ES-20260828-6100-P-20260720
2026-07-20,ES,2026-08-28,6150,Call,78,79.25,78.5,6035,19306,0.1166,0.781,ES,CME,snap-20260720-es,ES-20260828-6150-C-20260720
2026-07-20,es,08/28/2026,6150,P,330.00,334.25,332,9350,45942,0.12,-0.219,ES,CME,snap-20260720-es,ES-20260828-6150-P-20260720
2026-07-20,ES,2026-08-28,6200,C,79,80,79.5,11266,45374,0.1177,0.759,ES,CME,snap-20260720-es,ES-20260828-6200-C-20260720
07/20/26,ES,2026-08-28,6200,P,380.25,385.5,383,6277,18050,0.1165,-0.241,ES,CME,snap-20260720-es,ES-20260828-6200-P-20260720
2026-07-20,ES,2026-08-28,6250,C,79.75,80.75,80.25,6973,16130,0.1189,0.74,ES,CME,snap-20260720-es,ES-20260828-6250-C-20260720
07/20/26,ES,08/28/26,6250,P,430.5,436.5,433.5,7745,41316,0.1175,-0.26,ES,CME,snap-20260720-es,ES-20260828-6250-P-20260720
2026-07-20,ES,08/28/26,6300,C,80.5,81.5,81,3986,11115,0.1201,0.724,ES,CME,snap-20260720-es,ES-20260828-6300-C-20260720
20260720,ES,2026-08-28,6300,P,480.75,487.5,484,5778,23736,0.12,-0.276,ES,CME,snap-20260720-es,ES-20260828-6300-P-20260720
2026-07-20,ES,2026-08-28,6350,C,81.25,82.5,82,2366,9789,0.12,0.71,ES,CME,snap-20260720-es,ES-20260828-6350-C-20260720
2026-07-20,ES,20260828,6350,P,531,538.75,535.00,1962,10498,0.1195,-0.291,ES,CME,snap-20260720-es,ES-20260828-6350-P-20260720
2026-07-20,ES,20260828,6400,C,82,83.25,82.5,615,1566,0.12,0.697,ES,CME,snap-20260720-es,ES-20260828-6400-C-20260720
07/20/2026,ES,08/28/2026,6400,P,581.25,589.75,585.5,571,2989,0.1205,-0.303,ES,CME,snap-20260720-es,ES-20260828-6400-P-20260720
2026-07-20,ES,2026-09-18,5400,C,591.5,601.25,596.5,509,1491,0.1203,0.699,ES,CME,snap-20260720-es,ES-20260918-5400-C-20260720
2026-07-20,ES,09/18/26,5400,P,104.75,106.5,105.5,892,3208,0.1264,-0.30,ES,CME,snap-20260720-es,ES-20260918-5400-P-20260720
20260720,ES,2026-09-18,"5,450.00",C,541.25,550,545.5,1003,2460,0.1193,0.712,ES,CME,snap-20260720-es,ES-20260918-5450-C-20260720
20260720,ES,20260918,5450,P,103.5,105.25,104.5,2830,9163,0.1248,-0.29,ES,CME,snap-20260720-es,ES-20260918-5450-P-20260720
2026-07-20,ES,20260918,5500,C,491,498.75,495,2698,11582,0.1184,0.726,ES,CME,snap-20260720-es,ES-20260918-5500-C-20260720
2026-07-20,ES,2026-09-18,5500,P,102.25,103.75,103,2593,7756,0.1232,-0.274,ES,CME,snap-20260720-es,ES-20260918-5500-P-20260720
20260720,ES,2026-09-18,5550,C,440.50,447.25,444,6280,20238,0.1174,0.743,ES,CME,snap-20260720-es,ES-20260918-5550-C-20260720
2026-07-20,ES,2026-09-18,5550,P,101,102.5,101.75,4213,20079,0.1216,-0.257,ES,CME,snap-20260720-es,ES-20260918-5550-P-20260720
2026-07-20,ES,09/18/26,5600,C,390.25,396,393,4325,"12,934",0.1164,0.763,ES,CME,snap-20260720-es,ES-20260918-5600-C-20260720
2026-07-20,ES,2026-09-18,5600,P,99.5,101,100.25,5530,18769,0.12,-0.237,ES,CME,snap-20260720-es,ES-20260918-5600-P-20260720
2026-07-20,ES,20260918,5650,Call,339.75,344.75,342.25,10389,28855,0.1154,0.786,ES,CME,snap-20260720-es,ES-20260918-5650-C-20260720
07/20/2026,ES,20260918,5650,Put,98.25,99.75,99,10771,"35,465",0.1184,-0.214,ES,CME,snap-20260720-es,ES-20260918-5650-P-20260720
07/20/2026,ES,2026-09-18,5700,C,289.25,293.5,291.5,14703,66461,0.1144,0.813,ES,CME,snap-20260720-es,ES-20260918-5700-C-20260720
07/20/2026,es,20260918,5700,P,97,98.5,97.75,16263,85977,0.1168,-0.187,ES,CME,snap-20260720-es,ES-20260918-5700-P-20260720
2026-07-20,ES,2026-09-18,5750,C,239,242.25,240.5,5368,21478,0.1134,0.846,ES,CME,snap-20260720-es,ES-20260918-5750-C-20260720
07/20/2026,ES,2026-09-18,5750,P,95.75,97,96.5,10494,47718,0.1152,-0.154,ES,CME,snap-20260720-es,ES-20260918-5750-P-20260720
2026-07-20,ES,2026-09-18,"5,800.00",C,188.5,191,189.75,17308,45021,0.1124,0.887,ES,CME,snap-20260720-es,ES-20260918-5800-C-20260720
2026-07-20,ES,2026-09-18,5800,P,94.25,95.75,95,"18,336",73026,0.1136,-0.113,ES,CME,snap-20260720-es,ES-20260918-5800-P-20260720
07/20/26,ES,09/18/2026,5850,C,138,140,139.00,19006,49606,0.1114,0.939,ES,CME,snap-20260720-es,ES-20260918-5850-C-20260720
2026-07-20,ES,20260918,5850,Put,93,94.25,93.5,14706,63211,0.112,-0.061,ES,CME,snap-20260720-es,ES-20260918-5850-P-20260720
07/20/26,ES,2026-09-18,5900,C,92,93.25,92.5,18365,73733,0.1106,0.99,ES,CME,snap-20260720-es,ES-20260918-5900-C-20260720
2026-07-20,es,09/18/2026,"5,900.00",P,96.25,97.5,97,23544,105451,0.1106,-0.01,ES,CME,snap-20260720-es,ES-20260918-5900-P-20260720
2026-07-20,ES,2026-09-18,"5,950.00",C,93.00,94.25,93.5,7160,25556,0.1118,0.929,ES,CME,snap-20260720-es,ES-20260918-5950-C-20260720
20260720,es,09/18/26,5950,Put,146.5,148.5,147.5,19644,105140,0.1116,-0.071,ES,CME,snap-20260720-es,ES-20260918-5950-P-20260720
2026-07-20,ES,2026-09-18,6000,C,94,95.25,94.50,19600,89793,0.113,0.879,ES,CME,snap-20260720-es,ES-20260918-6000-C-20260720
2026-07-20,ES,09/18/26,6000,put,197,199.75,198.5,10628,31712,0.1126,-0.121,ES,CME,snap-20260720-es,ES-20260918-6000-P-20260720
20260720,ES,2026-09-18,"6,050.00",C,94.75,96.25,95.5,6216,18956,0.1142,0.84,ES,CME,snap-20260720-es,ES-20260918-6050-C-20260720
2026-07-20,ES,09/18/26,6050,P,247.5,251.00,249.25,8929,43935,0.1136,-0.16,ES,CME,snap-20260720-es,ES-20260918-6050-P-20260720
2026-07-20,ES,2026-09-18,6100,Call,95.75,97.25,96.5,"16,894","45,048",0.1154,0.808,ES,CME,snap-20260720-es,ES-20260918-6100-C-20260720
2026-07-20,ES,09/18/2026,6100,P,298,302.25,300,7715,24942,0.11,-0.192,ES,CME,snap-20260720-es,ES-20260918-6100-P-20260720
2026-07-20,es,09/18/2026,6150,C,96.75,98.25,97.5,3616,15796,0.1166,0.781,ES,CME,snap-20260720-es,ES-20260918-6150-C-20260720
07/20/2026,es,09/18/26,"6,150.00",P,348.25,353.5,351,10727,57464,0.1155,-0.219,ES,CME,snap-20260720-es,ES-20260918-6150-P-20260720
2026-07-20,ES,2026-09-18,6200,C,97.75,99.25,98.5,6126,21474,0.1177,0.759,ES,CME,snap-20260720-es,ES-20260918-6200-C-20260720
20260720,ES,2026-09-18,6200,P,398.75,404.75,401.75,5885,29710,0.1165,-0.241,ES,CME,snap-20260720-es,ES-20260918-6200-P-20260720
2026-07-20,ES,2026-09-18,6250,C,98.75,100.25,99.5,5818,24424,0.1189,0.74,ES,CME,snap-20260720-es,ES-20260918-6250-C-20260720
2026-07-20,ES,2026-09-18,6250,P,449,456,452.5,3846,19518,0.1175,-0.26,ES,CME,snap-20260720-es,ES-20260918-6250-P-20260720
20260720,ES,09/18/26,6300,C,99.75,101.25,100.5,3468,14924,0.1201,0.72,ES,CME,snap-20260720-es,ES-20260918-6300-C-20260720
2026-07-20,ES,09/18/2026,6300,P,499.50,507.25,503.5,2999,13862,0.12,-0.276,ES,CME,snap-20260720-es,ES-20260918-6300-P-20260720
2026-07-20,ES,20260918,6350,C,100.75,102.25,101.5,843,2027,0.1213,0.709,ES,CME,snap-20260720-es,ES-20260918-6350-C-20260720
20260720,ES,09/18/2026,"6,350.00",P,549.75,558.75,554.25,815,3952,0.1195,-0.291,ES,CME,snap-20260720-es,ES-20260918-6350-P-20260720
2026-07-20,ES,2026-09-18,6400,Call,101.75,103.25,102.5,1159,4227,0.1225,0.697,ES,CME,snap-20260720-es,ES-20260918-6400-C-20260720
20260720,ES,2026-09-18,6400,P,600,610,605,1020,4497,0.1205,-0.303,ES,CME,snap-20260720-es,ES-20260918-6400-P-20260720
2026-07-20,ES,20261016,5400,C,612,623.5,617.75,338,1042,0.1203,0.699,ES,CME,snap-20260720-es,ES-20261016-5400-C-20260720
2026-07-20,ES,10/16/26,5400,P,126.75,129.25,128,613,3374,0.1264,-0.301,ES,CME,snap-20260720-es,ES-20261016-5400-P-20260720
20260720,ES,2026-10-16,5450,C,561.5,571.75,566.5,1640,7160,0.1193,0.712,ES,CME,snap-20260720-es,ES-20261016-5450-C-20260720
2026-07-20,ES,10/16/26,5450,P,125.25,127.5,126.5,950,"3,270",0.1248,-0.288,ES,CME,snap-20260720-es,ES-20261016-5450-P-20260720
2026-07-20,ES,20261016,5500,C,511,520.25,515.5,1578,4703,0.12,0.726,ES,CME,snap-20260720-es,ES-20261016-5500-C-20260720
07/20/2026,ES,20261016,5500,P,123.75,126,125,3859,"14,197",0.1232,-0.274,ES,CME,snap-20260720-es,ES-20261016-5500-P-20260720
2026-07-20,ES,20261016,5550,C,460.5,468.75,464.5,2967,9236,0.1174,0.743,ES,CME,snap-20260720-es,ES-20261016-5550-C-20260720
2026-07-20,ES,10/16/2026,5550,P,122,124.25,123,4098,20663,0.1216,-0.257,ES,CME,snap-20260720-es,ES-20261016-5550-P-20260720
2026-07-20,ES,2026-10-16,5600,Call,410,417.25,413.5,7160,18066,0.1164,0.763,ES,CME,snap-20260720-es,ES-20261016-5600-C-20260720
07/20/26,ES,2026-10-16,5600,Put,120.5,122.5,121.5,8294,37868,0.12,-0.237,ES,CME,snap-20260720-es,ES-20261016-5600-P-20260720
20260720,es,10/16/2026,5650,C,359.5,365.75,362.5,7464,33025,0.1154,0.786,ES,CME,snap-20260720-es,ES-20261016-5650-C-20260720
20260720,es,10/16/2026,5650,P,119,121,120,3740,11947,0.1184,-0.214,ES,CME,snap-20260720-es,ES-20261016-5650-P-20260720
2026-07-20,ES,2026-10-16,"5,700.00",C,309,314.25,311.5,9736,45867,0.1144,0.813,ES,CME,snap-20260720-es,ES-20261016-5700-C-20260720
07/20/2026,ES,2026-10-16,5700,P,117.25,119.25,118.25,8386,45395,0.1168,-0.187,ES,CME,snap-20260720-es,ES-20261016-5700-P-20260720
07/20/2026,ES,2026-10-16,5750,C,258.5,262.75,260.5,8405,37436,0.1134,0.846,ES,CME,snap-20260720-es,ES-20261016-5750-C-20260720
2026-07-20,ES,2026-10-16,"5,750.00",P,115.75,117.75,116.75,6961,23629,0.1152,-0.154,ES,CME,snap-20260720-es,ES-20261016-5750-P-20260720
20260720,ES,2026-10-16,5800,C,208,211.25,209.5,14204,42087,0.1124,0.887,ES,CME,snap-20260720-es,ES-20261016-5800-C-20260720
2026-07-20,ES,20261016,5800,P,114.25,116,115,12782,33857,0.1136,-0.113,ES,CME,snap-20260720-es,ES-20261016-5800-P-20260720
2026-07-20,ES,2026-10-16,5850,C,157.5,159.75,158.5,5283,16932,0.1114,0.939,ES,CME,snap-20260720-es,ES-20261016-5850-C-20260720
07/20/2026,ES,2026-10-16,5850,P,112.5,114.25,113.5,17212,69095,0.112,-0.061,ES,CME,snap-20260720-es,ES-20261016-5850-P-20260720
07/20/2026,ES,2026-10-16,5900,C,111.25,113,112,13234,29359,0.1106,0.994,ES,CME,snap-20260720-es,ES-20261016-5900-C-20260720
07/20/2026,ES,20261016,5900,P,115.5,117.25,116.5,16406,69290,0.1106,-0.006,ES,CME,snap-20260720-es,ES-20261016-5900-P-20260720
2026-07-20,es,2026-10-16,5950,C,112.5,114.25,113.5,12529,42437,0.1118,0.929,ES,CME,snap-20260720-es,ES-20261016-5950-C-20260720
20260720,ES,10/16/2026,5950,put,166,168.50,167.25,12578,38142,0.1116,-0.071,ES,CME,snap-20260720-es,ES-20261016-5950-P-20260720
2026-07-20,ES,20261016,6000,C,113.5,115.5,114.5,9809,39768,0.113,0.879,ES,CME,snap-20260720-es,ES-20261016-6000-C-20260720
2026-07-20,ES,10/16/2026,6000,P,216.5,220,218.25,12570,64780,0.1126,-0.121,ES,CME,snap-20260720-es,ES-20261016-6000-P-20260720
2026-07-20,ES,2026-10-16,6050,C,114.75,116.75,115.75,5279,13281,0.1142,0.84,ES,CME,snap-20260720-es,ES-20261016-6050-C-20260720
2026-07-20,ES,20261016,6050,P,267,271.5,269.25,10577,36391,0.1136,-0.16,ES,CME,snap-20260720-es,ES-20261016-6050-P-20260720
20260720,ES,2026-10-16,"6,100.00",C,116.00,117.75,117,8925,30566,0.1154,0.808,ES,CME,snap-20260720-es,ES-20261016-6100-C-20260720
2026-07-20,ES,2026-10-16,6100,P,317.75,323,320.5,10777,41084,0.1146,-0.192,ES,CME,snap-20260720-es,ES-20261016-6100-P-20260720
2026-07-20,ES,2026-10-16,6150,C,117,119,118,6402,18472,0.1166,0.781,ES,CME,snap-20260720-es,ES-20261016-6150-C-20260720
2026-07-20,es,2026-10-16,6150,P,368.25,374.5,371.5,7651,20332,0.1155,-0.22,ES,CME,snap-20260720-es,ES-20261016-6150-P-20260720
2026-07-20,ES,20261016,6200,C,118.25,120.25,119.25,9166,33479,0.1177,0.759,ES,CME,snap-20260720-es,ES-20261016-6200-C-20260720
07/20/2026,ES,2026-10-16,6200,P,418.75,426,422.5,8444,34268,0.1165,-0.241,ES,CME,snap-20260720-es,ES-20261016-6200-P-20260720
07/20/26,ES,20261016,6250,C,119.5,121.5,120.5,4073,9981,0.1189,0.74,ES,CME,snap-20260720-es,ES-20261016-6250-C-20260720
07/20/2026,ES,2026-10-16,6250,P,469.25,477.5,473.5,4231,21829,0.1175,-0.26,ES,CME,snap-20260720-es,ES-20261016-6250-P-20260720
07/20/2026,ES,2026-10-16,6300,C,120.5,122.75,121.5,4339,11541,0.1201,0.724,ES,CME,snap-20260720-es,ES-20261016-6300-C-20260720
07/20/2026,ES,2026-10-16,6300,P,519.50,529,524.25,3007,"15,309",0.1185,-0.28,ES,CME,snap-20260720-es,ES-20261016-6300-P-20260720
2026-07-20,ES,10/16/26,6350,C,121.75,124,123,701,1713,0.1213,0.709,ES,CME,snap-20260720-es,ES-20261016-6350-C-20260720
20260720,es,2026-10-16,6350,P,570,580.75,575.5,1555,6865,0.12,-0.291,ES,CME,snap-20260720-es,ES-20261016-6350-P-20260720
2026-07-20,ES,2026-10-16,6400,C,123,125.25,124,936,3380,0.1225,0.697,ES,CME,snap-20260720-es,ES-20261016-6400-C-20260720
07/20/2026,ES,10/16/26,6400,P,620.5,632.25,626.5,871,4774,0.1205,-0.303,ES,CME,snap-20260720-es,ES-20261016-6400-P-20260720
2026-07-20,ES,12/18/2026,"5,400.00",C,647.50,663.25,655.5,145,647,0.1203,0.699,ES,CME,snap-20260720-es,ES-20261218-5400-C-20260720
2026-07-20,es,2026-12-18,5400,P,165.75,169.75,167.75,200,651,0.1264,-0.301,ES,CME,snap-20260720-es,ES-20261218-5400-P-20260720
2026-07-20,ES,12/18/2026,5450,C,597,611.25,604,771,3218,0.12,0.712,ES,CME,snap-20260720-es,ES-20261218-5450-C-20260720
07/20/2026,ES,12/18/26,5450,P,163.5,167.5,165.5,896,3718,0.1248,-0.288,ES,CME,snap-20260720-es,ES-20261218-5450-P-20260720
20260720,ES,2026-12-18,5500,C,546.5,559.25,553,1948,9015,0.1184,0.73,ES,CME,snap-20260720-es,ES-20261218-5500-C-20260720
20260720,ES,20261218,5500,P,161.5,165.25,163.5,2280,9390,0.1232,-0.274,ES,CME,snap-20260720-es,ES-20261218-5500-P-20260720
07/20/2026,ES,20261218,5550,C,495.75,507.25,501.5,1634,6019,0.12,0.743,ES,CME,snap-20260720-es,ES-20261218-5550-C-20260720
2026-07-20,ES,2026-12-18,5550,P,159.5,163.25,161.5,"1,834",6964,0.1216,-0.257,ES,CME,snap-20260720-es,ES-20261218-5550-P-20260720
07/20/26,ES,2026-12-18,5600,C,445,455.25,450,4070,19187,0.1164,0.763,ES,CME,snap-20260720-es,ES-20261218-5600-C-20260720
2026-07-20,ES,2026-12-18,5600,P,157.5,161,159.25,2279,10606,0.12,-0.237,ES,CME,snap-20260720-es,ES-20261218-5600-P-20260720
2026-07-20,ES,20261218,5650,C,394.5,403.25,399,2439,7699,0.12,0.786,ES,CME,snap-20260720-es,ES-20261218-5650-C-20260720
2026-07-20,es,2026-12-18,5650,P,155.25,158.75,157,1736,6188,0.1184,-0.214,ES,CME,snap-20260720-es,ES-20261218-5650-P-20260720
20260720,ES,12/18/26,5700,Call,343.75,351.25,347.5,4581,15360,0.1144,0.813,ES,CME,snap-20260720-es,ES-20261218-5700-C-20260720
2026-07-20,ES,20261218,5700,Put,153.25,156.75,155,2368,12800,0.1168,-0.187,ES,CME,snap-20260720-es,ES-20261218-5700-P-20260720
07/20/2026,ES,12/18/2026,5750,C,293,299.5,296.25,2488,11123,0.1134,0.846,ES,CME,snap-20260720-es,ES-20261218-5750-C-20260720
2026-07-20,ES,12/18/2026,5750,P,151.25,154.5,153,4147,17055,0.1152,-0.15,ES,CME,snap-20260720-es,ES-20261218-5750-P-20260720
2026-07-20,ES,2026-12-18,5800,C,242.25,247.5,245,"5,995",26185,0.1124,0.887,ES,CME,snap-20260720-es,ES-20261218-5800-C-20260720
2026-07-20,ES,20261218,5800,P,149.00,152.25,150.5,6912,36698,0.1136,-0.113,ES,CME,snap-20260720-es,ES-20261218-5800-P-20260720
07/20/26,ES,2026-12-18,5850,C,191.5,195.75,193.5,2312,7515,0.11,0.939,ES,CME,snap-20260720-es,ES-20261218-5850-C-20260720
07/20/26,ES,12/18/2026,5850,P,147,150.25,148.5,5276,17525,0.112,-0.061,ES,CME,snap-20260720-es,ES-20261218-5850-P-20260720
07/20/2026,ES,2026-12-18,5900,C,145.25,148.25,146.75,4619,11980,0.1106,0.994,ES,CME,snap-20260720-es,ES-20261218-5900-C-20260720
2026-07-20,ES,2026-12-18,5900,P,149.5,152.5,151,3544,11490,0.1106,-0.01,ES,CME,snap-20260720-es,ES-20261218-5900-P-20260720
2026-07-20,ES,2026-12-18,5950,C,146.75,150.00,148.5,6222,25124,0.1118,0.929,ES,CME,snap-20260720-es,ES-20261218-5950-C-20260720
20260720,ES,12/18/2026,5950,P,200.25,204.5,202.50,3072,14176,0.1116,-0.071,ES,CME,snap-20260720-es,ES-20261218-5950-P-20260720
2026-07-20,ES,20261218,6000,C,148.25,151.5,150,3903,17073,0.113,0.879,ES,CME,snap-20260720-es,ES-20261218-6000-C-20260720
2026-07-20,ES,20261218,6000,P,251,256.25,253.50,3568,13606,0.1126,-0.121,ES,CME,snap-20260720-es,ES-20261218-6000-P-20260720
07/20/26,ES,20261218,6050,C,150,153.25,151.5,3246,10681,0.1142,0.84,ES,CME,snap-20260720-es,ES-20261218-6050-C-20260720
2026-07-20,ES,2026-12-18,6050,P,301.75,308.25,305.00,"4,102",10497,0.1136,-0.16,ES,CME,snap-20260720-es,ES-20261218-6050-P-20260720
07/20/26,ES,12/18/2026,6100,C,151.5,154.75,153,3235,11572,0.1154,0.808,ES,CME,snap-20260720-es,ES-20261218-6100-C-20260720
2026-07-20,ES,12/18/2026,6100,P,352.5,360.25,356.5,5429,22437,0.1146,-0.19,ES,CME,snap-20260720-es,ES-20261218-6100-P-20260720
2026-07-20,es,12/18/2026,6150,C,153,156.5,154.75,1920,7138,0.1166,0.781,ES,CME,snap-20260720-es,ES-20261218-6150-C-20260720
2026-07-20,ES,2026-12-18,6150,P,403,412.25,407.50,1434,4229,0.1155,-0.219,ES,CME,snap-20260720-es,ES-20261218-6150-P-20260720
20260720,ES,20261218,6200,C,154.5,158,156.25,2068,7481,0.1177,0.759,ES,CME,snap-20260720-es,ES-20261218-6200-C-20260720
20260720,ES,2026-12-18,6200,P,453.75,464,459.00,1584,5708,0.1165,-0.241,ES,CME,snap-20260720-es,ES-20261218-6200-P-20260720
07/20/26,ES,2026-12-18,6250,Call,156,159.75,158,1074,4975,0.1189,0.74,ES,CME,snap-20260720-es,ES-20261218-6250-C-20260720
2026-07-20,ES,2026-12-18,"6,250.00",P,504.5,516,510.25,2190,5877,0.1175,-0.26,ES,CME,snap-20260720-es,ES-20261218-6250-P-20260720
2026-07-20,ES,2026-12-18,"6,250.00",P,504.5,516,510.25,2190,5877,0.1175,-0.26,ES,CME,snap-20260720-es-retry,ES-20261218-6250-P-20260720
20260720,ES,20261218,6300,C,157.5,161.25,159.5,1498,4498,0.1201,0.724,ES,CME,snap-20260720-es,ES-20261218-6300-C-20260720
2026-07-20,ES,12/18/2026,6300,P,555,568,561.5,1346,3627,0.1185,-0.276,ES,CME,snap-20260720-es,ES-20261218-6300-P-20260720
07/20/26,ES,2026-12-18,6350,C,159,163,161.00,522,2461,0.1213,0.709,ES,CME,snap-20260720-es,ES-20261218-6350-C-20260720
2026-07-20,ES,2026-12-18,6350,P,605.5,620.25,613,675,3588,0.1195,-0.291,ES,CME,snap-20260720-es,ES-20261218-6350-P-20260720
2026-07-20,ES,20261218,6400,C,160.75,164.5,162.5,155,668,0.1225,0.697,ES,CME,snap-20260720-es,ES-20261218-6400-C-20260720
2026-07-20,ES,20261218,6400,C,160.75,164.5,162.5,155,668,0.1225,0.697,ES,CME,snap-20260720-es-retry,ES-20261218-6400-C-20260720
2026-07-20,ES,2026-12-18,6400,put,656.25,672.25,664.25,431,1782,0.1205,-0.303,ES,CME,snap-20260720-es,ES-20261218-6400-P-20260720
20260721,ES,2026-08-21,5350,C,586.5,594.75,590.5,937,"3,076",0.1208,0.693,ES,CME,snap-20260721-es,ES-20260821-5350-C-20260721
2026-07-21,ES,2026-08-21,5350,P,75.5,76.75,76,1148,5305,0.1271,-0.307,ES,CME,snap-20260721-es,ES-20260821-5350-P-20260721
2026-07-21,ES,08/21/2026,5400,C,536.25,543.75,540,926,3567,0.1198,0.705,ES,CME,snap-20260721-es,ES-20260821-5400-C-20260721
07/21/26,ES,2026-08-21,5400,P,74.75,75.75,75.25,2424,"13,254",0.1255,-0.295,ES,CME,snap-20260721-es,ES-20260821-5400-P-20260721
07/21/2026,ES,20260821,5450,C,486,492.75,489.5,1780,5746,0.1188,0.719,ES,CME,snap-20260721-es,ES-20260821-5450-C-20260721
2026-07-21,ES,20260821,5450,P ,73.75,74.75,74.25,4539,19874,0.1239,-0.281,ES,CME,snap-20260721-es,ES-20260821-5450-P-20260721
2026-07-21,ES,2026-08-21,5500,C,436,441.75,439,7113,25385,0.1178,0.735,ES,CME,snap-20260721-es,ES-20260821-5500-C-20260721
2026-07-21,ES,08/21/26,5500,P,72.75,73.75,73.25,4705,21435,0.1223,-0.265,ES,CME,snap-20260721-es,ES-20260821-5500-P-20260721
20260721,ES,20260821,"5,550.00",C,385.75,390.75,388.25,7900,22035,0.1168,0.753,ES,CME,snap-20260721-es,ES-20260821-5550-C-20260721
2026-07-21,ES,20260821,5550,P,71.75,72.75,72.25,10328,51264,0.1207,-0.247,ES,CME,snap-20260721-es,ES-20260821-5550-P-20260721
2026-07-21,ES,2026-08-21,5600,C,335.5,339.75,337.5,11580,38117,0.1158,0.774,ES,CME,snap-20260721-es,ES-20260821-5600-C-20260721
07/21/2026,ES,2026-08-21,5600,P,70.75,71.75,71.25,13257,43873,0.12,-0.226,ES,CME,snap-20260721-es,ES-20260821-5600-P-20260721
07/21/2026,ES,08/21/26,5650,C,285.25,288.75,287,11387,26471,0.11,0.799,ES,CME,snap-20260721-es,ES-20260821-5650-C-20260721
2026-07-21,ES,08/21/26,5650,P,70,70.75,70.5,6175,23661,0.1175,-0.201,ES,CME,snap-20260721-es,ES-20260821-5650-P-20260721
2026-07-21,ES,2026-08-21,5700,Call,235,237.75,236.5,17398,61201,0.1139,0.83,ES,CME,snap-20260721-es,ES-20260821-5700-C-20260721
20260721,ES,2026-08-21,5700,P,69,69.75,69.5,13997,67838,0.1159,-0.17,ES,CME,snap-20260721-es,ES-20260821-5700-P-20260721
2026-07-21,ES,08/21/2026,5750,C,184.75,186.75,185.75,"18,339",58589,0.1129,0.867,ES,CME,snap-20260721-es,ES-20260821-5750-C-20260721
2026-07-21,es,2026-08-21,5750,Put,68,68.75,68.5,10740,27275,0.1143,-0.13,ES,CME,snap-20260721-es,ES-20260821-5750-P-20260721
20260721,ES,2026-08-21,5800,C,134.5,136,135.25,"26,697",75333,0.1119,0.913,ES,CME,snap-20260721-es,ES-20260821-5800-C-20260721
2026-07-21,ES,2026-08-21,5800,P,67,67.75,67.5,18299,48926,0.1127,-0.087,ES,CME,snap-20260721-es,ES-20260821-5800-P-20260721
2026-07-21,ES,2026-08-21,5850,C,84.25,85,84.5,24378,83309,0.1109,0.973,ES,CME,snap-20260721-es,ES-20260821-5850-C-20260721
20260721,ES,2026-08-21,5850,P,66.25,66.75,66.5,20763,"80,987",0.1111,-0.027,ES,CME,snap-20260721-es,ES-20260821-5850-P-20260721
07/21/2026,ES,08/21/2026,5900,Call,66.25,67,66.50,18514,55675,0.1113,0.956,ES,CME,snap-20260721-es,ES-20260821-5900-C-20260721
07/21/2026,ES,2026-08-21,5900,P,97.75,98.75,98.25,24656,77392,0.1111,-0.044,ES,CME,snap-20260721-es,ES-20260821-5900-P-20260721
2026-07-21,ES,2026-08-21,5950,C,67,67.75,67.5,14056,37353,0.1125,0.9,ES,CME,snap-20260721-es,ES-20260821-5950-C-20260721
2026-07-21,ES,2026-08-21,5950,P,148,149.75,149,15815,60034,0.1121,-0.1,ES,CME,snap-20260721-es,ES-20260821-5950-P-20260721
2026-07-21,ES,20260821,6000,Call,67.75,68.5,68,20212,58220,0.1137,0.856,ES,CME,snap-20260721-es,ES-20260821-6000-C-20260721
2026-07-21,ES,20260821,6000,P,198.25,200.5,199.5,26769,145410,0.1131,-0.14,ES,CME,snap-20260721-es,ES-20260821-6000-P-20260721
2026-07-21,ES,08/21/26,6050,C,68.25,69.25,68.75,7373,35102,0.1148,0.821,ES,CME,snap-20260721-es,ES-20260821-6050-C-20260721
2026-07-21,ES,08/21/2026,"6,050.00",P,248.5,251.5,250,10351,50313,0.1141,-0.179,ES,CME,snap-20260721-es,ES-20260821-6050-P-20260721
2026-07-21,ES,2026-08-21,6100,C,69,70,69.5,8184,36307,0.116,0.792,ES,CME,snap-20260721-es,ES-20260821-6100-C-20260721
07/21/26,ES,08/21/2026,6100,P,298.75,302.5,300.5,8412,28701,0.1151,-0.21,ES,CME,snap-20260721-es,ES-20260821-6100-P-20260721
07/21/2026,ES,2026-08-21,6150,C,69.75,70.5,70,4148,10470,0.1172,0.768,ES,CME,snap-20260721-es,ES-20260821-6150-C-20260721
07/21/2026,ES,20260821,6150,P,349,353.5,351.25,5657,20856,0.1161,-0.232,ES,CME,snap-20260721-es,ES-20260821-6150-P-20260721
2026-07-21,ES,08/21/2026,"6,200.00",C,70.5,71.25,71,"11,700",54312,0.1184,0.748,ES,CME,snap-20260721-es,ES-20260821-6200-C-20260721
07/21/2026,ES,2026-08-21,6200,P,399.25,404.5,402,9084,36802,0.1171,-0.252,ES,CME,snap-20260721-es,ES-20260821-6200-P-20260721
07/21/2026,ES,20260821,6250,C,71.25,72,71.5,6271,15807,0.1196,0.73,ES,CME,snap-20260721-es,ES-20260821-6250-C-20260721
2026-07-21,ES,08/21/26,6250,P,449.5,455.5,452.5,3927,11263,0.1181,-0.27,ES,CME,snap-20260721-es,ES-20260821-6250-P-20260721
20260721,ES,2026-08-21,6300,C,71.75,72.75,72.25,2918,"13,724",0.1208,0.715,ES,CME,snap-20260721-es,ES-20260821-6300-C-20260721
2026-07-21,ES,20260821,6300,P,499.75,506.5,503,4992,"13,886",0.1191,-0.285,ES,CME,snap-20260721-es,ES-20260821-6300-P-20260721
20260721,ES,08/21/2026,"6,350.00",C,72.5,73.5,73,1048,4159,0.122,0.702,ES,CME,snap-20260721-es,ES-20260821-6350-C-20260721
2026-07-21,ES,2026-08-21,6350,P,549.75,557.5,553.5,823,2583,0.12,-0.298,ES,CME,snap-20260721-es,ES-20260821-6350-P-20260721
07/21/2026,ES,2026-08-28,5350,C,594,602.75,598.5,323,1235,0.1208,0.693,ES,CME,snap-20260721-es,ES-20260828-5350-C-20260721
2026-07-21,es,2026-08-28,5350,P,83.75,85,84.5,359,1753,0.1271,-0.307,ES,CME,snap-20260721-es,ES-20260828-5350-P-20260721
2026-07-21,ES,2026-08-28,5400,C,543.75,551.5,547.5,992,3244,0.1198,0.705,ES,CME,snap-20260721-es,ES-20260828-5400-C-20260721
2026-07-21,ES,2026-08-28,5400,P,82.5,83.75,83,2523,9804,0.1255,-0.295,ES,CME,snap-20260721-es,ES-20260828-5400-P-20260721
07/21/2026,ES,2026-08-28,5450,C,493.5,500.5,497,4192,14705,0.1188,0.719,ES,CME,snap-20260721-es,ES-20260828-5450-C-20260721
07/21/2026,es,2026-08-28,5450,put,81.5,82.75,82,4071,"10,319",0.1239,-0.281,ES,CME,snap-20260721-es,ES-20260828-5450-P-20260721
20260721,ES,08/28/2026,"5,500.00",C,443.25,449.5,446.5,5526,14100,0.1178,0.735,ES,CME,snap-20260721-es,ES-20260828-5500-C-20260721
07/21/2026,ES,2026-08-28,"5,500.00",P,80.5,81.5,81,4497,12539,0.1223,-0.265,ES,CME,snap-20260721-es,ES-20260828-5500-P-20260721
2026-07-21,ES,2026-08-28,5550,C,393,398.25,395.5,8540,23025,0.1168,0.753,ES,CME,snap-20260721-es,ES-20260828-5550-C-20260721
2026-07-21,ES,08/28/26,5550,P ,79.5,80.5,80.00,5774,29858,0.1207,-0.247,ES,CME,snap-20260721-es,ES-20260828-5550-P-20260721
20260721,ES,2026-08-28,5600,C,342.75,347.25,345,10240,28043,0.1158,0.774,ES,CME,snap-20260721-es,ES-20260828-5600-C-20260721
07/21/2026,ES,08/28/2026,5600,P,78.5,79.5,79,11655,40673,0.1191,-0.226,ES,CME,snap-20260721-es,ES-20260828-5600-P-20260721
07/21/2026,ES,08/28/26,5650,Call,292.5,296.25,294.5,5514,"20,839",0.1149,0.799,ES,CME,snap-20260721-es,ES-20260828-5650-C-20260721
2026-07-21,ES,2026-08-28,5650,P,77.5,78.25,78,9910,31128,0.1175,-0.20,ES,CME,snap-20260721-es,ES-20260828-5650-P-20260721
20260721,ES,2026-08-28,5700,C,242.25,245.25,243.75,12805,48320,0.1139,0.83,ES,CME,snap-20260721-es,ES-20260828-5700-C-20260721
2026-07-21,ES,2026-08-28,5700,P,76.25,77.25,76.75,16185,65612,0.1159,-0.17,ES,CME,snap-20260721-es,ES-20260828-5700-P-20260721
20260721,ES,08/28/26,5750,C,192,194.25,193,8947,24815,0.1129,0.867,ES,CME,snap-20260721-es,ES-20260828-5750-C-20260721
07/21/2026,ES,2026-08-28,5750,P,75.25,76.25,75.75,12275,"41,942",0.1143,-0.133,ES,CME,snap-20260721-es,ES-20260828-5750-P-20260721
2026-07-21,ES,20260828,5800,Call,141.5,143.25,142.5,28613,74125,0.11,0.913,ES,CME,snap-20260721-es,ES-20260828-5800-C-20260721
20260721,ES,2026-08-28,5800,P,74.25,75.00,74.5,25220,91602,0.1127,-0.09,ES,CME,snap-20260721-es,ES-20260828-5800-P-20260721
07/21/2026,ES,20260828,5850,C,91.25,92.25,91.75,19115,80334,0.1109,0.973,ES,CME,snap-20260721-es,ES-20260828-5850-C-20260721
07/21/2026,ES,08/28/2026,5850,P,73.25,74,73.5,24576,"108,127",0.1111,-0.027,ES,CME,snap-20260721-es,ES-20260828-5850-P-20260721
2026-07-21,ES,08/28/2026,"5,900.00",C,73.25,74.25,73.75,15014,61760,0.1113,0.956,ES,CME,snap-20260721-es,ES-20260828-5900-C-20260721
2026-07-21,ES,2026-08-28,5900,P,104.75,106,105.5,24123,108736,0.1111,-0.044,ES,CME,snap-20260721-es,ES-20260828-5900-P-20260721
2026-07-21,ES,2026-08-28,5950,C,74,75,74.50,19058,83938,0.1125,0.90,ES,CME,snap-20260721-es,ES-20260828-5950-C-20260721
07/21/2026,ES,08/28/2026,5950,P,155.25,157,156,"22,983",96429,0.1121,-0.1,ES,CME,snap-20260721-es,ES-20260828-5950-P-20260721
20260721,ES,2026-08-28,6000,C,74.75,75.75,75.25,18790,69918,0.11,0.856,ES,CME,snap-20260721-es,ES-20260828-6000-C-20260721
20260721,ES,2026-08-28,6000,C,74.75,75.75,75.25,18790,69918,0.11,0.856,ES,CME,snap-20260721-es-retry,ES-20260828-6000-C-20260721
2026-07-21,ES,2026-08-28,6000,P,205.5,208,206.75,17335,93196,0.1131,-0.14,ES,CME,snap-20260721-es,ES-20260828-6000-P-20260721
07/21/26,ES,2026-08-28,6050,C,75.75,76.5,76,8005,37416,0.11,0.821,ES,CME,snap-20260721-es,ES-20260828-6050-C-20260721
07/21/2026,ES,2026-08-28,6050,P,255.75,259,257.5,17627,50639,0.11,-0.179,ES,CME,snap-20260721-es,ES-20260828-6050-P-20260721
07/21/2026,ES,2026-08-28,6100,C,76.5,77.5,77,7587,24865,0.116,0.792,ES,CME,snap-20260721-es,ES-20260828-6100-C-20260721
07/21/2026,ES,2026-08-28,6100,P,306,310,308,7932,26776,0.1151,-0.21,ES,CME,snap-20260721-es,ES-20260828-6100-P-20260721
20260721,ES,08/28/2026,6150,C,77.25,78.25,77.75,7968,19622,0.1172,0.768,ES,CME,snap-20260721-es,ES-20260828-6150-C-20260721
20260721,ES,08/28/2026,6150,P,356.25,361,358.5,4903,"23,632",0.1161,-0.232,ES,CME,snap-20260721-es,ES-20260828-6150-P-20260721
20260721,ES,2026-08-28,6200,C,78,79,78.5,6935,29900,0.1184,0.748,ES,CME,snap-20260721-es,ES-20260828-6200-C-20260721
2026-07-21,ES,2026-08-28,6200,P ,406.5,412,409.25,8043,22504,0.1171,-0.252,ES,CME,snap-20260721-es,ES-20260828-6200-P-20260721
2026-07-21,ES,08/28/26,6250,C,78.75,79.75,79.25,5980,28546,0.1196,0.73,ES,CME,snap-20260721-es,ES-20260828-6250-C-20260721
2026-07-21,ES,08/28/2026,6250,P,456.75,463.25,460,3165,10600,0.12,-0.27,ES,CME,snap-20260721-es,ES-20260828-6250-P-20260721
2026-07-21,ES,2026-08-28,6300,C,79.5,80.75,80,2960,10559,0.1208,0.715,ES,CME,snap-20260721-es,ES-20260828-6300-C-20260721
2026-07-21,ES,08/28/2026,6300,P,507,514.25,510.5,3408,12566,0.1191,-0.285,ES,CME,snap-20260721-es,ES-20260828-6300-P-20260721
20260721,es,2026-08-28,6350,C,80.25,81.5,81,416,1249,0.122,0.702,ES,CME,snap-20260721-es,ES-20260828-6350-C-20260721
20260721,ES,2026-08-28,6350,P,557.25,565.5,561.5,614,2941,0.1201,-0.298,ES,CME,snap-20260721-es,ES-20260828-6350-P-20260721
07/21/2026,ES,2026-09-18,5350,C,613.00,623.00,618,854,3992,0.1208,0.693,ES,CME,snap-20260721-es,ES-20260918-5350-C-20260721
07/21/2026,ES,2026-09-18,5350,P,104.25,105.75,105,380,1581,0.13,-0.307,ES,CME,snap-20260721-es,ES-20260918-5350-P-20260721
20260721,ES,09/18/26,5400,C,562.75,571.75,567.25,1261,5485,0.1198,0.705,ES,CME,snap-20260721-es,ES-20260918-5400-C-20260721
2026-07-21,ES,2026-09-18,5400,P,102.75,104.5,103.5,2177,11829,0.1255,-0.295,ES,CME,snap-20260721-es,ES-20260918-5400-P-20260721
2026-07-21,ES,2026-09-18,5450,C,512.25,520.5,516.5,3168,13592,0.1188,0.719,ES,CME,snap-20260721-es,ES-20260918-5450-C-20260721
2026-07-21,ES,2026-09-18,5450,P,101.5,103.25,102.5,3519,14303,0.1239,-0.281,ES,CME,snap-20260721-es,ES-20260918-5450-P-20260721
2026-07-21,ES,2026-09-18,5500,C,462,469.25,465.5,3287,12384,0.1178,0.735,ES,CME,snap-20260721-es,ES-20260918-5500-C-20260721
20260721,ES,09/18/2026,5500,P,100.25,101.75,101,"4,408",11777,0.12,-0.265,ES,CME,snap-20260721-es,ES-20260918-5500-P-20260721
2026-07-21,ES,20260918,5550,C,411.5,417.75,414.5,2452,10711,0.1168,0.753,ES,CME,snap-20260721-es,ES-20260918-5550-C-20260721
07/21/2026,ES,20260918,5550,P,99,100.5,99.75,6478,17706,0.1207,-0.247,ES,CME,snap-20260721-es,ES-20260918-5550-P-20260721
07/21/26,ES,2026-09-18,5600,C,361.25,366.5,364,10828,34768,0.1158,0.774,ES,CME,snap-20260721-es,ES-20260918-5600-C-20260721
2026-07-21,ES,09/18/26,5600,P,97.75,99,98.5,11304,40682,0.1191,-0.226,ES,CME,snap-20260721-es,ES-20260918-5600-P-20260721
07/21/26,ES,2026-09-18,5650,C,310.75,315.25,313,4078,9376,0.1149,0.799,ES,CME,snap-20260721-es,ES-20260918-5650-C-20260721
2026-07-21,ES,09/18/2026,5650,P,96.25,97.75,97,9337,42027,0.12,-0.201,ES,CME,snap-20260721-es,ES-20260918-5650-P-20260721
2026-07-21,ES,20260918,5700,Call,260.5,264,262.25,7082,31704,0.1139,0.83,ES,CME,snap-20260721-es,ES-20260918-5700-C-20260721
2026-07-21,ES,2026-09-18,5700,P,95,96.5,95.75,6964,25748,0.1159,-0.17,ES,CME,snap-20260721-es,ES-20260918-5700-P-20260721
2026-07-21,ES,2026-09-18,5750,C,210,213,211.50,5235,15679,0.1129,0.867,ES,CME,snap-20260721-es,ES-20260918-5750-C-20260721
20260721,ES,2026-09-18,5750,put,93.75,95.00,94.5,13448,56626,0.1143,-0.133,ES,CME,snap-20260721-es,ES-20260918-5750-P-20260721
20260721,ES,2026-09-18,5800,C,159.5,161.75,160.5,21659,"93,793",0.1119,0.913,ES,CME,snap-20260721-es,ES-20260918-5800-C-20260721
2026-07-21,ES,09/18/2026,5800,P,92.5,93.75,93,11916,47336,0.1127,-0.087,ES,CME,snap-20260721-es,ES-20260918-5800-P-20260721
2026-07-21,ES,20260918,5850,C,109,110.5,109.75,7222,20710,0.1109,0.973,ES,CME,snap-20260721-es,ES-20260918-5850-C-20260721
2026-07-21,ES,09/18/26,5850,put,91.25,92.25,91.75,21303,55281,0.1111,-0.027,ES,CME,snap-20260721-es,ES-20260918-5850-P-20260721
07/21/2026,ES,20260918,5900,C,91.25,92.5,92,26791,105264,0.1113,0.956,ES,CME,snap-20260721-es,ES-20260918-5900-C-20260721
2026-07-21,ES,2026-09-18,5900,P,122.75,124.25,123.5,19569,103574,0.1111,-0.044,ES,CME,snap-20260721-es,ES-20260918-5900-P-20260721
20260721,ES,2026-09-18,5950,C,92.25,93.5,93,6030,20896,0.1125,0.9,ES,CME,snap-20260721-es,ES-20260918-5950-C-20260721
2026-07-21,ES,09/18/2026,5950,P,173.25,175.5,174.5,8193,34638,0.1121,-0.1,ES,CME,snap-20260721-es,ES-20260918-5950-P-20260721
2026-07-21,ES,2026-09-18,6000,C,93.25,94.5,94,14886,51347,0.1137,0.856,ES,CME,snap-20260721-es,ES-20260918-6000-C-20260721
2026-07-21,ES,09/18/26,6000,P ,223.5,226.75,225,23677,61192,0.1131,-0.144,ES,CME,snap-20260721-es,ES-20260918-6000-P-20260721
07/21/2026,ES,2026-09-18,6050,C,94.25,95.5,95,7923,31183,0.1148,0.821,ES,CME,snap-20260721-es,ES-20260918-6050-C-20260721
2026-07-21,ES,2026-09-18,6050,P ,274,278,276.00,7583,28412,0.1141,-0.179,ES,CME,snap-20260721-es,ES-20260918-6050-P-20260721
07/21/2026,ES,2026-09-18,6100,C,95.25,96.5,96,10149,23565,0.116,0.79,ES,CME,snap-20260721-es,ES-20260918-6100-C-20260721
2026-07-21,ES,20260918,6100,P,324.5,329.25,327,"9,722",31483,0.1151,-0.208,ES,CME,snap-20260721-es,ES-20260918-6100-P-20260721
2026-07-21,ES,2026-09-18,6150,C,96,97.5,96.75,3952,15456,0.1172,0.768,ES,CME,snap-20260721-es,ES-20260918-6150-C-20260721
2026-07-21,es,2026-09-18,6150,P,374.75,380.50,377.5,6711,19473,0.1161,-0.232,ES,CME,snap-20260721-es,ES-20260918-6150-P-20260721
07/21/2026,ES,09/18/2026,6200,C,97,98.5,97.75,5549,"22,082",0.1184,0.748,ES,CME,snap-20260721-es,ES-20260918-6200-C-20260721
2026-07-21,ES,2026-09-18,"6,200.00",P,425.25,431.75,428.5,7917,37225,0.1171,-0.252,ES,CME,snap-20260721-es,ES-20260918-6200-P-20260721
2026-07-21,ES,2026-09-18,6250,C,98,99.5,98.75,2595,7968,0.1196,0.73,ES,CME,snap-20260721-es,ES-20260918-6250-C-20260721
07/21/2026,ES,2026-09-18,"6,250.00",P,475.5,483,479.25,2048,7626,0.1181,-0.27,ES,CME,snap-20260721-es,ES-20260918-6250-P-20260721
20260721,ES,09/18/26,6300,C,99,100.5,99.75,2864,7622,0.1208,0.715,ES,CME,snap-20260721-es,ES-20260918-6300-C-20260721
2026-07-21,es,2026-09-18,6300,P ,526,534.25,530,2217,9368,0.1191,-0.285,ES,CME,snap-20260721-es,ES-20260918-6300-P-20260721
2026-07-21,ES,09/18/26,6350,Call,100.00,101.5,100.75,302,892,0.122,0.702,ES,CME,snap-20260721-es,ES-20260918-6350-C-20260721
2026-07-21,ES,2026-09-18,6350,Put,576.25,585.75,581,427,2006,0.1201,-0.298,ES,CME,snap-20260721-es,ES-20260918-6350-P-20260721
07/21/26,ES,10/16/2026,5350,C,633.5,645.5,639.5,630,3006,0.1208,0.693,ES,CME,snap-20260721-es,ES-20261016-5350-C-20260721
20260721,ES,10/16/2026,5350,P,126.25,128.75,127.5,291,1104,0.1271,-0.307,ES,CME,snap-20260721-es,ES-20261016-5350-P-20260721
07/21/2026,ES,2026-10-16,5400,C,583,593.75,588.5,1057,"4,011",0.1198,0.705,ES,CME,snap-20260721-es,ES-20261016-5400-C-20260721
07/21/2026,ES,2026-10-16,5400,P,124.75,127,126,1597,7399,0.1255,-0.295,ES,CME,snap-20260721-es,ES-20261016-5400-P-20260721
20260721,ES,20261016,5450,C,532.5,542.25,537.5,1105,4843,0.1188,0.719,ES,CME,snap-20260721-es,ES-20261016-5450-C-20260721
2026-07-21,ES,2026-10-16,5450,P,123.25,125.5,124.5,1526,8175,0.1239,-0.281,ES,CME,snap-20260721-es,ES-20261016-5450-P-20260721
2026-07-21,ES,10/16/2026,5500,C,482,490.75,486.5,4880,19554,0.1178,0.735,ES,CME,snap-20260721-es,ES-20261016-5500-C-20260721
2026-07-21,ES,10/16/2026,5500,P,121.5,123.75,122.5,6791,28295,0.1223,-0.265,ES,CME,snap-20260721-es,ES-20261016-5500-P-20260721
2026-07-21,ES,10/16/2026,5500,P,121.5,123.75,122.5,6791,28295,0.1223,-0.265,ES,CME,snap-20260721-es-retry,ES-20261016-5500-P-20260721
2026-07-21,ES,2026-10-16,5550,C,431.5,439.25,435.5,5188,19921,0.12,0.75,ES,CME,snap-20260721-es,ES-20261016-5550-C-20260721
2026-07-21,es,2026-10-16,5550,P,120,122,121.00,2786,14827,0.12,-0.247,ES,CME,snap-20260721-es,ES-20261016-5550-P-20260721
07/21/2026,es,2026-10-16,"5,600.00",Call,381.25,387.75,384.50,6071,28918,0.1158,0.774,ES,CME,snap-20260721-es,ES-20261016-5600-C-20260721
20260721,ES,2026-10-16,"5,600.00",P,118.5,120.5,119.5,6740,28443,0.1191,-0.226,ES,CME,snap-20260721-es,ES-20261016-5600-P-20260721
2026-07-21,es,20261016,5650,C,330.75,336.25,333.5,"3,279",11176,0.1149,0.799,ES,CME,snap-20260721-es,ES-20261016-5650-C-20260721
07/21/2026,ES,10/16/26,5650,P,116.75,118.75,117.75,9726,26374,0.1175,-0.201,ES,CME,snap-20260721-es,ES-20261016-5650-P-20260721
07/21/2026,ES,10/16/2026,5700,C,280,284.75,282.5,10568,"33,660",0.11,0.83,ES,CME,snap-20260721-es,ES-20261016-5700-C-20260721
2026-07-21,ES,2026-10-16,5700,P,115.25,117.25,116.25,13776,43574,0.1159,-0.17,ES,CME,snap-20260721-es,ES-20261016-5700-P-20260721
2026-07-21,ES,10/16/26,5750,C,229.5,233.25,231.5,10155,"36,656",0.1129,0.867,ES,CME,snap-20260721-es,ES-20261016-5750-C-20260721
20260721,es,10/16/2026,"5,750.00",P,113.75,115.5,114.5,8354,34599,0.1143,-0.133,ES,CME,snap-20260721-es,ES-20261016-5750-P-20260721
07/21/26,ES,2026-10-16,5800,C,179,181.75,180.5,14726,41537,0.1119,0.913,ES,CME,snap-20260721-es,ES-20261016-5800-C-20260721
2026-07-21,ES,2026-10-16,5800,P,112,114,113,22161,79102,0.1127,-0.087,ES,CME,snap-20260721-es,ES-20261016-5800-P-20260721
07/21/2026,ES,2026-10-16,5850,Call,128.5,130.50,129.5,6703,18102,0.1109,0.973,ES,CME,snap-20260721-es,ES-20261016-5850-C-20260721
2026-07-21,ES,10/16/26,5850,P,110.5,112.25,111.50,9610,27449,0.1111,-0.027,ES,CME,snap-20260721-es,ES-20261016-5850-P-20260721
2026-07-21,ES,2026-10-16,5900,Call,110.75,112.5,111.5,14125,"32,471",0.11,0.956,ES,CME,snap-20260721-es,ES-20261016-5900-C-20260721
20260721,ES,10/16/2026,5900,P,142,144.25,143.00,18539,73538,0.1111,-0.04,ES,CME,snap-20260721-es,ES-20261016-5900-P-20260721
20260721,ES,2026-10-16,5950,Call,111.75,113.75,112.75,8319,36986,0.1125,0.9,ES,CME,snap-20260721-es,ES-20261016-5950-C-20260721
07/21/2026,ES,10/16/26,5950,P,192.75,195.75,194.25,11576,40424,0.1121,-0.1,ES,CME,snap-20260721-es,ES-20261016-5950-P-20260721
2026-07-21,ES,2026-10-16,6000,C,113,115,114,9128,29448,0.1137,0.856,ES,CME,snap-20260721-es,ES-20261016-6000-C-20260721
20260721,es,2026-10-16,6000,P,243.25,247.25,245.25,14833,52532,0.1131,-0.144,ES,CME,snap-20260721-es,ES-20261016-6000-P-20260721
2026-07-21,ES,20261016,6050,C,114.25,116,115,5621,13781,0.1148,0.821,ES,CME,snap-20260721-es,ES-20261016-6050-C-20260721
2026-07-21,ES,2026-10-16,6050,P,293.75,298.75,296.25,11835,59867,0.1141,-0.179,ES,CME,snap-20260721-es,ES-20261016-6050-P-20260721
2026-07-21,es,2026-10-16,6100,C,115.5,117.25,116.5,"4,629",21908,0.116,0.792,ES,CME,snap-20260721-es,ES-20261016-6100-C-20260721
2026-07-21,es,2026-10-16,6100,P,344.25,350,347,10468,28560,0.1151,-0.208,ES,CME,snap-20260721-es,ES-20261016-6100-P-20260721
2026-07-21,ES,2026-10-16,6150,Call,116.5,118.5,117.5,5448,15601,0.1172,0.768,ES,CME,snap-20260721-es,ES-20261016-6150-C-20260721
07/21/2026,ES,10/16/26,6150,P,394.75,401.5,398,5529,16422,0.1161,-0.232,ES,CME,snap-20260721-es,ES-20261016-6150-P-20260721
07/21/26,ES,10/16/2026,6200,C,117.75,119.75,118.75,5948,24596,0.1184,0.748,ES,CME,snap-20260721-es,ES-20261016-6200-C-20260721
2026-07-21,ES,2026-10-16,6200,P,445.25,453,449,6464,29831,0.1171,-0.252,ES,CME,snap-20260721-es,ES-20261016-6200-P-20260721
2026-07-21,ES,2026-10-16,6250,C,119,121,120,2854,6801,0.1196,0.73,ES,CME,snap-20260721-es,ES-20261016-6250-C-20260721
2026-07-21,ES,20261016,6250,P,495.75,504.75,500.25,4065,15441,0.1181,-0.27,ES,CME,snap-20260721-es,ES-20261016-6250-P-20260721
07/21/2026,es,10/16/26,6300,C,120,122.25,121,2124,8493,0.1208,0.715,ES,CME,snap-20260721-es,ES-20261016-6300-C-20260721
2026-07-21,ES,2026-10-16,6300,P,546.25,556.25,551.25,1753,6886,0.1191,-0.285,ES,CME,snap-20260721-es,ES-20261016-6300-P-20260721
2026-07-21,ES,10/16/26,6350,C,121.25,123.5,122.50,428,1769,0.122,0.702,ES,CME,snap-20260721-es,ES-20261016-6350-C-20260721
07/21/26,ES,10/16/26,6350,P,596.5,607.75,602,539,2793,0.1201,-0.30,ES,CME,snap-20260721-es,ES-20261016-6350-P-20260721
07/21/2026,ES,2026-12-18,5350,Call,669.25,685.5,677.5,142,613,0.1208,0.693,ES,CME,snap-20260721-es,ES-20261218-5350-C-20260721
2026-07-21,ES,2026-12-18,5350,P,165.5,169.5,167.5,181,795,0.1271,-0.307,ES,CME,snap-20260721-es,ES-20261218-5350-P-20260721
2026-07-21,ES,2026-12-18,5400,C,618.5,633.50,626,470,1420,0.1198,0.705,ES,CME,snap-20260721-es,ES-20261218-5400-C-20260721
2026-07-21,ES,2026-12-18,5400,P ,163.25,167.25,165.25,761,2331,0.1255,-0.29,ES,CME,snap-20260721-es,ES-20261218-5400-P-20260721
2026-07-21,ES,12/18/2026,5450,C,568,581.5,574.75,455,1551,0.1188,0.719,ES,CME,snap-20260721-es,ES-20261218-5450-C-20260721
07/21/26,ES,2026-12-18,5450,P,161.25,165,163,455,1385,0.1239,-0.281,ES,CME,snap-20260721-es,ES-20261218-5450-P-20260721
2026-07-21,ES,2026-12-18,5500,Call,517.5,529.5,523.5,2518,7220,0.1178,0.73,ES,CME,snap-20260721-es,ES-20261218-5500-C-20260721
2026-07-21,ES,12/18/2026,5500,P ,159.25,163,161,2517,"11,982",0.1223,-0.265,ES,CME,snap-20260721-es,ES-20261218-5500-P-20260721
2026-07-21,ES,2026-12-18,5550,C,466.75,477.5,472,1187,5091,0.1168,0.753,ES,CME,snap-20260721-es,ES-20261218-5550-C-20260721
2026-07-21,es,20261218,5550,P,157.25,160.75,159,1982,8718,0.1207,-0.247,ES,CME,snap-20260721-es,ES-20261218-5550-P-20260721
07/21/26,ES,2026-12-18,5600,C,416.00,425.5,420.75,1531,3437,0.1158,0.774,ES,CME,snap-20260721-es,ES-20261218-5600-C-20260721
2026-07-21,es,12/18/2026,5600,P,155,158.5,156.75,4477,14063,0.1191,-0.226,ES,CME,snap-20260721-es,ES-20261218-5600-P-20260721
2026-07-21,ES,12/18/2026,5650,C,365.5,373.5,369.5,2689,6096,0.1149,0.799,ES,CME,snap-20260721-es,ES-20261218-5650-C-20260721
07/21/26,ES,12/18/2026,5650,P,153,156.5,154.75,4584,16957,0.1175,-0.201,ES,CME,snap-20260721-es,ES-20261218-5650-P-20260721
2026-07-21,ES,2026-12-18,5700,C,314.75,321.5,318,2722,11432,0.1139,0.83,ES,CME,snap-20260721-es,ES-20261218-5700-C-20260721
07/21/2026,ES,2026-12-18,5700,P,151,154.25,152.5,5294,21206,0.1159,-0.17,ES,CME,snap-20260721-es,ES-20261218-5700-P-20260721
2026-07-21,ES,2026-12-18,5750,C,264,269.75,267,2249,9226,0.1129,0.867,ES,CME,snap-20260721-es,ES-20261218-5750-C-20260721
07/21/2026,ES,20261218,5750,P,149,152,150.5,5165,28469,0.1143,-0.133,ES,CME,snap-20260721-es,ES-20261218-5750-P-20260721
2026-07-21,ES,2026-12-18,5800,C,213.25,217.75,215.5,4414,15992,0.1119,0.913,ES,CME,snap-20260721-es,ES-20261218-5800-C-20260721
2026-07-21,ES,2026-12-18,5800,P,146.75,150,148.5,8960,26459,0.1127,-0.087,ES,CME,snap-20260721-es,ES-20261218-5800-P-20260721
20260721,ES,2026-12-18,5850,C,162.5,166,164.25,3687,17690,0.1109,0.973,ES,CME,snap-20260721-es,ES-20261218-5850-C-20260721
2026-07-21,ES,2026-12-18,5850,P,144.75,147.75,146.25,4411,18891,0.1111,-0.027,ES,CME,snap-20260721-es,ES-20261218-5850-P-20260721
07/21/26,ES,12/18/2026,5900,C,145,148,146.5,3692,17246,0.1113,0.956,ES,CME,snap-20260721-es,ES-20261218-5900-C-20260721
07/21/2026,ES,2026-12-18,5900,P,176.25,180,178,9957,37799,0.1111,-0.044,ES,CME,snap-20260721-es,ES-20261218-5900-P-20260721
2026-07-21,ES,2026-12-18,5950,C,146.5,149.75,148,2645,9381,0.1125,0.90,ES,CME,snap-20260721-es,ES-20261218-5950-C-20260721
07/21/2026,ES,12/18/2026,5950,put,227,231.75,229.5,6319,25598,0.1121,-0.1,ES,CME,snap-20260721-es,ES-20261218-5950-P-20260721
07/21/2026,ES,2026-12-18,"6,000.00",C,148,151.25,149.5,3709,9550,0.11,0.856,ES,CME,snap-20260721-es,ES-20261218-6000-C-20260721
07/21/2026,ES,2026-12-18,6000,P,277.75,283.75,280.75,7171,37732,0.1131,-0.144,ES,CME,snap-20260721-es,ES-20261218-6000-P-20260721
20260721,ES,20261218,6050,C,149.5,152.75,151,3681,"16,983",0.1148,0.821,ES,CME,snap-20260721-es,ES-20261218-6050-C-20260721
2026-07-21,ES,2026-12-18,6050,P,328.5,335.5,332,4566,12223,0.11,-0.179,ES,CME,snap-20260721-es,ES-20261218-6050-P-20260721
2026-07-21,ES,12/18/26,"6,100.00",C,151,154.5,152.75,1995,5357,0.116,0.792,ES,CME,snap-20260721-es,ES-20261218-6100-C-20260721
2026-07-21,ES,12/18/2026,6100,put,379,387.5,383.25,3456,"14,765",0.1151,-0.208,ES,CME,snap-20260721-es,ES-20261218-6100-P-20260721
20260721,ES,12/18/26,6150,C,152.75,156,154.5,2167,"7,703",0.1172,0.768,ES,CME,snap-20260721-es,ES-20261218-6150-C-20260721
07/21/2026,ES,12/18/2026,6150,P,429.75,439.5,434.5,1604,8003,0.1161,-0.232,ES,CME,snap-20260721-es,ES-20261218-6150-P-20260721
2026-07-21,ES,12/18/2026,"6,200.00",C,154.25,157.75,156,1164,5541,0.1184,0.748,ES,CME,snap-20260721-es,ES-20261218-6200-C-20260721
2026-07-21,ES,12/18/26,6200,P,480.5,491.5,486,1893,10209,0.1171,-0.252,ES,CME,snap-20260721-es,ES-20261218-6200-P-20260721
2026-07-21,ES,2026-12-18,6250,C,155.75,159.25,157.5,625,1553,0.1196,0.73,ES,CME,snap-20260721-es,ES-20261218-6250-C-20260721
2026-07-21,ES,2026-12-18,6250,P,531,543.5,537.25,1615,5656,0.1181,-0.27,ES,CME,snap-20260721-es,ES-20261218-6250-P-20260721
2026-07-21,ES,20261218,6300,Call,157.25,161,159,1134,4166,0.1208,0.715,ES,CME,snap-20260721-es,ES-20261218-6300-C-20260721
07/21/2026,ES,12/18/2026,6300,P,581.75,595.5,588.50,842,3807,0.1191,-0.285,ES,CME,snap-20260721-es,ES-20261218-6300-P-20260721
2026-07-21,ES,12/18/2026,6350,C,158.75,162.50,160.5,295,680,0.12,0.702,ES,CME,snap-20260721-es,ES-20261218-6350-C-20260721
2026-07-21,ES,12/18/2026,6350,P,632.25,647.5,640,109,466,0.1201,-0.298,ES,CME,snap-20260721-es,ES-20261218-6350-P-20260721
2026-07-22,ES,2026-08-21,5350,C,582.75,591,587,912,3988,0.1208,0.694,ES,CME,snap-20260722-es,ES-20260821-5350-C-20260722
07/22/2026,ES,2026-08-21,5350,put,74.25,75.25,74.75,749,2736,0.1271,-0.306,ES,CME,snap-20260722-es,ES-20260821-5350-P-20260722
07/22/2026,ES,20260821,5400,C,532.5,540,536.25,1458,6400,0.1198,0.706,ES,CME,snap-20260722-es,ES-20260821-5400-C-20260722
07/22/2026,ES,08/21/26,5400,P,73.25,74.25,73.75,911,4014,0.1255,-0.294,ES,CME,snap-20260722-es,ES-20260821-5400-P-20260722
07/22/26,ES,2026-08-21,5450,C,482.5,489,485.75,1774,7309,0.1188,0.72,ES,CME,snap-20260722-es,ES-20260821-5450-C-20260722
20260722,ES,2026-08-21,5450,P ,72.5,73.5,73.00,2838,7989,0.1239,-0.28,ES,CME,snap-20260722-es,ES-20260821-5450-P-20260722
2026-07-22,ES,2026-08-21,5500,Call,432.25,438,435,8853,26740,0.12,0.736,ES,CME,snap-20260722-es,ES-20260821-5500-C-20260722
07/22/2026,ES,08/21/2026,5500,P,71.50,72.5,72,3456,17476,0.1223,-0.264,ES,CME,snap-20260722-es,ES-20260821-5500-P-20260722
07/22/26,ES,20260821,5550,C,382,387,384.5,8589,28297,0.1168,0.754,ES,CME,snap-20260722-es,ES-20260821-5550-C-20260722
07/22/2026,ES,08/21/26,5550,P,70.5,71.5,71,7033,"32,546",0.1206,-0.246,ES,CME,snap-20260722-es,ES-20260821-5550-P-20260722
2026-07-22,ES,08/21/2026,5600,C,331.75,336,334,6315,"16,043",0.1158,0.775,ES,CME,snap-20260722-es,ES-20260821-5600-C-20260722
2026-07-22,ES,08/21/2026,5600,P,69.75,70.50,70,7296,35396,0.119,-0.225,ES,CME,snap-20260722-es,ES-20260821-5600-P-20260722
2026-07-22,ES,08/21/2026,5650,C,281.75,285,283.5,"13,282",36265,0.1148,0.801,ES,CME,snap-20260722-es,ES-20260821-5650-C-20260722
07/22/2026,es,2026-08-21,5650,P,68.75,69.50,69,7501,36351,0.1174,-0.20,ES,CME,snap-20260722-es,ES-20260821-5650-P-20260722
2026-07-22,ES,20260821,5700,C,231.5,234,232.75,16238,68275,0.1138,0.831,ES,CME,snap-20260722-es,ES-20260821-5700-C-20260722
2026-07-22,ES,2026-08-21,5700,P,67.75,68.5,68,11727,33403,0.1158,-0.169,ES,CME,snap-20260722-es,ES-20260821-5700-P-20260722
07/22/2026,ES,2026-08-21,5750,C,181,183.25,182,16706,"53,180",0.11,0.869,ES,CME,snap-20260722-es,ES-20260821-5750-C-20260722
20260722,ES,2026-08-21,5750,P,66.75,67.5,67,8261,38209,0.1142,-0.131,ES,CME,snap-20260722-es,ES-20260821-5750-P-20260722
2026-07-22,ES,2026-08-21,5800,C,130.75,132.25,131.5,24204,71521,0.1118,0.916,ES,CME,snap-20260722-es,ES-20260821-5800-C-20260722
2026-07-22,ES,2026-08-21,5800,P,66.00,66.75,66.5,27560,82132,0.1126,-0.084,ES,CME,snap-20260722-es,ES-20260821-5800-P-20260722
07/22/2026,ES,08/21/26,"5,850.00",C,80.5,81.5,81,14501,68831,0.1108,0.977,ES,CME,snap-20260722-es,ES-20260821-5850-C-20260722
20260722,ES,2026-08-21,5850,P,65,65.75,65.5,28197,"127,156",0.11,-0.023,ES,CME,snap-20260722-es,ES-20260821-5850-P-20260722
20260722,ES,08/21/2026,5900,Call,65.25,65.75,65.5,13835,"57,485",0.1113,0.952,ES,CME,snap-20260722-es,ES-20260821-5900-C-20260722
07/22/2026,ES,2026-08-21,"5,900.00",P,99.25,100.25,99.75,31125,125153,0.11,-0.048,ES,CME,snap-20260722-es,ES-20260821-5900-P-20260722
20260722,ES,2026-08-21,5950,C,65.75,66.5,66,7419,27613,0.1125,0.897,ES,CME,snap-20260722-es,ES-20260821-5950-C-20260722
07/22/2026,es,2026-08-21,5950,P,149.5,151,150.25,16471,82351,0.1122,-0.103,ES,CME,snap-20260722-es,ES-20260821-5950-P-20260722
2026-07-22,ES,2026-08-21,6000,C,66.5,67.25,67,15802,"53,772",0.1137,0.854,ES,CME,snap-20260722-es,ES-20260821-6000-C-20260722
07/22/2026,ES,2026-08-21,"6,000.00",P,199.75,202,201,13690,53202,0.1132,-0.146,ES,CME,snap-20260722-es,ES-20260821-6000-P-20260722
07/22/2026,ES,2026-08-21,6050,C,67.25,68,67.5,12499,36160,0.1149,0.819,ES,CME,snap-20260722-es,ES-20260821-6050-C-20260722
2026-07-22,ES,2026-08-21,6050,P,250,253,251.5,18217,50466,0.1142,-0.181,ES,CME,snap-20260722-es,ES-20260821-6050-P-20260722
07/22/2026,ES,20260821,6100,C,68,68.75,68.5,12814,42872,0.1161,0.791,ES,CME,snap-20260722-es,ES-20260821-6100-C-20260722
07/22/26,ES,20260821,6100,P,300.25,303.75,302,8149,25684,0.12,-0.209,ES,CME,snap-20260722-es,ES-20260821-6100-P-20260722
2026-07-22,ES,08/21/26,6150,C,68.5,69.5,69,5191,16823,0.1173,0.767,ES,CME,snap-20260722-es,ES-20260821-6150-C-20260722
2026-07-22,ES,2026-08-21,6150,P ,350.5,354.75,352.5,12182,"51,379",0.12,-0.233,ES,CME,snap-20260722-es,ES-20260821-6150-P-20260722
07/22/26,ES,20260821,6200,C,69.25,70.25,69.75,9270,26783,0.1185,0.747,ES,CME,snap-20260722-es,ES-20260821-6200-C-20260722
07/22/26,ES,2026-08-21,6200,P,400.75,405.75,403.25,6201,25059,0.1172,-0.253,ES,CME,snap-20260722-es,ES-20260821-6200-P-20260722
2026-07-22,ES,2026-08-21,"6,250.00",C,70,71,70.50,3011,12492,0.1197,0.729,ES,CME,snap-20260722-es,ES-20260821-6250-C-20260722
07/22/26,ES,2026-08-21,6250,P,450.75,456.75,453.75,2608,7213,0.1182,-0.271,ES,CME,snap-20260722-es,ES-20260821-6250-P-20260722
20260722,ES,08/21/26,6300,C,70.75,71.75,71.25,3879,17839,0.1209,0.714,ES,CME,snap-20260722-es,ES-20260821-6300-C-20260722
07/22/2026,ES,08/21/26,6300,Put,501,507.75,504.5,4306,16666,0.1192,-0.286,ES,CME,snap-20260722-es,ES-20260821-6300-P-20260722
2026-07-22,ES,2026-08-21,6350,C,71.25,72.25,71.75,888,2279,0.1221,0.70,ES,CME,snap-20260722-es,ES-20260821-6350-C-20260722
2026-07-22,ES,2026-08-21,6350,P,551.25,558.75,555,654,2504,0.1202,-0.299,ES,CME,snap-20260722-es,ES-20260821-6350-P-20260722
2026-07-22,ES,08/28/26,5350,C,590.25,599,594.5,573,1737,0.1208,0.694,ES,CME,snap-20260722-es,ES-20260828-5350-C-20260722
20260722,ES,2026-08-28,5350,P ,82.5,83.75,83,843,4145,0.1271,-0.306,ES,CME,snap-20260722-es,ES-20260828-5350-P-20260722
2026-07-22,ES,08/28/2026,"5,400.00",C,540.25,548,544,1864,6810,0.1198,0.706,ES,CME,snap-20260722-es,ES-20260828-5400-C-20260722
2026-07-22,ES,2026-08-28,5400,P,81.5,82.5,82,2281,5989,0.1255,-0.294,ES,CME,snap-20260722-es,ES-20260828-5400-P-20260722
2026-07-22,ES,20260828,5450,C,490,496.75,493.5,4083,"16,471",0.1188,0.72,ES,CME,snap-20260722-es,ES-20260828-5450-C-20260722
2026-07-22,ES,08/28/26,5450,P,80.5,81.5,81,"3,526",13589,0.1239,-0.28,ES,CME,snap-20260722-es,ES-20260828-5450-P-20260722
2026-07-22,ES,2026-08-28,5500,C,439.75,445.75,442.75,7687,27358,0.1178,0.736,ES,CME,snap-20260722-es,ES-20260828-5500-C-20260722
07/22/2026,ES,08/28/2026,5500,P,79.25,80.5,80,3739,17264,0.1223,-0.264,ES,CME,snap-20260722-es,ES-20260828-5500-P-20260722
2026-07-22,ES,08/28/26,5550,C,389.5,394.75,392,5964,19382,0.1168,0.754,ES,CME,snap-20260722-es,ES-20260828-5550-C-20260722
07/22/26,ES,20260828,5550,P,78.25,79.5,79,9667,33186,0.1206,-0.246,ES,CME,snap-20260722-es,ES-20260828-5550-P-20260722
2026-07-22,ES,2026-08-28,5600,C,339.25,343.75,341.5,14073,38497,0.1158,0.775,ES,CME,snap-20260722-es,ES-20260828-5600-C-20260722
2026-07-22,ES,2026-08-28,5600,P,77.25,78.25,77.75,"11,633",44397,0.12,-0.225,ES,CME,snap-20260722-es,ES-20260828-5600-P-20260722
2026-07-22,ES,2026-08-28,"5,650.00",Call,289,292.5,290.75,9937,27109,0.1148,0.801,ES,CME,snap-20260722-es,ES-20260828-5650-C-20260722
2026-07-22,ES,20260828,5650,P,76.25,77.25,76.75,"16,005",73347,0.1174,-0.199,ES,CME,snap-20260722-es,ES-20260828-5650-P-20260722
2026-07-22,ES,08/28/2026,5700,C,238.75,241.5,240,19261,79909,0.1138,0.831,ES,CME,snap-20260722-es,ES-20260828-5700-C-20260722
07/22/2026,ES,2026-08-28,5700,P,75.25,76.25,75.75,19797,53682,0.1158,-0.169,ES,CME,snap-20260722-es,ES-20260828-5700-P-20260722
07/22/2026,ES,2026-08-28,5750,C,188.25,190.5,189.5,7944,33663,0.1128,0.869,ES,CME,snap-20260722-es,ES-20260828-5750-C-20260722
2026-07-22,ES,20260828,"5,750.00",P,74.25,75,74.5,15389,82462,0.1142,-0.131,ES,CME,snap-20260722-es,ES-20260828-5750-P-20260722
2026-07-22,ES,2026-08-28,5800,C,138,139.75,139,14751,68249,0.1118,0.916,ES,CME,snap-20260722-es,ES-20260828-5800-C-20260722
2026-07-22,ES,20260828,5800,P,73.25,74,73.50,20618,"55,568",0.1126,-0.084,ES,CME,snap-20260722-es,ES-20260828-5800-P-20260722
2026-07-22,ES,2026-08-28,5850,C,87.75,88.75,88.25,18997,49031,0.1108,0.977,ES,CME,snap-20260722-es,ES-20260828-5850-C-20260722
2026-07-22,ES,2026-08-28,5850,P,72.25,73,72.5,19883,59176,0.111,-0.023,ES,CME,snap-20260722-es,ES-20260828-5850-P-20260722
2026-07-22,es,20260828,5900,C,72.25,73.25,72.75,13362,34386,0.1113,0.952,ES,CME,snap-20260722-es,ES-20260828-5900-C-20260722
2026-07-22,ES,2026-08-28,5900,P,106.25,107.5,107,24165,109501,0.1112,-0.048,ES,CME,snap-20260722-es,ES-20260828-5900-P-20260722
2026-07-22,ES,2026-08-28,5950,C,73,74,73.5,16669,69873,0.1125,0.897,ES,CME,snap-20260722-es,ES-20260828-5950-C-20260722
2026-07-22,ES,20260828,5950,P,156.75,158.5,157.5,20585,67920,0.1122,-0.103,ES,CME,snap-20260722-es,ES-20260828-5950-P-20260722
2026-07-22,ES,2026-08-28,6000,C,74,74.75,74.5,13552,53876,0.1137,0.854,ES,CME,snap-20260722-es,ES-20260828-6000-C-20260722
2026-07-22,ES,08/28/2026,"6,000.00",P,207,209.5,208.25,25686,141019,0.1132,-0.146,ES,CME,snap-20260722-es,ES-20260828-6000-P-20260722
07/22/2026,ES,2026-08-28,6050,C,74.75,75.5,75,10611,48306,0.1149,0.82,ES,CME,snap-20260722-es,ES-20260828-6050-C-20260722
07/22/26,ES,2026-08-28,6050,P,257.25,260.5,259,14407,79185,0.1142,-0.181,ES,CME,snap-20260722-es,ES-20260828-6050-P-20260722
2026-07-22,ES,2026-08-28,6100,C,75.5,76.25,76,7073,29226,0.1161,0.791,ES,CME,snap-20260722-es,ES-20260828-6100-C-20260722
2026-07-22,es,20260828,6100,P,307.5,311.50,309.5,12557,40984,0.1152,-0.209,ES,CME,snap-20260722-es,ES-20260828-6100-P-20260722
2026-07-22,ES,2026-08-28,6150,C,76.25,77.25,76.75,"5,231",13029,0.1173,0.767,ES,CME,snap-20260722-es,ES-20260828-6150-C-20260722
2026-07-22,ES,20260828,6150,P,357.75,362.5,360,7922,41270,0.1162,-0.23,ES,CME,snap-20260722-es,ES-20260828-6150-P-20260722
07/22/26,ES,08/28/2026,6200,C,77.00,78,77.5,5878,26660,0.1185,0.747,ES,CME,snap-20260722-es,ES-20260828-6200-C-20260722
20260722,ES,08/28/2026,6200,P,408,413.5,410.75,"5,593",20324,0.1172,-0.253,ES,CME,snap-20260722-es,ES-20260828-6200-P-20260722
2026-07-22,ES,08/28/2026,6250,C,77.75,78.75,78.25,5546,20066,0.1197,0.73,ES,CME,snap-20260722-es,ES-20260828-6250-C-20260722
07/22/2026,ES,2026-08-28,6250,P,458.25,464.75,461.5,6204,20060,0.1182,-0.271,ES,CME,snap-20260722-es,ES-20260828-6250-P-20260722
2026-07-22,es,08/28/2026,6300,Call,78.5,79.50,79,1550,4306,0.1209,0.714,ES,CME,snap-20260722-es,ES-20260828-6300-C-20260722
2026-07-22,es,2026-08-28,6300,P ,508.5,515.75,512,2569,8604,0.1192,-0.286,ES,CME,snap-20260722-es,ES-20260828-6300-P-20260722
2026-07-22,ES,2026-08-28,6350,C,79.25,80.5,80,702,1791,0.1221,0.701,ES,CME,snap-20260722-es,ES-20260828-6350-C-20260722
07/22/26,ES,2026-08-28,"6,350.00",P,558.75,566.75,562.75,1133,4516,0.1202,-0.299,ES,CME,snap-20260722-es,ES-20260828-6350-P-20260722
2026-07-22,ES,2026-09-18,5350,C,609.5,619.75,614.5,556,1751,0.1208,0.694,ES,CME,snap-20260722-es,ES-20260918-5350-C-20260722
07/22/2026,ES,2026-09-18,5350,P,103.25,104.75,104,623,3246,0.1271,-0.306,ES,CME,snap-20260722-es,ES-20260918-5350-P-20260722
2026-07-22,ES,2026-09-18,"5,400.00",Call,559.25,568.25,563.75,906,2289,0.12,0.706,ES,CME,snap-20260722-es,ES-20260918-5400-C-20260722
07/22/26,ES,20260918,5400,P,101.75,103.5,102.5,1559,7220,0.1255,-0.294,ES,CME,snap-20260722-es,ES-20260918-5400-P-20260722
2026-07-22,ES,09/18/2026,5450,C,509,517,513,1643,4971,0.1188,0.72,ES,CME,snap-20260722-es,ES-20260918-5450-C-20260722
2026-07-22,ES,09/18/2026,5450,P,100.5,102.25,101.5,2132,8467,0.12,-0.28,ES,CME,snap-20260722-es,ES-20260918-5450-P-20260722
07/22/2026,ES,20260918,5500,C,458.5,465.75,462,4652,14921,0.1178,0.736,ES,CME,snap-20260722-es,ES-20260918-5500-C-20260722
20260722,ES,09/18/26,5500,P,99.25,100.75,100,3584,19534,0.1223,-0.264,ES,CME,snap-20260722-es,ES-20260918-5500-P-20260722
07/22/26,ES,09/18/2026,5550,C,408.25,414.50,411.5,3407,11090,0.1168,0.754,ES,CME,snap-20260722-es,ES-20260918-5550-C-20260722
07/22/26,ES,2026-09-18,5550,P,98,99.5,98.75,4057,14108,0.1206,-0.246,ES,CME,snap-20260722-es,ES-20260918-5550-P-20260722
2026-07-22,es,09/18/26,5600,Call,358,363.25,360.5,12800,32574,0.1158,0.775,ES,CME,snap-20260722-es,ES-20260918-5600-C-20260722
2026-07-22,ES,09/18/2026,"5,600.00",P,96.75,98.25,97.5,9816,30887,0.119,-0.225,ES,CME,snap-20260722-es,ES-20260918-5600-P-20260722
2026-07-22,ES,2026-09-18,5650,C,307.5,312,309.75,6062,"15,106",0.1148,0.801,ES,CME,snap-20260722-es,ES-20260918-5650-C-20260722
20260722,ES,09/18/26,5650,P,95.5,96.75,96,13885,66237,0.1174,-0.199,ES,CME,snap-20260722-es,ES-20260918-5650-P-20260722
2026-07-22,ES,2026-09-18,5700,Call,257,260.75,259,6827,30623,0.1138,0.831,ES,CME,snap-20260722-es,ES-20260918-5700-C-20260722
2026-07-22,ES,2026-09-18,5700,P,94.25,95.5,95,7535,39548,0.1158,-0.169,ES,CME,snap-20260722-es,ES-20260918-5700-P-20260722
07/22/2026,ES,2026-09-18,5750,Call,206.75,209.5,208,12449,35391,0.1128,0.869,ES,CME,snap-20260722-es,ES-20260918-5750-C-20260722
2026-07-22,ES,2026-09-18,5750,P,92.75,94.00,93.5,9955,27582,0.1142,-0.131,ES,CME,snap-20260722-es,ES-20260918-5750-P-20260722
2026-07-22,es,2026-09-18,5800,C,156.25,158.25,157.25,18837,76899,0.11,0.916,ES,CME,snap-20260722-es,ES-20260918-5800-C-20260722
2026-07-22,ES,2026-09-18,5800,P,91.5,92.75,92,15445,69799,0.11,-0.084,ES,CME,snap-20260722-es,ES-20260918-5800-P-20260722
07/22/2026,ES,20260918,5850,Call,105.75,107.25,106.5,9938,31075,0.1108,0.977,ES,CME,snap-20260722-es,ES-20260918-5850-C-20260722
2026-07-22,ES,09/18/2026,5850,P,90.25,91.5,91,15075,"67,938",0.111,-0.023,ES,CME,snap-20260722-es,ES-20260918-5850-P-20260722
20260722,ES,09/18/2026,5900,C,90.5,91.75,91,14666,39928,0.1113,0.952,ES,CME,snap-20260722-es,ES-20260918-5900-C-20260722
07/22/2026,ES,2026-09-18,5900,P,124.5,126,125.25,"26,816",83440,0.11,-0.048,ES,CME,snap-20260722-es,ES-20260918-5900-P-20260722
2026-07-22,ES,20260918,5950,C,91.5,92.75,92,16875,61418,0.1125,0.897,ES,CME,snap-20260722-es,ES-20260918-5950-C-20260722
2026-07-22,ES,09/18/2026,5950,P,175,177.25,176,11858,48470,0.1122,-0.103,ES,CME,snap-20260722-es,ES-20260918-5950-P-20260722
07/22/2026,ES,2026-09-18,6000,C,92.50,93.75,93,12113,29240,0.1137,0.854,ES,CME,snap-20260722-es,ES-20260918-6000-C-20260722
2026-07-22,ES,09/18/2026,"6,000.00",put,225.25,228.5,227,16906,46880,0.1132,-0.146,ES,CME,snap-20260722-es,ES-20260918-6000-P-20260722
2026-07-22,ES,20260918,6050,C,93.5,94.75,94,4631,21933,0.1149,0.819,ES,CME,snap-20260722-es,ES-20260918-6050-C-20260722
2026-07-22,ES,09/18/2026,6050,P,275.75,279.75,277.75,"11,006",49263,0.1142,-0.181,ES,CME,snap-20260722-es,ES-20260918-6050-P-20260722
2026-07-22,ES,2026-09-18,6100,C,94.25,95.75,95.00,10296,34656,0.1161,0.791,ES,CME,snap-20260722-es,ES-20260918-6100-C-20260722
20260722,ES,09/18/2026,6100,P,326.25,331,328.5,5585,26112,0.1152,-0.209,ES,CME,snap-20260722-es,ES-20260918-6100-P-20260722
2026-07-22,es,2026-09-18,6150,C,95.25,96.75,96,7733,32356,0.1173,0.767,ES,CME,snap-20260722-es,ES-20260918-6150-C-20260722
2026-07-22,ES,2026-09-18,6150,P,376.5,382,379.25,6811,36760,0.1162,-0.233,ES,CME,snap-20260722-es,ES-20260918-6150-P-20260722
07/22/26,ES,2026-09-18,6200,C,96.25,97.75,97,7708,19273,0.1185,0.747,ES,CME,snap-20260722-es,ES-20260918-6200-C-20260722
2026-07-22,ES,2026-09-18,6200,P,427,433.5,430.25,10446,29400,0.1172,-0.253,ES,CME,snap-20260722-es,ES-20260918-6200-P-20260722
2026-07-22,ES,09/18/2026,6250,C,97.25,98.75,98,2372,7367,0.1197,0.729,ES,CME,snap-20260722-es,ES-20260918-6250-C-20260722
2026-07-22,ES,09/18/2026,6250,P,477.25,484.75,481,4360,16835,0.1182,-0.27,ES,CME,snap-20260722-es,ES-20260918-6250-P-20260722
2026-07-22,ES,09/18/2026,6300,C,98.25,99.75,99,3066,12092,0.12,0.714,ES,CME,snap-20260722-es,ES-20260918-6300-C-20260722
20260722,ES,2026-09-18,6300,P ,527.5,536,531.75,2231,"10,516",0.12,-0.286,ES,CME,snap-20260722-es,ES-20260918-6300-P-20260722
2026-07-22,ES,2026-09-18,6350,C,99,100.75,100,699,1540,0.12,0.701,ES,CME,snap-20260722-es,ES-20260918-6350-C-20260722
2026-07-22,ES,2026-09-18,6350,Put,578,587.25,582.5,646,1913,0.1202,-0.299,ES,CME,snap-20260722-es,ES-20260918-6350-P-20260722
20260722,ES,2026-10-16,5350,C,630.25,642,636,600,1822,0.1208,0.694,ES,CME,snap-20260722-es,ES-20261016-5350-C-20260722
2026-07-22,ES,2026-10-16,5350,P,125.5,127.75,126.5,268,1470,0.1271,-0.306,ES,CME,snap-20260722-es,ES-20261016-5350-P-20260722
20260722,ES,2026-10-16,5400,Call,579.75,590.5,585,"1,600",7203,0.1198,0.706,ES,CME,snap-20260722-es,ES-20261016-5400-C-20260722
2026-07-22,ES,2026-10-16,5400,P,124,126.25,125,827,2940,0.1255,-0.294,ES,CME,snap-20260722-es,ES-20261016-5400-P-20260722
07/22/2026,ES,2026-10-16,"5,450.00",C,529.25,539,534,1372,3858,0.1188,0.72,ES,CME,snap-20260722-es,ES-20261016-5450-C-20260722
20260722,ES,10/16/2026,"5,450.00",P,122.25,124.5,123.50,2453,8602,0.12,-0.28,ES,CME,snap-20260722-es,ES-20261016-5450-P-20260722
2026-07-22,ES,20261016,5500,C,478.75,487.5,483,2137,"8,943",0.1178,0.736,ES,CME,snap-20260722-es,ES-20261016-5500-C-20260722
2026-07-22,ES,2026-10-16,5500,P,120.75,123,122,4726,21381,0.1223,-0.264,ES,CME,snap-20260722-es,ES-20261016-5500-P-20260722
2026-07-22,ES,2026-10-16,5550,C,428.5,436,432.25,6359,23600,0.1168,0.754,ES,CME,snap-20260722-es,ES-20261016-5550-C-20260722
2026-07-22,ES,2026-10-16,5550,P,119.25,121.25,120.25,4180,18238,0.1206,-0.246,ES,CME,snap-20260722-es,ES-20261016-5550-P-20260722
2026-07-22,ES,2026-10-16,5600,C,378,384.5,381.25,7260,27728,0.1158,0.775,ES,CME,snap-20260722-es,ES-20261016-5600-C-20260722
07/22/26,ES,2026-10-16,5600,P,117.5,119.75,118.5,7857,34718,0.119,-0.225,ES,CME,snap-20260722-es,ES-20261016-5600-P-20260722
07/22/26,ES,10/16/26,5650,C,327.5,333,330.25,9448,36247,0.1148,0.801,ES,CME,snap-20260722-es,ES-20261016-5650-C-20260722
07/22/2026,ES,20261016,5650,P,116,118,117,11166,59330,0.1174,-0.199,ES,CME,snap-20260722-es,ES-20261016-5650-P-20260722
07/22/26,ES,20261016,5700,Call,277,281.5,279.25,8293,25076,0.1138,0.831,ES,CME,snap-20260722-es,ES-20261016-5700-C-20260722
2026-07-22,es,2026-10-16,5700,P ,114.5,116.25,115.5,"16,150","83,622",0.1158,-0.169,ES,CME,snap-20260722-es,ES-20261016-5700-P-20260722
20260722,ES,2026-10-16,5750,C,226.25,230.00,228,5226,21801,0.1128,0.87,ES,CME,snap-20260722-es,ES-20261016-5750-C-20260722
07/22/2026,ES,10/16/26,"5,750.00",P,113,114.75,114,8114,"24,220",0.1142,-0.131,ES,CME,snap-20260722-es,ES-20261016-5750-P-20260722
20260722,ES,10/16/26,5800,C,175.75,178.5,177,7804,36256,0.1118,0.916,ES,CME,snap-20260722-es,ES-20261016-5800-C-20260722
07/22/2026,ES,2026-10-16,5800,P,111.25,113,112,19193,85085,0.1126,-0.084,ES,CME,snap-20260722-es,ES-20261016-5800-P-20260722
2026-07-22,ES,2026-10-16,"5,850.00",C,125.25,127.25,126.25,14733,62691,0.1108,0.977,ES,CME,snap-20260722-es,ES-20261016-5850-C-20260722
2026-07-22,ES,2026-10-16,5850,Put,109.75,111.5,110.5,13960,39878,0.111,-0.02,ES,CME,snap-20260722-es,ES-20261016-5850-P-20260722
2026-07-22,ES,2026-10-16,5900,C,110,111.75,111,17300,58282,0.1113,0.952,ES,CME,snap-20260722-es,ES-20261016-5900-C-20260722
07/22/2026,ES,2026-10-16,5900,P,144,146.25,145,13250,70575,0.1112,-0.048,ES,CME,snap-20260722-es,ES-20261016-5900-P-20260722
2026-07-22,ES,2026-10-16,5950,Call,111.25,113,112,7264,26098,0.1125,0.897,ES,CME,snap-20260722-es,ES-20261016-5950-C-20260722
2026-07-22,ES,20261016,5950,P,194.5,197.50,196,7175,33742,0.1122,-0.10,ES,CME,snap-20260722-es,ES-20261016-5950-P-20260722
2026-07-22,ES,10/16/2026,6000,C,112.5,114.25,113.5,11982,26823,0.1137,0.854,ES,CME,snap-20260722-es,ES-20261016-6000-C-20260722
2026-07-22,ES,2026-10-16,6000,P,245,249,247,12126,39318,0.1132,-0.146,ES,CME,snap-20260722-es,ES-20261016-6000-P-20260722
2026-07-22,es,10/16/26,6050,C,113.5,115.5,114.5,10286,45326,0.1149,0.819,ES,CME,snap-20260722-es,ES-20261016-6050-C-20260722
20260722,ES,10/16/2026,6050,P,295.5,300.5,298,11776,61019,0.1142,-0.181,ES,CME,snap-20260722-es,ES-20261016-6050-P-20260722
07/22/2026,ES,10/16/26,6100,C,114.75,116.75,115.75,10277,22935,0.1161,0.791,ES,CME,snap-20260722-es,ES-20261016-6100-C-20260722
2026-07-22,ES,2026-10-16,6100,P,346,352,349,12503,61309,0.1152,-0.209,ES,CME,snap-20260722-es,ES-20261016-6100-P-20260722
07/22/2026,ES,10/16/2026,6150,C,116,118,117,5576,21049,0.1173,0.767,ES,CME,snap-20260722-es,ES-20261016-6150-C-20260722
20260722,ES,2026-10-16,6150,P,396.5,403.5,400,3734,18975,0.1162,-0.233,ES,CME,snap-20260722-es,ES-20261016-6150-P-20260722
2026-07-22,ES,2026-10-16,6200,Call,117,119,118,6868,25881,0.1185,0.75,ES,CME,snap-20260722-es,ES-20261016-6200-C-20260722
2026-07-22,ES,10/16/26,6200,P,447,455,451,6864,35505,0.1172,-0.253,ES,CME,snap-20260722-es,ES-20261016-6200-P-20260722
2026-07-22,ES,2026-10-16,6250,C,118.25,120.25,119.25,1317,4118,0.1197,0.729,ES,CME,snap-20260722-es,ES-20261016-6250-C-20260722
20260722,ES,10/16/26,6250,P,497.50,506.5,502,1909,8853,0.1182,-0.271,ES,CME,snap-20260722-es,ES-20261016-6250-P-20260722
20260722,ES,2026-10-16,6300,C,119.5,121.5,120.5,2245,8138,0.1209,0.714,ES,CME,snap-20260722-es,ES-20261016-6300-C-20260722
2026-07-22,ES,2026-10-16,6300,P,548,558,553.00,2640,13052,0.1192,-0.286,ES,CME,snap-20260722-es,ES-20261016-6300-P-20260722
20260722,ES,2026-10-16,6350,C,120.5,122.75,121.5,483,"1,624",0.1221,0.701,ES,CME,snap-20260722-es,ES-20261016-6350-C-20260722
2026-07-22,ES,2026-10-16,6350,P,598.5,609.5,604,392,1126,0.1202,-0.299,ES,CME,snap-20260722-es,ES-20261016-6350-P-20260722
2026-07-22,ES,12/18/2026,5350,C,666,682.25,674,157,679,0.1208,0.694,ES,CME,snap-20260722-es,ES-20261218-5350-C-20260722
2026-07-22,ES,2026-12-18,5350,Put,164.75,168.75,166.75,228,691,0.1271,-0.306,ES,CME,snap-20260722-es,ES-20261218-5350-P-20260722
2026-07-22,ES,2026-12-18,5400,C,615.5,630.25,623,348,1181,0.1198,0.706,ES,CME,snap-20260722-es,ES-20261218-5400-C-20260722
07/22/26,ES,2026-12-18,5400,P,162.75,166.5,164.5,283,1357,0.1255,-0.294,ES,CME,snap-20260722-es,ES-20261218-5400-P-20260722
2026-07-22,ES,2026-12-18,5450,C,565,578.25,571.5,455,"1,085",0.1188,0.72,ES,CME,snap-20260722-es,ES-20261218-5450-C-20260722
2026-07-22,ES,2026-12-18,5450,P,160.5,164.25,162.5,1311,4378,0.12,-0.28,ES,CME,snap-20260722-es,ES-20261218-5450-P-20260722
2026-07-22,ES,2026-12-18,5500,C,514.25,526.25,520.25,2746,12831,0.12,0.736,ES,CME,snap-20260722-es,ES-20261218-5500-C-20260722
07/22/26,ES,2026-12-18,5500,P,158.5,162.25,160.5,1461,4304,0.1223,-0.264,ES,CME,snap-20260722-es,ES-20261218-5500-P-20260722
2026-07-22,ES,2026-12-18,"5,550.00",C,463.75,474.25,469,2523,8875,0.1168,0.754,ES,CME,snap-20260722-es,ES-20261218-5550-C-20260722
2026-07-22,es,2026-12-18,5550,P,156.5,160,158.25,2724,13979,0.1206,-0.246,ES,CME,snap-20260722-es,ES-20261218-5550-P-20260722
07/22/2026,es,12/18/2026,5600,C,413,422.25,417.5,3578,"14,999",0.1158,0.775,ES,CME,snap-20260722-es,ES-20261218-5600-C-20260722
2026-07-22,ES,12/18/26,5600,P,154.5,158,156.25,3174,9089,0.119,-0.225,ES,CME,snap-20260722-es,ES-20261218-5600-P-20260722
2026-07-22,ES,2026-12-18,5650,C,362.25,370.25,366.25,2708,9247,0.1148,0.801,ES,CME,snap-20260722-es,ES-20261218-5650-C-20260722
2026-07-22,ES,12/18/2026,5650,P,152.25,155.75,154,2251,8289,0.1174,-0.20,ES,CME,snap-20260722-es,ES-20261218-5650-P-20260722
07/22/2026,ES,12/18/2026,5700,C,311.75,318.5,315,5746,14087,0.1138,0.831,ES,CME,snap-20260722-es,ES-20261218-5700-C-20260722
2026-07-22,ES,20261218,5700,P,150.25,153.5,152,2879,"9,278",0.1158,-0.169,ES,CME,snap-20260722-es,ES-20261218-5700-P-20260722
2026-07-22,ES,2026-12-18,5750,C,261,266.5,263.75,4340,16533,0.11,0.869,ES,CME,snap-20260722-es,ES-20261218-5750-C-20260722
2026-07-22,ES,2026-12-18,5750,P,148.25,151.5,150,3381,15008,0.1142,-0.131,ES,CME,snap-20260722-es,ES-20261218-5750-P-20260722
07/22/2026,ES,2026-12-18,5800,C,210.25,214.75,212.5,3303,11979,0.1118,0.916,ES,CME,snap-20260722-es,ES-20261218-5800-C-20260722
2026-07-22,ES,2026-12-18,5800,P,146.25,149.25,147.75,9643,32581,0.11,-0.084,ES,CME,snap-20260722-es,ES-20261218-5800-P-20260722
07/22/26,ES,2026-12-18,5850,C,159.50,162.75,161,5366,21033,0.1108,0.977,ES,CME,snap-20260722-es,ES-20261218-5850-C-20260722
07/22/26,ES,20261218,5850,Put,144,147,145.5,3758,16806,0.111,-0.023,ES,CME,snap-20260722-es,ES-20261218-5850-P-20260722
2026-07-22,es,12/18/2026,5900,C,144.5,147.50,146,6272,30049,0.1113,0.952,ES,CME,snap-20260722-es,ES-20261218-5900-C-20260722
2026-07-22,ES,2026-12-18,5900,P,178.25,182.00,180,5488,18261,0.1112,-0.05,ES,CME,snap-20260722-es,ES-20261218-5900-P-20260722
2026-07-22,ES,12/18/2026,5950,C,146,149.25,147.5,3892,9255,0.1125,0.897,ES,CME,snap-20260722-es,ES-20261218-5950-C-20260722
2026-07-22,ES,2026-12-18,"5,950.00",P,229,233.75,231.5,7042,24150,0.1122,-0.103,ES,CME,snap-20260722-es,ES-20261218-5950-P-20260722
07/22/2026,ES,2026-12-18,6000,C,147.5,150.75,149,6451,28179,0.11,0.854,ES,CME,snap-20260722-es,ES-20261218-6000-C-20260722
2026-07-22,ES,12/18/26,6000,P,279.75,285.75,282.75,4758,22130,0.1132,-0.146,ES,CME,snap-20260722-es,ES-20261218-6000-P-20260722
20260722,ES,2026-12-18,6050,C,149,152.25,150.5,1814,6248,0.1149,0.819,ES,CME,snap-20260722-es,ES-20261218-6050-C-20260722
2026-07-22,ES,12/18/2026,6050,P,330.5,337.75,334,"2,698",11374,0.1142,-0.181,ES,CME,snap-20260722-es,ES-20261218-6050-P-20260722
07/22/2026,ES,2026-12-18,6100,C,150.5,154,152.25,4899,22110,0.1161,0.791,ES,CME,snap-20260722-es,ES-20261218-6100-C-20260722
2026-07-22,ES,12/18/2026,"6,100.00",P,381,389.5,385.25,4686,23928,0.1152,-0.21,ES,CME,snap-20260722-es,ES-20261218-6100-P-20260722
20260722,ES,2026-12-18,6150,C,152.25,155.5,154,1735,4189,0.12,0.767,ES,CME,snap-20260722-es,ES-20261218-6150-C-20260722
07/22/2026,ES,2026-12-18,6150,P,431.75,441.5,436.5,1723,8682,0.1162,-0.233,ES,CME,snap-20260722-es,ES-20261218-6150-P-20260722
2026-07-22,ES,2026-12-18,6200,C,153.75,157.25,155.5,1770,4964,0.1185,0.747,ES,CME,snap-20260722-es,ES-20261218-6200-C-20260722
2026-07-22,ES,12/18/26,6200,P,482.50,493.5,488,1824,"4,632",0.1172,-0.253,ES,CME,snap-20260722-es,ES-20261218-6200-P-20260722
2026-07-22,ES,20261218,6250,C,155.25,158.75,157,854,3954,0.1197,0.729,ES,CME,snap-20260722-es,ES-20261218-6250-C-20260722
2026-07-22,ES,12/18/2026,6250,P,533,545.5,539.25,838,2462,0.1182,-0.271,ES,CME,snap-20260722-es,ES-20261218-6250-P-20260722
2026-07-22,ES,20261218,6300,C,156.75,160.5,158.5,1190,3484,0.1209,0.714,ES,CME,snap-20260722-es,ES-20261218-6300-C-20260722
2026-07-22,es,12/18/2026,6300,P,583.75,597.5,590.5,730,1886,0.1192,-0.286,ES,CME,snap-20260722-es,ES-20261218-6300-P-20260722
2026-07-22,ES,2026-12-18,6350,C,158.25,162,160,166,627,0.1221,0.701,ES,CME,snap-20260722-es,ES-20261218-6350-C-20260722
07/22/26,ES,12/18/26,6350,Put,634.25,649.50,642,340,1415,0.1202,-0.299,ES,CME,snap-20260722-es,ES-20261218-6350-P-20260722
2026-07-23,ES,08/21/2026,"5,300.00",Call,571.25,579.25,575.25,690,1586,0.1207,0.695,ES,CME,snap-20260723-es,ES-20260821-5300-C-20260723
07/23/2026,ES,2026-08-21,5300,P,72.25,73.25,72.75,773,2143,0.1269,-0.305,ES,CME,snap-20260723-es,ES-20260821-5300-P-20260723
2026-07-23,ES,2026-08-21,5350,C,521,528,524.5,2041,5967,0.1197,0.707,ES,CME,snap-20260723-es,ES-20260821-5350-C-20260723
07/23/2026,ES,20260821,5350,P,71.25,72.25,71.75,"2,178",10953,0.1253,-0.293,ES,CME,snap-20260723-es,ES-20260821-5350-P-20260723
07/23/2026,ES,2026-08-21,5400,C,470.75,477,474,4590,21050,0.12,0.721,ES,CME,snap-20260723-es,ES-20260821-5400-C-20260723
20260723,ES,2026-08-21,5400,P,70.5,71.25,71,2360,9816,0.1237,-0.28,ES,CME,snap-20260723-es,ES-20260821-5400-P-20260723
07/23/26,ES,2026-08-21,5450,C,420.75,426.25,423.5,3425,12040,0.1177,0.738,ES,CME,snap-20260723-es,ES-20260821-5450-C-20260723
07/23/2026,ES,2026-08-21,5450,P,69.5,70.25,70,3918,11616,0.12,-0.262,ES,CME,snap-20260723-es,ES-20260821-5450-P-20260723
2026-07-23,ES,2026-08-21,5500,C,370.5,375.25,373,5579,19302,0.1167,0.757,ES,CME,snap-20260723-es,ES-20260821-5500-C-20260723
2026-07-23,ES,2026-08-21,"5,500.00",P,68.5,69.5,69,6947,35570,0.12,-0.243,ES,CME,snap-20260723-es,ES-20260821-5500-P-20260723
07/23/26,ES,08/21/2026,5550,C,320.25,324.25,322.25,6808,18173,0.12,0.779,ES,CME,snap-20260723-es,ES-20260821-5550-C-20260723
07/23/2026,ES,2026-08-21,5550,P,67.75,68.5,68,5333,17250,0.1188,-0.221,ES,CME,snap-20260723-es,ES-20260821-5550-P-20260723
07/23/2026,ES,2026-08-21,5600,C,270,273.25,271.5,15679,71286,0.1147,0.805,ES,CME,snap-20260723-es,ES-20260821-5600-C-20260723
20260723,ES,20260821,5600,P,66.75,67.5,67,18894,74471,0.1172,-0.195,ES,CME,snap-20260723-es,ES-20260821-5600-P-20260723
2026-07-23,ES,2026-08-21,5650,Call,219.75,222.25,221,13891,66480,0.1136,0.837,ES,CME,snap-20260723-es,ES-20260821-5650-C-20260723
20260723,ES,2026-08-21,5650,Put,65.75,66.5,66,15202,43294,0.1156,-0.16,ES,CME,snap-20260723-es,ES-20260821-5650-P-20260723
20260723,ES,20260821,5700,C,169.5,171.5,170.5,12309,34341,0.11,0.88,ES,CME,snap-20260723-es,ES-20260821-5700-C-20260723
2026-07-23,ES,20260821,5700,P,65,65.75,65.5,"22,852",80270,0.1139,-0.124,ES,CME,snap-20260723-es,ES-20260821-5700-P-20260723
2026-07-23,ES,2026-08-21,5750,C,119.25,120.5,120,14926,59342,0.1116,0.926,ES,CME,snap-20260723-es,ES-20260821-5750-C-20260723
2026-07-23,ES,08/21/2026,5750,P,64,64.75,64.5,19268,92804,0.1123,-0.074,ES,CME,snap-20260723-es,ES-20260821-5750-P-20260723
2026-07-23,ES,2026-08-21,5800,C,69,69.75,69.5,20302,86908,0.1106,0.991,ES,CME,snap-20260723-es,ES-20260821-5800-C-20260723
2026-07-23,ES,2026-08-21,5800,P,63,63.75,63.5,14565,55624,0.1107,-0.009,ES,CME,snap-20260723-es,ES-20260821-5800-P-20260723
2026-07-23,ES,2026-08-21,5850,Call,63.5,64.25,64,15489,63757,0.1116,0.94,ES,CME,snap-20260723-es,ES-20260821-5850-C-20260723
07/23/26,ES,2026-08-21,"5,850.00",P,107.25,108.5,108,23438,76445,0.1114,-0.06,ES,CME,snap-20260723-es,ES-20260821-5850-P-20260723
07/23/2026,ES,2026-08-21,5900,C,64.25,65,64.5,10406,36424,0.1128,0.887,ES,CME,snap-20260723-es,ES-20260821-5900-C-20260723
07/23/2026,ES,2026-08-21,5900,P,157.5,159.25,158.5,22787,90173,0.1124,-0.113,ES,CME,snap-20260723-es,ES-20260821-5900-P-20260723
2026-07-23,ES,20260821,5950,C,65,65.75,65.5,6242,18506,0.114,0.846,ES,CME,snap-20260723-es,ES-20260821-5950-C-20260723
2026-07-23,ES,20260821,5950,P,207.75,210.25,209,19642,90939,0.1134,-0.154,ES,CME,snap-20260723-es,ES-20260821-5950-P-20260723
2026-07-23,ES,2026-08-21,"6,000.00",C,65.5,66.25,66.00,"10,150",32230,0.1152,0.812,ES,CME,snap-20260723-es,ES-20260821-6000-C-20260723
2026-07-23,ES,2026-08-21,6000,put,258,261,259.5,"20,631",87586,0.1144,-0.188,ES,CME,snap-20260723-es,ES-20260821-6000-P-20260723
07/23/26,ES,2026-08-21,"6,050.00",C,66.25,67.00,66.5,10891,39167,0.1164,0.79,ES,CME,snap-20260723-es,ES-20260821-6050-C-20260723
2026-07-23,ES,08/21/2026,6050,P,308.25,312,310,14675,66939,0.1154,-0.215,ES,CME,snap-20260723-es,ES-20260821-6050-P-20260723
2026-07-23,ES,08/21/2026,6100,C,67,67.75,67.5,5010,22835,0.1176,0.762,ES,CME,snap-20260723-es,ES-20260821-6100-C-20260723
2026-07-23,ES,20260821,6100,P,358.5,363,360.75,10159,"48,976",0.1164,-0.238,ES,CME,snap-20260723-es,ES-20260821-6100-P-20260723
2026-07-23,ES,2026-08-21,6150,C,67.5,68.5,68,6577,30345,0.1188,0.742,ES,CME,snap-20260723-es,ES-20260821-6150-C-20260723
07/23/2026,ES,2026-08-21,6150,P,408.75,414,411.50,3503,15190,0.1174,-0.258,ES,CME,snap-20260723-es,ES-20260821-6150-P-20260723
2026-07-23,ES,08/21/2026,6200,C,68.25,69.25,68.75,5712,13344,0.12,0.725,ES,CME,snap-20260723-es,ES-20260821-6200-C-20260723
2026-07-23,ES,2026-08-21,6200,P,458.75,464.75,461.75,8257,44882,0.1184,-0.275,ES,CME,snap-20260723-es,ES-20260821-6200-P-20260723
2026-07-23,ES,2026-08-21,6250,C,69,70,69.5,1994,6474,0.1212,0.71,ES,CME,snap-20260723-es,ES-20260821-6250-C-20260723
07/23/2026,ES,08/21/2026,6250,P,509.00,515.75,512.5,2907,10897,0.1194,-0.29,ES,CME,snap-20260723-es,ES-20260821-6250-P-20260723
07/23/26,ES,08/21/2026,6300,C,69.75,70.5,70,763,3288,0.1224,0.698,ES,CME,snap-20260723-es,ES-20260821-6300-C-20260723
2026-07-23,ES,2026-08-21,6300,P,559,567,563,658,3215,0.1205,-0.302,ES,CME,snap-20260723-es,ES-20260821-6300-P-20260723
2026-07-23,ES,2026-08-28,5300,C,578.75,587.25,583,956,3382,0.1207,0.695,ES,CME,snap-20260723-es,ES-20260828-5300-C-20260723
2026-07-23,ES,08/28/26,5300,P,80.5,81.5,81.00,1253,5771,0.1269,-0.305,ES,CME,snap-20260723-es,ES-20260828-5300-P-20260723
07/23/26,ES,08/28/26,5350,Call,528.5,536.25,532.5,2031,4485,0.1197,0.707,ES,CME,snap-20260723-es,ES-20260828-5350-C-20260723
07/23/26,ES,08/28/26,"5,350.00",P,79.5,80.5,80,2016,10058,0.1253,-0.293,ES,CME,snap-20260723-es,ES-20260828-5350-P-20260723
07/23/2026,ES,2026-08-28,5400,C,478.5,485,481.75,2904,10630,0.1187,0.721,ES,CME,snap-20260723-es,ES-20260828-5400-C-20260723
2026-07-23,ES,2026-08-28,5400,P,78.5,79.5,79,5615,18408,0.1237,-0.279,ES,CME,snap-20260723-es,ES-20260828-5400-P-20260723
2026-07-23,ES,2026-08-28,"5,450.00",C,428.25,434,431,4198,10481,0.1177,0.738,ES,CME,snap-20260723-es,ES-20260828-5450-C-20260723
2026-07-23,ES,20260828,5450,P,77.25,78.50,78,5630,29481,0.1221,-0.262,ES,CME,snap-20260723-es,ES-20260828-5450-P-20260723
2026-07-23,ES,2026-08-28,5500,C,378,383,380.5,13076,60962,0.1167,0.757,ES,CME,snap-20260723-es,ES-20260828-5500-C-20260723
07/23/2026,ES,2026-08-28,5500,Put,76.25,77.25,76.75,14694,55174,0.1204,-0.243,ES,CME,snap-20260723-es,ES-20260828-5500-P-20260723
2026-07-23,ES,2026-08-28,5550,C,327.75,332,330,8337,25622,0.1157,0.779,ES,CME,snap-20260723-es,ES-20260828-5550-C-20260723
07/23/26,ES,2026-08-28,5550,P,75.25,76.25,75.75,8217,42376,0.1188,-0.221,ES,CME,snap-20260723-es,ES-20260828-5550-P-20260723
2026-07-23,ES,2026-08-28,5600,C,277.5,281,279.25,6645,28840,0.1147,0.81,ES,CME,snap-20260723-es,ES-20260828-5600-C-20260723
07/23/2026,ES,2026-08-28,5600,P,74.25,75.25,74.75,19746,85829,0.1172,-0.195,ES,CME,snap-20260723-es,ES-20260828-5600-P-20260723
2026-07-23,ES,20260828,5650,C,227.25,230,228.5,16929,39139,0.1136,0.84,ES,CME,snap-20260723-es,ES-20260828-5650-C-20260723
07/23/26,ES,2026-08-28,5650,P,73.25,74.25,73.75,16528,65292,0.1156,-0.163,ES,CME,snap-20260723-es,ES-20260828-5650-P-20260723
2026-07-23,ES,2026-08-28,5700,C,176.75,179,178,"8,911",34333,0.1126,0.876,ES,CME,snap-20260723-es,ES-20260828-5700-C-20260723
2026-07-23,ES,2026-08-28,5700,P,72.25,73.25,72.75,27903,143925,0.1139,-0.124,ES,CME,snap-20260723-es,ES-20260828-5700-P-20260723
07/23/2026,ES,2026-08-28,5750,C,126.5,128,127.25,8471,35777,0.1116,0.926,ES,CME,snap-20260723-es,ES-20260828-5750-C-20260723
2026-07-23,ES,2026-08-28,5750,P,71.25,72,71.5,24862,64192,0.1123,-0.074,ES,CME,snap-20260723-es,ES-20260828-5750-P-20260723
2026-07-23,ES,2026-08-28,5800,C,76.25,77,76.5,"22,371",69604,0.1106,0.991,ES,CME,snap-20260723-es,ES-20260828-5800-C-20260723
07/23/2026,ES,2026-08-28,5800,P,70.25,71,70.5,31053,100056,0.1107,-0.009,ES,CME,snap-20260723-es,ES-20260828-5800-P-20260723
07/23/26,ES,2026-08-28,5850,C,70.75,71.5,71,17853,53125,0.1116,0.94,ES,CME,snap-20260723-es,ES-20260828-5850-C-20260723
07/23/2026,ES,2026-08-28,5850,Put,114.5,115.75,115,12830,46448,0.1114,-0.06,ES,CME,snap-20260723-es,ES-20260828-5850-P-20260723
2026-07-23,ES,2026-08-28,5900,C,71.5,72.5,72,24149,101571,0.1128,0.887,ES,CME,snap-20260723-es,ES-20260828-5900-C-20260723
2026-07-23,ES,2026-08-28,5900,P,164.75,166.75,165.75,24293,95755,0.1124,-0.113,ES,CME,snap-20260723-es,ES-20260828-5900-P-20260723
2026-07-23,ES,20260828,5950,C,72.25,73.25,72.75,15462,52571,0.114,0.846,ES,CME,snap-20260723-es,ES-20260828-5950-C-20260723
2026-07-23,ES,2026-08-28,5950,P,215,217.75,216.5,17805,68037,0.1134,-0.154,ES,CME,snap-20260723-es,ES-20260828-5950-P-20260723
2026-07-23,ES,2026-08-28,6000,C,73,74,73.5,7655,21428,0.1152,0.812,ES,CME,snap-20260723-es,ES-20260828-6000-C-20260723
2026-07-23,ES,2026-08-28,6000,P,265.25,268.75,267,22087,103522,0.1144,-0.188,ES,CME,snap-20260723-es,ES-20260828-6000-P-20260723
2026-07-23,ES,2026-08-28,6050,Call,73.75,74.75,74.25,"10,784",39436,0.1164,0.785,ES,CME,snap-20260723-es,ES-20260828-6050-C-20260723
2026-07-23,ES,2026-08-28,6050,put,315.75,319.75,317.75,7585,22704,0.1154,-0.215,ES,CME,snap-20260723-es,ES-20260828-6050-P-20260723
07/23/2026,ES,2026-08-28,6100,C,74.5,75.5,75,11239,26823,0.1176,0.762,ES,CME,snap-20260723-es,ES-20260828-6100-C-20260723
2026-07-23,ES,2026-08-28,6100,P,366,370.75,368.5,12880,67037,0.1164,-0.238,ES,CME,snap-20260723-es,ES-20260828-6100-P-20260723
07/23/2026,ES,2026-08-28,6150,C,75.25,76.25,75.75,2971,"8,695",0.1188,0.742,ES,CME,snap-20260723-es,ES-20260828-6150-C-20260723
2026-07-23,ES,2026-08-28,6150,P,416.25,421.75,419,6024,18437,0.1174,-0.258,ES,CME,snap-20260723-es,ES-20260828-6150-P-20260723
2026-07-23,ES,2026-08-28,6200,C,76,77.25,76.5,2539,8083,0.12,0.725,ES,CME,snap-20260723-es,ES-20260828-6200-C-20260723
2026-07-23,es,2026-08-28,6200,P,466.25,472.75,469.5,2589,8584,0.1184,-0.275,ES,CME,snap-20260723-es,ES-20260828-6200-P-20260723
2026-07-23,ES,2026-08-28,6250,C,76.75,78.00,77.5,2243,8803,0.1212,0.71,ES,CME,snap-20260723-es,ES-20260828-6250-C-20260723
2026-07-23,ES,2026-08-28,6250,P,516.5,524,520.25,1561,5003,0.1194,-0.29,ES,CME,snap-20260723-es,ES-20260828-6250-P-20260723
20260723,ES,08/28/2026,6300,Call,77.5,78.75,78,484,2134,0.12,0.698,ES,CME,snap-20260723-es,ES-20260828-6300-C-20260723
2026-07-23,ES,2026-08-28,6300,P,566.75,575,571,777,3311,0.1205,-0.302,ES,CME,snap-20260723-es,ES-20260828-6300-P-20260723
07/23/2026,ES,2026-09-18,5300,C,598,607.75,603,949,2194,0.1207,0.695,ES,CME,snap-20260723-es,ES-20260918-5300-C-20260723
07/23/26,ES,09/18/2026,5300,put,101,102.75,102,1218,4837,0.1269,-0.305,ES,CME,snap-20260723-es,ES-20260918-5300-P-20260723
2026-07-23,ES,2026-09-18,5350,C,547.75,556.5,552,1648,4935,0.1197,0.707,ES,CME,snap-20260723-es,ES-20260918-5350-C-20260723
07/23/26,ES,09/18/2026,5350,P,99.75,101.5,100.5,2016,5489,0.1253,-0.293,ES,CME,snap-20260723-es,ES-20260918-5350-P-20260723
07/23/26,ES,09/18/26,5400,Call,497.5,505.25,501.5,4569,"18,748",0.1187,0.721,ES,CME,snap-20260723-es,ES-20260918-5400-C-20260723
2026-07-23,ES,2026-09-18,"5,400.00",P,98.5,100,99.25,3819,15348,0.1237,-0.279,ES,CME,snap-20260723-es,ES-20260918-5400-P-20260723
07/23/2026,ES,09/18/2026,5450,C,447,454,450.5,2587,8887,0.1177,0.738,ES,CME,snap-20260723-es,ES-20260918-5450-C-20260723
2026-07-23,ES,2026-09-18,5450,put,97.25,98.75,98,4058,16606,0.12,-0.262,ES,CME,snap-20260723-es,ES-20260918-5450-P-20260723
2026-07-23,ES,09/18/26,5500,C,396.75,402.75,399.75,8095,30345,0.1167,0.757,ES,CME,snap-20260723-es,ES-20260918-5500-C-20260723
07/23/2026,ES,2026-09-18,5500,P,96,97.5,96.75,11877,44050,0.1204,-0.243,ES,CME,snap-20260723-es,ES-20260918-5500-P-20260723
07/23/2026,ES,09/18/26,5550,C,346.25,351.5,349,6980,25032,0.1157,0.779,ES,CME,snap-20260723-es,ES-20260918-5550-C-20260723
20260723,ES,2026-09-18,5550,P,94.75,96.00,95.5,10334,35911,0.1188,-0.221,ES,CME,snap-20260723-es,ES-20260918-5550-P-20260723
2026-07-23,ES,09/18/2026,5600,C,296,300.25,298,10411,35908,0.1147,0.81,ES,CME,snap-20260723-es,ES-20260918-5600-C-20260723
2026-07-23,es,2026-09-18,"5,600.00",P,93.5,94.75,94,12967,44615,0.1172,-0.195,ES,CME,snap-20260723-es,ES-20260918-5600-P-20260723
07/23/26,es,09/18/2026,5650,C,245.5,249,247.25,11320,46223,0.1136,0.837,ES,CME,snap-20260723-es,ES-20260918-5650-C-20260723
2026-07-23,ES,09/18/2026,5650,Put,92.25,93.5,93,"9,730",38798,0.1156,-0.163,ES,CME,snap-20260723-es,ES-20260918-5650-P-20260723
2026-07-23,ES,20260918,5700,C,195.25,197.75,196.5,15829,67765,0.1126,0.876,ES,CME,snap-20260723-es,ES-20260918-5700-C-20260723
07/23/2026,es,09/18/26,5700,P ,91.00,92,91.5,13433,39428,0.1139,-0.124,ES,CME,snap-20260723-es,ES-20260918-5700-P-20260723
2026-07-23,ES,09/18/26,5750,C,144.75,146.5,145.5,17285,57309,0.1116,0.926,ES,CME,snap-20260723-es,ES-20260918-5750-C-20260723
2026-07-23,ES,2026-09-18,5750,P,89.5,90.75,90,10287,34184,0.1123,-0.074,ES,CME,snap-20260723-es,ES-20260918-5750-P-20260723
07/23/2026,ES,09/18/26,5800,C,94.25,95.50,95,"11,093","30,884",0.1106,0.991,ES,CME,snap-20260723-es,ES-20260918-5800-C-20260723
20260723,ES,2026-09-18,5800,P,88.25,89.5,89.00,18378,"94,495",0.1107,-0.009,ES,CME,snap-20260723-es,ES-20260918-5800-P-20260723
2026-07-23,ES,2026-09-18,5850,C,89,90.25,89.5,15834,47267,0.1116,0.94,ES,CME,snap-20260723-es,ES-20260918-5850-C-20260723
07/23/26,ES,09/18/26,5850,P,132.50,134.25,133.5,16244,50122,0.1114,-0.06,ES,CME,snap-20260723-es,ES-20260918-5850-P-20260723
07/23/2026,ES,2026-09-18,5900,C,90,91.25,90.5,9117,28109,0.1128,0.887,ES,CME,snap-20260723-es,ES-20260918-5900-C-20260723
07/23/2026,ES,09/18/2026,5900,put,183,185.5,184.25,25667,69681,0.1124,-0.11,ES,CME,snap-20260723-es,ES-20260918-5900-P-20260723
2026-07-23,ES,20260918,5950,C,91,92.25,91.5,8766,20684,0.114,0.846,ES,CME,snap-20260723-es,ES-20260918-5950-C-20260723
2026-07-23,es,09/18/26,5950,P,233.5,236.75,235,5672,18562,0.1134,-0.154,ES,CME,snap-20260723-es,ES-20260918-5950-P-20260723
07/23/2026,ES,09/18/26,6000,Call,91.75,93.25,92.5,8771,38838,0.1152,0.812,ES,CME,snap-20260723-es,ES-20260918-6000-C-20260723
07/23/2026,ES,2026-09-18,6000,P,283.75,288,286,17752,65435,0.1144,-0.188,ES,CME,snap-20260723-es,ES-20260918-6000-P-20260723
2026-07-23,ES,2026-09-18,6050,Call,92.75,94.25,93.5,9162,38734,0.1164,0.785,ES,CME,snap-20260723-es,ES-20260918-6050-C-20260723
2026-07-23,ES,20260918,6050,P,334.25,339.00,336.5,6530,33352,0.1154,-0.215,ES,CME,snap-20260723-es,ES-20260918-6050-P-20260723
07/23/2026,ES,09/18/2026,6100,C,93.75,95.25,94.5,9861,41935,0.1176,0.76,ES,CME,snap-20260723-es,ES-20260918-6100-C-20260723
2026-07-23,ES,2026-09-18,6100,P,384.75,390.25,387.5,12024,56611,0.1164,-0.238,ES,CME,snap-20260723-es,ES-20260918-6100-P-20260723
2026-07-23,ES,2026-09-18,"6,150.00",C,94.75,96.25,95.5,5524,13291,0.1188,0.742,ES,CME,snap-20260723-es,ES-20260918-6150-C-20260723
2026-07-23,es,2026-09-18,6150,P,435,441.5,438.25,5379,22228,0.12,-0.258,ES,CME,snap-20260723-es,ES-20260918-6150-P-20260723
2026-07-23,ES,2026-09-18,6200,C,95.75,97.25,96.5,4421,11366,0.12,0.725,ES,CME,snap-20260723-es,ES-20260918-6200-C-20260723
20260723,ES,09/18/2026,6200,put,485.25,493,489,2238,9593,0.1184,-0.275,ES,CME,snap-20260723-es,ES-20260918-6200-P-20260723
2026-07-23,ES,20260918,6250,C,96.5,98.25,97.5,2318,8637,0.1212,0.71,ES,CME,snap-20260723-es,ES-20260918-6250-C-20260723
2026-07-23,ES,2026-09-18,"6,250.00",P,535.75,544.25,540,2279,8209,0.12,-0.29,ES,CME,snap-20260723-es,ES-20260918-6250-P-20260723
2026-07-23,ES,2026-09-18,6300,Call,97.5,99,98.25,923,2278,0.1224,0.698,ES,CME,snap-20260723-es,ES-20260918-6300-C-20260723
2026-07-23,ES,2026-09-18,6300,P,586,595.5,590.75,1095,4600,0.1205,-0.302,ES,CME,snap-20260723-es,ES-20260918-6300-P-20260723
2026-07-23,ES,2026-10-16,5300,C,618.5,630.25,624.5,558,1415,0.1207,0.695,ES,CME,snap-20260723-es,ES-20261016-5300-C-20260723
2026-07-23,ES,10/16/2026,5300,P,123.25,125.75,124.5,1108,4199,0.1269,-0.305,ES,CME,snap-20260723-es,ES-20261016-5300-P-20260723
2026-07-23,ES,2026-10-16,5350,C,568.25,578.5,573.5,502,"1,457",0.1197,0.707,ES,CME,snap-20260723-es,ES-20261016-5350-C-20260723
20260723,ES,10/16/26,5350,P,121.75,124,123,1255,6108,0.1253,-0.293,ES,CME,snap-20260723-es,ES-20261016-5350-P-20260723
07/23/2026,es,2026-10-16,5400,C,517.75,527,522.5,2248,10781,0.1187,0.721,ES,CME,snap-20260723-es,ES-20261016-5400-C-20260723
07/23/26,ES,2026-10-16,"5,400.00",P,120.25,122.25,121.25,3968,21898,0.1237,-0.279,ES,CME,snap-20260723-es,ES-20261016-5400-P-20260723
07/23/2026,ES,10/16/2026,5450,C,467.25,475.5,471.5,"2,762",6961,0.1177,0.738,ES,CME,snap-20260723-es,ES-20261016-5450-C-20260723
20260723,ES,10/16/2026,5450,P,118.75,120.75,119.75,3724,16982,0.1221,-0.262,ES,CME,snap-20260723-es,ES-20261016-5450-P-20260723
07/23/2026,ES,2026-10-16,5500,C,416.75,424.00,420.5,4109,11885,0.1167,0.757,ES,CME,snap-20260723-es,ES-20261016-5500-C-20260723
07/23/26,es,2026-10-16,5500,P ,117,119,118,4500,19214,0.1204,-0.243,ES,CME,snap-20260723-es,ES-20261016-5500-P-20260723
07/23/2026,ES,20261016,5550,C,366.25,372.5,369.5,"2,806",8754,0.1157,0.779,ES,CME,snap-20260723-es,ES-20261016-5550-C-20260723
20260723,ES,20261016,5550,P,115.5,117.5,116.5,4568,"22,867",0.1188,-0.221,ES,CME,snap-20260723-es,ES-20261016-5550-P-20260723
07/23/26,ES,2026-10-16,5600,C,315.75,321,318.5,12199,"28,309",0.1147,0.805,ES,CME,snap-20260723-es,ES-20261016-5600-C-20260723
20260723,ES,2026-10-16,5600,P,114,115.75,115,8640,44005,0.1172,-0.195,ES,CME,snap-20260723-es,ES-20261016-5600-P-20260723
2026-07-23,ES,10/16/26,5650,C,265.25,269.5,267.5,"8,530",21734,0.1136,0.837,ES,CME,snap-20260723-es,ES-20261016-5650-C-20260723
07/23/2026,ES,10/16/2026,5650,P,112.5,114.25,113.50,4991,19488,0.1156,-0.163,ES,CME,snap-20260723-es,ES-20261016-5650-P-20260723
2026-07-23,ES,20261016,5700,C,214.75,218.25,216.5,12443,38269,0.1126,0.876,ES,CME,snap-20260723-es,ES-20261016-5700-C-20260723
2026-07-23,ES,10/16/2026,5700,P,110.75,112.5,111.5,20062,53266,0.1139,-0.124,ES,CME,snap-20260723-es,ES-20261016-5700-P-20260723
07/23/2026,es,2026-10-16,5750,C,164.25,166.75,165.5,11674,50190,0.1116,0.926,ES,CME,snap-20260723-es,ES-20261016-5750-C-20260723
2026-07-23,es,2026-10-16,5750,P,109.25,111,110,10077,38032,0.1123,-0.074,ES,CME,snap-20260723-es,ES-20261016-5750-P-20260723
2026-07-23,ES,2026-10-16,5800,C,113.5,115.25,114.5,11130,"33,780",0.1106,0.991,ES,CME,snap-20260723-es,ES-20261016-5800-C-20260723
2026-07-23,ES,2026-10-16,5800,P,107.75,109.25,108.5,18623,79164,0.1107,-0.009,ES,CME,snap-20260723-es,ES-20261016-5800-P-20260723
2026-07-23,ES,10/16/2026,5850,C,108.5,110.25,109.5,8402,29616,0.1116,0.94,ES,CME,snap-20260723-es,ES-20261016-5850-C-20260723
20260723,ES,2026-10-16,"5,850.00",P,152,154.5,153.25,11298,41034,0.11,-0.06,ES,CME,snap-20260723-es,ES-20261016-5850-P-20260723
2026-07-23,ES,10/16/2026,5900,C,109.75,111.50,110.5,11691,43762,0.1128,0.887,ES,CME,snap-20260723-es,ES-20261016-5900-C-20260723
2026-07-23,ES,2026-10-16,5900,P,202.5,205.75,204,21571,"97,995",0.1124,-0.113,ES,CME,snap-20260723-es,ES-20261016-5900-P-20260723
2026-07-23,ES,2026-10-16,5950,Call,111,112.75,112,9383,30161,0.114,0.846,ES,CME,snap-20260723-es,ES-20261016-5950-C-20260723
07/23/2026,ES,2026-10-16,5950,P,253.25,257.25,255.25,12171,42569,0.1134,-0.15,ES,CME,snap-20260723-es,ES-20261016-5950-P-20260723
2026-07-23,ES,2026-10-16,6000,C,112,114,113,7425,"30,944",0.1152,0.812,ES,CME,snap-20260723-es,ES-20261016-6000-C-20260723
07/23/2026,ES,10/16/26,6000,P,303.75,308.75,306.25,13799,48607,0.1144,-0.188,ES,CME,snap-20260723-es,ES-20261016-6000-P-20260723
07/23/26,ES,2026-10-16,"6,050.00",C,113.25,115,114,8344,"32,682",0.1164,0.785,ES,CME,snap-20260723-es,ES-20261016-6050-C-20260723
20260723,ES,2026-10-16,"6,050.00",P,354.25,360.25,357.25,4735,16408,0.1154,-0.215,ES,CME,snap-20260723-es,ES-20261016-6050-P-20260723
2026-07-23,ES,2026-10-16,6100,C,114.25,116.25,115.25,3135,12029,0.1176,0.762,ES,CME,snap-20260723-es,ES-20261016-6100-C-20260723
07/23/26,ES,2026-10-16,6100,P,404.75,411.75,408.25,5528,14420,0.1164,-0.24,ES,CME,snap-20260723-es,ES-20261016-6100-P-20260723
07/23/2026,ES,2026-10-16,6150,C,115.5,117.5,116.5,3532,16616,0.1188,0.742,ES,CME,snap-20260723-es,ES-20261016-6150-C-20260723
2026-07-23,ES,2026-10-16,6150,P,455.25,463.25,459.25,4771,"22,319",0.12,-0.258,ES,CME,snap-20260723-es,ES-20261016-6150-P-20260723
2026-07-23,ES,2026-10-16,6200,C,116.75,118.75,117.75,4808,18095,0.12,0.725,ES,CME,snap-20260723-es,ES-20261016-6200-C-20260723
2026-07-23,ES,2026-10-16,6200,P,505.5,514.75,510,4869,"25,976",0.1184,-0.275,ES,CME,snap-20260723-es,ES-20261016-6200-P-20260723
07/23/26,ES,2026-10-16,6250,C,117.75,120,119,846,3171,0.1212,0.71,ES,CME,snap-20260723-es,ES-20261016-6250-C-20260723
2026-07-23,ES,2026-10-16,6250,P,556,566.25,561,673,"3,351",0.12,-0.29,ES,CME,snap-20260723-es,ES-20261016-6250-P-20260723
2026-07-23,ES,2026-10-16,6300,C,119,121.25,120,565,2030,0.1224,0.698,ES,CME,snap-20260723-es,ES-20261016-6300-C-20260723
2026-07-23,ES,20261016,6300,P,606.5,617.75,612,993,5258,0.1205,-0.302,ES,CME,snap-20260723-es,ES-20261016-6300-P-20260723
07/23/2026,ES,2026-12-18,5300,C,654.25,670,662,287,671,0.1207,0.695,ES,CME,snap-20260723-es,ES-20261218-5300-C-20260723
2026-07-23,ES,12/18/2026,"5,300.00",P,162.25,166.25,164.25,276,1104,0.1269,-0.305,ES,CME,snap-20260723-es,ES-20261218-5300-P-20260723
07/23/2026,ES,2026-12-18,5350,C,603.75,618,611,317,1396,0.12,0.707,ES,CME,snap-20260723-es,ES-20261218-5350-C-20260723
20260723,ES,12/18/2026,5350,P,160.25,164,162,624,2304,0.1253,-0.293,ES,CME,snap-20260723-es,ES-20261218-5350-P-20260723
2026-07-23,ES,12/18/2026,"5,400.00",C,553,566,559.5,1902,5051,0.1187,0.721,ES,CME,snap-20260723-es,ES-20261218-5400-C-20260723
2026-07-23,ES,2026-12-18,5400,P,158.25,162,160,1677,5258,0.12,-0.279,ES,CME,snap-20260723-es,ES-20261218-5400-P-20260723
20260723,ES,2026-12-18,5450,C,502.5,514.00,508.25,1743,6951,0.1177,0.738,ES,CME,snap-20260723-es,ES-20261218-5450-C-20260723
07/23/2026,ES,12/18/26,5450,P,156.25,159.75,158,844,4292,0.1221,-0.262,ES,CME,snap-20260723-es,ES-20261218-5450-P-20260723
2026-07-23,ES,12/18/2026,5500,C,451.75,462,457,"2,342",6428,0.1167,0.757,ES,CME,snap-20260723-es,ES-20261218-5500-C-20260723
20260723,ES,2026-12-18,"5,500.00",P,154,157.5,155.75,4113,16937,0.1204,-0.243,ES,CME,snap-20260723-es,ES-20261218-5500-P-20260723
2026-07-23,ES,12/18/2026,5550,Call,401.25,410.25,405.75,1553,"7,207",0.12,0.779,ES,CME,snap-20260723-es,ES-20261218-5550-C-20260723
2026-07-23,ES,2026-12-18,5550,P ,152,155.5,153.75,1469,7376,0.1188,-0.221,ES,CME,snap-20260723-es,ES-20261218-5550-P-20260723
2026-07-23,ES,12/18/26,5600,C,350.5,358.25,354.5,"3,365",9799,0.1147,0.805,ES,CME,snap-20260723-es,ES-20261218-5600-C-20260723
2026-07-23,ES,2026-12-18,5600,P,150,153.25,151.5,3890,16014,0.1172,-0.195,ES,CME,snap-20260723-es,ES-20261218-5600-P-20260723
20260723,ES,2026-12-18,5650,C,299.75,306.25,303,2219,9314,0.1136,0.837,ES,CME,snap-20260723-es,ES-20261218-5650-C-20260723
07/23/2026,ES,2026-12-18,5650,P,148,151.25,149.5,3217,17240,0.12,-0.163,ES,CME,snap-20260723-es,ES-20261218-5650-P-20260723
07/23/2026,ES,2026-12-18,5700,Call,249,254.5,251.75,5520,23741,0.11,0.876,ES,CME,snap-20260723-es,ES-20261218-5700-C-20260723
07/23/2026,es,2026-12-18,5700,P,146,149,147.5,6338,27245,0.11,-0.124,ES,CME,snap-20260723-es,ES-20261218-5700-P-20260723
2026-07-23,ES,2026-12-18,5750,C,198.25,202.5,200.5,4931,19581,0.1116,0.926,ES,CME,snap-20260723-es,ES-20261218-5750-C-20260723
07/23/26,ES,12/18/2026,5750,P,143.75,146.75,145.25,3339,10457,0.1123,-0.074,ES,CME,snap-20260723-es,ES-20261218-5750-P-20260723
07/23/2026,ES,2026-12-18,5800,C,147.5,150.75,149,9972,32282,0.1106,0.991,ES,CME,snap-20260723-es,ES-20261218-5800-C-20260723
07/23/2026,ES,2026-12-18,5800,P,141.75,144.75,143.25,8097,"28,241",0.1107,-0.009,ES,CME,snap-20260723-es,ES-20261218-5800-P-20260723
2026-07-23,ES,12/18/2026,5850,C,142.75,145.75,144.25,5932,17480,0.1116,0.94,ES,CME,snap-20260723-es,ES-20261218-5850-C-20260723
2026-07-23,ES,2026-12-18,5850,P,186.25,190.00,188,2700,10241,0.1114,-0.06,ES,CME,snap-20260723-es,ES-20261218-5850-P-20260723
2026-07-23,ES,2026-12-18,"5,900.00",C,144.5,147.5,146,3828,9569,0.1128,0.887,ES,CME,snap-20260723-es,ES-20261218-5900-C-20260723
2026-07-23,ES,2026-12-18,"5,900.00",P,237,242,239.5,9228,44975,0.1124,-0.113,ES,CME,snap-20260723-es,ES-20261218-5900-P-20260723
07/23/2026,es,12/18/26,5950,C,146,149,147.5,3228,10195,0.114,0.846,ES,CME,snap-20260723-es,ES-20261218-5950-C-20260723
2026-07-23,ES,12/18/2026,5950,P,287.75,293.75,290.75,2170,8777,0.1134,-0.154,ES,CME,snap-20260723-es,ES-20261218-5950-P-20260723
2026-07-23,ES,2026-12-18,6000,C,147.5,150.75,149,3305,11103,0.12,0.812,ES,CME,snap-20260723-es,ES-20261218-6000-C-20260723
2026-07-23,ES,12/18/26,6000,P,338.25,345.75,342,2220,10215,0.1144,-0.19,ES,CME,snap-20260723-es,ES-20261218-6000-P-20260723
2026-07-23,ES,2026-12-18,"6,050.00",C,149,152.25,150.5,3060,"13,839",0.1164,0.785,ES,CME,snap-20260723-es,ES-20261218-6050-C-20260723
07/23/26,ES,20261218,6050,P,389,397.75,393.5,2182,5750,0.1154,-0.215,ES,CME,snap-20260723-es,ES-20261218-6050-P-20260723
2026-07-23,ES,2026-12-18,6100,Call,150.5,154.00,152.25,2033,5945,0.1176,0.762,ES,CME,snap-20260723-es,ES-20261218-6100-C-20260723
2026-07-23,ES,2026-12-18,6100,P,439.75,449.5,444.5,3134,11284,0.1164,-0.238,ES,CME,snap-20260723-es,ES-20261218-6100-P-20260723
2026-07-23,ES,2026-12-18,6150,C,152.00,155.5,153.75,2208,5837,0.1188,0.742,ES,CME,snap-20260723-es,ES-20261218-6150-C-20260723
2026-07-23,ES,12/18/26,6150,P,490.25,501.5,496,1088,"3,929",0.12,-0.258,ES,CME,snap-20260723-es,ES-20261218-6150-P-20260723
07/23/26,ES,2026-12-18,6200,C,153.50,157,155.25,913,3520,0.12,0.725,ES,CME,snap-20260723-es,ES-20261218-6200-C-20260723
2026-07-23,ES,2026-12-18,"6,200.00",P,541,553.5,547.25,"1,450",4453,0.1184,-0.275,ES,CME,snap-20260723-es,ES-20261218-6200-P-20260723
2026-07-23,ES,2026-12-18,6250,Call,155,158.75,157,693,3314,0.1212,0.71,ES,CME,snap-20260723-es,ES-20261218-6250-C-20260723
07/23/2026,es,20261218,6250,P,591.50,605.5,598.5,588,"2,861",0.1194,-0.29,ES,CME,snap-20260723-es,ES-20261218-6250-P-20260723
2026-07-23,ES,2026-12-18,6300,Call,156.5,160.25,158.5,279,"1,032",0.1224,0.698,ES,CME,snap-20260723-es,ES-20261218-6300-C-20260723
07/23/2026,ES,2026-12-18,"6,300.00",P,642.25,657.5,650,479,2162,0.1205,-0.302,ES,CME,snap-20260723-es,ES-20261218-6300-P-20260723
07/24/2026,ES,2026-08-21,5300,C,564.75,572.5,568.5,964,3163,0.12,0.70,ES,CME,snap-20260724-es,ES-20260821-5300-C-20260724
2026-07-24,ES,2026-08-21,5300,P,70.75,71.75,71.25,1561,7243,0.1268,-0.304,ES,CME,snap-20260724-es,ES-20260821-5300-P-20260724
07/24/26,ES,2026-08-21,5350,C,514.5,521.5,518,1621,7109,0.1196,0.708,ES,CME,snap-20260724-es,ES-20260821-5350-C-20260724
2026-07-24,ES,20260821,5350,P,70,70.75,70.5,1657,6068,0.1251,-0.292,ES,CME,snap-20260724-es,ES-20260821-5350-P-20260724
2026-07-24,ES,08/21/26,5400,C,464.25,470.5,467.5,6510,17918,0.1186,0.723,ES,CME,snap-20260724-es,ES-20260821-5400-C-20260724
2026-07-24,ES,2026-08-21,"5,400.00",P,69,70,69.5,2905,7491,0.12,-0.277,ES,CME,snap-20260724-es,ES-20260821-5400-P-20260724
2026-07-24,ES,2026-08-21,5450,C,414.25,419.50,417,4148,16309,0.1176,0.739,ES,CME,snap-20260724-es,ES-20260821-5450-C-20260724
07/24/2026,ES,08/21/26,5450,P,68,69,68.5,2908,"15,198",0.1219,-0.261,ES,CME,snap-20260724-es,ES-20260821-5450-P-20260724
07/24/2026,ES,08/21/2026,"5,500.00",C,364,368.5,366.25,13839,35816,0.1166,0.759,ES,CME,snap-20260724-es,ES-20260821-5500-C-20260724
20260724,ES,2026-08-21,5500,P,67.25,68,67.5,11611,61078,0.12,-0.241,ES,CME,snap-20260724-es,ES-20260821-5500-P-20260724
2026-07-24,ES,08/21/2026,5550,C,313.75,317.75,315.75,8325,18321,0.1156,0.781,ES,CME,snap-20260724-es,ES-20260821-5550-C-20260724
2026-07-24,es,20260821,5550,P ,66.25,67,66.5,5249,19846,0.1186,-0.219,ES,CME,snap-20260724-es,ES-20260821-5550-P-20260724
2026-07-24,es,2026-08-21,5600,C,263.5,266.75,265,12108,43796,0.1145,0.808,ES,CME,snap-20260724-es,ES-20260821-5600-C-20260724
2026-07-24,ES,08/21/2026,5600,P,65.5,66.25,66,20240,109924,0.117,-0.192,ES,CME,snap-20260724-es,ES-20260821-5600-P-20260724
2026-07-24,ES,2026-08-21,5650,C,213.5,215.75,214.5,8589,25058,0.1135,0.841,ES,CME,snap-20260724-es,ES-20260821-5650-C-20260724
07/24/26,es,2026-08-21,5650,P,64.5,65.25,65,12840,40926,0.1154,-0.159,ES,CME,snap-20260724-es,ES-20260821-5650-P-20260724
07/24/2026,ES,2026-08-21,5700,C,163,165,164,25998,80863,0.1125,0.881,ES,CME,snap-20260724-es,ES-20260821-5700-C-20260724
07/24/26,ES,2026-08-21,5700,P,63.5,64.25,64,"27,751",77530,0.11,-0.119,ES,CME,snap-20260724-es,ES-20260821-5700-P-20260724
07/24/26,ES,2026-08-21,5750,C,112.75,114,113.5,23083,91163,0.1115,0.932,ES,CME,snap-20260724-es,ES-20260821-5750-C-20260724
2026-07-24,es,2026-08-21,5750,P,62.75,63.5,63,18866,66573,0.1121,-0.068,ES,CME,snap-20260724-es,ES-20260821-5750-P-20260724
07/24/26,ES,2026-08-21,5800,C,62.5,63.25,63,15211,"66,156",0.11,0.999,ES,CME,snap-20260724-es,ES-20260821-5800-C-20260724
2026-07-24,ES,2026-08-21,5800,put,61.75,62.5,62,20773,81424,0.1105,-0.001,ES,CME,snap-20260724-es,ES-20260821-5800-P-20260724
2026-07-24,ES,08/21/2026,5850,C,62.5,63.25,63,"20,164",65642,0.1117,0.934,ES,CME,snap-20260724-es,ES-20260821-5850-C-20260724
2026-07-24,ES,08/21/2026,5850,P,111.25,112.5,112,12496,35711,0.1115,-0.07,ES,CME,snap-20260724-es,ES-20260821-5850-P-20260724
2026-07-24,ES,2026-08-21,5900,C,63.25,63.75,63.5,11233,43279,0.1129,0.882,ES,CME,snap-20260724-es,ES-20260821-5900-C-20260724
07/24/26,ES,2026-08-21,5900,P,161.5,163.5,162.5,17031,89398,0.1125,-0.118,ES,CME,snap-20260724-es,ES-20260821-5900-P-20260724
07/24/2026,ES,2026-08-21,5950,C,63.75,64.5,64,9533,37808,0.11,0.842,ES,CME,snap-20260724-es,ES-20260821-5950-C-20260724
2026-07-24,ES,2026-08-21,5950,P ,211.75,214.25,213,16236,79225,0.1135,-0.158,ES,CME,snap-20260724-es,ES-20260821-5950-P-20260724
07/24/26,ES,20260821,6000,C,64.5,65.25,65,10532,32096,0.1153,0.809,ES,CME,snap-20260724-es,ES-20260821-6000-C-20260724
20260724,ES,2026-08-21,6000,P,262,265.25,263.5,20881,"110,875",0.1145,-0.191,ES,CME,snap-20260724-es,ES-20260821-6000-P-20260724
20260724,ES,08/21/2026,6050,Call,65.25,66,65.5,10075,26436,0.1165,0.782,ES,CME,snap-20260724-es,ES-20260821-6050-C-20260724
2026-07-24,ES,20260821,6050,P,312.25,316,314,11309,61969,0.1155,-0.218,ES,CME,snap-20260724-es,ES-20260821-6050-P-20260724
20260724,ES,08/21/2026,6100,C,65.75,66.5,66,6684,28006,0.1177,0.759,ES,CME,snap-20260724-es,ES-20260821-6100-C-20260724
2026-07-24,ES,2026-08-21,6100,P,362.5,367,364.75,6923,30570,0.1165,-0.241,ES,CME,snap-20260724-es,ES-20260821-6100-P-20260724
07/24/2026,ES,20260821,6150,Call,66.5,67.25,67,6714,28675,0.12,0.74,ES,CME,snap-20260724-es,ES-20260821-6150-C-20260724
2026-07-24,ES,20260821,6150,P,412.75,418,415.5,3613,9693,0.1175,-0.26,ES,CME,snap-20260724-es,ES-20260821-6150-P-20260724
07/24/2026,ES,20260821,6200,C,67.25,68,67.5,6338,"16,024",0.1202,0.723,ES,CME,snap-20260724-es,ES-20260821-6200-C-20260724
2026-07-24,ES,2026-08-21,6200,P,462.75,469,466,7657,"31,197",0.1186,-0.277,ES,CME,snap-20260724-es,ES-20260821-6200-P-20260724
2026-07-24,ES,2026-08-21,6250,C,67.75,68.75,68.25,"1,764",5403,0.1214,0.71,ES,CME,snap-20260724-es,ES-20260821-6250-C-20260724
2026-07-24,es,2026-08-21,6250,P,513,520,516.5,1993,9785,0.1196,-0.291,ES,CME,snap-20260724-es,ES-20260821-6250-P-20260724
07/24/2026,ES,20260821,6300,C,68.5,69.50,69,1082,2520,0.1226,0.696,ES,CME,snap-20260724-es,ES-20260821-6300-C-20260724
20260724,ES,20260821,6300,P,563.25,571,567,1492,6567,0.1206,-0.304,ES,CME,snap-20260724-es,ES-20260821-6300-P-20260724
2026-07-24,es,2026-08-28,5300,C,572.5,580.75,576.5,1404,6353,0.1206,0.696,ES,CME,snap-20260724-es,ES-20260828-5300-C-20260724
07/24/2026,es,20260828,5300,P,79.25,80.25,79.75,1370,3690,0.1268,-0.304,ES,CME,snap-20260724-es,ES-20260828-5300-P-20260724
2026-07-24,ES,08/28/2026,"5,350.00",C,522.25,529.50,526,1653,3901,0.1196,0.71,ES,CME,snap-20260724-es,ES-20260828-5350-C-20260724
2026-07-24,es,2026-08-28,5350,P,78.25,79.25,78.75,997,3398,0.1251,-0.292,ES,CME,snap-20260724-es,ES-20260828-5350-P-20260724
2026-07-24,ES,2026-08-28,5400,C,472.00,478.5,475.25,3666,14447,0.1186,0.723,ES,CME,snap-20260724-es,ES-20260828-5400-C-20260724
07/24/2026,ES,2026-08-28,5400,P,77.25,78.25,77.75,4204,19380,0.12,-0.277,ES,CME,snap-20260724-es,ES-20260828-5400-P-20260724
2026-07-24,ES,2026-08-28,5450,C,421.75,427.5,424.5,7454,21600,0.1176,0.739,ES,CME,snap-20260724-es,ES-20260828-5450-C-20260724
2026-07-24,ES,08/28/2026,5450,P,76.25,77.25,76.75,6251,26924,0.1219,-0.261,ES,CME,snap-20260724-es,ES-20260828-5450-P-20260724
2026-07-24,ES,2026-08-28,5500,C,371.5,376.5,374,9770,39770,0.1166,0.76,ES,CME,snap-20260724-es,ES-20260828-5500-C-20260724
07/24/26,ES,2026-08-28,5500,Put,75,76.00,75.50,14459,60625,0.1203,-0.241,ES,CME,snap-20260724-es,ES-20260828-5500-P-20260724
2026-07-24,ES,2026-08-28,5550,Call,321.25,325.5,323.5,5789,20683,0.1156,0.781,ES,CME,snap-20260724-es,ES-20260828-5550-C-20260724
07/24/2026,ES,20260828,"5,550.00",P,74,75.00,74.5,8935,24993,0.1186,-0.219,ES,CME,snap-20260724-es,ES-20260828-5550-P-20260724
2026-07-24,ES,2026-08-28,5600,C,271,274.5,272.75,15362,39098,0.1145,0.808,ES,CME,snap-20260724-es,ES-20260828-5600-C-20260724
2026-07-24,ES,2026-08-28,5600,Put,73,74,73.5,13740,65358,0.12,-0.192,ES,CME,snap-20260724-es,ES-20260828-5600-P-20260724
2026-07-24,ES,2026-08-28,5650,Call,220.75,223.5,222,9806,35246,0.1135,0.841,ES,CME,snap-20260724-es,ES-20260828-5650-C-20260724
20260724,ES,20260828,5650,Put,72,73,72.5,12305,34384,0.1154,-0.159,ES,CME,snap-20260724-es,ES-20260828-5650-P-20260724
2026-07-24,es,2026-08-28,5700,C,170.5,172.5,171.5,21065,80615,0.1125,0.881,ES,CME,snap-20260724-es,ES-20260828-5700-C-20260724
2026-07-24,ES,20260828,5700,P,71,72,71.50,11160,45746,0.1138,-0.119,ES,CME,snap-20260724-es,ES-20260828-5700-P-20260724
2026-07-24,ES,2026-08-28,5750,C,120.25,121.5,121,17040,67788,0.1115,0.932,ES,CME,snap-20260724-es,ES-20260828-5750-C-20260724
20260724,ES,08/28/2026,5750,P,70,71,70.5,14632,76373,0.1121,-0.068,ES,CME,snap-20260724-es,ES-20260828-5750-P-20260724
2026-07-24,ES,08/28/2026,5800,C,69.75,70.5,70,30519,144172,0.1105,0.999,ES,CME,snap-20260724-es,ES-20260828-5800-C-20260724
2026-07-24,ES,08/28/2026,5800,P,69,69.75,69.5,22363,78282,0.1105,-0.001,ES,CME,snap-20260724-es,ES-20260828-5800-P-20260724
20260724,ES,2026-08-28,"5,850.00",Call,69.75,70.5,70,22655,53982,0.1117,0.934,ES,CME,snap-20260724-es,ES-20260828-5850-C-20260724
2026-07-24,ES,20260828,5850,put,118.75,120,119.5,12365,44225,0.1115,-0.066,ES,CME,snap-20260724-es,ES-20260828-5850-P-20260724
20260724,ES,2026-08-28,5900,C,70.5,71.50,71,22153,71003,0.1129,0.882,ES,CME,snap-20260724-es,ES-20260828-5900-C-20260724
2026-07-24,ES,2026-08-28,5900,P,169,171,170,"18,537",95320,0.1125,-0.118,ES,CME,snap-20260724-es,ES-20260828-5900-P-20260724
2026-07-24,ES,2026-08-28,"5,950.00",C,71.25,72.25,71.75,6117,27456,0.1141,0.842,ES,CME,snap-20260724-es,ES-20260828-5950-C-20260724
2026-07-24,ES,2026-08-28,5950,P,219.25,222,220.5,11978,65875,0.11,-0.158,ES,CME,snap-20260724-es,ES-20260828-5950-P-20260724
2026-07-24,ES,2026-08-28,6000,Call,72,73,72.5,10924,"31,730",0.1153,0.809,ES,CME,snap-20260724-es,ES-20260828-6000-C-20260724
2026-07-24,ES,2026-08-28,6000,P,269.5,273,271.25,"8,568","24,817",0.1145,-0.191,ES,CME,snap-20260724-es,ES-20260828-6000-P-20260724
2026-07-24,ES,2026-08-28,6050,C,72.75,73.75,73.25,12161,41381,0.1165,0.782,ES,CME,snap-20260724-es,ES-20260828-6050-C-20260724
07/24/26,ES,08/28/2026,6050,P,319.75,324,322,8144,24101,0.1155,-0.218,ES,CME,snap-20260724-es,ES-20260828-6050-P-20260724
2026-07-24,ES,2026-08-28,6100,C,73.50,74.5,74,10761,28298,0.1177,0.759,ES,CME,snap-20260724-es,ES-20260828-6100-C-20260724
07/24/2026,ES,2026-08-28,6100,P,370,375,372.5,"5,679","24,766",0.12,-0.241,ES,CME,snap-20260724-es,ES-20260828-6100-P-20260724
20260724,ES,08/28/2026,6150,C,74.25,75.25,74.75,2626,7328,0.119,0.74,ES,CME,snap-20260724-es,ES-20260828-6150-C-20260724
2026-07-24,ES,2026-08-28,6150,P,420.25,426,423,6145,17008,0.1175,-0.26,ES,CME,snap-20260724-es,ES-20260828-6150-P-20260724
20260724,ES,08/28/2026,6200,C,75,76,75.5,5810,22599,0.1202,0.723,ES,CME,snap-20260724-es,ES-20260828-6200-C-20260724
20260724,ES,2026-08-28,6200,P ,470.5,477,473.75,"7,137",31787,0.1186,-0.277,ES,CME,snap-20260724-es,ES-20260828-6200-P-20260724
2026-07-24,ES,2026-08-28,6250,C,75.75,76.75,76.25,2418,11234,0.1214,0.709,ES,CME,snap-20260724-es,ES-20260828-6250-C-20260724
2026-07-24,ES,20260828,6250,P,520.75,528,524.5,1813,9997,0.1196,-0.291,ES,CME,snap-20260724-es,ES-20260828-6250-P-20260724
07/24/2026,ES,2026-08-28,6300,C,76.5,77.5,77,450,1490,0.1226,0.696,ES,CME,snap-20260724-es,ES-20260828-6300-C-20260724
2026-07-24,ES,08/28/2026,6300,P,571,579.25,575,1059,5030,0.1206,-0.304,ES,CME,snap-20260724-es,ES-20260828-6300-P-20260724
20260724,ES,09/18/2026,5300,C,591.75,601.5,596.5,425,1467,0.1206,0.696,ES,CME,snap-20260724-es,ES-20260918-5300-C-20260724
07/24/26,ES,09/18/2026,5300,P,100,101.75,101,449,1159,0.1268,-0.304,ES,CME,snap-20260724-es,ES-20260918-5300-P-20260724
2026-07-24,ES,2026-09-18,5350,C,541.50,550.25,546,2063,7324,0.1196,0.708,ES,CME,snap-20260724-es,ES-20260918-5350-C-20260724
2026-07-24,ES,2026-09-18,5350,P,98.75,100.25,99.5,1447,6068,0.1251,-0.292,ES,CME,snap-20260724-es,ES-20260918-5350-P-20260724
20260724,es,2026-09-18,"5,400.00",C,491.25,498.75,495,4699,19874,0.1186,0.723,ES,CME,snap-20260724-es,ES-20260918-5400-C-20260724
2026-07-24,ES,20260918,5400,P,97.5,99,98.25,4483,12556,0.1235,-0.277,ES,CME,snap-20260724-es,ES-20260918-5400-P-20260724
2026-07-24,ES,2026-09-18,5450,Call,441,447.5,444.25,5066,20634,0.1176,0.739,ES,CME,snap-20260724-es,ES-20260918-5450-C-20260724
07/24/2026,es,09/18/2026,"5,450.00",P,96.25,97.75,97,6837,21182,0.1219,-0.261,ES,CME,snap-20260724-es,ES-20260918-5450-P-20260724
07/24/2026,ES,09/18/2026,5500,C,390.5,396.25,393.5,6817,24203,0.1166,0.759,ES,CME,snap-20260724-es,ES-20260918-5500-C-20260724
07/24/26,ES,2026-09-18,5500,P,95,96.25,95.5,6032,26812,0.1203,-0.24,ES,CME,snap-20260724-es,ES-20260918-5500-P-20260724
2026-07-24,ES,09/18/26,5550,C,340.25,345,342.5,"5,573",18562,0.1156,0.781,ES,CME,snap-20260724-es,ES-20260918-5550-C-20260724
2026-07-24,ES,09/18/2026,"5,550.00",P,93.75,95,94.5,7211,38780,0.1186,-0.22,ES,CME,snap-20260724-es,ES-20260918-5550-P-20260724
2026-07-24,ES,2026-09-18,5600,C,289.75,294,292.00,17413,69994,0.1145,0.808,ES,CME,snap-20260724-es,ES-20260918-5600-C-20260724
2026-07-24,ES,20260918,5600,P,92.5,93.75,93,15752,71508,0.117,-0.192,ES,CME,snap-20260724-es,ES-20260918-5600-P-20260724
2026-07-24,ES,2026-09-18,5650,C,239.5,242.75,241,9262,25772,0.1135,0.841,ES,CME,snap-20260724-es,ES-20260918-5650-C-20260724
2026-07-24,ES,20260918,5650,P,91.25,92.5,92,7803,23689,0.1154,-0.16,ES,CME,snap-20260724-es,ES-20260918-5650-P-20260724
2026-07-24,ES,2026-09-18,5700,Call,189,191.5,190.25,9556,39649,0.1125,0.881,ES,CME,snap-20260724-es,ES-20260918-5700-C-20260724
20260724,ES,2026-09-18,"5,700.00",P,89.75,91,90.5,21583,61579,0.1138,-0.119,ES,CME,snap-20260724-es,ES-20260918-5700-P-20260724
07/24/2026,ES,20260918,5750,C,138.5,140.25,139.5,13533,56661,0.1115,0.932,ES,CME,snap-20260724-es,ES-20260918-5750-C-20260724
2026-07-24,ES,2026-09-18,5750,P,88.5,89.75,89,22135,87274,0.1121,-0.068,ES,CME,snap-20260724-es,ES-20260918-5750-P-20260724
2026-07-24,ES,2026-09-18,5800,Call,88,89.25,88.5,22635,85112,0.1105,0.999,ES,CME,snap-20260724-es,ES-20260918-5800-C-20260724
07/24/26,ES,2026-09-18,5800,P,87.25,88.5,88,26112,101336,0.1105,-0.001,ES,CME,snap-20260724-es,ES-20260918-5800-P-20260724
2026-07-24,ES,2026-09-18,5850,Call,88.25,89.5,89,16531,75931,0.1117,0.93,ES,CME,snap-20260724-es,ES-20260918-5850-C-20260724
2026-07-24,ES,2026-09-18,5850,Call,88.25,89.5,89,16531,75931,0.1117,0.93,ES,CME,snap-20260724-es-retry,ES-20260918-5850-C-20260724
07/24/2026,ES,2026-09-18,5850,P,137.00,138.75,138,21590,98848,0.1115,-0.066,ES,CME,snap-20260724-es,ES-20260918-5850-P-20260724
2026-07-24,ES,2026-09-18,5900,C,89.25,90.5,90,17000,70137,0.1129,0.882,ES,CME,snap-20260724-es,ES-20260918-5900-C-20260724
20260724,ES,09/18/26,5900,P,187.5,190,188.75,25615,137351,0.1125,-0.118,ES,CME,snap-20260724-es,ES-20260918-5900-P-20260724
2026-07-24,ES,09/18/2026,5950,C,90.25,91.25,90.75,6168,13657,0.1141,0.842,ES,CME,snap-20260724-es,ES-20260918-5950-C-20260724
07/24/26,ES,2026-09-18,5950,P,238,241.25,239.5,14040,42995,0.1135,-0.158,ES,CME,snap-20260724-es,ES-20260918-5950-P-20260724
2026-07-24,ES,2026-09-18,6000,C,91,92.25,91.5,15810,50169,0.1153,0.809,ES,CME,snap-20260724-es,ES-20260918-6000-C-20260724
2026-07-24,ES,20260918,6000,P,288.25,292.25,290.25,8615,40028,0.1145,-0.191,ES,CME,snap-20260724-es,ES-20260918-6000-P-20260724
2026-07-24,ES,2026-09-18,6050,C,92,93.25,92.5,9045,33345,0.12,0.782,ES,CME,snap-20260724-es,ES-20260918-6050-C-20260724
07/24/26,ES,2026-09-18,6050,P,338.75,343.5,341.00,6527,27643,0.1155,-0.218,ES,CME,snap-20260724-es,ES-20260918-6050-P-20260724
2026-07-24,ES,2026-09-18,6100,C,93,94.25,93.5,10730,36549,0.1177,0.759,ES,CME,snap-20260724-es,ES-20260918-6100-C-20260724
20260724,es,09/18/2026,6100,P,389,394.75,392,9894,30618,0.1165,-0.241,ES,CME,snap-20260724-es,ES-20260918-6100-P-20260724
07/24/2026,ES,2026-09-18,6150,C,94,95.25,94.5,5877,12931,0.119,0.74,ES,CME,snap-20260724-es,ES-20260918-6150-C-20260724
2026-07-24,ES,2026-09-18,6150,P,439.5,446.00,442.75,4874,14978,0.1175,-0.26,ES,CME,snap-20260724-es,ES-20260918-6150-P-20260724
07/24/26,ES,09/18/26,6200,C,94.75,96.25,95.5,2699,"9,991",0.1202,0.723,ES,CME,snap-20260724-es,ES-20260918-6200-C-20260724
2026-07-24,ES,09/18/2026,6200,P,489.75,497.25,493.5,"5,722",15927,0.1186,-0.277,ES,CME,snap-20260724-es,ES-20260918-6200-P-20260724
2026-07-24,ES,09/18/26,6250,C,95.75,97.25,96.5,922,4096,0.1214,0.709,ES,CME,snap-20260724-es,ES-20260918-6250-C-20260724
2026-07-24,ES,09/18/2026,6250,P,540,548.5,544.25,2299,11234,0.1196,-0.291,ES,CME,snap-20260724-es,ES-20260918-6250-P-20260724
2026-07-24,ES,2026-09-18,6300,Call,96.75,98.25,97.5,979,4697,0.1226,0.696,ES,CME,snap-20260724-es,ES-20260918-6300-C-20260724
07/24/2026,ES,2026-09-18,6300,P,590.25,600,595,570,2508,0.1206,-0.304,ES,CME,snap-20260724-es,ES-20260918-6300-P-20260724
07/24/2026,ES,2026-10-16,5300,C,612.5,624,618.25,813,2055,0.1206,0.696,ES,CME,snap-20260724-es,ES-20261016-5300-C-20260724
07/24/2026,ES,2026-10-16,5300,P,122.25,124.5,123.5,1084,4740,0.1268,-0.304,ES,CME,snap-20260724-es,ES-20261016-5300-P-20260724
2026-07-24,ES,2026-10-16,5350,C,562,572.25,567,1038,"2,816",0.1196,0.708,ES,CME,snap-20260724-es,ES-20261016-5350-C-20260724
2026-07-24,ES,20261016,5350,P,120.75,123,122,753,"3,484",0.1251,-0.292,ES,CME,snap-20260724-es,ES-20261016-5350-P-20260724
2026-07-24,ES,2026-10-16,5400,C,511.75,520.75,516.25,1968,8409,0.1186,0.723,ES,CME,snap-20260724-es,ES-20261016-5400-C-20260724
2026-07-24,ES,2026-10-16,5400,P,119.25,121.5,120.5,4001,15320,0.1235,-0.277,ES,CME,snap-20260724-es,ES-20261016-5400-P-20260724
2026-07-24,ES,2026-10-16,5450,C,461.25,469.25,465.25,2691,7378,0.1176,0.739,ES,CME,snap-20260724-es,ES-20261016-5450-C-20260724
2026-07-24,ES,2026-10-16,5450,P,117.75,119.75,118.75,3280,"10,836",0.1219,-0.261,ES,CME,snap-20260724-es,ES-20261016-5450-P-20260724
2026-07-24,ES,20261016,5500,C,410.75,417.75,414.25,8016,33694,0.1166,0.759,ES,CME,snap-20260724-es,ES-20261016-5500-C-20260724
07/24/26,ES,20261016,5500,P,116.25,118.25,117.25,7630,25692,0.1203,-0.241,ES,CME,snap-20260724-es,ES-20261016-5500-P-20260724
07/24/2026,ES,10/16/2026,5550,C,360.25,366.25,363.25,3514,15402,0.1156,0.781,ES,CME,snap-20260724-es,ES-20261016-5550-C-20260724
20260724,ES,10/16/2026,5550,P,114.5,116.5,115.5,3060,10287,0.1186,-0.219,ES,CME,snap-20260724-es,ES-20261016-5550-P-20260724
07/24/26,ES,10/16/2026,5600,Call,309.75,315,312.5,6074,23948,0.1145,0.808,ES,CME,snap-20260724-es,ES-20261016-5600-C-20260724
20260724,ES,20261016,5600,P,113,115,114,"15,846",85651,0.117,-0.192,ES,CME,snap-20260724-es,ES-20261016-5600-P-20260724
2026-07-24,ES,2026-10-16,5650,Call,259.25,263.5,261.5,6556,28961,0.1135,0.841,ES,CME,snap-20260724-es,ES-20261016-5650-C-20260724
07/24/2026,ES,10/16/2026,5650,P,111.5,113.25,112.5,11263,43415,0.1154,-0.159,ES,CME,snap-20260724-es,ES-20261016-5650-P-20260724
20260724,ES,2026-10-16,5700,C,208.75,212,210.5,7514,32535,0.1125,0.881,ES,CME,snap-20260724-es,ES-20261016-5700-C-20260724
07/24/2026,ES,10/16/2026,5700,P,110,111.75,111,7423,31439,0.1138,-0.119,ES,CME,snap-20260724-es,ES-20261016-5700-P-20260724
07/24/2026,ES,2026-10-16,5750,C,158.25,160.5,159.50,14957,36152,0.1115,0.932,ES,CME,snap-20260724-es,ES-20261016-5750-C-20260724
2026-07-24,ES,10/16/2026,5750,P,108.5,110,109.25,6161,24241,0.1121,-0.068,ES,CME,snap-20260724-es,ES-20261016-5750-P-20260724
2026-07-24,ES,2026-10-16,5800,C,107.50,109.25,108.5,19650,77114,0.1105,0.999,ES,CME,snap-20260724-es,ES-20261016-5800-C-20260724
2026-07-24,ES,2026-10-16,5800,P,106.75,108.5,107.5,26208,118690,0.1105,-0.001,ES,CME,snap-20260724-es,ES-20261016-5800-P-20260724
07/24/2026,ES,2026-10-16,5850,C,108,109.5,108.75,6523,16020,0.1117,0.934,ES,CME,snap-20260724-es,ES-20261016-5850-C-20260724
2026-07-24,ES,20261016,5850,P,156.75,159,158.00,17093,89406,0.1115,-0.066,ES,CME,snap-20260724-es,ES-20261016-5850-P-20260724
2026-07-24,ES,2026-10-16,5900,C,109,110.75,110,18641,71482,0.1129,0.882,ES,CME,snap-20260724-es,ES-20261016-5900-C-20260724
07/24/26,ES,2026-10-16,5900,P,207.25,210.5,209,13305,"44,270",0.1125,-0.118,ES,CME,snap-20260724-es,ES-20261016-5900-P-20260724
2026-07-24,ES,20261016,5950,C,110.25,112,111,7950,34164,0.1141,0.84,ES,CME,snap-20260724-es,ES-20261016-5950-C-20260724
2026-07-24,ES,10/16/2026,5950,P,257.75,262.00,260,6686,36542,0.1135,-0.158,ES,CME,snap-20260724-es,ES-20261016-5950-P-20260724
2026-07-24,ES,20261016,6000,Call,111.5,113.25,112.5,11809,28634,0.1153,0.81,ES,CME,snap-20260724-es,ES-20261016-6000-C-20260724
07/24/2026,ES,2026-10-16,6000,put,308.25,313.25,310.75,7946,42240,0.1145,-0.191,ES,CME,snap-20260724-es,ES-20261016-6000-P-20260724
2026-07-24,ES,2026-10-16,6050,C,112.5,114.5,113.5,8459,25004,0.1165,0.782,ES,CME,snap-20260724-es,ES-20261016-6050-C-20260724
20260724,ES,2026-10-16,6050,P,358.75,364.75,361.75,8433,42757,0.1155,-0.218,ES,CME,snap-20260724-es,ES-20261016-6050-P-20260724
07/24/26,ES,10/16/2026,6100,C,113.75,115.75,114.75,"7,482",23009,0.1177,0.759,ES,CME,snap-20260724-es,ES-20261016-6100-C-20260724
2026-07-24,ES,20261016,6100,P,409.25,416.25,412.75,"8,973",41485,0.1165,-0.241,ES,CME,snap-20260724-es,ES-20261016-6100-P-20260724
2026-07-24,ES,2026-10-16,6150,C,114.75,116.75,115.75,3232,12029,0.119,0.74,ES,CME,snap-20260724-es,ES-20261016-6150-C-20260724
2026-07-24,es,10/16/2026,6150,Put,459.75,467.75,463.75,4824,21330,0.1175,-0.26,ES,CME,snap-20260724-es,ES-20261016-6150-P-20260724
2026-07-24,ES,2026-10-16,6200,C,116,118,117,4123,11635,0.12,0.723,ES,CME,snap-20260724-es,ES-20261016-6200-C-20260724
2026-07-24,es,10/16/26,6200,P,510.25,519.25,514.75,3282,9609,0.1186,-0.277,ES,CME,snap-20260724-es,ES-20261016-6200-P-20260724
07/24/26,ES,2026-10-16,6250,Call,117.25,119.25,118.25,1361,4684,0.1214,0.709,ES,CME,snap-20260724-es,ES-20261016-6250-C-20260724
07/24/2026,ES,2026-10-16,6250,P,560.5,570.75,565.5,1830,9664,0.12,-0.291,ES,CME,snap-20260724-es,ES-20261016-6250-P-20260724
2026-07-24,ES,2026-10-16,6300,Call,118.25,120.5,119.5,475,1247,0.1226,0.70,ES,CME,snap-20260724-es,ES-20261016-6300-C-20260724
2026-07-24,ES,10/16/2026,6300,P,611,622.25,616.5,505,2405,0.1206,-0.304,ES,CME,snap-20260724-es,ES-20261016-6300-P-20260724
2026-07-24,ES,20261218,5300,C,648.25,664,656,341,1216,0.1206,0.696,ES,CME,snap-20260724-es,ES-20261218-5300-C-20260724
2026-07-24,ES,2026-12-18,5300,P,161.5,165.25,163.5,245,897,0.1268,-0.304,ES,CME,snap-20260724-es,ES-20261218-5300-P-20260724
2026-07-24,ES,2026-12-18,5350,C,597.75,612,605.00,378,1256,0.1196,0.708,ES,CME,snap-20260724-es,ES-20261218-5350-C-20260724
2026-07-24,ES,2026-12-18,5350,P,159.25,163.25,161.25,397,1756,0.1251,-0.292,ES,CME,snap-20260724-es,ES-20261218-5350-P-20260724
20260724,ES,20261218,5400,C,547.25,560.00,553.5,1715,6404,0.1186,0.723,ES,CME,snap-20260724-es,ES-20261218-5400-C-20260724
2026-07-24,ES,12/18/26,5400,P,157.25,161,159,1891,"7,907",0.1235,-0.277,ES,CME,snap-20260724-es,ES-20261218-5400-P-20260724
2026-07-24,ES,20261218,5450,C,496.5,508,502.25,2304,6816,0.1176,0.739,ES,CME,snap-20260724-es,ES-20261218-5450-C-20260724
07/24/2026,ES,12/18/2026,5450,P,155.25,158.75,157,1553,5098,0.1219,-0.261,ES,CME,snap-20260724-es,ES-20261218-5450-P-20260724
20260724,ES,2026-12-18,5500,C,446,456,451,3318,13360,0.1166,0.759,ES,CME,snap-20260724-es,ES-20261218-5500-C-20260724
20260724,ES,2026-12-18,5500,P ,153.25,156.75,155.00,2128,10313,0.1203,-0.241,ES,CME,snap-20260724-es,ES-20261218-5500-P-20260724
2026-07-24,ES,12/18/26,5550,C,395.25,404,399.5,1496,5231,0.1156,0.781,ES,CME,snap-20260724-es,ES-20261218-5550-C-20260724
07/24/26,ES,12/18/2026,5550,P,151.25,154.5,153,4183,12837,0.1186,-0.219,ES,CME,snap-20260724-es,ES-20261218-5550-P-20260724
2026-07-24,ES,12/18/2026,5600,C,344.5,352,348.25,5423,15017,0.1145,0.808,ES,CME,snap-20260724-es,ES-20261218-5600-C-20260724
2026-07-24,ES,2026-12-18,5600,P,149.25,152.5,151,5629,15946,0.117,-0.192,ES,CME,snap-20260724-es,ES-20261218-5600-P-20260724
07/24/2026,es,2026-12-18,5650,Call,294,300.25,297,5221,18069,0.1135,0.841,ES,CME,snap-20260724-es,ES-20261218-5650-C-20260724
2026-07-24,ES,12/18/2026,5650,P,147,150.25,148.5,2727,14317,0.1154,-0.159,ES,CME,snap-20260724-es,ES-20261218-5650-P-20260724
07/24/26,ES,20261218,5700,C,243.25,248.25,245.75,4818,12090,0.1125,0.881,ES,CME,snap-20260724-es,ES-20261218-5700-C-20260724
2026-07-24,ES,2026-12-18,5700,P,145,148.25,146.5,6347,23543,0.11,-0.119,ES,CME,snap-20260724-es,ES-20261218-5700-P-20260724
2026-07-24,ES,20261218,5750,C,192.5,196.5,194.5,6258,24638,0.1115,0.932,ES,CME,snap-20260724-es,ES-20261218-5750-C-20260724
20260724,ES,20261218,5750,P,143,146,144.5,4206,22361,0.1121,-0.068,ES,CME,snap-20260724-es,ES-20261218-5750-P-20260724
07/24/26,ES,2026-12-18,5800,Call,141.75,144.5,143,6338,23180,0.1105,0.999,ES,CME,snap-20260724-es,ES-20261218-5800-C-20260724
20260724,ES,12/18/2026,5800,P,141,143.75,142.50,10372,"56,126",0.1105,-0.001,ES,CME,snap-20260724-es,ES-20261218-5800-P-20260724
2026-07-24,ES,12/18/2026,5850,C,142.5,145.5,144,5233,12997,0.1117,0.93,ES,CME,snap-20260724-es,ES-20261218-5850-C-20260724
2026-07-24,es,2026-12-18,"5,850.00",P,191,195,193,6858,23771,0.11,-0.066,ES,CME,snap-20260724-es,ES-20261218-5850-P-20260724
2026-07-24,ES,2026-12-18,5900,C,144,147,145.50,3546,11539,0.1129,0.882,ES,CME,snap-20260724-es,ES-20261218-5900-C-20260724
2026-07-24,es,2026-12-18,5900,Put,241.75,246.75,244.25,7210,35111,0.1125,-0.118,ES,CME,snap-20260724-es,ES-20261218-5900-P-20260724
2026-07-24,ES,12/18/2026,5950,C,145.5,148.5,147,5215,23410,0.1141,0.842,ES,CME,snap-20260724-es,ES-20261218-5950-C-20260724
07/24/2026,ES,12/18/2026,5950,P,292.25,298.75,295.5,3431,18252,0.1135,-0.158,ES,CME,snap-20260724-es,ES-20261218-5950-P-20260724
2026-07-24,ES,2026-12-18,6000,C,147,150.25,148.5,5493,19632,0.1153,0.809,ES,CME,snap-20260724-es,ES-20261218-6000-C-20260724
2026-07-24,ES,20261218,6000,P,343,350.50,346.75,2747,14776,0.1145,-0.19,ES,CME,snap-20260724-es,ES-20261218-6000-P-20260724
07/24/26,ES,20261218,6050,C,148.5,151.75,150,"3,696",16985,0.1165,0.782,ES,CME,snap-20260724-es,ES-20261218-6050-C-20260724
07/24/2026,ES,2026-12-18,6050,P,393.75,402.5,398,3815,15427,0.12,-0.218,ES,CME,snap-20260724-es,ES-20261218-6050-P-20260724
07/24/2026,ES,12/18/2026,6100,C,150,153.50,151.75,3403,15508,0.1177,0.759,ES,CME,snap-20260724-es,ES-20261218-6100-C-20260724
07/24/2026,ES,2026-12-18,6100,P,444.5,454.50,449.5,3128,10057,0.1165,-0.241,ES,CME,snap-20260724-es,ES-20261218-6100-P-20260724
2026-07-24,ES,20261218,6150,C,151.5,155,153.25,1941,8944,0.119,0.74,ES,CME,snap-20260724-es,ES-20261218-6150-C-20260724
07/24/2026,ES,2026-12-18,6150,P,495,506.25,500.5,1730,4960,0.1175,-0.26,ES,CME,snap-20260724-es,ES-20261218-6150-P-20260724
07/24/26,ES,2026-12-18,6200,Call,153,156.5,154.75,949,3395,0.1202,0.723,ES,CME,snap-20260724-es,ES-20261218-6200-C-20260724
07/24/2026,ES,12/18/2026,6200,Put,545.75,558.25,552,1744,8648,0.1186,-0.277,ES,CME,snap-20260724-es,ES-20261218-6200-P-20260724
2026-07-24,ES,20261218,6250,C,154.5,158.25,156.5,425,1160,0.1214,0.709,ES,CME,snap-20260724-es,ES-20261218-6250-C-20260724
20260724,ES,2026-12-18,6250,P,596.25,610.25,603.25,800,4054,0.1196,-0.291,ES,CME,snap-20260724-es,ES-20261218-6250-P-20260724
07/24/2026,ES,2026-12-18,6300,C,156,159.75,158,338,1303,0.1226,0.696,ES,CME,snap-20260724-es,ES-20261218-6300-C-20260724
2026-07-24,ES,20261218,6300,P,646.75,662.25,654.5,321,828,0.1206,-0.304,ES,CME,snap-20260724-es,ES-20261218-6300-P-20260724
2026-07-27,ES,08/21/2026,5300,C,565.00,572.75,569,992,4272,0.1207,0.695,ES,CME,snap-20260727-es,ES-20260821-5300-C-20260727
2026-07-27,es,08/21/2026,5300,P,67,68,67.5,875,3480,0.1269,-0.305,ES,CME,snap-20260727-es,ES-20260821-5300-P-20260727
2026-07-27,es,2026-08-21,"5,350.00",Call,515,521.75,518.5,2315,7869,0.1197,0.707,ES,CME,snap-20260727-es,ES-20260821-5350-C-20260727
2026-07-27,ES,2026-08-21,5350,P,66.25,67,66.50,972,3862,0.1253,-0.293,ES,CME,snap-20260727-es,ES-20260821-5350-P-20260727
2026-07-27,ES,2026-08-21,5400,C,464.75,470.75,467.75,5609,"18,480",0.1187,0.722,ES,CME,snap-20260727-es,ES-20260821-5400-C-20260727
20260727,ES,08/21/2026,5400,P,65.25,66.25,65.75,5250,19798,0.1236,-0.278,ES,CME,snap-20260727-es,ES-20260821-5400-P-20260727
07/27/26,ES,20260821,5450,C,414.75,420,417.5,3420,13631,0.1177,0.74,ES,CME,snap-20260727-es,ES-20260821-5450-C-20260727
2026-07-27,ES,2026-08-21,5450,P,64.5,65.25,65,6392,33981,0.122,-0.262,ES,CME,snap-20260727-es,ES-20260821-5450-P-20260727
07/27/2026,ES,2026-08-21,5500,C,364.5,369.00,366.75,4627,20492,0.1166,0.757,ES,CME,snap-20260727-es,ES-20260821-5500-C-20260727
2026-07-27,ES,08/21/2026,5500,Put,63.75,64.5,64,5462,15036,0.1204,-0.243,ES,CME,snap-20260727-es,ES-20260821-5500-P-20260727
2026-07-27,ES,2026-08-21,5550,C,314.25,318.00,316,12979,46479,0.1156,0.779,ES,CME,snap-20260727-es,ES-20260821-5550-C-20260727
07/27/26,ES,08/21/26,"5,550.00",P,62.75,63.5,63,9441,38703,0.1188,-0.221,ES,CME,snap-20260727-es,ES-20260821-5550-P-20260727
2026-07-27,ES,2026-08-21,5600,Call,264.25,267.25,265.75,"8,491",36876,0.11,0.806,ES,CME,snap-20260727-es,ES-20260821-5600-C-20260727
2026-07-27,ES,08/21/26,"5,600.00",P,62,62.75,62.5,9329,37673,0.1171,-0.194,ES,CME,snap-20260727-es,ES-20260821-5600-P-20260727
07/27/26,ES,20260821,5650,C,214,216.25,215,"6,488",15552,0.1136,0.838,ES,CME,snap-20260727-es,ES-20260821-5650-C-20260727
2026-07-27,ES,08/21/26,5650,P,61.00,61.75,61.5,15295,43027,0.1155,-0.162,ES,CME,snap-20260727-es,ES-20260821-5650-P-20260727
2026-07-27,ES,08/21/26,5700,Call,163.75,165.5,164.50,15183,49569,0.1126,0.877,ES,CME,snap-20260727-es,ES-20260821-5700-C-20260727
07/27/2026,ES,20260821,5700,P,60.25,61,60.5,30511,120344,0.1139,-0.123,ES,CME,snap-20260727-es,ES-20260821-5700-P-20260727
2026-07-27,ES,08/21/26,5750,C,113.50,114.75,114,15438,41720,0.1116,0.93,ES,CME,snap-20260727-es,ES-20260821-5750-C-20260727
2026-07-27,ES,2026-08-21,5750,P,59.5,60,59.75,14798,"58,462",0.1123,-0.073,ES,CME,snap-20260727-es,ES-20260821-5750-P-20260727
2026-07-27,ES,08/21/2026,5800,Call,63.25,64,63.5,"18,224",76962,0.1106,0.993,ES,CME,snap-20260727-es,ES-20260821-5800-C-20260727
2026-07-27,ES,20260821,5800,P,58.50,59.25,59,25500,130303,0.11,-0.007,ES,CME,snap-20260727-es,ES-20260821-5800-P-20260727
20260727,ES,2026-08-21,5850,C,59,59.75,59.5,9238,27508,0.1116,0.938,ES,CME,snap-20260727-es,ES-20260821-5850-C-20260727
2026-07-27,ES,20260821,5850,P,104,105,104.5,24138,99628,0.1114,-0.062,ES,CME,snap-20260727-es,ES-20260821-5850-P-20260727
2026-07-27,ES,20260821,5900,C,59.75,60.25,60.00,29328,99130,0.1128,0.886,ES,CME,snap-20260727-es,ES-20260821-5900-C-20260727
2026-07-27,ES,2026-08-21,5900,P ,154.25,155.75,155,24441,98488,0.1124,-0.114,ES,CME,snap-20260727-es,ES-20260821-5900-P-20260727
20260727,ES,2026-08-21,5950,Call,60.25,61,60.5,16717,60866,0.114,0.845,ES,CME,snap-20260727-es,ES-20260821-5950-C-20260727
2026-07-27,ES,2026-08-21,5950,P,204.5,206.75,205.5,20138,51061,0.1134,-0.155,ES,CME,snap-20260727-es,ES-20260821-5950-P-20260727
07/27/2026,ES,2026-08-21,6000,C,61,61.5,61.25,13583,30273,0.1152,0.811,ES,CME,snap-20260727-es,ES-20260821-6000-C-20260727
20260727,ES,2026-08-21,6000,Put,254.75,257.5,256,11559,48882,0.11,-0.189,ES,CME,snap-20260727-es,ES-20260821-6000-P-20260727
20260727,ES,20260821,6050,Call,61.5,62.25,62,7218,19080,0.12,0.784,ES,CME,snap-20260727-es,ES-20260821-6050-C-20260727
2026-07-27,ES,20260821,6050,put,304.75,308.5,306.5,"14,967",69536,0.1154,-0.216,ES,CME,snap-20260727-es,ES-20260821-6050-P-20260727
2026-07-27,ES,20260821,6100,C,62.25,63,62.5,6027,27933,0.1176,0.761,ES,CME,snap-20260727-es,ES-20260821-6100-C-20260727
2026-07-27,ES,2026-08-21,6100,Put,355,359.25,357,16461,48570,0.1165,-0.239,ES,CME,snap-20260727-es,ES-20260821-6100-P-20260727
20260727,ES,08/21/2026,6150,Call,62.75,63.50,63,3224,"9,998",0.1189,0.741,ES,CME,snap-20260727-es,ES-20260821-6150-C-20260727
2026-07-27,ES,2026-08-21,6150,put,405.25,410.25,407.75,7784,29591,0.1175,-0.259,ES,CME,snap-20260727-es,ES-20260821-6150-P-20260727
20260727,ES,2026-08-21,6200,C,63.5,64.25,64,2990,9340,0.1201,0.725,ES,CME,snap-20260727-es,ES-20260821-6200-C-20260727
2026-07-27,ES,2026-08-21,6200,P,455.25,461.25,458.25,8136,27145,0.1185,-0.275,ES,CME,snap-20260727-es,ES-20260821-6200-P-20260727
2026-07-27,ES,20260821,6250,C,64,65,64.5,2501,"7,959",0.1213,0.71,ES,CME,snap-20260727-es,ES-20260821-6250-C-20260727
2026-07-27,ES,2026-08-21,6250,P,505.5,512,508.75,2484,8727,0.1195,-0.29,ES,CME,snap-20260727-es,ES-20260821-6250-P-20260727
2026-07-27,ES,08/21/2026,"6,300.00",C,64.75,65.50,65,1109,4398,0.1225,0.70,ES,CME,snap-20260727-es,ES-20260821-6300-C-20260727
2026-07-27,ES,2026-08-21,6300,P,555.5,563.00,559.25,892,3570,0.1205,-0.303,ES,CME,snap-20260727-es,ES-20260821-6300-P-20260727
07/27/2026,ES,2026-08-28,"5,300.00",C,573.25,581.5,577.5,994,2270,0.1207,0.695,ES,CME,snap-20260727-es,ES-20260828-5300-C-20260727
07/27/2026,ES,08/28/2026,5300,P,75.75,76.75,76.25,590,1778,0.1269,-0.305,ES,CME,snap-20260727-es,ES-20260828-5300-P-20260727
07/27/2026,ES,08/28/26,5350,Call,523,530.25,526.5,786,3728,0.1197,0.707,ES,CME,snap-20260727-es,ES-20260828-5350-C-20260727
20260727,ES,2026-08-28,5350,P,74.75,76,75.5,2104,8439,0.1253,-0.293,ES,CME,snap-20260727-es,ES-20260828-5350-P-20260727
2026-07-27,ES,2026-08-28,5400,C,473,479.25,476,2641,9659,0.1187,0.722,ES,CME,snap-20260727-es,ES-20260828-5400-C-20260727
07/27/2026,es,2026-08-28,5400,P,74,75,74.5,4977,19669,0.1236,-0.278,ES,CME,snap-20260727-es,ES-20260828-5400-P-20260727
2026-07-27,ES,08/28/26,5450,C,422.75,428.25,425.5,3684,9879,0.1177,0.738,ES,CME,snap-20260727-es,ES-20260828-5450-C-20260727
2026-07-27,es,2026-08-28,5450,P,73,74,73.5,6651,36539,0.122,-0.262,ES,CME,snap-20260727-es,ES-20260828-5450-P-20260727
07/27/26,ES,08/28/26,5500,C,372.5,377.25,375,8613,28753,0.1166,0.757,ES,CME,snap-20260727-es,ES-20260828-5500-C-20260727
07/27/2026,ES,2026-08-28,5500,P,72,73,72.5,14556,62233,0.1204,-0.243,ES,CME,snap-20260727-es,ES-20260828-5500-P-20260727
2026-07-27,ES,20260828,5550,Call,322.25,326.25,324.25,4287,9631,0.1156,0.779,ES,CME,snap-20260727-es,ES-20260828-5550-C-20260727
2026-07-27,ES,2026-08-28,5550,P,71,72,71.5,8000,"33,659",0.1188,-0.221,ES,CME,snap-20260727-es,ES-20260828-5550-P-20260727
2026-07-27,ES,2026-08-28,5600,Call,272,275.25,273.5,10736,43112,0.1146,0.81,ES,CME,snap-20260727-es,ES-20260828-5600-C-20260727
2026-07-27,ES,08/28/2026,5600,P,70,71,70.5,12844,39928,0.1171,-0.194,ES,CME,snap-20260727-es,ES-20260828-5600-P-20260727
2026-07-27,ES,2026-08-28,5650,C,221.75,224.5,223,17324,50633,0.1136,0.838,ES,CME,snap-20260727-es,ES-20260828-5650-C-20260727
2026-07-27,ES,2026-08-28,5650,P,69,70,69.5,16201,82185,0.1155,-0.162,ES,CME,snap-20260727-es,ES-20260828-5650-P-20260727
2026-07-27,ES,20260828,5700,C,171.5,173.5,172.5,20752,57486,0.1126,0.877,ES,CME,snap-20260727-es,ES-20260828-5700-C-20260727
07/27/2026,es,2026-08-28,"5,700.00",P,68.25,69,68.5,17084,54159,0.1139,-0.123,ES,CME,snap-20260727-es,ES-20260828-5700-P-20260727
20260727,ES,2026-08-28,5750,C,121.25,122.5,122,22994,59157,0.1116,0.927,ES,CME,snap-20260727-es,ES-20260828-5750-C-20260727
20260727,ES,2026-08-28,"5,750.00",P,67.25,68,67.5,8498,37243,0.1123,-0.073,ES,CME,snap-20260727-es,ES-20260828-5750-P-20260727
2026-07-27,ES,20260828,5800,C,71,71.75,71.5,17117,70380,0.1106,0.993,ES,CME,snap-20260727-es,ES-20260828-5800-C-20260727
2026-07-27,ES,08/28/2026,5800,P,66.25,67,66.5,26241,82302,0.1107,-0.01,ES,CME,snap-20260727-es,ES-20260828-5800-P-20260727
20260727,ES,2026-08-28,5850,Call,66.75,67.5,67,23128,"70,719",0.1116,0.938,ES,CME,snap-20260727-es,ES-20260828-5850-C-20260727
2026-07-27,ES,08/28/26,5850,P,111.75,113,112.5,14714,"65,630",0.1114,-0.062,ES,CME,snap-20260727-es,ES-20260828-5850-P-20260727
07/27/2026,ES,20260828,5900,C,67.5,68.25,68,23587,55266,0.11,0.886,ES,CME,snap-20260727-es,ES-20260828-5900-C-20260727
2026-07-27,ES,08/28/26,5900,P,162,163.75,163,30864,127925,0.1124,-0.114,ES,CME,snap-20260727-es,ES-20260828-5900-P-20260727
2026-07-27,ES,08/28/26,5900,P,162,163.75,163,30864,127925,0.1124,-0.114,ES,CME,snap-20260727-es-retry,ES-20260828-5900-P-20260727
20260727,ES,2026-08-28,5950,C,68.25,69,68.5,11742,44902,0.114,0.845,ES,CME,snap-20260727-es,ES-20260828-5950-C-20260727
2026-07-27,ES,2026-08-28,5950,P,212.25,214.75,213.5,14412,"50,769",0.1134,-0.155,ES,CME,snap-20260727-es,ES-20260828-5950-P-20260727
2026-07-27,ES,2026-08-28,6000,C,69,69.75,69.5,9335,35528,0.1152,0.811,ES,CME,snap-20260727-es,ES-20260828-6000-C-20260727
07/27/2026,ES,20260828,6000,P,262.5,265.75,264,20172,63192,0.1144,-0.19,ES,CME,snap-20260727-es,ES-20260828-6000-P-20260727
07/27/2026,ES,2026-08-28,6050,C,69.5,70.5,70,10847,32138,0.1164,0.784,ES,CME,snap-20260727-es,ES-20260828-6050-C-20260727
2026-07-27,ES,2026-08-28,6050,P,312.75,316.75,314.75,5052,13004,0.1154,-0.216,ES,CME,snap-20260727-es,ES-20260828-6050-P-20260727
20260727,ES,08/28/26,6100,C,70.25,71.25,70.75,14071,53625,0.1176,0.761,ES,CME,snap-20260727-es,ES-20260828-6100-C-20260727
2026-07-27,ES,2026-08-28,"6,100.00",P,363,367.5,365.25,7900,31865,0.1165,-0.239,ES,CME,snap-20260727-es,ES-20260828-6100-P-20260727
07/27/2026,ES,2026-08-28,6150,C,71,72.00,71.5,"6,348",16794,0.1189,0.741,ES,CME,snap-20260727-es,ES-20260828-6150-C-20260727
2026-07-27,es,2026-08-28,6150,P,413.25,418.5,416,6888,23224,0.1175,-0.26,ES,CME,snap-20260727-es,ES-20260828-6150-P-20260727
20260727,ES,08/28/2026,6200,C,71.75,72.75,72.25,3754,10222,0.1201,0.725,ES,CME,snap-20260727-es,ES-20260828-6200-C-20260727
20260727,ES,20260828,6200,put,463.5,469.75,466.50,3472,15827,0.1185,-0.275,ES,CME,snap-20260727-es,ES-20260828-6200-P-20260727
07/27/26,ES,08/28/2026,6250,C,72.5,73.5,73,994,4600,0.1213,0.71,ES,CME,snap-20260727-es,ES-20260828-6250-C-20260727
07/27/26,ES,2026-08-28,6250,P,513.5,520.75,517,2679,9849,0.1195,-0.29,ES,CME,snap-20260727-es,ES-20260828-6250-P-20260727
2026-07-27,es,08/28/2026,6300,C,73.25,74.25,73.75,1277,5424,0.1225,0.697,ES,CME,snap-20260727-es,ES-20260828-6300-C-20260727
2026-07-27,ES,08/28/2026,6300,P,563.75,571.75,567.75,1619,"6,660",0.1205,-0.303,ES,CME,snap-20260727-es,ES-20260828-6300-P-20260727
2026-07-27,ES,2026-09-18,5300,C,593.5,603,598.25,560,1239,0.1207,0.695,ES,CME,snap-20260727-es,ES-20260918-5300-C-20260727
2026-07-27,ES,09/18/2026,5300,P,97.5,99.00,98.25,465,1609,0.1269,-0.305,ES,CME,snap-20260727-es,ES-20260918-5300-P-20260727
20260727,ES,2026-09-18,5350,C,543.25,551.75,547.5,1881,8177,0.1197,0.707,ES,CME,snap-20260727-es,ES-20260918-5350-C-20260727
2026-07-27,ES,09/18/2026,5350,P,96.25,97.75,97,1093,5891,0.1253,-0.293,ES,CME,snap-20260727-es,ES-20260918-5350-P-20260727
2026-07-27,ES,09/18/2026,5400,C,492.75,500.5,496.5,5575,14917,0.1187,0.722,ES,CME,snap-20260727-es,ES-20260918-5400-C-20260727
2026-07-27,es,2026-09-18,5400,P,95,96.5,95.75,3264,12670,0.1236,-0.28,ES,CME,snap-20260727-es,ES-20260918-5400-P-20260727
07/27/26,ES,2026-09-18,5450,C,442.5,449.25,446,"5,032",13331,0.1177,0.738,ES,CME,snap-20260727-es,ES-20260918-5450-C-20260727
2026-07-27,ES,2026-09-18,5450,P,93.75,95.25,94.5,4728,20052,0.122,-0.26,ES,CME,snap-20260727-es,ES-20260918-5450-P-20260727
20260727,ES,2026-09-18,5500,C,392.25,398,395,"4,395",20080,0.1166,0.757,ES,CME,snap-20260727-es,ES-20260918-5500-C-20260727
2026-07-27,ES,2026-09-18,5500,P,92.5,94,93.25,4543,14208,0.1204,-0.243,ES,CME,snap-20260727-es,ES-20260918-5500-P-20260727
2026-07-27,ES,2026-09-18,5550,C,341.75,346.75,344.25,10044,"42,344",0.1156,0.779,ES,CME,snap-20260727-es,ES-20260918-5550-C-20260727
2026-07-27,ES,2026-09-18,5550,P,91.25,92.50,92,4824,14288,0.1188,-0.221,ES,CME,snap-20260727-es,ES-20260918-5550-P-20260727
2026-07-27,ES,2026-09-18,5600,C,291.5,295.5,293.5,13311,43074,0.1146,0.806,ES,CME,snap-20260727-es,ES-20260918-5600-C-20260727
20260727,ES,2026-09-18,5600,P ,90,91.25,90.5,"9,070",49447,0.1171,-0.194,ES,CME,snap-20260727-es,ES-20260918-5600-P-20260727
2026-07-27,ES,2026-09-18,5650,C,241,244.25,242.5,9637,36391,0.1136,0.838,ES,CME,snap-20260727-es,ES-20260918-5650-C-20260727
2026-07-27,ES,2026-09-18,5650,P ,88.75,90,89.5,6185,27684,0.1155,-0.162,ES,CME,snap-20260727-es,ES-20260918-5650-P-20260727
07/27/26,ES,2026-09-18,5700,C,190.75,193.25,192.00,9208,42082,0.1126,0.877,ES,CME,snap-20260727-es,ES-20260918-5700-C-20260727
2026-07-27,ES,20260918,5700,P,87.5,88.75,88,24703,"68,271",0.1139,-0.123,ES,CME,snap-20260727-es,ES-20260918-5700-P-20260727
20260727,ES,2026-09-18,5750,C,140.25,142,141,11577,33818,0.1116,0.927,ES,CME,snap-20260727-es,ES-20260918-5750-C-20260727
20260727,ES,09/18/2026,5750,P,86.25,87.5,87,8643,32531,0.1123,-0.073,ES,CME,snap-20260727-es,ES-20260918-5750-P-20260727
20260727,ES,2026-09-18,5800,C,89.75,91,90.5,29772,73174,0.1106,0.993,ES,CME,snap-20260727-es,ES-20260918-5800-C-20260727
2026-07-27,ES,20260918,5800,P,85.25,86.25,85.75,20031,71603,0.1107,-0.007,ES,CME,snap-20260727-es,ES-20260918-5800-P-20260727
2026-07-27,ES,09/18/2026,5850,Call,85.75,87.00,86.5,10646,41279,0.1116,0.938,ES,CME,snap-20260727-es,ES-20260918-5850-C-20260727
2026-07-27,ES,2026-09-18,5850,P,130.75,132.25,131.5,13012,49337,0.1114,-0.062,ES,CME,snap-20260727-es,ES-20260918-5850-P-20260727
20260727,ES,09/18/26,"5,900.00",C,86.75,88,87.50,12503,46557,0.1128,0.886,ES,CME,snap-20260727-es,ES-20260918-5900-C-20260727
2026-07-27,ES,09/18/26,5900,P,181,183.5,182.25,9255,24593,0.1124,-0.114,ES,CME,snap-20260727-es,ES-20260918-5900-P-20260727
07/27/2026,ES,2026-09-18,5950,C,87.75,88.75,88.25,10496,42994,0.114,0.845,ES,CME,snap-20260727-es,ES-20260918-5950-C-20260727
2026-07-27,ES,20260918,5950,P ,231.5,234.75,233,10784,42313,0.1134,-0.155,ES,CME,snap-20260727-es,ES-20260918-5950-P-20260727
2026-07-27,ES,2026-09-18,6000,C,88.5,89.75,89,9704,26021,0.1152,0.811,ES,CME,snap-20260727-es,ES-20260918-6000-C-20260727
2026-07-27,ES,09/18/2026,6000,P,282,285.75,284,14067,57046,0.1144,-0.189,ES,CME,snap-20260727-es,ES-20260918-6000-P-20260727
07/27/26,ES,09/18/2026,6050,C,89.5,90.75,90,7613,"23,614",0.1164,0.784,ES,CME,snap-20260727-es,ES-20260918-6050-C-20260727
2026-07-27,ES,2026-09-18,"6,050.00",P,332.25,337,334.5,12516,51406,0.1154,-0.216,ES,CME,snap-20260727-es,ES-20260918-6050-P-20260727
07/27/2026,ES,2026-09-18,6100,C,90.5,91.75,91.00,10230,36978,0.12,0.761,ES,CME,snap-20260727-es,ES-20260918-6100-C-20260727
2026-07-27,ES,09/18/2026,6100,P,382.5,388.25,385.5,5931,24201,0.12,-0.239,ES,CME,snap-20260727-es,ES-20260918-6100-P-20260727
20260727,ES,09/18/26,6150,C,91.25,92.75,92,5212,20463,0.1189,0.741,ES,CME,snap-20260727-es,ES-20260918-6150-C-20260727
2026-07-27,ES,09/18/2026,6150,P,433,439.5,436.25,3642,15864,0.1175,-0.259,ES,CME,snap-20260727-es,ES-20260918-6150-P-20260727
07/27/2026,ES,2026-09-18,6200,C,92.25,93.75,93,2680,11950,0.1201,0.725,ES,CME,snap-20260727-es,ES-20260918-6200-C-20260727
2026-07-27,ES,2026-09-18,6200,P,483.25,490.75,487.00,4441,"19,590",0.1185,-0.275,ES,CME,snap-20260727-es,ES-20260918-6200-P-20260727
07/27/2026,ES,20260918,6250,C,93.25,94.5,94,"2,236",7457,0.1213,0.71,ES,CME,snap-20260727-es,ES-20260918-6250-C-20260727
07/27/2026,ES,09/18/26,6250,P,533.5,542,537.75,950,3496,0.1195,-0.29,ES,CME,snap-20260727-es,ES-20260918-6250-P-20260727
2026-07-27,ES,09/18/2026,"6,300.00",C,94,95.50,94.75,1221,3779,0.1225,0.697,ES,CME,snap-20260727-es,ES-20260918-6300-C-20260727
2026-07-27,ES,2026-09-18,6300,P,583.75,593.25,588.5,1242,5083,0.1205,-0.303,ES,CME,snap-20260727-es,ES-20260918-6300-P-20260727
07/27/2026,ES,10/16/2026,5300,C,614.5,626,620.25,803,3265,0.1207,0.695,ES,CME,snap-20260727-es,ES-20261016-5300-C-20260727
20260727,ES,2026-10-16,5300,P,120.25,122.5,121.5,846,3112,0.1269,-0.305,ES,CME,snap-20260727-es,ES-20261016-5300-P-20260727
20260727,ES,10/16/26,5350,C,564.25,574.25,569.25,1046,3201,0.1197,0.707,ES,CME,snap-20260727-es,ES-20261016-5350-C-20260727
2026-07-27,ES,2026-10-16,5350,P,118.75,121.00,120,909,3018,0.1253,-0.293,ES,CME,snap-20260727-es,ES-20261016-5350-P-20260727
2026-07-27,ES,10/16/26,5400,C,513.75,522.75,518.25,4397,15096,0.1187,0.722,ES,CME,snap-20260727-es,ES-20261016-5400-C-20260727
07/27/2026,ES,10/16/2026,5400,P,117.25,119.25,118.25,3192,8168,0.1236,-0.278,ES,CME,snap-20260727-es,ES-20261016-5400-P-20260727
20260727,ES,2026-10-16,"5,450.00",C,463.25,471.25,467.25,4429,19784,0.1177,0.738,ES,CME,snap-20260727-es,ES-20261016-5450-C-20260727
2026-07-27,ES,2026-10-16,"5,450.00",P,115.75,117.75,116.75,4833,16303,0.122,-0.262,ES,CME,snap-20260727-es,ES-20261016-5450-P-20260727
2026-07-27,ES,10/16/2026,5500,Call,413,420,416.5,3345,12303,0.1166,0.757,ES,CME,snap-20260727-es,ES-20261016-5500-C-20260727
2026-07-27,ES,10/16/2026,5500,Call,413,420,416.5,3345,12303,0.1166,0.757,ES,CME,snap-20260727-es-retry,ES-20261016-5500-C-20260727
2026-07-27,ES,2026-10-16,5500,P,114.25,116.25,115.25,8588,44491,0.1204,-0.243,ES,CME,snap-20260727-es,ES-20261016-5500-P-20260727
2026-07-27,ES,2026-10-16,5550,C,362.50,368.5,365.5,5597,14394,0.1156,0.779,ES,CME,snap-20260727-es,ES-20261016-5550-C-20260727
07/27/2026,es,20261016,5550,P,112.75,114.5,113.5,7115,32457,0.1188,-0.221,ES,CME,snap-20260727-es,ES-20261016-5550-P-20260727
2026-07-27,ES,2026-10-16,5600,C,312,317,314.5,13826,37275,0.1146,0.806,ES,CME,snap-20260727-es,ES-20261016-5600-C-20260727
2026-07-27,ES,2026-10-16,5600,P,111.25,113.00,112,15304,53009,0.1171,-0.194,ES,CME,snap-20260727-es,ES-20261016-5600-P-20260727
20260727,ES,2026-10-16,5650,C,261.5,265.5,263.5,4167,12328,0.1136,0.838,ES,CME,snap-20260727-es,ES-20261016-5650-C-20260727
2026-07-27,ES,2026-10-16,5650,P,109.75,111.5,110.5,5392,21343,0.1155,-0.162,ES,CME,snap-20260727-es,ES-20261016-5650-P-20260727
07/27/2026,ES,10/16/2026,5700,C,211,214.25,212.5,10819,"49,340",0.11,0.877,ES,CME,snap-20260727-es,ES-20261016-5700-C-20260727
2026-07-27,ES,10/16/26,5700,P,108.25,109.75,109,10473,31595,0.1139,-0.123,ES,CME,snap-20260727-es,ES-20261016-5700-P-20260727
2026-07-27,ES,20261016,5750,C,160.25,162.75,161.5,7383,25357,0.1116,0.927,ES,CME,snap-20260727-es,ES-20261016-5750-C-20260727
2026-07-27,ES,2026-10-16,5750,put,106.75,108.25,107.50,7778,28507,0.1123,-0.073,ES,CME,snap-20260727-es,ES-20261016-5750-P-20260727
2026-07-27,ES,20261016,5800,C,109.75,111.5,110.5,15146,59618,0.1106,0.993,ES,CME,snap-20260727-es,ES-20261016-5800-C-20260727
07/27/2026,ES,2026-10-16,5800,P,105,106.75,106,24144,130650,0.1107,-0.007,ES,CME,snap-20260727-es,ES-20261016-5800-P-20260727
2026-07-27,ES,20261016,5850,C,106,107.5,106.75,6576,21438,0.1116,0.938,ES,CME,snap-20260727-es,ES-20261016-5850-C-20260727
20260727,ES,10/16/26,5850,P,150.75,153,152,12489,63649,0.1114,-0.062,ES,CME,snap-20260727-es,ES-20261016-5850-P-20260727
07/27/2026,ES,2026-10-16,5900,C,107.25,108.75,108.00,13892,51903,0.1128,0.89,ES,CME,snap-20260727-es,ES-20261016-5900-C-20260727
07/27/2026,ES,2026-10-16,5900,C,107.25,108.75,108.00,13892,51903,0.1128,0.89,ES,CME,snap-20260727-es-retry,ES-20261016-5900-C-20260727
2026-07-27,ES,2026-10-16,5900,P,201.25,204.5,203,18175,85318,0.1124,-0.114,ES,CME,snap-20260727-es,ES-20261016-5900-P-20260727
2026-07-27,ES,2026-10-16,5950,C,108.25,110,109,11146,36737,0.114,0.845,ES,CME,snap-20260727-es,ES-20261016-5950-C-20260727
2026-07-27,ES,10/16/2026,5950,put,251.75,255.75,253.75,11206,36370,0.1134,-0.155,ES,CME,snap-20260727-es,ES-20261016-5950-P-20260727
2026-07-27,es,2026-10-16,6000,Call,109.50,111.25,110.5,8585,40977,0.1152,0.811,ES,CME,snap-20260727-es,ES-20261016-6000-C-20260727
2026-07-27,ES,2026-10-16,6000,P,302.25,307.25,304.75,15267,38917,0.1144,-0.19,ES,CME,snap-20260727-es,ES-20261016-6000-P-20260727
2026-07-27,ES,2026-10-16,"6,050.00",C,110.5,112.25,111.5,5406,14949,0.1164,0.784,ES,CME,snap-20260727-es,ES-20261016-6050-C-20260727
2026-07-27,ES,2026-10-16,6050,P,352.75,358.75,355.75,5156,19042,0.1154,-0.216,ES,CME,snap-20260727-es,ES-20261016-6050-P-20260727
07/27/2026,es,10/16/2026,6100,Call,111.75,113.50,112.5,8612,23730,0.1176,0.761,ES,CME,snap-20260727-es,ES-20261016-6100-C-20260727
07/27/2026,ES,2026-10-16,6100,P,403.25,410,406.5,"5,680",14754,0.1165,-0.239,ES,CME,snap-20260727-es,ES-20261016-6100-P-20260727
2026-07-27,ES,2026-10-16,6150,C,112.75,114.75,113.75,4140,18424,0.1189,0.741,ES,CME,snap-20260727-es,ES-20261016-6150-C-20260727
2026-07-27,es,2026-10-16,6150,P,453.75,461.5,457.5,4484,12344,0.1175,-0.259,ES,CME,snap-20260727-es,ES-20261016-6150-P-20260727
07/27/2026,ES,2026-10-16,6200,C,114,116,115,2619,11592,0.1201,0.725,ES,CME,snap-20260727-es,ES-20261016-6200-C-20260727
07/27/2026,ES,10/16/26,6200,put,504.25,513,508.5,4297,18046,0.1185,-0.275,ES,CME,snap-20260727-es,ES-20261016-6200-P-20260727
2026-07-27,es,2026-10-16,6250,C,115,117.00,116,816,"2,163",0.1213,0.71,ES,CME,snap-20260727-es,ES-20261016-6250-C-20260727
07/27/2026,ES,10/16/2026,6250,P,554.5,564.5,559.5,738,"3,888",0.1195,-0.29,ES,CME,snap-20260727-es,ES-20261016-6250-P-20260727
20260727,ES,2026-10-16,6300,C,116.25,118.25,117.25,445,1794,0.1225,0.697,ES,CME,snap-20260727-es,ES-20261016-6300-C-20260727
2026-07-27,ES,20261016,6300,P,605,616.00,610.5,389,1637,0.12,-0.303,ES,CME,snap-20260727-es,ES-20261016-6300-P-20260727
2026-07-27,ES,2026-12-18,5300,C,651,666.5,658.75,354,805,0.1207,0.695,ES,CME,snap-20260727-es,ES-20261218-5300-C-20260727
2026-07-27,ES,2026-12-18,5300,P,160,163.75,162.00,185,496,0.1269,-0.305,ES,CME,snap-20260727-es,ES-20261218-5300-P-20260727
20260727,ES,12/18/2026,5350,C,600.5,614.5,607.5,383,1221,0.1197,0.707,ES,CME,snap-20260727-es,ES-20261218-5350-C-20260727
07/27/2026,ES,2026-12-18,5350,put,158.00,161.75,160,308,933,0.1253,-0.293,ES,CME,snap-20260727-es,ES-20261218-5350-P-20260727
2026-07-27,ES,2026-12-18,5400,C,549.75,562.5,556.00,"2,106",8098,0.1187,0.722,ES,CME,snap-20260727-es,ES-20261218-5400-C-20260727
07/27/2026,ES,20261218,5400,P,156,159.50,157.75,1047,5095,0.1236,-0.278,ES,CME,snap-20260727-es,ES-20261218-5400-P-20260727
2026-07-27,ES,20261218,"5,450.00",C,499.25,510.5,505,2055,8519,0.1177,0.738,ES,CME,snap-20260727-es,ES-20261218-5450-C-20260727
20260727,es,12/18/2026,5450,P,154,157.5,155.75,1993,10575,0.122,-0.262,ES,CME,snap-20260727-es,ES-20261218-5450-P-20260727
20260727,ES,12/18/2026,"5,500.00",C,448.5,458.5,453.5,3110,9138,0.1166,0.757,ES,CME,snap-20260727-es,ES-20261218-5500-C-20260727
20260727,ES,12/18/2026,"5,500.00",C,448.5,458.5,453.5,3110,9138,0.1166,0.757,ES,CME,snap-20260727-es-retry,ES-20261218-5500-C-20260727
20260727,ES,12/18/2026,5500,P,152.00,155.25,153.5,2666,11546,0.1204,-0.243,ES,CME,snap-20260727-es,ES-20261218-5500-P-20260727
2026-07-27,ES,2026-12-18,5550,Call,398,406.75,402.50,3336,10289,0.1156,0.779,ES,CME,snap-20260727-es,ES-20261218-5550-C-20260727
20260727,ES,2026-12-18,5550,P,150.00,153.25,151.5,3792,"15,871",0.1188,-0.221,ES,CME,snap-20260727-es,ES-20261218-5550-P-20260727
20260727,ES,2026-12-18,5600,C,347.25,354.75,351,5458,19038,0.1146,0.806,ES,CME,snap-20260727-es,ES-20261218-5600-C-20260727
07/27/26,ES,12/18/26,"5,600.00",P,148,151,149.5,5751,15458,0.1171,-0.194,ES,CME,snap-20260727-es,ES-20261218-5600-P-20260727
2026-07-27,ES,12/18/26,5650,Call,296.5,303,299.75,3745,13016,0.1136,0.838,ES,CME,snap-20260727-es,ES-20261218-5650-C-20260727
07/27/26,ES,2026-12-18,5650,P,145.75,149,147.5,"6,164",20235,0.1155,-0.162,ES,CME,snap-20260727-es,ES-20261218-5650-P-20260727
2026-07-27,ES,2026-12-18,5700,C,246,251,248.5,2922,8669,0.1126,0.877,ES,CME,snap-20260727-es,ES-20261218-5700-C-20260727
2026-07-27,ES,2026-12-18,5700,P,143.75,146.75,145.25,4818,13089,0.1139,-0.123,ES,CME,snap-20260727-es,ES-20261218-5700-P-20260727
2026-07-27,ES,12/18/2026,5750,Call,195.25,199.25,197.25,3817,9953,0.11,0.927,ES,CME,snap-20260727-es,ES-20261218-5750-C-20260727
2026-07-27,ES,20261218,5750,P,141.75,144.75,143.25,3688,16133,0.1123,-0.073,ES,CME,snap-20260727-es,ES-20261218-5750-P-20260727
2026-07-27,ES,2026-12-18,5800,C,144.5,147.25,146,3540,15114,0.1106,0.993,ES,CME,snap-20260727-es,ES-20261218-5800-C-20260727
20260727,ES,2026-12-18,5800,Put,139.75,142.5,141,7677,"41,310",0.1107,-0.007,ES,CME,snap-20260727-es,ES-20261218-5800-P-20260727
2026-07-27,ES,2026-12-18,"5,850.00",C,141,143.75,142.50,3707,"10,576",0.1116,0.938,ES,CME,snap-20260727-es,ES-20261218-5850-C-20260727
20260727,ES,12/18/2026,5850,P,185.5,189.25,187.5,6249,28320,0.1114,-0.062,ES,CME,snap-20260727-es,ES-20261218-5850-P-20260727
20260727,ES,2026-12-18,5900,C,142.5,145.5,144,8291,"33,253",0.1128,0.89,ES,CME,snap-20260727-es,ES-20261218-5900-C-20260727
20260727,ES,12/18/26,5900,P,236.25,241.25,238.75,3786,19330,0.1124,-0.114,ES,CME,snap-20260727-es,ES-20261218-5900-P-20260727
07/27/26,ES,2026-12-18,5950,C,144,147,145.5,2509,10909,0.114,0.845,ES,CME,snap-20260727-es,ES-20261218-5950-C-20260727
07/27/2026,ES,20261218,5950,P,287,293,290,4280,19194,0.1134,-0.155,ES,CME,snap-20260727-es,ES-20261218-5950-P-20260727
2026-07-27,ES,2026-12-18,6000,C,145.5,148.50,147,3503,10033,0.1152,0.811,ES,CME,snap-20260727-es,ES-20261218-6000-C-20260727
07/27/2026,ES,12/18/26,6000,P,337.75,345,341.5,5443,15368,0.1144,-0.189,ES,CME,snap-20260727-es,ES-20261218-6000-P-20260727
2026-07-27,ES,20261218,"6,050.00",C,147,150.25,148.5,1940,7333,0.1164,0.784,ES,CME,snap-20260727-es,ES-20261218-6050-C-20260727
20260727,ES,20261218,6050,P,388.25,396.75,392.5,4020,11387,0.1154,-0.22,ES,CME,snap-20260727-es,ES-20261218-6050-P-20260727
2026-07-27,ES,2026-12-18,6100,C,148.5,151.75,150.00,"3,542",12556,0.1176,0.761,ES,CME,snap-20260727-es,ES-20261218-6100-C-20260727
20260727,ES,2026-12-18,"6,100.00",P,439,448.75,444,3559,"15,958",0.1165,-0.239,ES,CME,snap-20260727-es,ES-20261218-6100-P-20260727
07/27/2026,ES,2026-12-18,6150,C,150,153.25,151.5,2497,5995,0.1189,0.741,ES,CME,snap-20260727-es,ES-20261218-6150-C-20260727
07/27/26,ES,20261218,"6,150.00",P,489.5,500.75,495,2247,8580,0.1175,-0.259,ES,CME,snap-20260727-es,ES-20261218-6150-P-20260727
2026-07-27,ES,2026-12-18,6200,Call,151.5,155,153.25,1789,6816,0.1201,0.725,ES,CME,snap-20260727-es,ES-20261218-6200-C-20260727
20260727,es,2026-12-18,"6,200.00",Put,540.25,552.75,546.5,1421,3737,0.1185,-0.275,ES,CME,snap-20260727-es,ES-20261218-6200-P-20260727
2026-07-27,ES,20261218,6250,C,153,156.50,154.75,409,967,0.1213,0.71,ES,CME,snap-20260727-es,ES-20261218-6250-C-20260727
07/27/2026,ES,12/18/2026,6250,P,590.75,604.5,597.5,312,965,0.1195,-0.29,ES,CME,snap-20260727-es,ES-20261218-6250-P-20260727
20260727,ES,2026-12-18,6300,C,154.5,158.25,156.5,334,1329,0.1225,0.697,ES,CME,snap-20260727-es,ES-20261218-6300-C-20260727
2026-07-27,ES,12/18/2026,6300,P,641.5,656.5,649,361,1243,0.1205,-0.303,ES,CME,snap-20260727-es,ES-20261218-6300-P-20260727
2026-07-28,ES,2026-08-21,5400,C,553.25,560.5,557,761,2665,0.1203,0.699,ES,CME,snap-20260728-es,ES-20260821-5400-C-20260728
2026-07-28,ES,20260821,5400,P,66.25,67.25,66.75,871,3575,0.1263,-0.301,ES,CME,snap-20260728-es,ES-20260821-5400-P-20260728
20260728,es,08/21/2026,5450,Call,503,509.75,506.5,3131,7117,0.1193,0.712,ES,CME,snap-20260728-es,ES-20260821-5450-C-20260728
20260728,ES,2026-08-21,5450,P,65.5,66.25,66,1658,8477,0.1247,-0.288,ES,CME,snap-20260728-es,ES-20260821-5450-P-20260728
07/28/26,ES,2026-08-21,5500,C,453,458.75,456,7359,25094,0.1183,0.727,ES,CME,snap-20260728-es,ES-20260821-5500-C-20260728
07/28/2026,ES,08/21/26,5500,P,64.75,65.5,65,4789,18321,0.1231,-0.273,ES,CME,snap-20260728-es,ES-20260821-5500-P-20260728
20260728,ES,2026-08-21,5550,C,402.75,407.75,405.25,8539,20656,0.1173,0.744,ES,CME,snap-20260728-es,ES-20260821-5550-C-20260728
07/28/2026,ES,20260821,5550,P,63.75,64.75,64.25,5620,15505,0.1215,-0.256,ES,CME,snap-20260728-es,ES-20260821-5550-P-20260728
2026-07-28,ES,2026-08-21,5600,C,352.75,357,355,10610,26941,0.1163,0.764,ES,CME,snap-20260728-es,ES-20260821-5600-C-20260728
2026-07-28,ES,08/21/2026,"5,600.00",P,63,63.75,63.5,7754,39130,0.1199,-0.236,ES,CME,snap-20260728-es,ES-20260821-5600-P-20260728
2026-07-28,ES,2026-08-21,5650,C,302.5,306,304.25,11397,54198,0.12,0.787,ES,CME,snap-20260728-es,ES-20260821-5650-C-20260728
07/28/2026,ES,08/21/2026,5650,P,62.25,63.00,62.5,"14,291",37613,0.1183,-0.213,ES,CME,snap-20260728-es,ES-20260821-5650-P-20260728
07/28/2026,ES,2026-08-21,5700,C,252.25,255.25,253.75,17018,72253,0.1143,0.814,ES,CME,snap-20260728-es,ES-20260821-5700-C-20260728
2026-07-28,ES,2026-08-21,5700,P,61.25,62,61.5,21510,61969,0.1167,-0.186,ES,CME,snap-20260728-es,ES-20260821-5700-P-20260728
2026-07-28,ES,2026-08-21,5750,C,202,204.25,203.00,8273,20227,0.1133,0.848,ES,CME,snap-20260728-es,ES-20260821-5750-C-20260728
07/28/26,ES,08/21/2026,5750,P,60.5,61.25,61,15588,50874,0.1151,-0.152,ES,CME,snap-20260728-es,ES-20260821-5750-P-20260728
07/28/2026,ES,20260821,5800,C,151.75,153.5,152.5,14867,38896,0.11,0.889,ES,CME,snap-20260728-es,ES-20260821-5800-C-20260728
2026-07-28,ES,2026-08-21,"5,800.00",P,59.75,60.25,60,12205,31711,0.11,-0.111,ES,CME,snap-20260728-es,ES-20260821-5800-P-20260728
2026-07-28,ES,08/21/2026,5850,C,101.5,102.75,102.00,19535,82931,0.1114,0.942,ES,CME,snap-20260728-es,ES-20260821-5850-C-20260728
2026-07-28,ES,2026-08-21,5850,P,58.75,59.5,59,13065,70108,0.1119,-0.058,ES,CME,snap-20260728-es,ES-20260821-5850-P-20260728
20260728,ES,2026-08-21,5900,C,58.25,58.75,58.5,30502,106459,0.1107,0.99,ES,CME,snap-20260728-es,ES-20260821-5900-C-20260728
2026-07-28,ES,2026-08-21,5900,P,65,65.50,65.25,12499,"59,709",0.1106,-0.01,ES,CME,snap-20260728-es,ES-20260821-5900-P-20260728
07/28/2026,ES,2026-08-21,5950,Call,58.75,59.5,59,18432,59001,0.1119,0.926,ES,CME,snap-20260728-es,ES-20260821-5950-C-20260728
20260728,ES,20260821,5950,P,115.25,116.5,116,16503,42997,0.1116,-0.07,ES,CME,snap-20260728-es,ES-20260821-5950-P-20260728
2026-07-28,ES,2026-08-21,6000,Call,59.5,60,59.75,14889,67126,0.113,0.877,ES,CME,snap-20260728-es,ES-20260821-6000-C-20260728
07/28/2026,ES,08/21/2026,6000,P,165.5,167.25,166.5,31022,"87,824",0.1126,-0.123,ES,CME,snap-20260728-es,ES-20260821-6000-P-20260728
07/28/26,ES,2026-08-21,6050,Call,60,60.75,60.5,12401,35395,0.1142,0.838,ES,CME,snap-20260728-es,ES-20260821-6050-C-20260728
2026-07-28,ES,08/21/26,6050,P,215.75,218,217,17906,50575,0.1136,-0.16,ES,CME,snap-20260728-es,ES-20260821-6050-P-20260728
2026-07-28,ES,20260821,6100,C,60.75,61.5,61.00,12470,41880,0.1154,0.806,ES,CME,snap-20260728-es,ES-20260821-6100-C-20260728
07/28/2026,ES,08/21/2026,6100,P,265.75,269,267.5,20662,86189,0.1146,-0.194,ES,CME,snap-20260728-es,ES-20260821-6100-P-20260728
07/28/26,ES,2026-08-21,6150,C,61.25,62,61.5,13199,53596,0.1166,0.78,ES,CME,snap-20260728-es,ES-20260821-6150-C-20260728
07/28/2026,ES,2026-08-21,6150,put,316,319.75,318,4959,25266,0.1156,-0.22,ES,CME,snap-20260728-es,ES-20260821-6150-P-20260728
2026-07-28,ES,2026-08-21,6200,C,62,62.75,62.5,"6,184","15,250",0.1178,0.76,ES,CME,snap-20260728-es,ES-20260821-6200-C-20260728
2026-07-28,ES,2026-08-21,6200,put,366.25,370.75,368.5,6629,26556,0.1166,-0.242,ES,CME,snap-20260728-es,ES-20260821-6200-P-20260728
2026-07-28,ES,2026-08-21,6250,C,62.5,63.25,63,5581,26134,0.119,0.739,ES,CME,snap-20260728-es,ES-20260821-6250-C-20260728
20260728,ES,2026-08-21,6250,P,416.25,421.50,419,5493,19462,0.1176,-0.261,ES,CME,snap-20260728-es,ES-20260821-6250-P-20260728
2026-07-28,ES,2026-08-21,6300,C,63.25,64,63.50,3441,11883,0.1202,0.723,ES,CME,snap-20260728-es,ES-20260821-6300-C-20260728
2026-07-28,ES,08/21/26,6300,P,466.5,472.5,469.5,6959,"23,557",0.1186,-0.277,ES,CME,snap-20260728-es,ES-20260821-6300-P-20260728
20260728,ES,2026-08-21,6350,C,63.75,64.5,64,2249,5662,0.1214,0.709,ES,CME,snap-20260728-es,ES-20260821-6350-C-20260728
20260728,ES,2026-08-21,"6,350.00",P,516.5,523.5,520,"1,052",5286,0.1196,-0.291,ES,CME,snap-20260728-es,ES-20260821-6350-P-20260728
2026-07-28,ES,2026-08-21,6400,C,64.5,65.25,65,1327,4806,0.1226,0.696,ES,CME,snap-20260728-es,ES-20260821-6400-C-20260728
07/28/2026,ES,20260821,6400,P,566.75,574.25,570.5,1411,5959,0.1206,-0.304,ES,CME,snap-20260728-es,ES-20260821-6400-P-20260728
2026-07-28,ES,20260828,5400,C,561.5,569.5,565.5,982,2993,0.1203,0.699,ES,CME,snap-20260728-es,ES-20260828-5400-C-20260728
2026-07-28,ES,08/28/26,5400,P,75.5,76.50,76,580,"2,060",0.1263,-0.301,ES,CME,snap-20260728-es,ES-20260828-5400-P-20260728
2026-07-28,ES,20260828,5450,Call,511.5,518.5,515,1292,5909,0.1193,0.712,ES,CME,snap-20260728-es,ES-20260828-5450-C-20260728
07/28/26,ES,20260828,5450,P,74.5,75.5,75,2590,13390,0.1247,-0.288,ES,CME,snap-20260728-es,ES-20260828-5450-P-20260728
2026-07-28,ES,20260828,5500,Call,461.25,467.5,464.5,5056,"18,551",0.1183,0.727,ES,CME,snap-20260728-es,ES-20260828-5500-C-20260728
2026-07-28,ES,2026-08-28,5500,P,73.5,74.5,74,3783,13163,0.1231,-0.273,ES,CME,snap-20260728-es,ES-20260828-5500-P-20260728
07/28/2026,ES,08/28/2026,5550,C,411,416.5,413.75,5073,11559,0.1173,0.744,ES,CME,snap-20260728-es,ES-20260828-5550-C-20260728
2026-07-28,ES,08/28/26,"5,550.00",P,72.50,73.5,73,4533,"20,925",0.1215,-0.256,ES,CME,snap-20260728-es,ES-20260828-5550-P-20260728
07/28/26,es,2026-08-28,5600,C,361,365.5,363.25,6405,27806,0.1163,0.76,ES,CME,snap-20260728-es,ES-20260828-5600-C-20260728
2026-07-28,ES,2026-08-28,5600,P,71.5,72.5,72,12705,63974,0.1199,-0.236,ES,CME,snap-20260728-es,ES-20260828-5600-P-20260728
2026-07-28,ES,2026-08-28,5650,C,310.75,314.5,312.5,9300,21168,0.1153,0.787,ES,CME,snap-20260728-es,ES-20260828-5650-C-20260728
2026-07-28,es,20260828,5650,P,70.75,71.5,71,9075,"48,328",0.1183,-0.213,ES,CME,snap-20260728-es,ES-20260828-5650-P-20260728
2026-07-28,ES,2026-08-28,5700,C,260.5,263.5,262,6868,20717,0.1143,0.814,ES,CME,snap-20260728-es,ES-20260828-5700-C-20260728
07/28/2026,ES,2026-08-28,5700,put,69.75,70.5,70,23676,80908,0.12,-0.186,ES,CME,snap-20260728-es,ES-20260828-5700-P-20260728
20260728,es,08/28/2026,5750,C,210.25,212.5,211.5,10148,23392,0.1133,0.848,ES,CME,snap-20260728-es,ES-20260828-5750-C-20260728
2026-07-28,ES,2026-08-28,5750,P,68.75,69.5,69,"15,719","47,275",0.1151,-0.152,ES,CME,snap-20260728-es,ES-20260828-5750-P-20260728
20260728,ES,20260828,5800,C,160,161.75,161,"19,954",56196,0.1124,0.889,ES,CME,snap-20260728-es,ES-20260828-5800-C-20260728
2026-07-28,ES,2026-08-28,5800,P ,67.75,68.5,68,18221,58069,0.1135,-0.111,ES,CME,snap-20260728-es,ES-20260828-5800-P-20260728
2026-07-28,ES,2026-08-28,5850,C,109.5,110.75,110,22004,92065,0.1114,0.942,ES,CME,snap-20260728-es,ES-20260828-5850-C-20260728
2026-07-28,ES,20260828,"5,850.00",put,67,67.5,67.25,8372,32379,0.1119,-0.058,ES,CME,snap-20260728-es,ES-20260828-5850-P-20260728
07/28/2026,ES,2026-08-28,5900,C,66.25,66.75,66.5,20968,85733,0.1107,0.99,ES,CME,snap-20260728-es,ES-20260828-5900-C-20260728
2026-07-28,ES,2026-08-28,"5,900.00",P,72.75,73.75,73.25,20221,75701,0.11,-0.01,ES,CME,snap-20260728-es,ES-20260828-5900-P-20260728
2026-07-28,ES,2026-08-28,5950,C,66.75,67.5,67,"12,031",29342,0.1119,0.926,ES,CME,snap-20260728-es,ES-20260828-5950-C-20260728
2026-07-28,ES,20260828,5950,P,123.25,124.5,124,10458,29576,0.1116,-0.074,ES,CME,snap-20260728-es,ES-20260828-5950-P-20260728
2026-07-28,ES,08/28/2026,6000,C,67.5,68.25,68,13943,41807,0.11,0.877,ES,CME,snap-20260728-es,ES-20260828-6000-C-20260728
2026-07-28,ES,08/28/2026,6000,P,173.5,175.5,174.5,14987,46378,0.1126,-0.123,ES,CME,snap-20260728-es,ES-20260828-6000-P-20260728
07/28/2026,ES,2026-08-28,6050,C,68.25,69,68.5,7836,32974,0.1142,0.838,ES,CME,snap-20260728-es,ES-20260828-6050-C-20260728
2026-07-28,es,20260828,6050,P ,223.75,226.25,225,"20,060",94968,0.1136,-0.162,ES,CME,snap-20260728-es,ES-20260828-6050-P-20260728
20260728,ES,2026-08-28,6100,C,69,69.75,69.5,13208,51130,0.1154,0.806,ES,CME,snap-20260728-es,ES-20260828-6100-C-20260728
07/28/2026,ES,20260828,6100,P,274,277.25,275.5,17804,53585,0.1146,-0.194,ES,CME,snap-20260728-es,ES-20260828-6100-P-20260728
07/28/2026,ES,08/28/26,6150,C,69.75,70.5,70,4411,20630,0.1166,0.78,ES,CME,snap-20260728-es,ES-20260828-6150-C-20260728
2026-07-28,ES,2026-08-28,6150,P,324.25,328.25,326.25,6389,32598,0.12,-0.22,ES,CME,snap-20260728-es,ES-20260828-6150-P-20260728
07/28/2026,ES,2026-08-28,6200,C,70.25,71.25,70.75,8758,"20,393",0.1178,0.758,ES,CME,snap-20260728-es,ES-20260828-6200-C-20260728
07/28/2026,ES,08/28/2026,"6,200.00",P,374.5,379.25,377,9294,37946,0.1166,-0.242,ES,CME,snap-20260728-es,ES-20260828-6200-P-20260728
2026-07-28,ES,2026-08-28,6250,C,71,72,71.5,6966,31277,0.119,0.739,ES,CME,snap-20260728-es,ES-20260828-6250-C-20260728
2026-07-28,es,2026-08-28,6250,P,424.75,430.25,427.5,3840,19939,0.1176,-0.261,ES,CME,snap-20260728-es,ES-20260828-6250-P-20260728
20260728,ES,2026-08-28,6300,C,71.75,72.75,72.25,3257,14621,0.1202,0.723,ES,CME,snap-20260728-es,ES-20260828-6300-C-20260728
2026-07-28,ES,2026-08-28,6300,P,474.75,481.25,478,5214,17587,0.1186,-0.277,ES,CME,snap-20260728-es,ES-20260828-6300-P-20260728
2026-07-28,es,2026-08-28,6350,Call,72.5,73.5,73,1207,"4,415",0.1214,0.709,ES,CME,snap-20260728-es,ES-20260828-6350-C-20260728
07/28/2026,ES,08/28/2026,6350,P,525,532.25,528.5,1186,4381,0.1196,-0.29,ES,CME,snap-20260728-es,ES-20260828-6350-P-20260728
20260728,ES,2026-08-28,6400,C,73.25,74.25,73.75,971,3166,0.1226,0.696,ES,CME,snap-20260728-es,ES-20260828-6400-C-20260728
20260728,ES,2026-08-28,6400,P,575.25,583.25,579.25,1628,6911,0.1206,-0.304,ES,CME,snap-20260728-es,ES-20260828-6400-P-20260728
2026-07-28,ES,09/18/26,5400,C,582.25,591.50,587,1020,3752,0.1203,0.699,ES,CME,snap-20260728-es,ES-20260918-5400-C-20260728
2026-07-28,ES,2026-09-18,5400,P ,97.5,99,98.25,1078,5260,0.1263,-0.301,ES,CME,snap-20260728-es,ES-20260918-5400-P-20260728
07/28/26,ES,2026-09-18,5450,C,532,540.25,536,1579,"4,883",0.1193,0.712,ES,CME,snap-20260728-es,ES-20260918-5450-C-20260728
07/28/2026,ES,2026-09-18,5450,P,96.25,97.75,97,2278,11901,0.1247,-0.288,ES,CME,snap-20260728-es,ES-20260918-5450-P-20260728
2026-07-28,ES,09/18/2026,5500,C,481.75,489,485.5,6403,17890,0.12,0.727,ES,CME,snap-20260728-es,ES-20260918-5500-C-20260728
2026-07-28,ES,2026-09-18,5500,P,95,96.5,95.75,4953,19735,0.1231,-0.273,ES,CME,snap-20260728-es,ES-20260918-5500-P-20260728
20260728,es,2026-09-18,"5,550.00",C,431.50,437.75,434.5,5617,19333,0.1173,0.744,ES,CME,snap-20260728-es,ES-20260918-5550-C-20260728
2026-07-28,ES,2026-09-18,5550,P,94,95.25,94.5,"4,654",22737,0.1215,-0.256,ES,CME,snap-20260728-es,ES-20260918-5550-P-20260728
2026-07-28,ES,2026-09-18,5600,C,381,386.5,383.75,12768,30952,0.1163,0.764,ES,CME,snap-20260728-es,ES-20260918-5600-C-20260728
2026-07-28,ES,09/18/2026,5600,P,92.75,94.00,93.50,9966,30440,0.1199,-0.236,ES,CME,snap-20260728-es,ES-20260918-5600-P-20260728
2026-07-28,ES,2026-09-18,"5,650.00",Call,330.75,335.25,333,6904,30808,0.1153,0.787,ES,CME,snap-20260728-es,ES-20260918-5650-C-20260728
2026-07-28,es,2026-09-18,5650,P,91.5,92.75,92,13171,38064,0.1183,-0.213,ES,CME,snap-20260728-es,ES-20260918-5650-P-20260728
2026-07-28,ES,20260918,5700,C,280.25,284.25,282.25,16441,50141,0.1143,0.814,ES,CME,snap-20260728-es,ES-20260918-5700-C-20260728
2026-07-28,ES,2026-09-18,5700,put,90.25,91.5,91,12997,48001,0.1167,-0.186,ES,CME,snap-20260728-es,ES-20260918-5700-P-20260728
2026-07-28,ES,2026-09-18,5750,C,230,233,231.5,7162,22742,0.1133,0.848,ES,CME,snap-20260728-es,ES-20260918-5750-C-20260728
2026-07-28,ES,09/18/2026,5750,P,89,90.25,89.5,10840,42621,0.1151,-0.152,ES,CME,snap-20260728-es,ES-20260918-5750-P-20260728
2026-07-28,ES,20260918,5800,C,179.5,182,180.75,18096,86381,0.1124,0.889,ES,CME,snap-20260728-es,ES-20260918-5800-C-20260728
2026-07-28,ES,2026-09-18,5800,P,87.75,89,88.5,18774,"54,513",0.1135,-0.111,ES,CME,snap-20260728-es,ES-20260918-5800-P-20260728
07/28/2026,ES,2026-09-18,5850,C,129.25,130.75,130,9858,36505,0.1114,0.942,ES,CME,snap-20260728-es,ES-20260918-5850-C-20260728
07/28/2026,es,2026-09-18,5850,P ,86.5,87.75,87,14312,77771,0.1119,-0.058,ES,CME,snap-20260728-es,ES-20260918-5850-P-20260728
07/28/2026,ES,2026-09-18,"5,900.00",C,85.5,86.75,86,29335,105624,0.1107,0.99,ES,CME,snap-20260728-es,ES-20260918-5900-C-20260728
07/28/26,es,20260918,5900,P,92.25,93.5,93,19857,70431,0.1106,-0.01,ES,CME,snap-20260728-es,ES-20260918-5900-P-20260728
07/28/2026,ES,09/18/2026,5950,C,86.5,87.75,87,11740,54963,0.1119,0.93,ES,CME,snap-20260728-es,ES-20260918-5950-C-20260728
07/28/2026,ES,2026-09-18,5950,P,142.75,144.5,143.5,15416,50268,0.1116,-0.074,ES,CME,snap-20260728-es,ES-20260918-5950-P-20260728
2026-07-28,ES,2026-09-18,6000,C,87.5,88.5,88,21219,79283,0.11,0.877,ES,CME,snap-20260728-es,ES-20260918-6000-C-20260728
07/28/2026,ES,2026-09-18,6000,P,193.25,195.75,194.5,17239,76209,0.1126,-0.123,ES,CME,snap-20260728-es,ES-20260918-6000-P-20260728
2026-07-28,ES,2026-09-18,6050,C,88.25,89.5,89,6573,24521,0.1142,0.838,ES,CME,snap-20260728-es,ES-20260918-6050-C-20260728
2026-07-28,ES,09/18/26,6050,P,243.5,246.75,245,14826,67707,0.1136,-0.162,ES,CME,snap-20260728-es,ES-20260918-6050-P-20260728
2026-07-28,ES,2026-09-18,6100,C,89.25,90.50,90,17674,65505,0.1154,0.806,ES,CME,snap-20260728-es,ES-20260918-6100-C-20260728
07/28/2026,ES,20260918,"6,100.00",P,294,298,296,19961,61784,0.1146,-0.194,ES,CME,snap-20260728-es,ES-20260918-6100-P-20260728
07/28/2026,ES,2026-09-18,6150,C,90.25,91.5,91.00,10182,24051,0.1166,0.78,ES,CME,snap-20260728-es,ES-20260918-6150-C-20260728
2026-07-28,ES,2026-09-18,6150,P,344.25,349.25,346.75,10799,"39,718",0.1156,-0.22,ES,CME,snap-20260728-es,ES-20260918-6150-P-20260728
07/28/26,ES,2026-09-18,6200,C,91,92.5,91.75,7863,27140,0.1178,0.758,ES,CME,snap-20260728-es,ES-20260918-6200-C-20260728
07/28/2026,ES,2026-09-18,6200,P,394.75,400.5,397.5,12610,32514,0.1166,-0.242,ES,CME,snap-20260728-es,ES-20260918-6200-P-20260728
07/28/2026,es,2026-09-18,6250,C,92,93.25,92.5,3190,12945,0.119,0.739,ES,CME,snap-20260728-es,ES-20260918-6250-C-20260728
07/28/2026,ES,2026-09-18,6250,P,445,451.5,448.25,"5,528","29,546",0.1176,-0.261,ES,CME,snap-20260728-es,ES-20260918-6250-P-20260728
07/28/26,ES,09/18/2026,6300,Call,92.75,94.25,93.5,1926,7909,0.1202,0.723,ES,CME,snap-20260728-es,ES-20260918-6300-C-20260728
20260728,ES,2026-09-18,6300,P,495.25,502.75,499,"4,002",15576,0.1186,-0.277,ES,CME,snap-20260728-es,ES-20260918-6300-P-20260728
2026-07-28,ES,09/18/2026,6350,C,93.75,95.25,94.5,950,4053,0.1214,0.709,ES,CME,snap-20260728-es,ES-20260918-6350-C-20260728
07/28/26,ES,2026-09-18,6350,P,545.5,554,549.75,1467,7324,0.1196,-0.291,ES,CME,snap-20260728-es,ES-20260918-6350-P-20260728
07/28/26,ES,20260918,6400,C,94.75,96.25,95.5,1243,"3,713",0.1226,0.696,ES,CME,snap-20260728-es,ES-20260918-6400-C-20260728
2026-07-28,ES,2026-09-18,"6,400.00",P,595.75,605.25,600.5,750,4123,0.12,-0.304,ES,CME,snap-20260728-es,ES-20260918-6400-P-20260728
2026-07-28,ES,2026-10-16,5400,C,604.00,615,609.5,816,1891,0.1203,0.699,ES,CME,snap-20260728-es,ES-20261016-5400-C-20260728
2026-07-28,ES,2026-10-16,5400,P,120.75,123,122,409,1178,0.1263,-0.301,ES,CME,snap-20260728-es,ES-20261016-5400-P-20260728
20260728,ES,20261016,5450,C,553.5,563.5,558.5,1437,5986,0.1193,0.712,ES,CME,snap-20260728-es,ES-20261016-5450-C-20260728
07/28/2026,ES,10/16/2026,5450,P,119.25,121.50,120.5,1330,5726,0.1247,-0.29,ES,CME,snap-20260728-es,ES-20261016-5450-P-20260728
2026-07-28,ES,20261016,5500,C,503,512,507.5,3165,7963,0.1183,0.727,ES,CME,snap-20260728-es,ES-20261016-5500-C-20260728
2026-07-28,ES,20261016,"5,500.00",P,117.75,120,119,3916,10372,0.1231,-0.273,ES,CME,snap-20260728-es,ES-20261016-5500-P-20260728
2026-07-28,ES,2026-10-16,5550,C,452.75,460.5,456.5,5667,27140,0.1173,0.744,ES,CME,snap-20260728-es,ES-20261016-5550-C-20260728
07/28/26,ES,20261016,5550,P,116.25,118.25,117.25,4332,13179,0.1215,-0.256,ES,CME,snap-20260728-es,ES-20261016-5550-P-20260728
20260728,ES,10/16/2026,5600,C,402.25,409,405.5,4378,12702,0.1163,0.764,ES,CME,snap-20260728-es,ES-20261016-5600-C-20260728
2026-07-28,ES,2026-10-16,5600,P,114.75,116.75,115.75,5194,17110,0.1199,-0.236,ES,CME,snap-20260728-es,ES-20261016-5600-P-20260728
2026-07-28,ES,2026-10-16,5650,C,351.75,357.5,354.5,7905,32813,0.12,0.787,ES,CME,snap-20260728-es,ES-20261016-5650-C-20260728
07/28/26,ES,10/16/2026,5650,P,113.25,115.25,114.25,6384,24229,0.1183,-0.213,ES,CME,snap-20260728-es,ES-20261016-5650-P-20260728
2026-07-28,ES,2026-10-16,5700,C,301.25,306,303.5,6156,19218,0.1143,0.814,ES,CME,snap-20260728-es,ES-20261016-5700-C-20260728
2026-07-28,es,2026-10-16,5700,P,111.75,113.5,112.5,15615,68313,0.1167,-0.186,ES,CME,snap-20260728-es,ES-20261016-5700-P-20260728
07/28/26,ES,2026-10-16,"5,750.00",C,250.75,254.75,252.75,12521,36441,0.1133,0.848,ES,CME,snap-20260728-es,ES-20261016-5750-C-20260728
20260728,ES,2026-10-16,5750,P,110.25,112,111,8434,42078,0.1151,-0.15,ES,CME,snap-20260728-es,ES-20261016-5750-P-20260728
20260728,ES,2026-10-16,5800,C,200.25,203.25,201.75,8767,30914,0.1124,0.889,ES,CME,snap-20260728-es,ES-20261016-5800-C-20260728
07/28/26,ES,2026-10-16,"5,800.00",P,108.75,110.5,109.5,"12,406",37429,0.1135,-0.111,ES,CME,snap-20260728-es,ES-20261016-5800-P-20260728
07/28/2026,ES,2026-10-16,5850,C,149.75,152,151,10826,30476,0.1114,0.942,ES,CME,snap-20260728-es,ES-20261016-5850-C-20260728
2026-07-28,ES,10/16/2026,5850,P,107.25,108.75,108,7713,"32,051",0.1119,-0.058,ES,CME,snap-20260728-es,ES-20261016-5850-P-20260728
2026-07-28,ES,2026-10-16,5900,C,106,107.75,107,10470,49038,0.1107,0.99,ES,CME,snap-20260728-es,ES-20261016-5900-C-20260728
2026-07-28,ES,2026-10-16,5900,P,112.75,114.5,113.5,13751,41505,0.1106,-0.01,ES,CME,snap-20260728-es,ES-20261016-5900-P-20260728
2026-07-28,ES,2026-10-16,5950,C,107.25,108.75,108,8023,27625,0.1119,0.926,ES,CME,snap-20260728-es,ES-20261016-5950-C-20260728
2026-07-28,es,10/16/2026,5950,P,163.25,165.75,164.5,13716,43493,0.11,-0.074,ES,CME,snap-20260728-es,ES-20261016-5950-P-20260728
2026-07-28,ES,10/16/2026,6000,C,108.25,110,109.00,8965,32253,0.113,0.88,ES,CME,snap-20260728-es,ES-20261016-6000-C-20260728
2026-07-28,ES,10/16/2026,6000,put,213.75,217.25,215.5,20976,105383,0.1126,-0.123,ES,CME,snap-20260728-es,ES-20261016-6000-P-20260728
2026-07-28,ES,2026-10-16,6050,C,109.5,111.25,110.5,8748,25660,0.1142,0.838,ES,CME,snap-20260728-es,ES-20261016-6050-C-20260728
07/28/2026,ES,2026-10-16,6050,P,264.25,268.5,266.5,10400,51474,0.1136,-0.162,ES,CME,snap-20260728-es,ES-20261016-6050-P-20260728
2026-07-28,ES,10/16/2026,6100,C,110.5,112.25,111.5,"6,207",21888,0.1154,0.806,ES,CME,snap-20260728-es,ES-20261016-6100-C-20260728
07/28/2026,ES,2026-10-16,6100,P,314.75,320,317.5,15392,59673,0.1146,-0.19,ES,CME,snap-20260728-es,ES-20261016-6100-P-20260728
2026-07-28,ES,20261016,6150,Call,111.75,113.5,112.5,4943,14719,0.1166,0.78,ES,CME,snap-20260728-es,ES-20261016-6150-C-20260728
20260728,ES,10/16/26,6150,P,365.25,371.5,368.5,8239,41440,0.1156,-0.22,ES,CME,snap-20260728-es,ES-20261016-6150-P-20260728
07/28/2026,ES,2026-10-16,6200,Call,112.75,114.75,113.75,"3,045",11840,0.1178,0.76,ES,CME,snap-20260728-es,ES-20261016-6200-C-20260728
2026-07-28,ES,2026-10-16,6200,P,415.75,422.75,419.25,8814,45888,0.1166,-0.24,ES,CME,snap-20260728-es,ES-20261016-6200-P-20260728
2026-07-28,ES,20261016,6250,C,114.00,116,115,2930,8782,0.119,0.739,ES,CME,snap-20260728-es,ES-20261016-6250-C-20260728
07/28/2026,ES,10/16/2026,6250,P,466.25,474.25,470.25,5344,21838,0.1176,-0.261,ES,CME,snap-20260728-es,ES-20261016-6250-P-20260728
07/28/2026,ES,2026-10-16,6300,C,115,117,116,1848,5511,0.1202,0.723,ES,CME,snap-20260728-es,ES-20261016-6300-C-20260728
07/28/2026,ES,2026-10-16,6300,C,115,117,116,1848,5511,0.1202,0.723,ES,CME,snap-20260728-es-retry,ES-20261016-6300-C-20260728
07/28/2026,ES,10/16/2026,6300,P,516.75,525.75,521.25,1715,7593,0.1186,-0.277,ES,CME,snap-20260728-es,ES-20261016-6300-P-20260728
07/28/2026,ES,2026-10-16,6350,C,116.25,118.25,117.25,876,4056,0.1214,0.709,ES,CME,snap-20260728-es,ES-20261016-6350-C-20260728
2026-07-28,es,10/16/2026,6350,P,567.25,577.25,572.25,863,3827,0.1196,-0.291,ES,CME,snap-20260728-es,ES-20261016-6350-P-20260728
07/28/2026,ES,2026-10-16,6400,C,117.25,119.5,118.5,606,"1,389",0.1226,0.696,ES,CME,snap-20260728-es,ES-20261016-6400-C-20260728
07/28/26,es,10/16/2026,6400,P ,617.5,628.75,623,1020,5175,0.1206,-0.304,ES,CME,snap-20260728-es,ES-20261016-6400-P-20260728
2026-07-28,ES,12/18/2026,5400,C,641,656,648.5,442,2112,0.1203,0.699,ES,CME,snap-20260728-es,ES-20261218-5400-C-20260728
07/28/26,ES,12/18/2026,5400,P,161.25,165,163,371,1667,0.1263,-0.301,ES,CME,snap-20260728-es,ES-20261218-5400-P-20260728
2026-07-28,ES,20261218,5450,C,590.5,604.00,597.25,755,"2,460",0.1193,0.712,ES,CME,snap-20260728-es,ES-20261218-5450-C-20260728
20260728,ES,2026-12-18,"5,450.00",P,159,162.75,161,484,"2,180",0.1247,-0.29,ES,CME,snap-20260728-es,ES-20261218-5450-P-20260728
07/28/2026,ES,2026-12-18,5500,Call,539.75,552.25,546.00,1652,6845,0.1183,0.727,ES,CME,snap-20260728-es,ES-20261218-5500-C-20260728
2026-07-28,ES,12/18/26,5500,P,157,160.75,159,1365,6000,0.12,-0.273,ES,CME,snap-20260728-es,ES-20261218-5500-P-20260728
20260728,ES,2026-12-18,5550,C,489.25,500.25,494.75,2605,"7,031",0.1173,0.744,ES,CME,snap-20260728-es,ES-20261218-5550-C-20260728
2026-07-28,ES,20261218,5550,P,155,158.50,156.75,2133,9916,0.1215,-0.256,ES,CME,snap-20260728-es,ES-20261218-5550-P-20260728
07/28/2026,ES,2026-12-18,5600,C,438.5,448.25,443.5,2962,14205,0.1163,0.764,ES,CME,snap-20260728-es,ES-20261218-5600-C-20260728
20260728,ES,20261218,"5,600.00",P,153,156.5,154.75,2816,14108,0.1199,-0.236,ES,CME,snap-20260728-es,ES-20261218-5600-P-20260728
07/28/2026,ES,2026-12-18,5650,C,388.00,396.5,392.25,2126,"5,339",0.1153,0.787,ES,CME,snap-20260728-es,ES-20261218-5650-C-20260728
2026-07-28,ES,2026-12-18,5650,P,151,154.25,152.5,4299,23689,0.1183,-0.213,ES,CME,snap-20260728-es,ES-20261218-5650-P-20260728
2026-07-28,ES,2026-12-18,5700,C,337.25,344.5,341,5334,20684,0.1143,0.81,ES,CME,snap-20260728-es,ES-20261218-5700-C-20260728
2026-07-28,ES,12/18/2026,5700,P,149,152.25,150.5,7859,23364,0.1167,-0.186,ES,CME,snap-20260728-es,ES-20261218-5700-P-20260728
2026-07-28,ES,12/18/26,5750,C,286.5,292.5,289.5,3667,9217,0.1133,0.848,ES,CME,snap-20260728-es,ES-20261218-5750-C-20260728
2026-07-28,ES,2026-12-18,5750,P,147,150.25,148.5,2384,12860,0.1151,-0.152,ES,CME,snap-20260728-es,ES-20261218-5750-P-20260728
2026-07-28,ES,12/18/26,5800,C,235.75,240.75,238.25,8101,33269,0.1124,0.889,ES,CME,snap-20260728-es,ES-20261218-5800-C-20260728
07/28/2026,ES,2026-12-18,5800,P,145,148,146.5,10215,"26,253",0.1135,-0.111,ES,CME,snap-20260728-es,ES-20261218-5800-P-20260728
2026-07-28,ES,2026-12-18,5850,Call,185.25,189,187.00,4208,13841,0.1114,0.942,ES,CME,snap-20260728-es,ES-20261218-5850-C-20260728
07/28/26,ES,2026-12-18,5850,P,143,146,144.5,3836,10308,0.11,-0.058,ES,CME,snap-20260728-es,ES-20261218-5850-P-20260728
2026-07-28,ES,20261218,5900,C,141.5,144.25,143,8308,23969,0.1107,0.99,ES,CME,snap-20260728-es,ES-20261218-5900-C-20260728
07/28/2026,ES,12/18/2026,5900,P,148,151,149.5,10984,32421,0.1106,-0.01,ES,CME,snap-20260728-es,ES-20261218-5900-P-20260728
2026-07-28,ES,20261218,"5,950.00",C,143,145.75,144.5,"5,895",20380,0.1119,0.926,ES,CME,snap-20260728-es,ES-20261218-5950-C-20260728
2026-07-28,ES,2026-12-18,5950,P,198.75,203,201,6923,29074,0.1116,-0.074,ES,CME,snap-20260728-es,ES-20261218-5950-P-20260728
07/28/26,es,2026-12-18,6000,C,144.5,147.5,146,7750,30729,0.113,0.877,ES,CME,snap-20260728-es,ES-20261218-6000-C-20260728
2026-07-28,ES,12/18/2026,6000,Put,249.5,254.75,252,9927,52699,0.1126,-0.123,ES,CME,snap-20260728-es,ES-20261218-6000-P-20260728
2026-07-28,ES,12/18/2026,6050,C,146,149.00,147.5,5384,16760,0.1142,0.838,ES,CME,snap-20260728-es,ES-20261218-6050-C-20260728
2026-07-28,ES,2026-12-18,"6,050.00",P,300.25,306.5,303.5,6055,"17,762",0.1136,-0.162,ES,CME,snap-20260728-es,ES-20261218-6050-P-20260728
20260728,ES,2026-12-18,6100,C,147.5,150.5,149,5434,25854,0.1154,0.806,ES,CME,snap-20260728-es,ES-20261218-6100-C-20260728
2026-07-28,ES,2026-12-18,6100,Put,351,358.5,354.75,2842,14257,0.1146,-0.194,ES,CME,snap-20260728-es,ES-20261218-6100-P-20260728
07/28/2026,ES,12/18/26,6150,C,149,152.25,150.5,3717,15572,0.1166,0.78,ES,CME,snap-20260728-es,ES-20261218-6150-C-20260728
2026-07-28,es,20261218,6150,P,401.5,410.5,406,2050,"6,227",0.1156,-0.22,ES,CME,snap-20260728-es,ES-20261218-6150-P-20260728
2026-07-28,ES,2026-12-18,6200,C,150.5,153.75,152,1768,5001,0.12,0.758,ES,CME,snap-20260728-es,ES-20261218-6200-C-20260728
2026-07-28,ES,12/18/2026,6200,P,452.25,462.25,457.25,2914,9370,0.1166,-0.242,ES,CME,snap-20260728-es,ES-20261218-6200-P-20260728
2026-07-28,ES,2026-12-18,6250,C,152.00,155.25,153.5,789,3729,0.119,0.739,ES,CME,snap-20260728-es,ES-20261218-6250-C-20260728
07/28/26,ES,12/18/26,6250,P,503,514.25,508.5,"1,587",7385,0.1176,-0.261,ES,CME,snap-20260728-es,ES-20261218-6250-P-20260728
2026-07-28,ES,20261218,6300,C,153.5,157.00,155.25,1485,4856,0.1202,0.723,ES,CME,snap-20260728-es,ES-20261218-6300-C-20260728
07/28/2026,ES,2026-12-18,6300,P,553.50,566.25,560,2017,10296,0.1186,-0.277,ES,CME,snap-20260728-es,ES-20261218-6300-P-20260728
2026-07-28,ES,2026-12-18,6350,C,155,158.50,156.75,632,2674,0.1214,0.709,ES,CME,snap-20260728-es,ES-20261218-6350-C-20260728
07/28/2026,ES,2026-12-18,6350,P,604,618.25,611,427,1881,0.1196,-0.291,ES,CME,snap-20260728-es,ES-20261218-6350-P-20260728
2026-07-28,ES,2026-12-18,6400,C,156.5,160,158.25,422,1908,0.12,0.696,ES,CME,snap-20260728-es,ES-20261218-6400-C-20260728
2026-07-28,ES,2026-12-18,6400,P,654.75,670.25,662.5,511,2698,0.1206,-0.304,ES,CME,snap-20260728-es,ES-20261218-6400-P-20260728
07/29/2026,ES,08/21/2026,"5,450.00",Call,548.75,556,552.50,399,1040,0.1201,0.701,ES,CME,snap-20260729-es,ES-20260821-5450-C-20260729
2026-07-29,ES,20260821,5450,P,65.25,66.25,65.75,563,3018,0.126,-0.299,ES,CME,snap-20260729-es,ES-20260821-5450-P-20260729
2026-07-29,ES,2026-08-21,5500,C,498.75,505.25,502,2625,10460,0.1192,0.714,ES,CME,snap-20260729-es,ES-20260821-5500-C-20260729
07/29/2026,ES,20260821,5500,P,64.5,65.25,65,4783,13814,0.1245,-0.286,ES,CME,snap-20260729-es,ES-20260821-5500-P-20260729
2026-07-29,ES,2026-08-21,5550,C,448.5,454.25,451.5,5157,16868,0.1182,0.729,ES,CME,snap-20260729-es,ES-20260821-5550-C-20260729
2026-07-29,ES,20260821,5550,P,63.75,64.5,64,6026,26423,0.1229,-0.271,ES,CME,snap-20260729-es,ES-20260821-5550-P-20260729
2026-07-29,ES,2026-08-21,5600,C,398.50,403.25,401,7267,30627,0.1172,0.746,ES,CME,snap-20260729-es,ES-20260821-5600-C-20260729
2026-07-29,ES,08/21/2026,5600,P,63,63.75,63.5,13496,67430,0.1213,-0.254,ES,CME,snap-20260729-es,ES-20260821-5600-P-20260729
07/29/26,ES,2026-08-21,5650,C,348.25,352.5,350.5,11123,28607,0.1162,0.766,ES,CME,snap-20260729-es,ES-20260821-5650-C-20260729
20260729,ES,2026-08-21,5650,P,62,62.75,62.5,12787,45421,0.1197,-0.234,ES,CME,snap-20260729-es,ES-20260821-5650-P-20260729
07/29/2026,es,08/21/2026,5700,C,298.25,301.5,300,6481,15424,0.1152,0.79,ES,CME,snap-20260729-es,ES-20260821-5700-C-20260729
2026-07-29,es,2026-08-21,5700,P,61.25,62.00,61.5,12050,61534,0.1181,-0.21,ES,CME,snap-20260729-es,ES-20260821-5700-P-20260729
20260729,ES,2026-08-21,5750,C,248,250.75,249.5,15750,60985,0.1142,0.817,ES,CME,snap-20260729-es,ES-20260821-5750-C-20260729
2026-07-29,ES,2026-08-21,5750,Put,60.5,61.25,61,14871,57985,0.1165,-0.183,ES,CME,snap-20260729-es,ES-20260821-5750-P-20260729
07/29/2026,ES,2026-08-21,5800,C,197.75,200,199,11122,46884,0.1133,0.851,ES,CME,snap-20260729-es,ES-20260821-5800-C-20260729
07/29/2026,ES,2026-08-21,5800,P,59.75,60.25,60,13008,67668,0.1149,-0.149,ES,CME,snap-20260729-es,ES-20260821-5800-P-20260729
07/29/26,ES,2026-08-21,5850,C,147.5,149,148.25,15868,35126,0.1123,0.893,ES,CME,snap-20260729-es,ES-20260821-5850-C-20260729
20260729,ES,08/21/2026,5850,Put,58.75,59.5,59,24466,96288,0.1133,-0.107,ES,CME,snap-20260729-es,ES-20260821-5850-P-20260729
2026-07-29,ES,2026-08-21,5900,C,97.25,98.25,97.75,11677,47570,0.1113,0.946,ES,CME,snap-20260729-es,ES-20260821-5900-C-20260729
2026-07-29,ES,2026-08-21,5900,P,58,58.50,58.25,18006,"84,932",0.1118,-0.054,ES,CME,snap-20260729-es,ES-20260821-5900-P-20260729
2026-07-29,ES,2026-08-21,5900,P,58,58.50,58.25,18006,"84,932",0.1118,-0.054,ES,CME,snap-20260729-es-retry,ES-20260821-5900-P-20260729
2026-07-29,ES,08/21/2026,5950,C,57.5,58,57.75,12115,"27,590",0.1107,0.985,ES,CME,snap-20260729-es,ES-20260821-5950-C-20260729
2026-07-29,ES,2026-08-21,5950,P,67.75,68.25,68,29727,100167,0.1107,-0.015,ES,CME,snap-20260729-es,ES-20260821-5950-P-20260729
2026-07-29,ES,2026-08-21,6000,C,58.00,58.75,58.5,26166,110342,0.1119,0.92,ES,CME,snap-20260729-es,ES-20260821-6000-C-20260729
2026-07-29,ES,2026-08-21,6000,P,118,119.25,118.5,16459,75774,0.1117,-0.077,ES,CME,snap-20260729-es,ES-20260821-6000-P-20260729
07/29/2026,ES,20260821,6050,C,58.75,59.25,59,14074,"35,090",0.1131,0.875,ES,CME,snap-20260729-es,ES-20260821-6050-C-20260729
07/29/2026,ES,08/21/2026,6050,P,168.25,170,169,16087,47332,0.1127,-0.125,ES,CME,snap-20260729-es,ES-20260821-6050-P-20260729
07/29/2026,ES,2026-08-21,6100,C,59.25,60,59.5,24761,112678,0.1143,0.837,ES,CME,snap-20260729-es,ES-20260821-6100-C-20260729
2026-07-29,ES,2026-08-21,6100,P,218.25,220.75,219.5,22550,"69,370",0.11,-0.163,ES,CME,snap-20260729-es,ES-20260821-6100-P-20260729
07/29/2026,ES,20260821,6150,Call,60,60.5,60.25,14231,47746,0.1155,0.805,ES,CME,snap-20260729-es,ES-20260821-6150-C-20260729
2026-07-29,ES,2026-08-21,6150,P,268.5,271.5,270,5645,24855,0.1146,-0.195,ES,CME,snap-20260729-es,ES-20260821-6150-P-20260729
07/29/26,ES,20260821,6200,C,60.5,61.25,61,11796,49653,0.12,0.78,ES,CME,snap-20260729-es,ES-20260821-6200-C-20260729
20260729,ES,2026-08-21,6200,Put,318.75,322.5,320.50,16266,55684,0.1156,-0.22,ES,CME,snap-20260729-es,ES-20260821-6200-P-20260729
20260729,ES,2026-08-21,6250,C,61,61.75,61.5,7281,28373,0.1178,0.758,ES,CME,snap-20260729-es,ES-20260821-6250-C-20260729
2026-07-29,ES,2026-08-21,6250,P,369,373.25,371,3907,18927,0.1166,-0.242,ES,CME,snap-20260729-es,ES-20260821-6250-P-20260729
2026-07-29,ES,2026-08-21,6300,C,61.75,62.5,62,8346,27193,0.119,0.74,ES,CME,snap-20260729-es,ES-20260821-6300-C-20260729
20260729,ES,2026-08-21,6300,P,419,424.25,421.5,5733,24332,0.1176,-0.261,ES,CME,snap-20260729-es,ES-20260821-6300-P-20260729
2026-07-29,es,08/21/26,6350,C,62.25,63,62.5,2490,9680,0.1202,0.723,ES,CME,snap-20260729-es,ES-20260821-6350-C-20260729
2026-07-29,ES,2026-08-21,6350,P,469.25,475.25,472.25,"2,250",6023,0.1186,-0.277,ES,CME,snap-20260729-es,ES-20260821-6350-P-20260729
20260729,ES,2026-08-21,6400,C,63,63.75,63.5,2218,8606,0.1214,0.709,ES,CME,snap-20260729-es,ES-20260821-6400-C-20260729
07/29/2026,ES,2026-08-21,6400,P,519.25,526.00,522.5,"3,728",13064,0.1196,-0.291,ES,CME,snap-20260729-es,ES-20260821-6400-P-20260729
07/29/2026,ES,2026-08-21,6450,C,63.5,64.5,64,1018,3858,0.1226,0.696,ES,CME,snap-20260729-es,ES-20260821-6450-C-20260729
07/29/2026,ES,20260821,6450,P,569.25,577,573,1227,"4,833",0.1206,-0.304,ES,CME,snap-20260729-es,ES-20260821-6450-P-20260729
2026-07-29,ES,2026-08-28,5450,C,557.5,565.25,561.5,701,1908,0.1201,0.701,ES,CME,snap-20260729-es,ES-20260828-5450-C-20260729
20260729,ES,2026-08-28,5450,P,74.5,75.75,75,395,2003,0.126,-0.30,ES,CME,snap-20260729-es,ES-20260828-5450-P-20260729
2026-07-29,ES,2026-08-28,5500,C,507.25,514.25,510.75,4018,11408,0.1192,0.714,ES,CME,snap-20260729-es,ES-20260828-5500-C-20260729
20260729,ES,2026-08-28,5500,P,73.75,74.75,74.25,3381,15976,0.1245,-0.29,ES,CME,snap-20260729-es,ES-20260828-5500-P-20260729
07/29/2026,ES,2026-08-28,5550,Call,457.25,463.25,460.25,4849,22679,0.1182,0.729,ES,CME,snap-20260729-es,ES-20260828-5550-C-20260729
20260729,es,20260828,5550,P,72.75,73.75,73.25,6664,23892,0.1229,-0.271,ES,CME,snap-20260729-es,ES-20260828-5550-P-20260729
20260729,ES,2026-08-28,5600,C,407,412.25,409.5,10637,34474,0.1172,0.746,ES,CME,snap-20260729-es,ES-20260828-5600-C-20260729
2026-07-29,es,2026-08-28,5600,P,71.75,72.75,72.25,"5,873",24743,0.1213,-0.254,ES,CME,snap-20260729-es,ES-20260828-5600-P-20260729
20260729,ES,08/28/2026,5650,C,356.75,361.25,359,5985,20520,0.1162,0.766,ES,CME,snap-20260729-es,ES-20260828-5650-C-20260729
07/29/26,ES,08/28/2026,5650,put,71.00,71.75,71.5,9125,"35,335",0.1197,-0.234,ES,CME,snap-20260729-es,ES-20260828-5650-P-20260729
2026-07-29,es,20260828,5700,C,306.5,310.25,308.5,13609,48370,0.1152,0.79,ES,CME,snap-20260729-es,ES-20260828-5700-C-20260729
2026-07-29,ES,2026-08-28,"5,700.00",P,70,70.75,70.5,17197,61628,0.1181,-0.21,ES,CME,snap-20260729-es,ES-20260828-5700-P-20260729
07/29/2026,ES,08/28/26,5750,C,256.25,259.25,257.75,6845,16139,0.1142,0.82,ES,CME,snap-20260729-es,ES-20260828-5750-C-20260729
2026-07-29,ES,2026-08-28,5750,P,69,69.75,69.5,15990,64848,0.1165,-0.183,ES,CME,snap-20260729-es,ES-20260828-5750-P-20260729
2026-07-29,ES,2026-08-28,5800,C,206,208.5,207.25,25250,"69,324",0.11,0.851,ES,CME,snap-20260729-es,ES-20260828-5800-C-20260729
2026-07-29,ES,08/28/26,5800,P,68,69,68.50,"21,202",105680,0.1149,-0.15,ES,CME,snap-20260729-es,ES-20260828-5800-P-20260729
20260729,ES,08/28/26,5850,C,155.75,157.5,156.5,8685,39356,0.1123,0.893,ES,CME,snap-20260729-es,ES-20260828-5850-C-20260729
2026-07-29,ES,2026-08-28,5850,P,67.25,68,67.5,11861,50380,0.1133,-0.11,ES,CME,snap-20260729-es,ES-20260828-5850-P-20260729
20260729,ES,2026-08-28,5900,C,105.5,106.75,106.00,12475,44573,0.1113,0.95,ES,CME,snap-20260729-es,ES-20260828-5900-C-20260729
20260729,ES,2026-08-28,5900,P,66.25,67,66.5,20687,79056,0.1118,-0.054,ES,CME,snap-20260729-es,ES-20260828-5900-P-20260729
2026-07-29,ES,2026-08-28,5950,C,65.75,66.25,66,8413,28011,0.1107,0.985,ES,CME,snap-20260729-es,ES-20260828-5950-C-20260729
07/29/26,ES,2026-08-28,5950,P,75.75,76.75,76.25,22127,113040,0.1107,-0.015,ES,CME,snap-20260729-es,ES-20260828-5950-P-20260729
2026-07-29,ES,08/28/2026,6000,C,66.25,67,66.5,11890,36113,0.1119,0.923,ES,CME,snap-20260729-es,ES-20260828-6000-C-20260729
2026-07-29,ES,08/28/2026,6000,P ,126,127.5,126.75,15397,79345,0.1117,-0.077,ES,CME,snap-20260729-es,ES-20260828-6000-P-20260729
2026-07-29,ES,08/28/2026,"6,050.00",C,67,67.75,67.5,18913,77966,0.1131,0.875,ES,CME,snap-20260729-es,ES-20260828-6050-C-20260729
2026-07-29,ES,08/28/26,6050,P,176.5,178.5,177.5,21934,88470,0.1127,-0.125,ES,CME,snap-20260729-es,ES-20260828-6050-P-20260729
07/29/2026,ES,08/28/2026,6100,C,67.75,68.5,68,20242,58979,0.1143,0.837,ES,CME,snap-20260729-es,ES-20260828-6100-C-20260729
2026-07-29,es,2026-08-28,6100,P,226.75,229.25,228,19803,84347,0.1137,-0.163,ES,CME,snap-20260729-es,ES-20260828-6100-P-20260729
07/29/26,ES,08/28/2026,6150,C,68.5,69.25,69,10336,45240,0.1155,0.805,ES,CME,snap-20260729-es,ES-20260828-6150-C-20260729
2026-07-29,ES,2026-08-28,6150,P,277,280.25,278.5,14084,47544,0.1146,-0.195,ES,CME,snap-20260729-es,ES-20260828-6150-P-20260729
07/29/26,ES,2026-08-28,6200,C,69,70,69.5,8829,31657,0.1167,0.78,ES,CME,snap-20260729-es,ES-20260828-6200-C-20260729
2026-07-29,ES,2026-08-28,6200,put,327.25,331.25,329.25,10314,38137,0.1156,-0.22,ES,CME,snap-20260729-es,ES-20260828-6200-P-20260729
20260729,es,2026-08-28,"6,250.00",C,69.75,70.75,70.25,5008,16640,0.1178,0.758,ES,CME,snap-20260729-es,ES-20260828-6250-C-20260729
07/29/26,es,2026-08-28,"6,250.00",P ,377.25,382.25,379.75,9645,30027,0.1166,-0.242,ES,CME,snap-20260729-es,ES-20260828-6250-P-20260729
2026-07-29,ES,08/28/2026,6300,C,70.5,71.5,71,9991,33231,0.119,0.739,ES,CME,snap-20260729-es,ES-20260828-6300-C-20260729
2026-07-29,ES,2026-08-28,6300,P,427.5,433.00,430.25,11402,61084,0.1176,-0.261,ES,CME,snap-20260729-es,ES-20260828-6300-P-20260729
20260729,ES,2026-08-28,6350,C,71.25,72,71.5,2653,12384,0.1202,0.723,ES,CME,snap-20260729-es,ES-20260828-6350-C-20260729
07/29/2026,ES,2026-08-28,6350,P,477.75,484.00,481,2900,14414,0.1186,-0.277,ES,CME,snap-20260729-es,ES-20260828-6350-P-20260729
07/29/2026,es,08/28/2026,6400,C,71.75,72.75,72.25,1394,5610,0.1214,0.709,ES,CME,snap-20260729-es,ES-20260828-6400-C-20260729
07/29/2026,ES,2026-08-28,6400,P,528,535.25,531.5,1224,5700,0.1196,-0.291,ES,CME,snap-20260729-es,ES-20260828-6400-P-20260729
2026-07-29,ES,08/28/26,6450,Call,72.5,73.5,73.00,978,4104,0.1226,0.696,ES,CME,snap-20260729-es,ES-20260828-6450-C-20260729
2026-07-29,ES,2026-08-28,6450,P,578,586.25,582,795,3176,0.1206,-0.304,ES,CME,snap-20260729-es,ES-20260828-6450-P-20260729
2026-07-29,es,2026-09-18,5450,C,578.5,587.75,583,711,2141,0.1201,0.701,ES,CME,snap-20260729-es,ES-20260918-5450-C-20260729
20260729,ES,09/18/26,5450,P,97.25,98.75,98,455,1599,0.126,-0.299,ES,CME,snap-20260729-es,ES-20260918-5450-P-20260729
07/29/26,ES,09/18/2026,5500,C,528.25,536.5,532.5,3954,9609,0.1192,0.714,ES,CME,snap-20260729-es,ES-20260918-5500-C-20260729
07/29/2026,ES,09/18/26,5500,put,96,97.5,96.75,3060,12177,0.1245,-0.286,ES,CME,snap-20260729-es,ES-20260918-5500-P-20260729
2026-07-29,ES,2026-09-18,5550,Call,478,485.25,481.5,4910,18955,0.1182,0.729,ES,CME,snap-20260729-es,ES-20260918-5550-C-20260729
07/29/26,ES,2026-09-18,5550,P,94.75,96.25,95.5,4466,11438,0.1229,-0.271,ES,CME,snap-20260729-es,ES-20260918-5550-P-20260729
07/29/2026,ES,2026-09-18,5600,C,427.75,434,431,5836,22408,0.1172,0.746,ES,CME,snap-20260729-es,ES-20260918-5600-C-20260729
2026-07-29,ES,09/18/2026,5600,P,93.5,95,94.25,7299,24657,0.1213,-0.254,ES,CME,snap-20260729-es,ES-20260918-5600-P-20260729
2026-07-29,ES,09/18/2026,"5,650.00",C,377.25,382.75,380,4507,17719,0.1162,0.766,ES,CME,snap-20260729-es,ES-20260918-5650-C-20260729
07/29/2026,ES,2026-09-18,5650,P,92.25,93.75,93,8752,42923,0.1197,-0.234,ES,CME,snap-20260729-es,ES-20260918-5650-P-20260729
2026-07-29,ES,2026-09-18,5700,C,327,331.5,329.25,7310,31136,0.12,0.79,ES,CME,snap-20260729-es,ES-20260918-5700-C-20260729
07/29/26,ES,2026-09-18,5700,P,91.25,92.5,92,11388,61927,0.1181,-0.21,ES,CME,snap-20260729-es,ES-20260918-5700-P-20260729
2026-07-29,ES,2026-09-18,5750,C,276.75,280.5,278.5,13618,31819,0.1142,0.817,ES,CME,snap-20260729-es,ES-20260918-5750-C-20260729
07/29/26,ES,2026-09-18,5750,P,90,91.25,90.5,14986,66979,0.1165,-0.183,ES,CME,snap-20260729-es,ES-20260918-5750-P-20260729
20260729,ES,20260918,5800,Call,226.25,229.25,227.75,21145,82287,0.1133,0.851,ES,CME,snap-20260729-es,ES-20260918-5800-C-20260729
2026-07-29,ES,20260918,5800,P,88.75,90,89.5,24747,129776,0.1149,-0.149,ES,CME,snap-20260729-es,ES-20260918-5800-P-20260729
20260729,ES,09/18/2026,5850,C,175.75,178.25,177,8784,36840,0.1123,0.893,ES,CME,snap-20260729-es,ES-20260918-5850-C-20260729
2026-07-29,es,09/18/2026,5850,P,87.5,88.75,88,7322,25356,0.1133,-0.107,ES,CME,snap-20260729-es,ES-20260918-5850-P-20260729
2026-07-29,ES,09/18/26,5900,C,125.50,127,126.25,18806,73512,0.1113,0.946,ES,CME,snap-20260729-es,ES-20260918-5900-C-20260729
20260729,ES,2026-09-18,5900,P,86.25,87.5,87,17591,64597,0.1118,-0.054,ES,CME,snap-20260729-es,ES-20260918-5900-P-20260729
20260729,ES,2026-09-18,5900,P,86.25,87.5,87,17591,64597,0.1118,-0.054,ES,CME,snap-20260729-es-retry,ES-20260918-5900-P-20260729
2026-07-29,ES,2026-09-18,5950,C,85.5,86.5,86,9669,21643,0.1107,0.985,ES,CME,snap-20260729-es,ES-20260918-5950-C-20260729
07/29/2026,ES,2026-09-18,5950,P,95.75,96.75,96.25,9966,31654,0.1107,-0.015,ES,CME,snap-20260729-es,ES-20260918-5950-P-20260729
07/29/26,es,09/18/2026,6000,C,86.5,87.5,87,16274,51645,0.1119,0.923,ES,CME,snap-20260729-es,ES-20260918-6000-C-20260729
2026-07-29,ES,2026-09-18,6000,P,146,148,147,29706,130454,0.1117,-0.077,ES,CME,snap-20260729-es,ES-20260918-6000-P-20260729
07/29/2026,ES,2026-09-18,6050,C,87.25,88.5,88,"13,412",51717,0.1131,0.875,ES,CME,snap-20260729-es,ES-20260918-6050-C-20260729
07/29/2026,ES,20260918,6050,P,196.5,199.00,197.75,11690,31502,0.1127,-0.125,ES,CME,snap-20260729-es,ES-20260918-6050-P-20260729
20260729,ES,2026-09-18,6100,C,88.25,89.5,89,"11,688",29151,0.11,0.837,ES,CME,snap-20260729-es,ES-20260918-6100-C-20260729
07/29/2026,ES,09/18/2026,6100,P,247.00,250.25,248.5,16507,57516,0.1137,-0.163,ES,CME,snap-20260729-es,ES-20260918-6100-P-20260729
2026-07-29,ES,2026-09-18,6150,C,89,90.25,89.50,6416,23269,0.1155,0.805,ES,CME,snap-20260729-es,ES-20260918-6150-C-20260729
2026-07-29,ES,2026-09-18,6150,P,297.25,301.5,299.5,13065,69470,0.1146,-0.195,ES,CME,snap-20260729-es,ES-20260918-6150-P-20260729
07/29/26,ES,09/18/2026,"6,200.00",C,90,91.25,90.5,14999,56309,0.1167,0.78,ES,CME,snap-20260729-es,ES-20260918-6200-C-20260729
2026-07-29,es,2026-09-18,6200,P,347.75,352.5,350,14763,77395,0.1156,-0.22,ES,CME,snap-20260729-es,ES-20260918-6200-P-20260729
07/29/26,ES,2026-09-18,6250,C,91,92.25,91.5,8611,29691,0.1178,0.758,ES,CME,snap-20260729-es,ES-20260918-6250-C-20260729
07/29/2026,ES,20260918,6250,P,398,403.75,401,8883,48592,0.1166,-0.242,ES,CME,snap-20260729-es,ES-20260918-6250-P-20260729
07/29/2026,ES,20260918,6300,C,91.75,93.25,92.5,4165,12421,0.119,0.739,ES,CME,snap-20260729-es,ES-20260918-6300-C-20260729
2026-07-29,ES,09/18/26,6300,P,448.25,455,451.50,4939,18659,0.1176,-0.261,ES,CME,snap-20260729-es,ES-20260918-6300-P-20260729
20260729,ES,09/18/2026,6350,C,92.75,94.00,93.5,2033,6182,0.1202,0.723,ES,CME,snap-20260729-es,ES-20260918-6350-C-20260729
2026-07-29,es,20260918,6350,P,498.75,506.25,502.5,"4,609",25192,0.1186,-0.277,ES,CME,snap-20260729-es,ES-20260918-6350-P-20260729
2026-07-29,ES,2026-09-18,6400,C,93.5,95.00,94.25,1180,"2,935",0.1214,0.709,ES,CME,snap-20260729-es,ES-20260918-6400-C-20260729
2026-07-29,ES,20260918,"6,400.00",P,549,557.5,553.25,1889,"9,368",0.1196,-0.29,ES,CME,snap-20260729-es,ES-20260918-6400-P-20260729
2026-07-29,ES,2026-09-18,6450,C,94.5,96,95.25,917,3786,0.1226,0.696,ES,CME,snap-20260729-es,ES-20260918-6450-C-20260729
2026-07-29,ES,20260918,6450,P,599.25,608.75,604,873,3895,0.1206,-0.304,ES,CME,snap-20260729-es,ES-20260918-6450-P-20260729
2026-07-29,ES,2026-10-16,5450,C,600.5,611.25,606,556,2300,0.1201,0.701,ES,CME,snap-20260729-es,ES-20261016-5450-C-20260729
2026-07-29,ES,2026-10-16,5450,P,120.75,123,122.00,406,1375,0.126,-0.299,ES,CME,snap-20260729-es,ES-20261016-5450-P-20260729
2026-07-29,ES,10/16/2026,5500,C,550.25,559.75,555,2632,8892,0.1192,0.714,ES,CME,snap-20260729-es,ES-20261016-5500-C-20260729
2026-07-29,ES,2026-10-16,"5,500.00",P,119.25,121.5,120.5,1860,6154,0.1245,-0.286,ES,CME,snap-20260729-es,ES-20261016-5500-P-20260729
2026-07-29,ES,2026-10-16,5550,C,499.75,508.50,504,2271,"7,276",0.1182,0.729,ES,CME,snap-20260729-es,ES-20261016-5550-C-20260729
2026-07-29,ES,2026-10-16,5550,P,117.75,119.75,118.75,4615,"24,961",0.1229,-0.271,ES,CME,snap-20260729-es,ES-20261016-5550-P-20260729
07/29/26,ES,2026-10-16,5600,C,449.25,457.00,453,7128,26395,0.1172,0.746,ES,CME,snap-20260729-es,ES-20261016-5600-C-20260729
07/29/2026,ES,10/16/26,"5,600.00",P,116.25,118.25,117.25,3003,13989,0.1213,-0.254,ES,CME,snap-20260729-es,ES-20261016-5600-P-20260729
07/29/26,ES,2026-10-16,5650,C,398.75,405.5,402,7770,25826,0.1162,0.766,ES,CME,snap-20260729-es,ES-20261016-5650-C-20260729
07/29/26,ES,20261016,5650,P,114.75,116.75,115.75,5438,21670,0.1197,-0.234,ES,CME,snap-20260729-es,ES-20261016-5650-P-20260729
07/29/2026,es,10/16/2026,5700,C,348.25,354.00,351,10733,32426,0.12,0.79,ES,CME,snap-20260729-es,ES-20261016-5700-C-20260729
2026-07-29,ES,10/16/2026,5700,P,113.25,115.25,114.25,9292,"25,272",0.1181,-0.21,ES,CME,snap-20260729-es,ES-20261016-5700-P-20260729
07/29/26,ES,20261016,5750,Call,297.75,302.5,300,7567,29305,0.1142,0.817,ES,CME,snap-20260729-es,ES-20261016-5750-C-20260729
2026-07-29,ES,2026-10-16,5750,P,111.75,113.5,112.5,10375,50655,0.1165,-0.183,ES,CME,snap-20260729-es,ES-20261016-5750-P-20260729
2026-07-29,ES,10/16/2026,5800,C,247.25,251.25,249.25,14523,51608,0.1133,0.851,ES,CME,snap-20260729-es,ES-20261016-5800-C-20260729
2026-07-29,ES,2026-10-16,5800,P,110.25,112.00,111,7374,30052,0.1149,-0.149,ES,CME,snap-20260729-es,ES-20261016-5800-P-20260729
2026-07-29,ES,10/16/2026,"5,850.00",C,196.75,199.75,198.25,12086,29087,0.1123,0.893,ES,CME,snap-20260729-es,ES-20261016-5850-C-20260729
2026-07-29,ES,2026-10-16,5850,P,108.75,110.5,109.5,14781,80492,0.1133,-0.107,ES,CME,snap-20260729-es,ES-20261016-5850-P-20260729
2026-07-29,ES,2026-10-16,5900,C,146.25,148.5,147.5,19317,90575,0.1113,0.946,ES,CME,snap-20260729-es,ES-20261016-5900-C-20260729
07/29/2026,ES,2026-10-16,"5,900.00",P ,107.25,109,108,25284,102648,0.1118,-0.054,ES,CME,snap-20260729-es,ES-20261016-5900-P-20260729
20260729,ES,10/16/2026,5950,Call,106.25,108,107,8064,27156,0.11,0.985,ES,CME,snap-20260729-es,ES-20261016-5950-C-20260729
20260729,ES,2026-10-16,5950,P,116.5,118.25,117.5,11379,45521,0.1107,-0.015,ES,CME,snap-20260729-es,ES-20261016-5950-P-20260729
07/29/26,ES,2026-10-16,6000,C,107.5,109,108.25,19196,53408,0.1119,0.923,ES,CME,snap-20260729-es,ES-20261016-6000-C-20260729
2026-07-29,ES,20261016,6000,P,167,169.5,168.25,9970,39401,0.1117,-0.077,ES,CME,snap-20260729-es,ES-20261016-6000-P-20260729
20260729,ES,2026-10-16,6050,C,108.5,110.25,109.5,9386,27442,0.1131,0.875,ES,CME,snap-20260729-es,ES-20261016-6050-C-20260729
07/29/2026,es,20261016,6050,P,217.5,221.00,219.25,8956,25220,0.1127,-0.125,ES,CME,snap-20260729-es,ES-20261016-6050-P-20260729
07/29/2026,ES,20261016,"6,100.00",C,109.75,111.5,110.5,9588,37560,0.1143,0.837,ES,CME,snap-20260729-es,ES-20261016-6100-C-20260729
07/29/2026,ES,2026-10-16,6100,P,268,272.25,270,6983,37588,0.1137,-0.163,ES,CME,snap-20260729-es,ES-20261016-6100-P-20260729
2026-07-29,ES,2026-10-16,6150,C,110.75,112.5,111.5,4950,21885,0.1155,0.805,ES,CME,snap-20260729-es,ES-20261016-6150-C-20260729
07/29/2026,ES,20261016,"6,150.00",P,318.5,323.75,321,3846,11854,0.1146,-0.195,ES,CME,snap-20260729-es,ES-20261016-6150-P-20260729
20260729,ES,2026-10-16,6200,C,112,113.75,113,5281,19034,0.1167,0.78,ES,CME,snap-20260729-es,ES-20261016-6200-C-20260729
07/29/2026,es,2026-10-16,"6,200.00",P,369,375,372,8576,26447,0.1156,-0.22,ES,CME,snap-20260729-es,ES-20261016-6200-P-20260729
2026-07-29,ES,2026-10-16,6250,C,113.00,115,114,3716,14597,0.1178,0.758,ES,CME,snap-20260729-es,ES-20261016-6250-C-20260729
2026-07-29,ES,2026-10-16,6250,P,419.5,426.5,423,4172,13820,0.1166,-0.242,ES,CME,snap-20260729-es,ES-20261016-6250-P-20260729
2026-07-29,ES,2026-10-16,6300,Call,114.25,116,115,3519,14169,0.12,0.739,ES,CME,snap-20260729-es,ES-20261016-6300-C-20260729
2026-07-29,ES,20261016,6300,P,470,478,474,2754,"11,493",0.1176,-0.261,ES,CME,snap-20260729-es,ES-20261016-6300-P-20260729
2026-07-29,ES,2026-10-16,6350,C,115.25,117.25,116.25,3480,13399,0.1202,0.723,ES,CME,snap-20260729-es,ES-20261016-6350-C-20260729
07/29/26,ES,2026-10-16,6350,P,520.50,529.5,525,3866,10078,0.1186,-0.277,ES,CME,snap-20260729-es,ES-20261016-6350-P-20260729
2026-07-29,ES,2026-10-16,6400,C,116.25,118.5,117.5,1573,3615,0.1214,0.709,ES,CME,snap-20260729-es,ES-20261016-6400-C-20260729
2026-07-29,es,10/16/2026,6400,put,570.75,581,576,2649,13049,0.1196,-0.291,ES,CME,snap-20260729-es,ES-20261016-6400-P-20260729
2026-07-29,ES,10/16/2026,6450,C,117.5,119.5,118.5,364,1243,0.1226,0.696,ES,CME,snap-20260729-es,ES-20261016-6450-C-20260729
2026-07-29,ES,20261016,6450,P,621.25,632.5,627,367,1220,0.1206,-0.304,ES,CME,snap-20260729-es,ES-20261016-6450-P-20260729
07/29/2026,ES,12/18/26,"5,450.00",C,638,653,645.5,193,557,0.1201,0.701,ES,CME,snap-20260729-es,ES-20261218-5450-C-20260729
2026-07-29,ES,2026-12-18,5450,P,161.5,165.25,163.50,319,1166,0.126,-0.30,ES,CME,snap-20260729-es,ES-20261218-5450-P-20260729
07/29/2026,es,12/18/2026,5500,C,587.5,601,594.25,1567,6703,0.1192,0.714,ES,CME,snap-20260729-es,ES-20261218-5500-C-20260729
07/29/26,ES,12/18/2026,5500,P,159.5,163.25,161.5,827,4481,0.1245,-0.29,ES,CME,snap-20260729-es,ES-20261218-5500-P-20260729
2026-07-29,ES,12/18/2026,5550,C,537,549,543,2012,7938,0.1182,0.729,ES,CME,snap-20260729-es,ES-20261218-5550-C-20260729
07/29/26,ES,12/18/2026,5550,P,157.5,161,159.25,759,3586,0.1229,-0.271,ES,CME,snap-20260729-es,ES-20261218-5550-P-20260729
2026-07-29,ES,12/18/2026,5600,C,486.25,497.25,491.75,1576,"6,413",0.1172,0.746,ES,CME,snap-20260729-es,ES-20261218-5600-C-20260729
07/29/2026,ES,2026-12-18,5600,P,155.5,159,157.25,2679,10448,0.1213,-0.254,ES,CME,snap-20260729-es,ES-20261218-5600-P-20260729
20260729,ES,2026-12-18,5650,C,435.75,445.25,440.5,1763,6995,0.1162,0.766,ES,CME,snap-20260729-es,ES-20261218-5650-C-20260729
2026-07-29,ES,2026-12-18,5650,P,153.5,157,155.25,1784,9232,0.1197,-0.234,ES,CME,snap-20260729-es,ES-20261218-5650-P-20260729
2026-07-29,ES,2026-12-18,"5,700.00",C,385.00,393.25,389,2346,5635,0.1152,0.79,ES,CME,snap-20260729-es,ES-20261218-5700-C-20260729
07/29/26,ES,2026-12-18,5700,P,151.5,154.75,153,5229,14039,0.1181,-0.21,ES,CME,snap-20260729-es,ES-20261218-5700-P-20260729
20260729,ES,20261218,5750,C,334.25,341.5,338,"3,861",13074,0.11,0.817,ES,CME,snap-20260729-es,ES-20261218-5750-C-20260729
2026-07-29,ES,20261218,5750,P,149.5,152.75,151,1888,6833,0.1165,-0.183,ES,CME,snap-20260729-es,ES-20261218-5750-P-20260729
07/29/2026,ES,20261218,5800,C,283.75,289.5,286.5,7780,24352,0.1133,0.851,ES,CME,snap-20260729-es,ES-20261218-5800-C-20260729
07/29/2026,ES,12/18/2026,5800,P,147.5,150.5,149,3586,"14,714",0.1149,-0.149,ES,CME,snap-20260729-es,ES-20261218-5800-P-20260729
07/29/2026,ES,2026-12-18,5850,C,233,237.75,235.5,4026,14464,0.1123,0.893,ES,CME,snap-20260729-es,ES-20261218-5850-C-20260729
2026-07-29,ES,2026-12-18,5850,P ,145.5,148.5,147,7803,24923,0.1133,-0.107,ES,CME,snap-20260729-es,ES-20261218-5850-P-20260729
2026-07-29,ES,2026-12-18,5900,C,182.25,186,184,5573,23703,0.1113,0.946,ES,CME,snap-20260729-es,ES-20261218-5900-C-20260729
20260729,ES,2026-12-18,5900,P,143.5,146.5,145,11574,62840,0.1118,-0.054,ES,CME,snap-20260729-es,ES-20261218-5900-P-20260729
20260729,ES,20261218,5950,C,142.25,145,143.5,4378,15718,0.1107,0.98,ES,CME,snap-20260729-es,ES-20261218-5950-C-20260729
2026-07-29,ES,2026-12-18,5950,Put,152.25,155.25,153.75,6521,32996,0.1107,-0.015,ES,CME,snap-20260729-es,ES-20261218-5950-P-20260729
2026-07-29,ES,2026-12-18,6000,C,143.75,146.5,145,7926,23387,0.1119,0.923,ES,CME,snap-20260729-es,ES-20261218-6000-C-20260729
07/29/2026,ES,20261218,6000,P,203,207.25,205,7300,26492,0.1117,-0.077,ES,CME,snap-20260729-es,ES-20261218-6000-P-20260729
2026-07-29,ES,12/18/26,6050,C,145.25,148.25,146.75,3450,12167,0.1131,0.875,ES,CME,snap-20260729-es,ES-20261218-6050-C-20260729
2026-07-29,ES,2026-12-18,6050,P,253.75,259.00,256.5,2802,8427,0.11,-0.125,ES,CME,snap-20260729-es,ES-20261218-6050-P-20260729
07/29/2026,es,12/18/2026,6100,C,146.75,149.75,148.25,2800,8915,0.1143,0.837,ES,CME,snap-20260729-es,ES-20261218-6100-C-20260729
07/29/2026,es,12/18/2026,6100,C,146.75,149.75,148.25,2800,8915,0.1143,0.837,ES,CME,snap-20260729-es-retry,ES-20261218-6100-C-20260729
2026-07-29,ES,20261218,"6,100.00",P,304.5,310.75,307.5,4116,10861,0.1137,-0.163,ES,CME,snap-20260729-es,ES-20261218-6100-P-20260729
07/29/2026,ES,2026-12-18,6150,C,148.25,151.25,149.75,3513,15434,0.1155,0.805,ES,CME,snap-20260729-es,ES-20261218-6150-C-20260729
07/29/26,ES,2026-12-18,6150,P,355,362.75,359,2485,8697,0.1146,-0.195,ES,CME,snap-20260729-es,ES-20261218-6150-P-20260729
20260729,ES,12/18/2026,6200,C,149.75,153,151.5,1919,8432,0.1167,0.78,ES,CME,snap-20260729-es,ES-20261218-6200-C-20260729
07/29/2026,ES,2026-12-18,6200,P,405.75,414.5,410.00,3250,16129,0.1156,-0.22,ES,CME,snap-20260729-es,ES-20261218-6200-P-20260729
2026-07-29,ES,2026-12-18,6250,Call,151,154.5,152.75,2718,"8,737",0.1178,0.758,ES,CME,snap-20260729-es,ES-20261218-6250-C-20260729
2026-07-29,ES,2026-12-18,6250,P,456.50,466.5,461.5,3719,17605,0.1166,-0.242,ES,CME,snap-20260729-es,ES-20261218-6250-P-20260729
2026-07-29,ES,2026-12-18,6300,C,152.5,156,154.25,1663,4278,0.119,0.739,ES,CME,snap-20260729-es,ES-20261218-6300-C-20260729
2026-07-29,ES,20261218,6300,P,507,518.5,512.75,2720,13287,0.1176,-0.261,ES,CME,snap-20260729-es,ES-20261218-6300-P-20260729
07/29/2026,ES,20261218,6350,C,154,157.5,155.75,"1,318",3496,0.1202,0.723,ES,CME,snap-20260729-es,ES-20261218-6350-C-20260729
2026-07-29,ES,12/18/2026,6350,P,557.75,570.50,564,"1,854","7,603",0.1186,-0.28,ES,CME,snap-20260729-es,ES-20261218-6350-P-20260729
2026-07-29,ES,2026-12-18,6400,C,155.5,159.25,157.50,921,3519,0.1214,0.709,ES,CME,snap-20260729-es,ES-20261218-6400-C-20260729
2026-07-29,ES,2026-12-18,6400,P,608.25,622.25,615.25,420,1227,0.1196,-0.291,ES,CME,snap-20260729-es,ES-20261218-6400-P-20260729
07/29/2026,ES,2026-12-18,6450,C,157.00,160.75,159,256,724,0.1226,0.696,ES,CME,snap-20260729-es,ES-20261218-6450-C-20260729
20260729,es,2026-12-18,6450,P,658.75,674.25,666.5,159,619,0.1206,-0.304,ES,CME,snap-20260729-es,ES-20261218-6450-P-20260729
2026-07-30,ES,08/21/2026,5500,C,549.25,556.5,553,1023,3276,0.1201,0.702,ES,CME,snap-20260730-es,ES-20260821-5500-C-20260730
2026-07-30,es,2026-08-21,5500,P,64.5,65.25,65,848,4378,0.1259,-0.298,ES,CME,snap-20260730-es,ES-20260821-5500-P-20260730
20260730,ES,20260821,5550,C,499,505.5,502.25,2537,6141,0.1191,0.715,ES,CME,snap-20260730-es,ES-20260821-5550-C-20260730
2026-07-30,ES,08/21/26,5550,P,63.5,64.5,64,2665,7901,0.1244,-0.285,ES,CME,snap-20260730-es,ES-20260821-5550-P-20260730
2026-07-30,es,2026-08-21,5600,C,449,454.75,452,3286,10026,0.1181,0.73,ES,CME,snap-20260730-es,ES-20260821-5600-C-20260730
2026-07-30,ES,20260821,"5,600.00",P,62.75,63.5,63,6647,32393,0.1228,-0.27,ES,CME,snap-20260730-es,ES-20260821-5600-P-20260730
07/30/2026,ES,2026-08-21,5650,C,399,403.75,401.5,8018,23756,0.12,0.747,ES,CME,snap-20260730-es,ES-20260821-5650-C-20260730
07/30/2026,ES,2026-08-21,5650,P,62,62.75,62.5,7099,29789,0.1212,-0.253,ES,CME,snap-20260730-es,ES-20260821-5650-P-20260730
2026-07-30,es,20260821,5700,C,348.75,353,351,6052,28129,0.1162,0.767,ES,CME,snap-20260730-es,ES-20260821-5700-C-20260730
2026-07-30,es,20260821,5700,C,348.75,353,351,6052,28129,0.1162,0.767,ES,CME,snap-20260730-es-retry,ES-20260821-5700-C-20260730
2026-07-30,ES,20260821,5700,P,61.25,62,61.5,13198,49921,0.1197,-0.23,ES,CME,snap-20260730-es,ES-20260821-5700-P-20260730
2026-07-30,ES,08/21/26,5750,C,298.5,302,300.25,7476,27955,0.1152,0.79,ES,CME,snap-20260730-es,ES-20260821-5750-C-20260730
2026-07-30,ES,2026-08-21,5750,P,60.5,61.25,61,"9,981",39181,0.1181,-0.21,ES,CME,snap-20260730-es,ES-20260821-5750-P-20260730
2026-07-30,ES,08/21/2026,"5,800.00",C,248.5,251.25,250.00,"19,348",43044,0.1142,0.818,ES,CME,snap-20260730-es,ES-20260821-5800-C-20260730
07/30/2026,ES,08/21/26,5800,P,59.75,60.25,60,12277,34958,0.1165,-0.182,ES,CME,snap-20260730-es,ES-20260821-5800-P-20260730
07/30/2026,ES,08/21/26,5800,P,59.75,60.25,60,12277,34958,0.1165,-0.182,ES,CME,snap-20260730-es-retry,ES-20260821-5800-P-20260730
2026-07-30,ES,08/21/2026,5850,C,198.25,200.5,199.5,14459,"53,067",0.1133,0.851,ES,CME,snap-20260730-es,ES-20260821-5850-C-20260730
07/30/2026,es,2026-08-21,5850,P,58.75,59.5,59,8854,39411,0.1149,-0.149,ES,CME,snap-20260730-es,ES-20260821-5850-P-20260730
07/30/2026,ES,08/21/2026,5900,C,148,149.5,148.75,12315,46541,0.1123,0.893,ES,CME,snap-20260730-es,ES-20260821-5900-C-20260730
07/30/26,ES,20260821,5900,Put,58,58.75,58.5,21493,102475,0.1134,-0.107,ES,CME,snap-20260730-es,ES-20260821-5900-P-20260730
2026-07-30,ES,20260821,5950,C,97.75,98.75,98.25,18806,"52,255",0.1113,0.945,ES,CME,snap-20260730-es,ES-20260821-5950-C-20260730
07/30/26,ES,08/21/26,5950,P,57.25,57.75,57.5,11369,38977,0.1118,-0.055,ES,CME,snap-20260730-es,ES-20260821-5950-P-20260730
2026-07-30,ES,2026-08-21,6000,C,56.75,57.25,57,14800,61233,0.1107,0.987,ES,CME,snap-20260730-es,ES-20260821-6000-C-20260730
2026-07-30,ES,2026-08-21,6000,P,65.75,66.25,66,25593,85589,0.1107,-0.013,ES,CME,snap-20260730-es,ES-20260821-6000-P-20260730
07/30/26,ES,2026-08-21,6050,C,57.25,58,57.5,20818,50869,0.1119,0.925,ES,CME,snap-20260730-es,ES-20260821-6050-C-20260730
07/30/26,ES,08/21/2026,6050,P,116,117,116.5,22022,58496,0.1117,-0.07,ES,CME,snap-20260730-es,ES-20260821-6050-P-20260730
2026-07-30,ES,08/21/26,"6,100.00",Call,58,58.5,58.25,16606,41978,0.1131,0.877,ES,CME,snap-20260730-es,ES-20260821-6100-C-20260730
2026-07-30,ES,2026-08-21,6100,P,166,167.75,167,32640,87762,0.1126,-0.123,ES,CME,snap-20260730-es,ES-20260821-6100-P-20260730
2026-07-30,ES,08/21/2026,6150,C,58.5,59,58.75,12685,33344,0.1142,0.838,ES,CME,snap-20260730-es,ES-20260821-6150-C-20260730
2026-07-30,ES,2026-08-21,6150,P,216.25,218.75,217.5,15370,58936,0.1136,-0.16,ES,CME,snap-20260730-es,ES-20260821-6150-P-20260730
2026-07-30,ES,2026-08-21,6200,C,59,59.75,59.5,14964,52807,0.1154,0.807,ES,CME,snap-20260730-es,ES-20260821-6200-C-20260730
2026-07-30,ES,08/21/2026,6200,P,266.5,269.5,268,10476,"44,342",0.1146,-0.193,ES,CME,snap-20260730-es,ES-20260821-6200-P-20260730
07/30/2026,ES,2026-08-21,6250,C,59.75,60.25,60,6348,18398,0.1166,0.781,ES,CME,snap-20260730-es,ES-20260821-6250-C-20260730
2026-07-30,ES,20260821,6250,P,316.75,320.25,318.5,10085,53455,0.1156,-0.219,ES,CME,snap-20260730-es,ES-20260821-6250-P-20260730
2026-07-30,ES,20260821,6300,C,60.25,61,60.5,8897,30359,0.1177,0.76,ES,CME,snap-20260730-es,ES-20260821-6300-C-20260730
2026-07-30,ES,20260821,6300,P,366.75,371.25,369,9100,33263,0.12,-0.24,ES,CME,snap-20260730-es,ES-20260821-6300-P-20260730
2026-07-30,ES,2026-08-21,"6,350.00",C,60.75,61.5,61,2908,12788,0.1189,0.741,ES,CME,snap-20260730-es,ES-20260821-6350-C-20260730
2026-07-30,ES,08/21/26,6350,P,417,422,419.5,3375,15807,0.1175,-0.259,ES,CME,snap-20260730-es,ES-20260821-6350-P-20260730
2026-07-30,ES,08/21/2026,6400,C,61.5,62.25,62.00,7439,25548,0.1201,0.724,ES,CME,snap-20260730-es,ES-20260821-6400-C-20260730
2026-07-30,ES,20260821,6400,P,467,473,470.00,4872,14760,0.1185,-0.276,ES,CME,snap-20260730-es,ES-20260821-6400-P-20260730
2026-07-30,ES,20260821,6400,P,467,473,470.00,4872,14760,0.1185,-0.276,ES,CME,snap-20260730-es-retry,ES-20260821-6400-P-20260730
2026-07-30,es,2026-08-21,6450,Call,62,62.75,62.5,963,2271,0.1213,0.71,ES,CME,snap-20260730-es,ES-20260821-6450-C-20260730
07/30/2026,ES,20260821,6450,P,517.25,523.75,520.5,2264,11704,0.1195,-0.29,ES,CME,snap-20260730-es,ES-20260821-6450-P-20260730
07/30/2026,ES,2026-08-21,6500,C,62.5,63.5,63,1143,4815,0.1224,0.698,ES,CME,snap-20260730-es,ES-20260821-6500-C-20260730
20260730,ES,2026-08-21,6500,P,567.25,574.75,571,1514,7911,0.1204,-0.30,ES,CME,snap-20260730-es,ES-20260821-6500-P-20260730
2026-07-30,ES,20260828,5500,C,558.25,565.75,562,970,4182,0.1201,0.702,ES,CME,snap-20260730-es,ES-20260828-5500-C-20260730
07/30/2026,ES,2026-08-28,5500,P,74,75,74.5,1117,3090,0.1259,-0.298,ES,CME,snap-20260730-es,ES-20260828-5500-P-20260730
2026-07-30,es,2026-08-28,5550,C,508,514.75,511.5,"3,123",12302,0.1191,0.715,ES,CME,snap-20260730-es,ES-20260828-5550-C-20260730
2026-07-30,ES,2026-08-28,5550,P,73,74,73.5,2973,"8,327",0.1244,-0.285,ES,CME,snap-20260730-es,ES-20260828-5550-P-20260730
20260730,ES,2026-08-28,5600,C,457.75,463.75,460.75,6196,25628,0.1181,0.73,ES,CME,snap-20260730-es,ES-20260828-5600-C-20260730
07/30/2026,ES,2026-08-28,5600,P,72.00,73,72.5,7031,30095,0.1228,-0.27,ES,CME,snap-20260730-es,ES-20260828-5600-P-20260730
07/30/26,ES,2026-08-28,5650,C,407.75,412.75,410.25,7612,33715,0.1172,0.747,ES,CME,snap-20260730-es,ES-20260828-5650-C-20260730
07/30/2026,ES,20260828,5650,P,71.25,72,71.5,6491,20176,0.1212,-0.253,ES,CME,snap-20260730-es,ES-20260828-5650-P-20260730
2026-07-30,ES,2026-08-28,5700,Call,357.5,362,359.75,11079,43001,0.1162,0.767,ES,CME,snap-20260730-es,ES-20260828-5700-C-20260730
20260730,ES,08/28/26,5700,P,70.25,71.25,70.75,12085,63209,0.1197,-0.233,ES,CME,snap-20260730-es,ES-20260828-5700-P-20260730
20260730,ES,2026-08-28,5750,Call,307.25,311,309,8816,32101,0.1152,0.79,ES,CME,snap-20260730-es,ES-20260828-5750-C-20260730
20260730,ES,2026-08-28,5750,P,69.25,70.25,69.75,8705,"34,658",0.1181,-0.21,ES,CME,snap-20260730-es,ES-20260828-5750-P-20260730
2026-07-30,ES,2026-08-28,"5,800.00",C,257.00,260,258.5,12465,50734,0.1142,0.82,ES,CME,snap-20260730-es,ES-20260828-5800-C-20260730
07/30/2026,es,2026-08-28,5800,P,68.5,69.25,69,15321,42649,0.1165,-0.182,ES,CME,snap-20260730-es,ES-20260828-5800-P-20260730
07/30/2026,ES,08/28/2026,5850,C,206.75,209,208,"7,590",29019,0.1133,0.851,ES,CME,snap-20260730-es,ES-20260828-5850-C-20260730
2026-07-30,ES,2026-08-28,5850,P,67.5,68.25,68,16140,58639,0.11,-0.149,ES,CME,snap-20260730-es,ES-20260828-5850-P-20260730
2026-07-30,ES,08/28/2026,5900,C,156.50,158.25,157.5,19433,67748,0.1123,0.893,ES,CME,snap-20260730-es,ES-20260828-5900-C-20260730
2026-07-30,ES,2026-08-28,5900,Put,66.75,67.25,67.00,23394,101841,0.1134,-0.107,ES,CME,snap-20260730-es,ES-20260828-5900-P-20260730
20260730,ES,2026-08-28,5950,C,106.25,107.25,106.75,13566,49973,0.1113,0.945,ES,CME,snap-20260730-es,ES-20260828-5950-C-20260730
2026-07-30,es,08/28/2026,5950,P,65.75,66.5,66.00,11422,30788,0.1118,-0.06,ES,CME,snap-20260730-es,ES-20260828-5950-P-20260730
2026-07-30,ES,08/28/2026,6000,C,65,65.75,65.5,32067,102562,0.1107,0.987,ES,CME,snap-20260730-es,ES-20260828-6000-C-20260730
2026-07-30,ES,20260828,6000,P,74,74.75,74.5,31325,166637,0.1107,-0.013,ES,CME,snap-20260730-es,ES-20260828-6000-P-20260730
07/30/2026,ES,2026-08-28,6050,C,65.75,66.5,66,14356,58308,0.1119,0.925,ES,CME,snap-20260730-es,ES-20260828-6050-C-20260730
2026-07-30,ES,2026-08-28,"6,050.00",P,124.25,125.75,125,8177,31617,0.1117,-0.075,ES,CME,snap-20260730-es,ES-20260828-6050-P-20260730
2026-07-30,ES,2026-08-28,6100,C,66.5,67.25,67,13416,35617,0.1131,0.877,ES,CME,snap-20260730-es,ES-20260828-6100-C-20260730
2026-07-30,ES,08/28/26,6100,P,174.5,176.5,175.5,12709,61718,0.1126,-0.12,ES,CME,snap-20260730-es,ES-20260828-6100-P-20260730
07/30/2026,ES,08/28/26,6150,C,67.25,68.00,67.5,8807,27074,0.1142,0.838,ES,CME,snap-20260730-es,ES-20260828-6150-C-20260730
07/30/26,ES,2026-08-28,6150,P,224.75,227.5,226,16804,42938,0.1136,-0.162,ES,CME,snap-20260730-es,ES-20260828-6150-P-20260730
07/30/2026,ES,20260828,"6,200.00",C,67.75,68.5,68,8978,30954,0.1154,0.807,ES,CME,snap-20260730-es,ES-20260828-6200-C-20260730
07/30/2026,ES,2026-08-28,"6,200.00",P,275,278.25,276.5,12912,"34,052",0.1146,-0.193,ES,CME,snap-20260730-es,ES-20260828-6200-P-20260730
07/30/26,ES,2026-08-28,6250,C,68.5,69.25,69,11901,48443,0.1166,0.781,ES,CME,snap-20260730-es,ES-20260828-6250-C-20260730
2026-07-30,ES,08/28/2026,6250,P,325.25,329.25,327.25,11167,33535,0.1156,-0.219,ES,CME,snap-20260730-es,ES-20260828-6250-P-20260730
2026-07-30,es,2026-08-28,"6,300.00",C,69.25,70,69.5,8512,23950,0.1177,0.76,ES,CME,snap-20260730-es,ES-20260828-6300-C-20260730
20260730,ES,08/28/2026,6300,P,375.5,380.25,378,6223,22547,0.1165,-0.241,ES,CME,snap-20260730-es,ES-20260828-6300-P-20260730
20260730,ES,2026-08-28,6350,C,69.75,70.75,70.25,3497,13173,0.1189,0.741,ES,CME,snap-20260730-es,ES-20260828-6350-C-20260730
2026-07-30,ES,08/28/26,6350,put,425.75,431.25,428.5,7827,34193,0.1175,-0.259,ES,CME,snap-20260730-es,ES-20260828-6350-P-20260730
07/30/26,ES,08/28/2026,6400,C,70.5,71.5,71,4757,15972,0.1201,0.724,ES,CME,snap-20260730-es,ES-20260828-6400-C-20260730
2026-07-30,ES,2026-08-28,6400,P,476.00,482.25,479,7444,29456,0.1185,-0.276,ES,CME,snap-20260730-es,ES-20260828-6400-P-20260730
2026-07-30,ES,20260828,6450,C,71.25,72.25,71.75,1777,6377,0.1213,0.71,ES,CME,snap-20260730-es,ES-20260828-6450-C-20260730
07/30/2026,ES,08/28/2026,6450,put,526,533.25,529.5,2810,12737,0.1195,-0.29,ES,CME,snap-20260730-es,ES-20260828-6450-P-20260730
07/30/26,ES,2026-08-28,6500,Call,71.75,72.75,72.25,525,2014,0.1224,0.698,ES,CME,snap-20260730-es,ES-20260828-6500-C-20260730
2026-07-30,ES,08/28/2026,6500,P,576.25,584.25,580.25,878,3352,0.1204,-0.302,ES,CME,snap-20260730-es,ES-20260828-6500-P-20260730
2026-07-30,ES,2026-09-18,5500,C,579.75,588.75,584.25,1093,3551,0.1201,0.702,ES,CME,snap-20260730-es,ES-20260918-5500-C-20260730
2026-07-30,ES,09/18/26,5500,P,97,98.5,97.75,1070,3067,0.1259,-0.298,ES,CME,snap-20260730-es,ES-20260918-5500-P-20260730
2026-07-30,ES,09/18/2026,5550,Call,529.5,537.5,533.5,1492,"6,005",0.1191,0.715,ES,CME,snap-20260730-es,ES-20260918-5550-C-20260730
07/30/2026,ES,09/18/26,5550,P,95.75,97.25,96.5,1173,4694,0.12,-0.285,ES,CME,snap-20260730-es,ES-20260918-5550-P-20260730
20260730,ES,20260918,5600,C,479,486.25,482.5,3413,"12,127",0.1181,0.73,ES,CME,snap-20260730-es,ES-20260918-5600-C-20260730
2026-07-30,ES,2026-09-18,5600,P,94.5,96,95.25,7176,27864,0.1228,-0.27,ES,CME,snap-20260730-es,ES-20260918-5600-P-20260730
2026-07-30,ES,09/18/2026,5650,C,428.75,435.00,432,3674,14991,0.1172,0.75,ES,CME,snap-20260730-es,ES-20260918-5650-C-20260730
2026-07-30,ES,2026-09-18,5650,P,93.5,94.75,94,2841,10314,0.1212,-0.253,ES,CME,snap-20260730-es,ES-20260918-5650-P-20260730
2026-07-30,ES,20260918,5700,C,378.5,383.75,381,12714,50557,0.1162,0.767,ES,CME,snap-20260730-es,ES-20260918-5700-C-20260730
07/30/2026,ES,20260918,5700,P,92.25,93.5,93,14502,36966,0.1197,-0.233,ES,CME,snap-20260730-es,ES-20260918-5700-P-20260730
20260730,ES,2026-09-18,5750,C,328.25,332.75,330.5,10763,25318,0.1152,0.79,ES,CME,snap-20260730-es,ES-20260918-5750-C-20260730
2026-07-30,ES,2026-09-18,5750,P,91,92.25,91.50,11338,49185,0.1181,-0.21,ES,CME,snap-20260730-es,ES-20260918-5750-P-20260730
20260730,ES,09/18/2026,5800,C,277.75,281.5,279.5,"8,789","34,017",0.1142,0.818,ES,CME,snap-20260730-es,ES-20260918-5800-C-20260730
07/30/2026,ES,2026-09-18,5800,P,89.75,91,90.5,15020,47386,0.1165,-0.18,ES,CME,snap-20260730-es,ES-20260918-5800-P-20260730
2026-07-30,ES,2026-09-18,5850,C,227.5,230.5,229,10880,43040,0.1133,0.851,ES,CME,snap-20260730-es,ES-20260918-5850-C-20260730
2026-07-30,ES,2026-09-18,5850,P,88.50,89.75,89,8581,32466,0.1149,-0.149,ES,CME,snap-20260730-es,ES-20260918-5850-P-20260730
07/30/2026,ES,09/18/2026,5900,C,177,179.25,178,8772,32306,0.1123,0.893,ES,CME,snap-20260730-es,ES-20260918-5900-C-20260730
2026-07-30,ES,09/18/2026,5900,P,87.50,88.5,88,16935,90742,0.1134,-0.107,ES,CME,snap-20260730-es,ES-20260918-5900-P-20260730
2026-07-30,ES,09/18/2026,5950,C,126.5,128.25,127.5,19385,92482,0.1113,0.945,ES,CME,snap-20260730-es,ES-20260918-5950-C-20260730
2026-07-30,ES,2026-09-18,5950,P,86.25,87.25,86.75,10765,49256,0.1118,-0.055,ES,CME,snap-20260730-es,ES-20260918-5950-P-20260730
2026-07-30,ES,20260918,6000,C,85.50,86.5,86.00,"24,178",97380,0.1107,0.987,ES,CME,snap-20260730-es,ES-20260918-6000-C-20260730
07/30/26,ES,09/18/2026,6000,P,94.25,95.5,95,24996,121725,0.1107,-0.013,ES,CME,snap-20260730-es,ES-20260918-6000-P-20260730
07/30/26,ES,2026-09-18,6050,C,86.25,87.5,87,16076,73007,0.1119,0.925,ES,CME,snap-20260730-es,ES-20260918-6050-C-20260730
2026-07-30,ES,2026-09-18,6050,P,144.75,146.50,145.5,20423,96283,0.1117,-0.075,ES,CME,snap-20260730-es,ES-20260918-6050-P-20260730
07/30/2026,es,20260918,6100,C,87.25,88.25,87.75,17506,64462,0.1131,0.877,ES,CME,snap-20260730-es,ES-20260918-6100-C-20260730
2026-07-30,ES,2026-09-18,6100,P,195.25,197.75,196.5,25172,133228,0.1126,-0.123,ES,CME,snap-20260730-es,ES-20260918-6100-P-20260730
2026-07-30,ES,09/18/2026,6150,C,88,89.25,88.5,13139,32746,0.1142,0.838,ES,CME,snap-20260730-es,ES-20260918-6150-C-20260730
2026-07-30,ES,09/18/2026,6150,Put,245.5,248.75,247.00,14015,75970,0.1136,-0.162,ES,CME,snap-20260730-es,ES-20260918-6150-P-20260730
2026-07-30,es,09/18/2026,"6,200.00",Call,89.00,90.25,89.5,18156,45344,0.1154,0.807,ES,CME,snap-20260730-es,ES-20260918-6200-C-20260730
2026-07-30,ES,2026-09-18,6200,P,296,300,298,16994,73327,0.11,-0.193,ES,CME,snap-20260730-es,ES-20260918-6200-P-20260730
2026-07-30,ES,2026-09-18,6250,C,89.75,91,90.5,"9,028",23688,0.1166,0.781,ES,CME,snap-20260730-es,ES-20260918-6250-C-20260730
07/30/2026,ES,09/18/26,6250,P,346.25,351,348.5,10494,34414,0.1156,-0.219,ES,CME,snap-20260730-es,ES-20260918-6250-P-20260730
20260730,ES,20260918,6300,C,90.75,92,91.5,4222,19935,0.1177,0.759,ES,CME,snap-20260730-es,ES-20260918-6300-C-20260730
07/30/26,ES,2026-09-18,6300,P,396.50,402.25,399.5,7467,"31,766",0.1165,-0.241,ES,CME,snap-20260730-es,ES-20260918-6300-P-20260730
20260730,ES,09/18/2026,6350,Call,91.5,93,92.25,3544,9110,0.1189,0.741,ES,CME,snap-20260730-es,ES-20260918-6350-C-20260730
20260730,ES,2026-09-18,6350,P,447,453.5,450.25,4496,24007,0.1175,-0.259,ES,CME,snap-20260730-es,ES-20260918-6350-P-20260730
07/30/26,ES,09/18/2026,"6,400.00",C,92.5,94,93.25,2757,8701,0.1201,0.724,ES,CME,snap-20260730-es,ES-20260918-6400-C-20260730
07/30/2026,es,2026-09-18,6400,P,497.25,504.75,501,3423,16618,0.1185,-0.276,ES,CME,snap-20260730-es,ES-20260918-6400-P-20260730
2026-07-30,ES,09/18/2026,6450,C,93.5,94.75,94,1827,6623,0.12,0.71,ES,CME,snap-20260730-es,ES-20260918-6450-C-20260730
20260730,ES,2026-09-18,6450,P,547.5,556.00,551.75,"1,669",6497,0.1195,-0.29,ES,CME,snap-20260730-es,ES-20260918-6450-P-20260730
2026-07-30,es,2026-09-18,6500,C,94.25,95.75,95,608,2689,0.1224,0.698,ES,CME,snap-20260730-es,ES-20260918-6500-C-20260730
2026-07-30,ES,2026-09-18,6500,P,597.75,607.25,602.5,1412,3587,0.1204,-0.302,ES,CME,snap-20260730-es,ES-20260918-6500-P-20260730
2026-07-30,ES,2026-10-16,5500,C,602,612.75,607.5,"1,010",4599,0.1201,0.702,ES,CME,snap-20260730-es,ES-20261016-5500-C-20260730
20260730,ES,10/16/2026,5500,P,121,123.25,122.00,1217,3715,0.1259,-0.298,ES,CME,snap-20260730-es,ES-20261016-5500-P-20260730
07/30/26,ES,2026-10-16,"5,550.00",C,551.5,561.25,556.5,1554,4152,0.1191,0.71,ES,CME,snap-20260730-es,ES-20261016-5550-C-20260730
07/30/26,ES,2026-10-16,5550,Put,119.50,121.5,120.5,1508,7341,0.1244,-0.285,ES,CME,snap-20260730-es,ES-20261016-5550-P-20260730
2026-07-30,ES,2026-10-16,5600,C,501.25,509.75,505.5,"5,695",15718,0.1181,0.73,ES,CME,snap-20260730-es,ES-20261016-5600-C-20260730
2026-07-30,ES,2026-10-16,5600,P,118,120,119,5584,29776,0.12,-0.27,ES,CME,snap-20260730-es,ES-20261016-5600-P-20260730
07/30/2026,ES,2026-10-16,5650,C,450.75,458.5,454.5,4777,18402,0.1172,0.747,ES,CME,snap-20260730-es,ES-20261016-5650-C-20260730
20260730,ES,2026-10-16,5650,P,116.5,118.5,117.5,3080,8852,0.1212,-0.253,ES,CME,snap-20260730-es,ES-20261016-5650-P-20260730
07/30/26,es,10/16/2026,5700,C,400.25,407,403.5,7863,35229,0.12,0.767,ES,CME,snap-20260730-es,ES-20261016-5700-C-20260730
07/30/26,ES,20261016,5700,P,115.00,117,116,10360,56454,0.1197,-0.233,ES,CME,snap-20260730-es,ES-20261016-5700-P-20260730
07/30/2026,ES,2026-10-16,5750,C,349.75,355.5,352.5,7192,31493,0.1152,0.79,ES,CME,snap-20260730-es,ES-20261016-5750-C-20260730
2026-07-30,ES,2026-10-16,5750,P,113.5,115.5,114.5,9601,47829,0.1181,-0.21,ES,CME,snap-20260730-es,ES-20261016-5750-P-20260730
2026-07-30,ES,10/16/26,5800,C,299.25,304,301.50,6125,18688,0.1142,0.818,ES,CME,snap-20260730-es,ES-20261016-5800-C-20260730
07/30/26,ES,2026-10-16,5800,Put,112,113.75,113,8358,41405,0.1165,-0.182,ES,CME,snap-20260730-es,ES-20261016-5800-P-20260730
2026-07-30,ES,10/16/2026,5850,C,248.75,252.75,250.75,7220,25536,0.11,0.851,ES,CME,snap-20260730-es,ES-20261016-5850-C-20260730
2026-07-30,ES,10/16/26,5850,P,110.5,112.25,111.5,7815,27642,0.1149,-0.149,ES,CME,snap-20260730-es,ES-20261016-5850-P-20260730
07/30/26,ES,2026-10-16,5900,C,198.25,201.25,199.75,7103,27316,0.1123,0.893,ES,CME,snap-20260730-es,ES-20261016-5900-C-20260730
2026-07-30,ES,10/16/26,5900,P ,109.00,110.75,110,14607,45941,0.1134,-0.107,ES,CME,snap-20260730-es,ES-20261016-5900-P-20260730
2026-07-30,ES,2026-10-16,5950,C,147.75,150,149,13682,46900,0.1113,0.945,ES,CME,snap-20260730-es,ES-20261016-5950-C-20260730
20260730,ES,2026-10-16,5950,P,107.50,109.25,108.5,13840,68585,0.1118,-0.055,ES,CME,snap-20260730-es,ES-20261016-5950-P-20260730
2026-07-30,ES,10/16/26,6000,C,106.50,108,107.25,12045,50728,0.11,0.987,ES,CME,snap-20260730-es,ES-20261016-6000-C-20260730
2026-07-30,ES,10/16/2026,6000,P,115.5,117.25,116.5,8619,43212,0.1107,-0.013,ES,CME,snap-20260730-es,ES-20261016-6000-P-20260730
20260730,ES,20261016,6050,Call,107.75,109.25,108.5,15553,44945,0.1119,0.925,ES,CME,snap-20260730-es,ES-20261016-6050-C-20260730
2026-07-30,ES,20261016,6050,P,166.00,168.5,167.25,15544,73429,0.1117,-0.075,ES,CME,snap-20260730-es,ES-20261016-6050-P-20260730
2026-07-30,ES,2026-10-16,"6,100.00",Call,108.75,110.5,109.5,14189,51790,0.1131,0.877,ES,CME,snap-20260730-es,ES-20261016-6100-C-20260730
2026-07-30,ES,2026-10-16,6100,P,216.5,219.75,218,11784,47076,0.1126,-0.123,ES,CME,snap-20260730-es,ES-20261016-6100-P-20260730
07/30/2026,ES,2026-10-16,6150,C,109.75,111.5,110.5,9531,27898,0.1142,0.838,ES,CME,snap-20260730-es,ES-20261016-6150-C-20260730
2026-07-30,ES,2026-10-16,6150,P,267,271.25,269,4651,12143,0.1136,-0.162,ES,CME,snap-20260730-es,ES-20261016-6150-P-20260730
2026-07-30,ES,2026-10-16,6200,C,111,112.75,112,7449,35015,0.1154,0.807,ES,CME,snap-20260730-es,ES-20261016-6200-C-20260730
2026-07-30,ES,2026-10-16,6200,P,317.5,322.5,320,11779,33705,0.1146,-0.193,ES,CME,snap-20260730-es,ES-20261016-6200-P-20260730
2026-07-30,ES,2026-10-16,6250,C,112,114,113,3719,12075,0.12,0.781,ES,CME,snap-20260730-es,ES-20261016-6250-C-20260730
2026-07-30,ES,2026-10-16,6250,P,368,374,371,4681,12052,0.12,-0.219,ES,CME,snap-20260730-es,ES-20261016-6250-P-20260730
2026-07-30,ES,2026-10-16,6300,Call,113.25,115,114.00,9737,31688,0.1177,0.759,ES,CME,snap-20260730-es,ES-20261016-6300-C-20260730
07/30/2026,ES,2026-10-16,6300,P,418.5,425.5,422.00,8211,41519,0.1165,-0.241,ES,CME,snap-20260730-es,ES-20261016-6300-P-20260730
07/30/2026,ES,2026-10-16,6350,C,114.25,116.25,115.25,3677,"14,958",0.1189,0.741,ES,CME,snap-20260730-es,ES-20261016-6350-C-20260730
2026-07-30,ES,2026-10-16,6350,P,469,477,473,3071,14973,0.12,-0.259,ES,CME,snap-20260730-es,ES-20261016-6350-P-20260730
2026-07-30,ES,20261016,6400,C,115.5,117.5,116.5,3660,9665,0.1201,0.724,ES,CME,snap-20260730-es,ES-20261016-6400-C-20260730
2026-07-30,ES,2026-10-16,6400,P,519.25,528.25,523.75,5528,25475,0.1185,-0.276,ES,CME,snap-20260730-es,ES-20261016-6400-P-20260730
2026-07-30,es,2026-10-16,6450,C,116.5,118.5,117.5,1772,5558,0.1213,0.71,ES,CME,snap-20260730-es,ES-20261016-6450-C-20260730
07/30/2026,ES,2026-10-16,6450,P,569.75,579.75,574.75,1578,"8,247",0.1195,-0.29,ES,CME,snap-20260730-es,ES-20261016-6450-P-20260730
2026-07-30,es,2026-10-16,"6,500.00",C,117.5,119.75,118.50,610,2866,0.1224,0.698,ES,CME,snap-20260730-es,ES-20261016-6500-C-20260730
2026-07-30,ES,2026-10-16,6500,P,620.25,631.25,625.75,872,2529,0.1204,-0.302,ES,CME,snap-20260730-es,ES-20261016-6500-P-20260730
07/30/26,ES,12/18/2026,5500,C,640,655,647.5,168,647,0.1201,0.70,ES,CME,snap-20260730-es,ES-20261218-5500-C-20260730
2026-07-30,ES,2026-12-18,5500,P,162.25,166,164,437,"1,837",0.1259,-0.30,ES,CME,snap-20260730-es,ES-20261218-5500-P-20260730
2026-07-30,ES,12/18/26,5550,C,589.5,603,596.25,1119,3594,0.1191,0.715,ES,CME,snap-20260730-es,ES-20261218-5550-C-20260730
07/30/2026,ES,20261218,5550,P,160.25,164.00,162,673,"2,455",0.1244,-0.285,ES,CME,snap-20260730-es,ES-20261218-5550-P-20260730
2026-07-30,ES,2026-12-18,5600,C,538.75,551,545,2315,10027,0.1181,0.73,ES,CME,snap-20260730-es,ES-20261218-5600-C-20260730
2026-07-30,ES,20261218,5600,P,158.25,161.75,160,"1,086",4626,0.1228,-0.27,ES,CME,snap-20260730-es,ES-20261218-5600-P-20260730
2026-07-30,ES,2026-12-18,5650,C,488.25,499.25,493.75,1902,"6,981",0.1172,0.747,ES,CME,snap-20260730-es,ES-20261218-5650-C-20260730
2026-07-30,ES,12/18/26,5650,P,156.25,159.75,158,1951,10408,0.12,-0.253,ES,CME,snap-20260730-es,ES-20261218-5650-P-20260730
2026-07-30,ES,2026-12-18,5700,C,437.50,447.25,442.5,4792,17630,0.1162,0.767,ES,CME,snap-20260730-es,ES-20261218-5700-C-20260730
20260730,ES,20261218,5700,P,154.25,157.75,156,5389,25998,0.1197,-0.23,ES,CME,snap-20260730-es,ES-20261218-5700-P-20260730
07/30/26,ES,2026-12-18,5750,C,387,395.25,391,3873,14387,0.12,0.79,ES,CME,snap-20260730-es,ES-20261218-5750-C-20260730
20260730,ES,20261218,5750,P,152.25,155.5,154,3423,13527,0.1181,-0.21,ES,CME,snap-20260730-es,ES-20261218-5750-P-20260730
20260730,ES,2026-12-18,5800,C,336.25,343.5,340,4761,11772,0.1142,0.818,ES,CME,snap-20260730-es,ES-20261218-5800-C-20260730
07/30/26,ES,20261218,5800,P,150.25,153.5,152,4372,21891,0.1165,-0.182,ES,CME,snap-20260730-es,ES-20261218-5800-P-20260730
2026-07-30,ES,2026-12-18,"5,850.00",C,285.5,291.5,288.5,4684,19424,0.1133,0.851,ES,CME,snap-20260730-es,ES-20261218-5850-C-20260730
20260730,ES,2026-12-18,5850,P,148.25,151.25,149.75,4366,21470,0.1149,-0.149,ES,CME,snap-20260730-es,ES-20261218-5850-P-20260730
2026-07-30,ES,20261218,5900,C,235,239.75,237.5,9672,45651,0.11,0.893,ES,CME,snap-20260730-es,ES-20261218-5900-C-20260730
2026-07-30,es,2026-12-18,5900,P,146.25,149.25,147.75,9390,47785,0.1134,-0.107,ES,CME,snap-20260730-es,ES-20261218-5900-P-20260730
2026-07-30,ES,2026-12-18,5950,C,184.25,188,186,"5,970",23670,0.1113,0.945,ES,CME,snap-20260730-es,ES-20261218-5950-C-20260730
20260730,ES,12/18/2026,5950,P,144.25,147.25,145.75,7413,30848,0.1118,-0.055,ES,CME,snap-20260730-es,ES-20261218-5950-P-20260730
2026-07-30,ES,12/18/26,6000,C,142.75,145.75,144.25,10029,24416,0.11,0.987,ES,CME,snap-20260730-es,ES-20261218-6000-C-20260730
2026-07-30,ES,12/18/26,6000,P,151.75,154.75,153.25,"6,933",17888,0.1107,-0.013,ES,CME,snap-20260730-es,ES-20261218-6000-P-20260730
07/30/26,ES,2026-12-18,6050,C,144.25,147.25,145.75,3804,14528,0.1119,0.925,ES,CME,snap-20260730-es,ES-20261218-6050-C-20260730
2026-07-30,ES,12/18/2026,6050,P,202.5,206.5,204.50,6396,"26,903",0.1117,-0.075,ES,CME,snap-20260730-es,ES-20261218-6050-P-20260730
2026-07-30,ES,20261218,6100,C,145.75,148.75,147.25,3130,13612,0.1131,0.877,ES,CME,snap-20260730-es,ES-20261218-6100-C-20260730
20260730,ES,2026-12-18,6100,P,253.25,258.5,256,3803,14944,0.1126,-0.123,ES,CME,snap-20260730-es,ES-20261218-6100-P-20260730
20260730,ES,20261218,"6,150.00",C,147.25,150.5,149,"2,330",5311,0.1142,0.838,ES,CME,snap-20260730-es,ES-20261218-6150-C-20260730
20260730,ES,20261218,6150,P,303.75,310.25,307,6021,31246,0.1136,-0.162,ES,CME,snap-20260730-es,ES-20261218-6150-P-20260730
07/30/2026,ES,2026-12-18,6200,C,148.75,152,150.50,6637,24287,0.1154,0.807,ES,CME,snap-20260730-es,ES-20261218-6200-C-20260730
2026-07-30,ES,2026-12-18,6200,P,354.5,362,358.25,3617,10998,0.1146,-0.193,ES,CME,snap-20260730-es,ES-20261218-6200-P-20260730
2026-07-30,ES,12/18/2026,6250,C,150.25,153.50,152,3742,9951,0.1166,0.781,ES,CME,snap-20260730-es,ES-20261218-6250-C-20260730
2026-07-30,ES,2026-12-18,6250,P,405.25,414,409.5,3239,14271,0.1156,-0.219,ES,CME,snap-20260730-es,ES-20261218-6250-P-20260730
20260730,ES,2026-12-18,6300,C,151.75,155.00,153.5,1837,5963,0.1177,0.759,ES,CME,snap-20260730-es,ES-20261218-6300-C-20260730
2026-07-30,ES,2026-12-18,6300,P,455.75,466,461,4404,11971,0.1165,-0.241,ES,CME,snap-20260730-es,ES-20261218-6300-P-20260730
07/30/2026,ES,2026-12-18,6350,C,153.25,156.75,155,1880,7531,0.1189,0.741,ES,CME,snap-20260730-es,ES-20261218-6350-C-20260730
20260730,ES,20261218,6350,P,506.5,517.75,512,1111,"4,371",0.1175,-0.259,ES,CME,snap-20260730-es,ES-20261218-6350-P-20260730
2026-07-30,ES,20261218,6400,C,154.75,158.25,156.5,1658,6087,0.1201,0.724,ES,CME,snap-20260730-es,ES-20261218-6400-C-20260730
07/30/26,ES,12/18/2026,6400,put,557,569.75,563.5,1400,4995,0.1185,-0.276,ES,CME,snap-20260730-es,ES-20261218-6400-P-20260730
20260730,ES,2026-12-18,6450,C,156.25,159.75,158.00,782,2944,0.1213,0.71,ES,CME,snap-20260730-es,ES-20261218-6450-C-20260730
07/30/2026,ES,2026-12-18,6450,P,607.75,621.75,614.75,738,2247,0.1195,-0.29,ES,CME,snap-20260730-es,ES-20261218-6450-P-20260730
2026-07-30,ES,2026-12-18,"6,500.00",C,157.75,161.5,159.50,218,596,0.1224,0.698,ES,CME,snap-20260730-es,ES-20261218-6500-C-20260730
2026-07-30,ES,2026-12-18,6500,P,658.25,673.75,666,472,2431,0.1204,-0.302,ES,CME,snap-20260730-es,ES-20261218-6500-P-20260730
07/31/26,ES,2026-08-21,5450,C,563.50,571,567.25,362,939,0.1205,0.697,ES,CME,snap-20260731-es,ES-20260821-5450-C-20260731
2026-07-31,ES,08/21/26,5450,P,62.75,63.75,63.25,661,2478,0.1265,-0.303,ES,CME,snap-20260731-es,ES-20260821-5450-P-20260731
20260731,ES,2026-08-21,5500,C,513.5,520,516.75,2828,8089,0.1195,0.71,ES,CME,snap-20260731-es,ES-20260821-5500-C-20260731
2026-07-31,ES,2026-08-21,"5,500.00",P,62,63.00,62.5,"4,054",20088,0.125,-0.29,ES,CME,snap-20260731-es,ES-20260821-5500-P-20260731
2026-07-31,ES,08/21/2026,5550,Call,463.25,469.25,466.25,4727,20109,0.1185,0.724,ES,CME,snap-20260731-es,ES-20260821-5550-C-20260731
2026-07-31,es,2026-08-21,5550,P,61.25,62,61.5,4238,"17,810",0.1234,-0.276,ES,CME,snap-20260731-es,ES-20260821-5550-P-20260731
2026-07-31,ES,2026-08-21,5600,C,413.25,418.25,415.75,10871,30115,0.12,0.74,ES,CME,snap-20260731-es,ES-20260821-5600-C-20260731
2026-07-31,ES,08/21/2026,5600,P,60.50,61.25,61.00,8783,48080,0.1218,-0.259,ES,CME,snap-20260731-es,ES-20260821-5600-P-20260731
20260731,ES,08/21/2026,5650,C,363,367.50,365.25,10447,"40,026",0.1165,0.759,ES,CME,snap-20260731-es,ES-20260821-5650-C-20260731
2026-07-31,ES,2026-08-21,5650,P,59.75,60.5,60,10432,47145,0.1202,-0.241,ES,CME,snap-20260731-es,ES-20260821-5650-P-20260731
07/31/2026,ES,20260821,5700,C,313,316.5,314.75,8345,20833,0.1155,0.78,ES,CME,snap-20260731-es,ES-20260821-5700-C-20260731
2026-07-31,es,2026-08-21,5700,P,59,59.75,59.5,13108,48688,0.1186,-0.219,ES,CME,snap-20260731-es,ES-20260821-5700-P-20260731
20260731,es,20260821,5750,C,262.75,265.75,264.25,13156,58970,0.1146,0.808,ES,CME,snap-20260731-es,ES-20260821-5750-C-20260731
2026-07-31,ES,08/21/2026,5750,P,58.25,58.75,58.5,17889,64275,0.1171,-0.192,ES,CME,snap-20260731-es,ES-20260821-5750-P-20260731
07/31/26,ES,2026-08-21,5800,Call,212.75,215,214,25757,96589,0.1136,0.839,ES,CME,snap-20260731-es,ES-20260821-5800-C-20260731
2026-07-31,ES,08/21/2026,5800,P,57.50,58,57.75,20622,78751,0.1155,-0.161,ES,CME,snap-20260731-es,ES-20260821-5800-P-20260731
07/31/2026,ES,2026-08-21,5850,C,162.5,164.25,163.50,18251,63692,0.11,0.88,ES,CME,snap-20260731-es,ES-20260821-5850-C-20260731
2026-07-31,es,2026-08-21,5850,P,56.75,57.25,57,"13,776",54818,0.1139,-0.122,ES,CME,snap-20260731-es,ES-20260821-5850-P-20260731
07/31/26,es,08/21/26,5900,C,112.25,113.5,113,29410,112193,0.1116,0.927,ES,CME,snap-20260731-es,ES-20260821-5900-C-20260731
20260731,ES,08/21/26,5900,P,56,56.5,56.25,21003,58277,0.1123,-0.073,ES,CME,snap-20260731-es,ES-20260821-5900-P-20260731
2026-07-31,ES,08/21/2026,5950,C,62,62.75,62.5,"24,049",96859,0.1106,0.99,ES,CME,snap-20260731-es,ES-20260821-5950-C-20260731
07/31/2026,ES,2026-08-21,5950,P,55,55.75,55.5,15137,51389,0.1107,-0.01,ES,CME,snap-20260731-es,ES-20260821-5950-P-20260731
2026-07-31,ES,2026-08-21,6000,C,55.5,56,55.75,22543,58267,0.1115,0.943,ES,CME,snap-20260731-es,ES-20260821-6000-C-20260731
2026-07-31,ES,20260821,6000,P,98.25,99.25,98.75,31592,138007,0.1113,-0.057,ES,CME,snap-20260731-es,ES-20260821-6000-P-20260731
07/31/26,ES,2026-08-21,6050,C,56,56.75,56.5,13620,54649,0.1127,0.89,ES,CME,snap-20260731-es,ES-20260821-6050-C-20260731
07/31/2026,ES,20260821,6050,P,148.5,150,149.25,17377,86393,0.1123,-0.11,ES,CME,snap-20260731-es,ES-20260821-6050-P-20260731
2026-07-31,ES,2026-08-21,6100,C,56.75,57.25,57,19430,79986,0.11,0.849,ES,CME,snap-20260731-es,ES-20260821-6100-C-20260731
20260731,ES,2026-08-21,6100,P,198.5,200.75,199.5,"21,959",97241,0.1133,-0.151,ES,CME,snap-20260731-es,ES-20260821-6100-P-20260731
2026-07-31,es,2026-08-21,"6,150.00",C,57.25,57.75,57.5,5910,28099,0.115,0.816,ES,CME,snap-20260731-es,ES-20260821-6150-C-20260731
2026-07-31,ES,08/21/2026,6150,P,248.75,251.5,250,13816,68893,0.1143,-0.184,ES,CME,snap-20260731-es,ES-20260821-6150-P-20260731
2026-07-31,ES,08/21/26,6200,C,57.75,58.5,58,14646,62739,0.12,0.788,ES,CME,snap-20260731-es,ES-20260821-6200-C-20260731
2026-07-31,ES,2026-08-21,6200,P,299,302.25,300.5,7080,18508,0.1153,-0.212,ES,CME,snap-20260731-es,ES-20260821-6200-P-20260731
2026-07-31,ES,08/21/2026,6250,C,58.25,59,58.5,6240,24148,0.1174,0.765,ES,CME,snap-20260731-es,ES-20260821-6250-C-20260731
2026-07-31,ES,20260821,6250,P,349.00,353.25,351,6828,29624,0.1163,-0.235,ES,CME,snap-20260731-es,ES-20260821-6250-P-20260731
07/31/26,ES,08/21/26,6300,Call,59,59.75,59.5,6668,"26,917",0.1186,0.746,ES,CME,snap-20260731-es,ES-20260821-6300-C-20260731
2026-07-31,ES,08/21/2026,6300,P,399.25,404,401.5,11607,57848,0.1172,-0.254,ES,CME,snap-20260731-es,ES-20260821-6300-P-20260731
07/31/2026,ES,2026-08-21,6350,C,59.50,60.25,60,3287,10379,0.1198,0.73,ES,CME,snap-20260731-es,ES-20260821-6350-C-20260731
2026-07-31,ES,2026-08-21,6350,P,449.25,455,452,3851,9860,0.1182,-0.271,ES,CME,snap-20260731-es,ES-20260821-6350-P-20260731
2026-07-31,ES,2026-08-21,6400,C,60,60.75,60.5,2070,4619,0.1209,0.714,ES,CME,snap-20260731-es,ES-20260821-6400-C-20260731
2026-07-31,ES,2026-08-21,6400,P,499.5,505.75,502.5,3351,16058,0.1192,-0.286,ES,CME,snap-20260731-es,ES-20260821-6400-P-20260731
2026-07-31,ES,2026-08-21,6450,C,60.75,61.5,61,842,2208,0.1221,0.701,ES,CME,snap-20260731-es,ES-20260821-6450-C-20260731
07/31/2026,ES,08/21/2026,6450,P,549.5,556.75,553,586,3086,0.1202,-0.299,ES,CME,snap-20260731-es,ES-20260821-6450-P-20260731
2026-07-31,es,2026-08-28,5450,C,572.5,580.5,576.5,991,3353,0.1205,0.697,ES,CME,snap-20260731-es,ES-20260828-5450-C-20260731
2026-07-31,ES,2026-08-28,5450,P,72.50,73.50,73,899,3588,0.1265,-0.303,ES,CME,snap-20260731-es,ES-20260828-5450-P-20260731
2026-07-31,ES,2026-08-28,5500,C,522.5,529.50,526,3309,12972,0.1195,0.71,ES,CME,snap-20260731-es,ES-20260828-5500-C-20260731
2026-07-31,ES,08/28/2026,5500,P,71.75,72.75,72.25,3186,15645,0.125,-0.29,ES,CME,snap-20260731-es,ES-20260828-5500-P-20260731
07/31/2026,ES,2026-08-28,"5,550.00",Call,472.25,478.5,475.5,"4,740",21881,0.1185,0.724,ES,CME,snap-20260731-es,ES-20260828-5550-C-20260731
07/31/26,ES,2026-08-28,"5,550.00",P,70.75,71.75,71.25,2625,7969,0.1234,-0.28,ES,CME,snap-20260731-es,ES-20260828-5550-P-20260731
07/31/26,ES,2026-08-28,5600,C,422.25,427.5,425,7283,29371,0.1175,0.741,ES,CME,snap-20260731-es,ES-20260828-5600-C-20260731
2026-07-31,ES,2026-08-28,5600,P,70,70.75,70.5,10302,41348,0.1218,-0.259,ES,CME,snap-20260731-es,ES-20260828-5600-P-20260731
2026-07-31,es,2026-08-28,5650,C,372,376.5,374.25,6961,29144,0.1165,0.759,ES,CME,snap-20260731-es,ES-20260828-5650-C-20260731
07/31/2026,ES,20260828,5650,P,69,69.75,69.5,11055,55595,0.1202,-0.24,ES,CME,snap-20260731-es,ES-20260828-5650-P-20260731
07/31/26,ES,2026-08-28,5700,C,321.75,325.75,323.75,7214,30857,0.1155,0.781,ES,CME,snap-20260731-es,ES-20260828-5700-C-20260731
20260731,ES,2026-08-28,5700,P,68,69,68.5,15180,"83,364",0.1186,-0.219,ES,CME,snap-20260731-es,ES-20260828-5700-P-20260731
2026-07-31,ES,08/28/2026,5750,C,271.5,274.75,273.00,8082,24726,0.1146,0.808,ES,CME,snap-20260731-es,ES-20260828-5750-C-20260731
2026-07-31,ES,08/28/2026,5750,P,67.25,68.00,67.5,11728,32294,0.1171,-0.192,ES,CME,snap-20260731-es,ES-20260828-5750-P-20260731
07/31/2026,ES,20260828,5800,C,221.25,223.75,222.5,23796,56056,0.1136,0.839,ES,CME,snap-20260731-es,ES-20260828-5800-C-20260731
2026-07-31,ES,2026-08-28,5800,P,66.25,67,66.5,22644,98080,0.12,-0.161,ES,CME,snap-20260731-es,ES-20260828-5800-P-20260731
2026-07-31,ES,08/28/2026,5850,C,171,173,172,9144,35268,0.1126,0.88,ES,CME,snap-20260731-es,ES-20260828-5850-C-20260731
07/31/2026,ES,08/28/2026,5850,P,65.5,66.25,66,11912,59788,0.1139,-0.122,ES,CME,snap-20260731-es,ES-20260828-5850-P-20260731
2026-07-31,es,08/28/26,5900,C,120.75,122,121.5,27572,85155,0.1116,0.927,ES,CME,snap-20260731-es,ES-20260828-5900-C-20260731
07/31/2026,ES,2026-08-28,5900,P,64.5,65.25,65,27602,76649,0.1123,-0.073,ES,CME,snap-20260731-es,ES-20260828-5900-P-20260731
2026-07-31,ES,2026-08-28,5950,C,70.5,71.25,71,17723,84601,0.1106,0.99,ES,CME,snap-20260731-es,ES-20260828-5950-C-20260731
2026-07-31,ES,2026-08-28,5950,P ,63.5,64.25,64,14602,67772,0.1107,-0.01,ES,CME,snap-20260731-es,ES-20260828-5950-P-20260731
2026-07-31,ES,2026-08-28,6000,C,64,64.75,64.5,20138,47792,0.1115,0.943,ES,CME,snap-20260731-es,ES-20260828-6000-C-20260731
2026-07-31,ES,2026-08-28,6000,P,106.75,107.75,107.25,32352,178092,0.1113,-0.057,ES,CME,snap-20260731-es,ES-20260828-6000-P-20260731
07/31/2026,ES,08/28/2026,6050,Call,64.75,65.5,65,11057,43160,0.1127,0.89,ES,CME,snap-20260731-es,ES-20260828-6050-C-20260731
07/31/26,ES,08/28/2026,6050,P,157,158.75,158,9759,25863,0.1123,-0.11,ES,CME,snap-20260731-es,ES-20260828-6050-P-20260731
2026-07-31,ES,08/28/26,6100,Call,65.5,66.25,66.00,"21,827",93001,0.1139,0.849,ES,CME,snap-20260731-es,ES-20260828-6100-C-20260731
07/31/2026,ES,2026-08-28,6100,P,207.25,209.5,208.5,11123,50221,0.1133,-0.151,ES,CME,snap-20260731-es,ES-20260828-6100-P-20260731
2026-07-31,ES,20260828,6150,C,66,66.75,66.5,13063,51399,0.115,0.816,ES,CME,snap-20260731-es,ES-20260828-6150-C-20260731
07/31/26,ES,08/28/2026,6150,P,257.5,260.5,259,15099,61356,0.1143,-0.184,ES,CME,snap-20260731-es,ES-20260828-6150-P-20260731
2026-07-31,ES,2026-08-28,6200,C,66.75,67.5,67.00,17309,80219,0.1162,0.788,ES,CME,snap-20260731-es,ES-20260828-6200-C-20260731
07/31/2026,ES,2026-08-28,6200,P,307.75,311.50,309.5,9365,48233,0.1153,-0.212,ES,CME,snap-20260731-es,ES-20260828-6200-P-20260731
07/31/26,ES,2026-08-28,6250,Call,67.5,68.25,68,10875,"49,622",0.1174,0.765,ES,CME,snap-20260731-es,ES-20260828-6250-C-20260731
20260731,ES,08/28/2026,6250,P,358,362.25,360,6180,18403,0.1163,-0.235,ES,CME,snap-20260731-es,ES-20260828-6250-P-20260731
2026-07-31,ES,2026-08-28,6300,C,68,69,68.5,4806,22928,0.1186,0.746,ES,CME,snap-20260731-es,ES-20260828-6300-C-20260731
2026-07-31,ES,08/28/2026,6300,Put,408.00,413.25,410.5,7734,34167,0.1172,-0.254,ES,CME,snap-20260731-es,ES-20260828-6300-P-20260731
2026-07-31,ES,2026-08-28,6350,C,68.75,69.5,69,2110,"6,352",0.1198,0.729,ES,CME,snap-20260731-es,ES-20260828-6350-C-20260731
2026-07-31,es,2026-08-28,"6,350.00",P,458.25,464.25,461.25,2580,10089,0.1182,-0.271,ES,CME,snap-20260731-es,ES-20260828-6350-P-20260731
20260731,ES,20260828,6400,C,69.25,70.25,69.75,1943,7408,0.1209,0.714,ES,CME,snap-20260731-es,ES-20260828-6400-C-20260731
2026-07-31,ES,2026-08-28,6400,P,508.5,515.25,512,5128,15944,0.1192,-0.286,ES,CME,snap-20260731-es,ES-20260828-6400-P-20260731
2026-07-31,es,2026-08-28,6450,C,70,71,70.5,1033,4107,0.1221,0.701,ES,CME,snap-20260731-es,ES-20260828-6450-C-20260731
2026-07-31,ES,08/28/26,6450,P,558.5,566.25,562.5,404,1230,0.1202,-0.299,ES,CME,snap-20260731-es,ES-20260828-6450-P-20260731
2026-07-31,ES,2026-09-18,5450,C,594.5,603.75,599,311,"1,218",0.1205,0.697,ES,CME,snap-20260731-es,ES-20260918-5450-C-20260731
07/31/2026,ES,09/18/2026,5450,P,96,97.5,96.75,462,2464,0.1265,-0.303,ES,CME,snap-20260731-es,ES-20260918-5450-P-20260731
07/31/26,ES,2026-09-18,5500,C,544,552.5,548.25,2971,8116,0.1195,0.71,ES,CME,snap-20260731-es,ES-20260918-5500-C-20260731
2026-07-31,ES,09/18/2026,5500,P,94.75,96.25,95.5,3123,13395,0.125,-0.29,ES,CME,snap-20260731-es,ES-20260918-5500-P-20260731
2026-07-31,ES,2026-09-18,5550,C,493.75,501.25,497.5,3690,17346,0.12,0.724,ES,CME,snap-20260731-es,ES-20260918-5550-C-20260731
07/31/2026,ES,2026-09-18,"5,550.00",P,93.5,95,94.25,4163,16060,0.1234,-0.28,ES,CME,snap-20260731-es,ES-20260918-5550-P-20260731
2026-07-31,ES,20260918,5600,C,443.5,450,446.75,6581,14975,0.1175,0.741,ES,CME,snap-20260731-es,ES-20260918-5600-C-20260731
2026-07-31,es,09/18/2026,"5,600.00",P,92.25,93.75,93,9384,45969,0.1218,-0.259,ES,CME,snap-20260731-es,ES-20260918-5600-P-20260731
2026-07-31,ES,20260918,5650,C,393.25,398.75,396,3249,9412,0.1165,0.759,ES,CME,snap-20260731-es,ES-20260918-5650-C-20260731
20260731,ES,09/18/2026,5650,put,91.25,92.5,92.00,10011,49022,0.1202,-0.241,ES,CME,snap-20260731-es,ES-20260918-5650-P-20260731
2026-07-31,ES,09/18/2026,"5,700.00",Call,343,347.75,345.5,11553,38315,0.1155,0.781,ES,CME,snap-20260731-es,ES-20260918-5700-C-20260731
2026-07-31,ES,09/18/2026,5700,P,90,91.25,90.5,9844,31097,0.1186,-0.219,ES,CME,snap-20260731-es,ES-20260918-5700-P-20260731
2026-07-31,ES,2026-09-18,5750,C,292.5,296.5,294.5,8066,28382,0.1146,0.808,ES,CME,snap-20260731-es,ES-20260918-5750-C-20260731
2026-07-31,ES,2026-09-18,5750,P,88.75,90,89.5,"15,168",81658,0.1171,-0.192,ES,CME,snap-20260731-es,ES-20260918-5750-P-20260731
2026-07-31,ES,09/18/26,5800,C,242.25,245.25,243.75,8866,"37,031",0.1136,0.839,ES,CME,snap-20260731-es,ES-20260918-5800-C-20260731
2026-07-31,ES,09/18/2026,5800,P,87.75,88.75,88.25,12127,60539,0.1155,-0.16,ES,CME,snap-20260731-es,ES-20260918-5800-P-20260731
2026-07-31,es,09/18/2026,5850,C,191.75,194.25,193,7451,26703,0.1126,0.878,ES,CME,snap-20260731-es,ES-20260918-5850-C-20260731
07/31/2026,ES,2026-09-18,5850,P,86.5,87.5,87,10550,39653,0.1139,-0.122,ES,CME,snap-20260731-es,ES-20260918-5850-P-20260731
20260731,ES,2026-09-18,5900,C,141.5,143.25,142.5,14993,36923,0.1116,0.927,ES,CME,snap-20260731-es,ES-20260918-5900-C-20260731
2026-07-31,ES,09/18/2026,5900,P,85.25,86.25,85.75,27508,76770,0.1123,-0.073,ES,CME,snap-20260731-es,ES-20260918-5900-P-20260731
20260731,ES,09/18/2026,5950,C,91,92,91.5,14552,42072,0.1106,0.99,ES,CME,snap-20260731-es,ES-20260918-5950-C-20260731
2026-07-31,ES,2026-09-18,5950,P,84,85,84.5,16555,91323,0.1107,-0.01,ES,CME,snap-20260731-es,ES-20260918-5950-P-20260731
20260731,ES,2026-09-18,6000,C,84.75,85.75,85.25,13273,39441,0.1115,0.943,ES,CME,snap-20260731-es,ES-20260918-6000-C-20260731
2026-07-31,ES,2026-09-18,6000,P,127.25,128.75,128,10420,56374,0.1113,-0.057,ES,CME,snap-20260731-es,ES-20260918-6000-P-20260731
2026-07-31,ES,09/18/26,6050,C,85.5,86.75,86,13050,30737,0.1127,0.89,ES,CME,snap-20260731-es,ES-20260918-6050-C-20260731
07/31/26,ES,2026-09-18,6050,P,177.75,180,179.00,20153,80717,0.1123,-0.11,ES,CME,snap-20260731-es,ES-20260918-6050-P-20260731
07/31/2026,ES,2026-09-18,6100,C,86.50,87.5,87,12531,"39,728",0.1139,0.85,ES,CME,snap-20260731-es,ES-20260918-6100-C-20260731
20260731,ES,09/18/2026,6100,put,228.00,231,229.5,8188,23373,0.1133,-0.15,ES,CME,snap-20260731-es,ES-20260918-6100-P-20260731
2026-07-31,ES,2026-09-18,6150,C,87.25,88.5,88,10009,44588,0.115,0.816,ES,CME,snap-20260731-es,ES-20260918-6150-C-20260731
07/31/2026,ES,2026-09-18,6150,P,278.5,282.25,280.5,6623,27405,0.1143,-0.184,ES,CME,snap-20260731-es,ES-20260918-6150-P-20260731
2026-07-31,ES,09/18/26,6200,C,88.25,89.5,89,14991,43940,0.1162,0.788,ES,CME,snap-20260731-es,ES-20260918-6200-C-20260731
2026-07-31,ES,2026-09-18,6200,Put,328.75,333.25,331,7086,36571,0.1153,-0.212,ES,CME,snap-20260731-es,ES-20260918-6200-P-20260731
07/31/2026,ES,2026-09-18,6250,C,89,90.25,89.5,"6,906",20899,0.1174,0.765,ES,CME,snap-20260731-es,ES-20260918-6250-C-20260731
07/31/2026,ES,2026-09-18,6250,P,379.25,384.5,382,7172,22307,0.1163,-0.235,ES,CME,snap-20260731-es,ES-20260918-6250-P-20260731
2026-07-31,ES,09/18/2026,6300,C,90,91.25,90.5,3666,15763,0.1186,0.746,ES,CME,snap-20260731-es,ES-20260918-6300-C-20260731
07/31/26,ES,09/18/2026,6300,P,429.5,435.75,432.5,5544,29363,0.1172,-0.254,ES,CME,snap-20260731-es,ES-20260918-6300-P-20260731
2026-07-31,ES,2026-09-18,6350,C,90.75,92.25,91.5,3595,14555,0.1198,0.729,ES,CME,snap-20260731-es,ES-20260918-6350-C-20260731
20260731,ES,09/18/2026,6350,P,479.75,486.75,483.25,3196,10103,0.12,-0.271,ES,CME,snap-20260731-es,ES-20260918-6350-P-20260731
07/31/26,ES,2026-09-18,6400,C,91.75,93,92.5,1504,5468,0.1209,0.714,ES,CME,snap-20260731-es,ES-20260918-6400-C-20260731
20260731,ES,09/18/2026,6400,P,530,538,534,"3,660",13917,0.1192,-0.286,ES,CME,snap-20260731-es,ES-20260918-6400-P-20260731
20260731,ES,2026-09-18,6450,C,92.5,94,93.25,965,4008,0.12,0.701,ES,CME,snap-20260731-es,ES-20260918-6450-C-20260731
07/31/26,ES,2026-09-18,6450,P,580.25,589.25,584.75,520,1463,0.1202,-0.299,ES,CME,snap-20260731-es,ES-20260918-6450-P-20260731
07/31/26,ES,2026-10-16,5450,C,616.75,628,622.5,471,1262,0.1205,0.697,ES,CME,snap-20260731-es,ES-20261016-5450-C-20260731
2026-07-31,ES,2026-10-16,5450,P,120,122.25,121.00,500,2011,0.1265,-0.303,ES,CME,snap-20260731-es,ES-20261016-5450-P-20260731
2026-07-31,ES,10/16/2026,5500,C,566.50,576.50,571.5,2012,7025,0.1195,0.71,ES,CME,snap-20260731-es,ES-20261016-5500-C-20260731
20260731,ES,2026-10-16,5500,P,118.5,120.75,119.5,925,4788,0.125,-0.29,ES,CME,snap-20260731-es,ES-20261016-5500-P-20260731
07/31/2026,ES,2026-10-16,5550,C,516,525,520.5,1533,6068,0.1185,0.72,ES,CME,snap-20260731-es,ES-20261016-5550-C-20260731
2026-07-31,ES,2026-10-16,5550,P,117.25,119.25,118.25,2383,7937,0.1234,-0.276,ES,CME,snap-20260731-es,ES-20261016-5550-P-20260731
20260731,ES,2026-10-16,5600,C,465.5,473.5,469.5,3095,"10,231",0.1175,0.741,ES,CME,snap-20260731-es,ES-20261016-5600-C-20260731
2026-07-31,ES,2026-10-16,5600,P,115.75,117.5,116.5,5230,19659,0.1218,-0.259,ES,CME,snap-20260731-es,ES-20261016-5600-P-20260731
2026-07-31,ES,10/16/2026,"5,650.00",C,415.25,422,418.5,4591,14404,0.1165,0.759,ES,CME,snap-20260731-es,ES-20261016-5650-C-20260731
2026-07-31,ES,2026-10-16,5650,P,114.25,116,115,"7,495",31601,0.1202,-0.241,ES,CME,snap-20260731-es,ES-20261016-5650-P-20260731
07/31/2026,ES,10/16/26,"5,700.00",C,364.75,370.5,367.5,10226,27926,0.12,0.781,ES,CME,snap-20260731-es,ES-20261016-5700-C-20260731
2026-07-31,ES,2026-10-16,5700,P,112.75,114.5,113.5,6840,24558,0.1186,-0.219,ES,CME,snap-20260731-es,ES-20261016-5700-P-20260731
07/31/26,ES,10/16/2026,5750,C,314.25,319.25,316.75,10847,44855,0.1146,0.808,ES,CME,snap-20260731-es,ES-20261016-5750-C-20260731
2026-07-31,ES,10/16/26,"5,750.00",P,111.25,113,112,8003,40761,0.12,-0.192,ES,CME,snap-20260731-es,ES-20261016-5750-P-20260731
2026-07-31,ES,20261016,5800,Call,263.75,267.75,265.75,7452,35624,0.1136,0.839,ES,CME,snap-20260731-es,ES-20261016-5800-C-20260731
07/31/2026,ES,2026-10-16,5800,P,109.75,111.5,110.5,6634,25016,0.1155,-0.161,ES,CME,snap-20260731-es,ES-20261016-5800-P-20260731
2026-07-31,ES,20261016,5850,C,213.25,216.5,215,11210,36960,0.1126,0.878,ES,CME,snap-20260731-es,ES-20261016-5850-C-20260731
20260731,ES,2026-10-16,5850,Put,108.25,110,109,7445,21859,0.1139,-0.122,ES,CME,snap-20260731-es,ES-20261016-5850-P-20260731
2026-07-31,ES,2026-10-16,5900,C,162.75,165,164,14793,63087,0.1116,0.927,ES,CME,snap-20260731-es,ES-20261016-5900-C-20260731
2026-07-31,ES,10/16/2026,5900,P,106.75,108.25,107.5,10437,34806,0.1123,-0.073,ES,CME,snap-20260731-es,ES-20261016-5900-P-20260731
2026-07-31,ES,2026-10-16,5950,C,112.25,113.75,113,6278,18810,0.1106,0.99,ES,CME,snap-20260731-es,ES-20261016-5950-C-20260731
2026-07-31,ES,2026-10-16,5950,P,105.25,106.75,106,12946,65031,0.1107,-0.01,ES,CME,snap-20260731-es,ES-20261016-5950-P-20260731
07/31/2026,ES,2026-10-16,6000,C,106,107.5,106.75,18076,73256,0.11,0.943,ES,CME,snap-20260731-es,ES-20261016-6000-C-20260731
07/31/2026,ES,2026-10-16,6000,P,148.5,150.75,149.5,"15,784",45363,0.1113,-0.057,ES,CME,snap-20260731-es,ES-20261016-6000-P-20260731
07/31/2026,ES,2026-10-16,6050,C,107,108.75,108,13041,"37,614",0.1127,0.89,ES,CME,snap-20260731-es,ES-20261016-6050-C-20260731
2026-07-31,ES,2026-10-16,6050,P,199,202,200.5,10618,30981,0.1123,-0.11,ES,CME,snap-20260731-es,ES-20261016-6050-P-20260731
20260731,ES,2026-10-16,6100,C,108.25,110,109,11089,32721,0.1139,0.849,ES,CME,snap-20260731-es,ES-20261016-6100-C-20260731
20260731,ES,10/16/2026,6100,P,249.5,253.5,251.5,7098,24234,0.1133,-0.151,ES,CME,snap-20260731-es,ES-20261016-6100-P-20260731
07/31/2026,ES,10/16/2026,6150,C,109.25,111,110,9437,32030,0.115,0.816,ES,CME,snap-20260731-es,ES-20261016-6150-C-20260731
2026-07-31,ES,10/16/2026,6150,P,300,304.75,302.5,12864,44956,0.1143,-0.184,ES,CME,snap-20260731-es,ES-20261016-6150-P-20260731
2026-07-31,ES,2026-10-16,6200,C,110.5,112.25,111.5,5674,16806,0.1162,0.788,ES,CME,snap-20260731-es,ES-20261016-6200-C-20260731
2026-07-31,ES,2026-10-16,6200,P,350.5,356.25,353.5,7459,24355,0.1153,-0.212,ES,CME,snap-20260731-es,ES-20261016-6200-P-20260731
2026-07-31,ES,10/16/2026,6250,C,111.5,113.25,112.5,7870,21938,0.1174,0.765,ES,CME,snap-20260731-es,ES-20261016-6250-C-20260731
2026-07-31,ES,2026-10-16,6250,P,401,407.75,404.5,2796,"10,828",0.12,-0.235,ES,CME,snap-20260731-es,ES-20261016-6250-P-20260731
2026-07-31,ES,2026-10-16,6300,C,112.5,114.5,113.5,5333,19538,0.1186,0.746,ES,CME,snap-20260731-es,ES-20261016-6300-C-20260731
07/31/26,es,2026-10-16,6300,P,451.5,459,455.25,"3,037",16049,0.1172,-0.254,ES,CME,snap-20260731-es,ES-20261016-6300-P-20260731
2026-07-31,es,10/16/2026,"6,350.00",C,113.75,115.75,114.75,2836,12346,0.12,0.729,ES,CME,snap-20260731-es,ES-20261016-6350-C-20260731
20260731,ES,2026-10-16,6350,P,502,510.5,506.25,4796,18672,0.1182,-0.271,ES,CME,snap-20260731-es,ES-20261016-6350-P-20260731
20260731,ES,2026-10-16,6400,C,114.75,116.75,115.75,"1,653",5247,0.1209,0.714,ES,CME,snap-20260731-es,ES-20261016-6400-C-20260731
2026-07-31,ES,2026-10-16,6400,P,552.25,562,557,1804,5852,0.1192,-0.286,ES,CME,snap-20260731-es,ES-20261016-6400-P-20260731
20260731,ES,2026-10-16,"6,450.00",C,116,118,117,686,2266,0.1221,0.701,ES,CME,snap-20260731-es,ES-20261016-6450-C-20260731
07/31/2026,ES,2026-10-16,6450,P,602.75,613.5,608,735,2128,0.1202,-0.299,ES,CME,snap-20260731-es,ES-20261016-6450-P-20260731
07/31/2026,ES,2026-12-18,5450,Call,655,670.25,662.5,166,506,0.1205,0.697,ES,CME,snap-20260731-es,ES-20261218-5450-C-20260731
07/31/26,ES,2026-12-18,5450,put,161.5,165.25,163.5,396,2115,0.1265,-0.303,ES,CME,snap-20260731-es,ES-20261218-5450-P-20260731
2026-07-31,ES,2026-12-18,5500,C,604.25,618.25,611.25,803,2903,0.1195,0.71,ES,CME,snap-20260731-es,ES-20261218-5500-C-20260731
2026-07-31,es,2026-12-18,5500,P,159.5,163.25,161.5,1170,"5,522",0.125,-0.29,ES,CME,snap-20260731-es,ES-20261218-5500-P-20260731
2026-07-31,ES,12/18/2026,5550,C,553.75,566.25,560,1617,5592,0.1185,0.724,ES,CME,snap-20260731-es,ES-20261218-5550-C-20260731
2026-07-31,ES,20261218,5550,P,157.5,161,159.25,920,3480,0.12,-0.276,ES,CME,snap-20260731-es,ES-20261218-5550-P-20260731
2026-07-31,ES,2026-12-18,5600,C,503.25,514.25,508.75,1230,5833,0.1175,0.741,ES,CME,snap-20260731-es,ES-20261218-5600-C-20260731
2026-07-31,ES,20261218,5600,P,155.5,159,157.25,1682,"7,155",0.1218,-0.259,ES,CME,snap-20260731-es,ES-20261218-5600-P-20260731
07/31/26,ES,2026-12-18,5650,Call,452.5,462.5,457.5,2157,6419,0.1165,0.759,ES,CME,snap-20260731-es,ES-20261218-5650-C-20260731
2026-07-31,ES,12/18/2026,5650,P,153.5,157.00,155.25,1749,7504,0.1202,-0.241,ES,CME,snap-20260731-es,ES-20261218-5650-P-20260731
2026-07-31,ES,12/18/26,5700,C,401.75,410.5,406,3416,8114,0.1155,0.781,ES,CME,snap-20260731-es,ES-20261218-5700-C-20260731
07/31/2026,ES,12/18/26,5700,P,151.5,154.75,153,5819,27272,0.1186,-0.219,ES,CME,snap-20260731-es,ES-20261218-5700-P-20260731
2026-07-31,ES,12/18/2026,5750,C,351.25,358.75,355,3368,11223,0.1146,0.81,ES,CME,snap-20260731-es,ES-20261218-5750-C-20260731
07/31/2026,ES,20261218,5750,P,149.50,152.75,151,2425,12407,0.12,-0.192,ES,CME,snap-20260731-es,ES-20261218-5750-P-20260731
07/31/26,ES,2026-12-18,5800,C,300.5,306.75,303.5,"5,744",23100,0.1136,0.839,ES,CME,snap-20260731-es,ES-20261218-5800-C-20260731
20260731,ES,2026-12-18,5800,P,147.50,150.75,149.00,4259,16427,0.1155,-0.161,ES,CME,snap-20260731-es,ES-20261218-5800-P-20260731
2026-07-31,ES,12/18/2026,5850,C,249.75,255.00,252.5,4521,17926,0.1126,0.878,ES,CME,snap-20260731-es,ES-20261218-5850-C-20260731
2026-07-31,ES,2026-12-18,5850,P,145.5,148.5,147,7224,"21,087",0.1139,-0.122,ES,CME,snap-20260731-es,ES-20261218-5850-P-20260731
2026-07-31,es,2026-12-18,5900,C,199,203.25,201,8824,20118,0.1116,0.927,ES,CME,snap-20260731-es,ES-20261218-5900-C-20260731
2026-07-31,ES,2026-12-18,5900,P,143.5,146.5,145,"11,392",32280,0.1123,-0.073,ES,CME,snap-20260731-es,ES-20261218-5900-P-20260731
07/31/2026,es,12/18/2026,5950,C,148.5,151.25,150,7794,30296,0.1106,0.99,ES,CME,snap-20260731-es,ES-20261218-5950-C-20260731
20260731,ES,20261218,5950,P,141.5,144.5,143,4233,21726,0.1107,-0.01,ES,CME,snap-20260731-es,ES-20261218-5950-P-20260731
2026-07-31,ES,2026-12-18,6000,C,142.5,145.5,144,7981,18440,0.1115,0.943,ES,CME,snap-20260731-es,ES-20261218-6000-C-20260731
07/31/26,ES,12/18/2026,6000,P,185,188.75,187,11571,36088,0.1113,-0.057,ES,CME,snap-20260731-es,ES-20261218-6000-P-20260731
2026-07-31,ES,2026-12-18,"6,050.00",C,144,147,145.5,2684,12555,0.1127,0.89,ES,CME,snap-20260731-es,ES-20261218-6050-C-20260731
2026-07-31,ES,12/18/2026,"6,050.00",Put,235.75,240.5,238.00,7219,36815,0.1123,-0.11,ES,CME,snap-20260731-es,ES-20261218-6050-P-20260731
20260731,ES,12/18/26,6100,C,145.5,148.5,147,3308,10034,0.1139,0.849,ES,CME,snap-20260731-es,ES-20261218-6100-C-20260731
2026-07-31,ES,2026-12-18,6100,P,286.25,292.25,289.25,8040,31755,0.1133,-0.151,ES,CME,snap-20260731-es,ES-20261218-6100-P-20260731
2026-07-31,ES,12/18/26,6150,Call,147,150,148.5,5606,23945,0.12,0.82,ES,CME,snap-20260731-es,ES-20261218-6150-C-20260731
07/31/2026,ES,2026-12-18,6150,P,337,344.25,340.5,2134,9135,0.1143,-0.184,ES,CME,snap-20260731-es,ES-20261218-6150-P-20260731
07/31/26,ES,2026-12-18,6200,C,148.5,151.75,150,4424,16206,0.1162,0.788,ES,CME,snap-20260731-es,ES-20261218-6200-C-20260731
07/31/26,ES,2026-12-18,6200,P,387.75,396,392,6917,18339,0.1153,-0.21,ES,CME,snap-20260731-es,ES-20261218-6200-P-20260731
2026-07-31,ES,2026-12-18,6250,C,150,153.25,151.5,2576,9795,0.1174,0.765,ES,CME,snap-20260731-es,ES-20261218-6250-C-20260731
07/31/26,ES,20261218,6250,P,438.25,448,443,2935,11531,0.1163,-0.235,ES,CME,snap-20260731-es,ES-20261218-6250-P-20260731
07/31/2026,ES,2026-12-18,6300,C,151.5,154.75,153,3399,15075,0.1186,0.746,ES,CME,snap-20260731-es,ES-20261218-6300-C-20260731
2026-07-31,ES,2026-12-18,6300,P,489,499.75,494.5,2828,"8,572",0.12,-0.254,ES,CME,snap-20260731-es,ES-20261218-6300-P-20260731
2026-07-31,ES,12/18/2026,6350,Call,153,156.25,154.5,966,3442,0.1198,0.729,ES,CME,snap-20260731-es,ES-20261218-6350-C-20260731
20260731,ES,2026-12-18,6350,P,539.5,551.75,545.50,1267,5387,0.1182,-0.271,ES,CME,snap-20260731-es,ES-20261218-6350-P-20260731
2026-07-31,ES,12/18/26,6400,C,154.5,158,156.25,544,2184,0.1209,0.714,ES,CME,snap-20260731-es,ES-20261218-6400-C-20260731
2026-07-31,ES,12/18/2026,6400,Put,590.25,603.75,597,1594,4694,0.1192,-0.286,ES,CME,snap-20260731-es,ES-20261218-6400-P-20260731
07/31/26,ES,12/18/2026,6450,C,156,159.5,157.75,191,482,0.1221,0.701,ES,CME,snap-20260731-es,ES-20261218-6450-C-20260731
20260731,ES,2026-12-18,6450,P,640.75,655.75,648.25,338,1071,0.1202,-0.299,ES,CME,snap-20260731-es,ES-20261218-6450-P-20260731
2026-08-03,ES,2026-08-21,"5,500.00",C,543,550,546.5,702,2610,0.12,0.702,ES,CME,snap-20260803-es,ES-20260821-5500-C-20260803
08/03/2026,ES,20260821,5500,P,58.25,59,58.5,1137,"4,066",0.1259,-0.298,ES,CME,snap-20260803-es,ES-20260821-5500-P-20260803
08/03/2026,ES,2026-08-21,5550,C,492.75,499,496,2365,8547,0.1191,0.71,ES,CME,snap-20260803-es,ES-20260821-5550-C-20260803
08/03/26,ES,2026-08-21,5550,P,57.5,58.25,58,3883,15522,0.12,-0.285,ES,CME,snap-20260803-es,ES-20260821-5550-P-20260803
2026-08-03,ES,20260821,5600,C,442.75,448.25,445.5,"5,791",22755,0.1181,0.73,ES,CME,snap-20260803-es,ES-20260821-5600-C-20260803
2026-08-03,ES,08/21/2026,5600,P,56.75,57.5,57,5598,19805,0.1228,-0.27,ES,CME,snap-20260803-es,ES-20260821-5600-P-20260803
2026-08-03,ES,2026-08-21,5650,C,392.75,397.25,395,3976,18472,0.1172,0.747,ES,CME,snap-20260803-es,ES-20260821-5650-C-20260803
08/03/26,ES,08/21/2026,5650,P,56,56.75,56.5,7456,39074,0.1212,-0.253,ES,CME,snap-20260803-es,ES-20260821-5650-P-20260803
08/03/26,ES,08/21/2026,5650,P,56,56.75,56.5,7456,39074,0.1212,-0.253,ES,CME,snap-20260803-es-retry,ES-20260821-5650-P-20260803
2026-08-03,ES,20260821,5700,C,342.5,346.5,344.5,8798,25663,0.12,0.767,ES,CME,snap-20260803-es,ES-20260821-5700-C-20260803
2026-08-03,ES,2026-08-21,5700,P,55.5,56,55.75,15159,80556,0.1196,-0.233,ES,CME,snap-20260803-es,ES-20260821-5700-P-20260803
20260803,ES,2026-08-21,"5,750.00",C,292.5,295.75,294,13366,55297,0.1152,0.79,ES,CME,snap-20260803-es,ES-20260821-5750-C-20260803
2026-08-03,ES,2026-08-21,5750,P,54.75,55.25,55,13412,65402,0.1181,-0.21,ES,CME,snap-20260803-es,ES-20260821-5750-P-20260803
2026-08-03,ES,2026-08-21,"5,800.00",C,242.25,245,243.5,7727,"21,560",0.1142,0.818,ES,CME,snap-20260803-es,ES-20260821-5800-C-20260803
2026-08-03,es,2026-08-21,5800,P,54,54.5,54.25,23891,"82,467",0.1165,-0.182,ES,CME,snap-20260803-es,ES-20260821-5800-P-20260803
2026-08-03,ES,2026-08-21,"5,850.00",C,192.25,194.25,193.25,15571,35054,0.1132,0.852,ES,CME,snap-20260803-es,ES-20260821-5850-C-20260803
2026-08-03,ES,2026-08-21,5850,P,53.25,53.75,53.5,13079,65377,0.1149,-0.148,ES,CME,snap-20260803-es,ES-20260821-5850-P-20260803
2026-08-03,ES,08/21/2026,5900,C,142,143.50,142.75,9697,22395,0.1123,0.893,ES,CME,snap-20260803-es,ES-20260821-5900-C-20260803
20260803,es,08/21/2026,5900,Put,52.5,53,52.75,23026,118496,0.11,-0.107,ES,CME,snap-20260803-es,ES-20260821-5900-P-20260803
20260803,ES,20260821,5950,C,91.75,92.75,92.25,14046,58915,0.1113,0.946,ES,CME,snap-20260803-es,ES-20260821-5950-C-20260803
08/03/26,ES,08/21/2026,5950,Put,51.75,52.25,52,11253,48775,0.1118,-0.054,ES,CME,snap-20260803-es,ES-20260821-5950-P-20260803
08/03/26,ES,08/21/26,6000,C,51.25,51.75,51.5,24270,90161,0.1107,0.986,ES,CME,snap-20260803-es,ES-20260821-6000-C-20260803
20260803,ES,2026-08-21,6000,P,60.75,61.25,61,29849,148037,0.1107,-0.014,ES,CME,snap-20260803-es,ES-20260821-6000-P-20260803
08/03/2026,ES,2026-08-21,6050,C,51.75,52.25,52,18851,"53,505",0.1119,0.924,ES,CME,snap-20260803-es,ES-20260821-6050-C-20260803
2026-08-03,ES,08/21/2026,"6,050.00",P,111.00,112,111.5,21789,63089,0.1117,-0.076,ES,CME,snap-20260803-es,ES-20260821-6050-P-20260803
2026-08-03,ES,2026-08-21,6100,C,52.5,53,52.75,17777,50054,0.1131,0.876,ES,CME,snap-20260803-es,ES-20260821-6100-C-20260803
2026-08-03,es,08/21/2026,6100,P,161,162.75,162,16502,53442,0.1126,-0.124,ES,CME,snap-20260803-es,ES-20260821-6100-P-20260803
20260803,ES,2026-08-21,6150,C,53,53.5,53.25,6461,24605,0.1142,0.838,ES,CME,snap-20260803-es,ES-20260821-6150-C-20260803
08/03/2026,ES,08/21/2026,6150,P,211.25,213.5,212.5,11166,61518,0.1136,-0.162,ES,CME,snap-20260803-es,ES-20260821-6150-P-20260803
20260803,ES,20260821,"6,200.00",C,53.5,54,53.75,21032,89970,0.1154,0.807,ES,CME,snap-20260803-es,ES-20260821-6200-C-20260803
2026-08-03,ES,08/21/26,6200,P,261.5,264.25,263,12831,62913,0.1146,-0.193,ES,CME,snap-20260803-es,ES-20260821-6200-P-20260803
20260803,ES,2026-08-21,6250,C,54.00,54.5,54.25,4581,16297,0.1166,0.78,ES,CME,snap-20260803-es,ES-20260821-6250-C-20260803
20260803,ES,08/21/2026,6250,Put,311.5,315,313.25,5164,23314,0.1156,-0.219,ES,CME,snap-20260803-es,ES-20260821-6250-P-20260803
08/03/2026,ES,08/21/26,6300,C,54.50,55.25,55,11474,44687,0.12,0.759,ES,CME,snap-20260803-es,ES-20260821-6300-C-20260803
2026-08-03,es,2026-08-21,6300,P,361.75,365.75,363.75,6289,31948,0.1165,-0.241,ES,CME,snap-20260803-es,ES-20260821-6300-P-20260803
08/03/2026,ES,2026-08-21,6350,C,55,55.75,55.5,5742,18068,0.1189,0.74,ES,CME,snap-20260803-es,ES-20260821-6350-C-20260803
2026-08-03,es,08/21/2026,6350,P,411.75,416.75,414.25,7472,26063,0.1175,-0.26,ES,CME,snap-20260803-es,ES-20260821-6350-P-20260803
08/03/2026,ES,2026-08-21,"6,400.00",Call,55.5,56.25,56,3585,11507,0.1201,0.724,ES,CME,snap-20260803-es,ES-20260821-6400-C-20260803
08/03/26,ES,2026-08-21,6400,P,461.75,467.5,464.5,3255,12381,0.1185,-0.276,ES,CME,snap-20260803-es,ES-20260821-6400-P-20260803
20260803,ES,08/21/2026,"6,450.00",Call,56,56.75,56.5,1232,4588,0.1213,0.71,ES,CME,snap-20260803-es,ES-20260821-6450-C-20260803
2026-08-03,ES,2026-08-21,6450,P,512.00,518.25,515,"2,944",7507,0.1195,-0.29,ES,CME,snap-20260803-es,ES-20260821-6450-P-20260803
2026-08-03,ES,08/21/26,6500,C,56.75,57.5,57,696,2272,0.1224,0.698,ES,CME,snap-20260803-es,ES-20260821-6500-C-20260803
2026-08-03,ES,2026-08-21,6500,P,562,569.25,565.5,820,4447,0.1205,-0.302,ES,CME,snap-20260803-es,ES-20260821-6500-P-20260803
2026-08-03,ES,2026-08-28,5500,C,552.75,560,556.5,1447,4440,0.1201,0.702,ES,CME,snap-20260803-es,ES-20260828-5500-C-20260803
08/03/2026,ES,08/28/2026,5500,P,68.75,69.5,69,1807,6830,0.1259,-0.298,ES,CME,snap-20260803-es,ES-20260828-5500-P-20260803
2026-08-03,ES,08/28/26,5550,C,502.5,509.25,506,1641,6631,0.12,0.715,ES,CME,snap-20260803-es,ES-20260828-5550-C-20260803
08/03/2026,ES,20260828,5550,put,67.75,68.75,68.25,3883,12117,0.1244,-0.285,ES,CME,snap-20260803-es,ES-20260828-5550-P-20260803
20260803,ES,08/28/2026,5600,Call,452.5,458.25,455.5,8603,32571,0.1181,0.73,ES,CME,snap-20260803-es,ES-20260828-5600-C-20260803
2026-08-03,ES,08/28/2026,5600,P,67,67.75,67.5,"9,415",45579,0.1228,-0.27,ES,CME,snap-20260803-es,ES-20260828-5600-P-20260803
2026-08-03,ES,2026-08-28,"5,650.00",C,402.25,407.25,404.75,8818,"35,474",0.1172,0.75,ES,CME,snap-20260803-es,ES-20260828-5650-C-20260803
08/03/2026,ES,2026-08-28,5650,P,66,67,66.5,4116,14303,0.1212,-0.253,ES,CME,snap-20260803-es,ES-20260828-5650-P-20260803
08/03/2026,ES,08/28/2026,5700,C,352,356.5,354.25,15729,59153,0.12,0.767,ES,CME,snap-20260803-es,ES-20260828-5700-C-20260803
2026-08-03,es,2026-08-28,5700,put,65.25,66,65.5,9642,31929,0.1196,-0.233,ES,CME,snap-20260803-es,ES-20260828-5700-P-20260803
20260803,ES,2026-08-28,5750,C,302,305.5,303.75,10002,23300,0.1152,0.79,ES,CME,snap-20260803-es,ES-20260828-5750-C-20260803
2026-08-03,ES,2026-08-28,5750,P,64.5,65.25,65,7580,21493,0.1181,-0.21,ES,CME,snap-20260803-es,ES-20260828-5750-P-20260803
08/03/2026,ES,2026-08-28,5800,C,251.75,254.5,253,13918,54288,0.1142,0.818,ES,CME,snap-20260803-es,ES-20260828-5800-C-20260803
2026-08-03,ES,20260828,5800,P,63.5,64.25,64,18233,82290,0.1165,-0.182,ES,CME,snap-20260803-es,ES-20260828-5800-P-20260803
08/03/2026,es,08/28/2026,5850,Call,201.5,203.75,202.5,7748,20498,0.1132,0.852,ES,CME,snap-20260803-es,ES-20260828-5850-C-20260803
2026-08-03,ES,2026-08-28,5850,P,62.75,63.5,63,"15,685",56235,0.1149,-0.148,ES,CME,snap-20260803-es,ES-20260828-5850-P-20260803
2026-08-03,ES,08/28/2026,5900,Call,151.25,153,152,27733,93454,0.1123,0.893,ES,CME,snap-20260803-es,ES-20260828-5900-C-20260803
20260803,ES,08/28/2026,5900,P,61.75,62.5,62,12018,66084,0.1133,-0.107,ES,CME,snap-20260803-es,ES-20260828-5900-P-20260803
20260803,es,2026-08-28,5950,C,101,102,101.5,12375,45408,0.1113,0.95,ES,CME,snap-20260803-es,ES-20260828-5950-C-20260803
2026-08-03,ES,20260828,5950,P,61,61.75,61.5,26544,"135,970",0.1118,-0.054,ES,CME,snap-20260803-es,ES-20260828-5950-P-20260803
20260803,ES,2026-08-28,"6,000.00",C,60.5,61,60.75,32027,"136,550",0.1107,0.986,ES,CME,snap-20260803-es,ES-20260828-6000-C-20260803
2026-08-03,ES,2026-08-28,6000,P,70,70.5,70.25,31609,115410,0.1107,-0.014,ES,CME,snap-20260803-es,ES-20260828-6000-P-20260803
08/03/2026,es,2026-08-28,6050,C,61,61.75,61.5,23686,81870,0.1119,0.924,ES,CME,snap-20260803-es,ES-20260828-6050-C-20260803
2026-08-03,ES,2026-08-28,6050,P,120.25,121.5,121.00,18636,75878,0.1117,-0.076,ES,CME,snap-20260803-es,ES-20260828-6050-P-20260803
2026-08-03,ES,2026-08-28,6100,C,61.75,62.5,62,13844,62472,0.1131,0.876,ES,CME,snap-20260803-es,ES-20260828-6100-C-20260803
08/03/26,ES,2026-08-28,6100,P,170.5,172.25,171.5,32085,172432,0.1126,-0.124,ES,CME,snap-20260803-es,ES-20260828-6100-P-20260803
08/03/26,ES,08/28/26,6150,C,62.25,63,62.5,12315,42461,0.1142,0.838,ES,CME,snap-20260803-es,ES-20260828-6150-C-20260803
20260803,ES,2026-08-28,6150,P,220.5,223,221.75,19796,70862,0.1136,-0.162,ES,CME,snap-20260803-es,ES-20260828-6150-P-20260803
2026-08-03,ES,20260828,6200,Call,63,63.75,63.5,7327,17105,0.1154,0.807,ES,CME,snap-20260803-es,ES-20260828-6200-C-20260803
08/03/2026,ES,2026-08-28,6200,P,270.75,274,272.5,18032,69264,0.1146,-0.193,ES,CME,snap-20260803-es,ES-20260828-6200-P-20260803
20260803,ES,2026-08-28,6250,C,63.5,64.25,64,4285,14422,0.1166,0.781,ES,CME,snap-20260803-es,ES-20260828-6250-C-20260803
2026-08-03,ES,2026-08-28,6250,P,321,324.75,323,14069,45955,0.1156,-0.219,ES,CME,snap-20260803-es,ES-20260828-6250-P-20260803
2026-08-03,ES,2026-08-28,6300,C,64.25,65.00,64.5,7307,32085,0.1178,0.759,ES,CME,snap-20260803-es,ES-20260828-6300-C-20260803
2026-08-03,ES,08/28/2026,6300,P,371.25,375.75,373.5,13468,61003,0.1165,-0.241,ES,CME,snap-20260803-es,ES-20260828-6300-P-20260803
08/03/2026,ES,2026-08-28,6350,C,64.75,65.75,65.25,5000,14216,0.1189,0.74,ES,CME,snap-20260803-es,ES-20260828-6350-C-20260803
2026-08-03,es,2026-08-28,6350,Put,421.25,426.75,424,5507,29505,0.1175,-0.26,ES,CME,snap-20260803-es,ES-20260828-6350-P-20260803
2026-08-03,ES,08/28/26,6400,C,65.5,66.25,66,4253,12081,0.1201,0.724,ES,CME,snap-20260803-es,ES-20260828-6400-C-20260803
2026-08-03,ES,08/28/2026,6400,P,471.5,477.5,474.5,3228,12442,0.1185,-0.276,ES,CME,snap-20260803-es,ES-20260828-6400-P-20260803
2026-08-03,ES,08/28/2026,6450,C,66.00,67,66.5,2315,5750,0.1213,0.71,ES,CME,snap-20260803-es,ES-20260828-6450-C-20260803
2026-08-03,ES,08/28/2026,6450,P,521.5,528.5,525,2629,8605,0.12,-0.29,ES,CME,snap-20260803-es,ES-20260828-6450-P-20260803
2026-08-03,ES,2026-08-28,6500,C,66.75,67.75,67.25,582,1468,0.1224,0.698,ES,CME,snap-20260803-es,ES-20260828-6500-C-20260803
2026-08-03,ES,2026-08-28,6500,put,571.75,579.5,575.5,982,4089,0.1205,-0.302,ES,CME,snap-20260803-es,ES-20260828-6500-P-20260803
20260803,ES,09/18/2026,5500,Call,575.5,584.25,580,526,1988,0.1201,0.702,ES,CME,snap-20260803-es,ES-20260918-5500-C-20260803
2026-08-03,ES,09/18/2026,"5,500.00",P,93,94.5,93.75,810,2257,0.1259,-0.298,ES,CME,snap-20260803-es,ES-20260918-5500-P-20260803
2026-08-03,ES,2026-09-18,5550,C,525.25,533,529,1271,"3,190",0.1191,0.715,ES,CME,snap-20260803-es,ES-20260918-5550-C-20260803
08/03/2026,ES,2026-09-18,5550,Put,92,93.25,92.5,1331,7093,0.1244,-0.285,ES,CME,snap-20260803-es,ES-20260918-5550-P-20260803
2026-08-03,ES,09/18/26,5600,C,475,482,478.5,3298,9608,0.1181,0.73,ES,CME,snap-20260803-es,ES-20260918-5600-C-20260803
2026-08-03,ES,09/18/26,5600,P,90.75,92,91.5,3239,14625,0.1228,-0.27,ES,CME,snap-20260803-es,ES-20260918-5600-P-20260803
2026-08-03,ES,09/18/26,5650,C,424.75,430.75,427.75,5208,19255,0.1172,0.747,ES,CME,snap-20260803-es,ES-20260918-5650-C-20260803
20260803,ES,2026-09-18,5650,P,89.5,90.75,90,8122,40894,0.1212,-0.253,ES,CME,snap-20260803-es,ES-20260918-5650-P-20260803
08/03/26,ES,2026-09-18,5700,C,374.5,379.5,377.00,"13,044",42512,0.1162,0.767,ES,CME,snap-20260803-es,ES-20260918-5700-C-20260803
2026-08-03,ES,2026-09-18,5700,P,88.5,89.75,89,14194,39821,0.1196,-0.233,ES,CME,snap-20260803-es,ES-20260918-5700-P-20260803
08/03/26,ES,09/18/2026,5750,C,324,328.5,326.25,9431,31245,0.1152,0.79,ES,CME,snap-20260803-es,ES-20260918-5750-C-20260803
2026-08-03,ES,2026-09-18,5750,P ,87.25,88.5,88,14010,53084,0.1181,-0.21,ES,CME,snap-20260803-es,ES-20260918-5750-P-20260803
2026-08-03,ES,09/18/2026,5800,C,273.75,277.25,275.5,15481,60702,0.1142,0.818,ES,CME,snap-20260803-es,ES-20260918-5800-C-20260803
20260803,ES,09/18/2026,5800,P,86.25,87.25,86.75,7362,34914,0.12,-0.182,ES,CME,snap-20260803-es,ES-20260918-5800-P-20260803
2026-08-03,ES,20260918,5850,C,223.25,226.25,224.75,15905,70214,0.1132,0.852,ES,CME,snap-20260803-es,ES-20260918-5850-C-20260803
2026-08-03,ES,2026-09-18,5850,P,85,86,85.5,"7,835",26586,0.1149,-0.148,ES,CME,snap-20260803-es,ES-20260918-5850-P-20260803
08/03/26,ES,09/18/2026,"5,900.00",C,173,175.25,174,22381,88250,0.1123,0.893,ES,CME,snap-20260803-es,ES-20260918-5900-C-20260803
2026-08-03,ES,09/18/2026,5900,P,83.75,85,84.5,23422,83690,0.1133,-0.107,ES,CME,snap-20260803-es,ES-20260918-5900-P-20260803
08/03/26,ES,2026-09-18,5950,C,122.5,124,123.25,18583,74394,0.11,0.946,ES,CME,snap-20260803-es,ES-20260918-5950-C-20260803
08/03/26,es,09/18/2026,5950,P,82.75,83.75,83.25,22438,"69,182",0.1118,-0.054,ES,CME,snap-20260803-es,ES-20260918-5950-P-20260803
2026-08-03,ES,2026-09-18,6000,C,82,83,82.50,23397,62702,0.1107,0.99,ES,CME,snap-20260803-es,ES-20260918-6000-C-20260803
2026-08-03,ES,09/18/2026,6000,P,91.25,92.5,92,34504,144328,0.1107,-0.014,ES,CME,snap-20260803-es,ES-20260918-6000-P-20260803
08/03/2026,ES,09/18/2026,6050,C,82.75,83.75,83.25,8764,24531,0.1119,0.924,ES,CME,snap-20260803-es,ES-20260918-6050-C-20260803
2026-08-03,ES,09/18/2026,6050,put,141.75,143.5,142.5,20030,89252,0.1117,-0.08,ES,CME,snap-20260803-es,ES-20260918-6050-P-20260803
08/03/2026,ES,2026-09-18,6100,C,83.75,84.75,84.25,16825,67028,0.1131,0.876,ES,CME,snap-20260803-es,ES-20260918-6100-C-20260803
08/03/26,ES,2026-09-18,6100,P,192.25,194.5,193.5,23723,105427,0.1126,-0.124,ES,CME,snap-20260803-es,ES-20260918-6100-P-20260803
08/03/2026,ES,2026-09-18,6150,Call,84.50,85.5,85,13734,35607,0.1142,0.84,ES,CME,snap-20260803-es,ES-20260918-6150-C-20260803
08/03/26,ES,20260918,6150,P,242.5,245.75,244,15471,81427,0.1136,-0.162,ES,CME,snap-20260803-es,ES-20260918-6150-P-20260803
08/03/26,ES,09/18/2026,6200,C,85.25,86.5,86,16776,38982,0.1154,0.81,ES,CME,snap-20260803-es,ES-20260918-6200-C-20260803
08/03/2026,ES,2026-09-18,6200,P,292.75,296.75,294.75,10335,48184,0.1146,-0.193,ES,CME,snap-20260803-es,ES-20260918-6200-P-20260803
2026-08-03,ES,20260918,6250,C,86.25,87.25,86.75,8721,35125,0.12,0.781,ES,CME,snap-20260803-es,ES-20260918-6250-C-20260803
2026-08-03,ES,20260918,6250,P,343.25,347.75,345.5,4654,"23,598",0.1156,-0.219,ES,CME,snap-20260803-es,ES-20260918-6250-P-20260803
2026-08-03,ES,2026-09-18,6300,C,87,88.25,87.5,"9,527",32306,0.1178,0.759,ES,CME,snap-20260803-es,ES-20260918-6300-C-20260803
08/03/26,ES,2026-09-18,6300,Put,393.5,399,396.25,14196,42422,0.1165,-0.241,ES,CME,snap-20260803-es,ES-20260918-6300-P-20260803
2026-08-03,ES,2026-09-18,6350,C,88,89.25,88.5,4748,15082,0.1189,0.74,ES,CME,snap-20260803-es,ES-20260918-6350-C-20260803
2026-08-03,ES,09/18/26,6350,P,443.75,450.25,447,5053,25849,0.1175,-0.26,ES,CME,snap-20260803-es,ES-20260918-6350-P-20260803
08/03/2026,es,2026-09-18,6400,C,88.75,90.00,89.5,4126,15752,0.1201,0.724,ES,CME,snap-20260803-es,ES-20260918-6400-C-20260803
2026-08-03,ES,2026-09-18,6400,P,494.00,501.25,497.50,4187,21653,0.1185,-0.276,ES,CME,snap-20260803-es,ES-20260918-6400-P-20260803
2026-08-03,ES,2026-09-18,6450,C,89.5,91,90.25,"2,384",6940,0.1213,0.71,ES,CME,snap-20260803-es,ES-20260918-6450-C-20260803
2026-08-03,ES,2026-09-18,6450,P,544.25,552.5,548.5,1790,6059,0.1195,-0.29,ES,CME,snap-20260803-es,ES-20260918-6450-P-20260803
08/03/26,ES,2026-09-18,6500,C,90.5,91.75,91,1034,2564,0.1224,0.698,ES,CME,snap-20260803-es,ES-20260918-6500-C-20260803
2026-08-03,ES,2026-09-18,6500,P,594.5,603.75,599,936,3852,0.1205,-0.302,ES,CME,snap-20260803-es,ES-20260918-6500-P-20260803
2026-08-03,ES,10/16/26,5500,C,598.5,609.25,604,1039,3760,0.1201,0.70,ES,CME,snap-20260803-es,ES-20261016-5500-C-20260803
2026-08-03,ES,10/16/2026,5500,P,117.75,120,119,1067,5319,0.13,-0.298,ES,CME,snap-20260803-es,ES-20261016-5500-P-20260803
2026-08-03,ES,10/16/2026,5550,C,548.25,557.75,553,2684,6486,0.1191,0.715,ES,CME,snap-20260803-es,ES-20261016-5550-C-20260803
20260803,ES,2026-10-16,5550,P,116.50,118.5,117.5,2841,10177,0.1244,-0.285,ES,CME,snap-20260803-es,ES-20261016-5550-P-20260803
2026-08-03,ES,2026-10-16,5600,C,497.75,506.25,502,5278,20253,0.1181,0.73,ES,CME,snap-20260803-es,ES-20261016-5600-C-20260803
08/03/2026,ES,10/16/2026,5600,Put,115,117,116,4282,14558,0.12,-0.27,ES,CME,snap-20260803-es,ES-20261016-5600-P-20260803
20260803,ES,2026-10-16,5650,Call,447.5,454.75,451.00,"6,399",30590,0.1172,0.747,ES,CME,snap-20260803-es,ES-20261016-5650-C-20260803
08/03/2026,ES,2026-10-16,5650,P,113.5,115.25,114.5,2950,14881,0.1212,-0.253,ES,CME,snap-20260803-es,ES-20261016-5650-P-20260803
2026-08-03,ES,2026-10-16,5700,C,397,403.5,400.25,9276,29170,0.1162,0.767,ES,CME,snap-20260803-es,ES-20261016-5700-C-20260803
08/03/2026,ES,2026-10-16,5700,P,112,113.75,113,5810,17031,0.1196,-0.233,ES,CME,snap-20260803-es,ES-20261016-5700-P-20260803
2026-08-03,ES,10/16/26,5750,C,346.5,352,349.25,6062,21220,0.1152,0.79,ES,CME,snap-20260803-es,ES-20261016-5750-C-20260803
08/03/26,ES,20261016,5750,P,110.5,112.25,111.5,7786,27842,0.1181,-0.21,ES,CME,snap-20260803-es,ES-20261016-5750-P-20260803
2026-08-03,ES,2026-10-16,5800,C,296,300.75,298.5,6541,23755,0.1142,0.818,ES,CME,snap-20260803-es,ES-20261016-5800-C-20260803
2026-08-03,ES,10/16/2026,5800,P,109.25,110.75,110,8053,42255,0.1165,-0.182,ES,CME,snap-20260803-es,ES-20261016-5800-P-20260803
2026-08-03,ES,2026-10-16,5850,C,245.5,249.25,247.5,10191,47890,0.1132,0.852,ES,CME,snap-20260803-es,ES-20261016-5850-C-20260803
08/03/2026,ES,10/16/2026,5850,P,107.75,109.25,108.5,14252,61079,0.1149,-0.148,ES,CME,snap-20260803-es,ES-20261016-5850-P-20260803
2026-08-03,ES,10/16/2026,5900,C,195,198,196.5,11951,46288,0.1123,0.893,ES,CME,snap-20260803-es,ES-20261016-5900-C-20260803
2026-08-03,ES,10/16/2026,5900,P,106.25,107.75,107,7638,"33,011",0.1133,-0.11,ES,CME,snap-20260803-es,ES-20261016-5900-P-20260803
2026-08-03,ES,2026-10-16,5950,Call,144.5,146.5,145.5,16311,52999,0.1113,0.946,ES,CME,snap-20260803-es,ES-20261016-5950-C-20260803
08/03/26,ES,2026-10-16,5950,put,104.75,106.25,105.5,11606,58393,0.1118,-0.05,ES,CME,snap-20260803-es,ES-20261016-5950-P-20260803
2026-08-03,ES,10/16/2026,6000,C,103.75,105.25,104.5,19192,71949,0.1107,0.986,ES,CME,snap-20260803-es,ES-20261016-6000-C-20260803
2026-08-03,ES,20261016,6000,P,113.25,114.75,114,24103,61046,0.1107,-0.014,ES,CME,snap-20260803-es,ES-20261016-6000-P-20260803
2026-08-03,ES,10/16/2026,6050,C,104.75,106.50,105.5,6714,26280,0.1119,0.924,ES,CME,snap-20260803-es,ES-20261016-6050-C-20260803
2026-08-03,ES,10/16/2026,6050,P,163.75,166,165,13578,44910,0.1117,-0.076,ES,CME,snap-20260803-es,ES-20261016-6050-P-20260803
2026-08-03,ES,10/16/2026,6100,C,106,107.5,106.75,9945,40300,0.1131,0.876,ES,CME,snap-20260803-es,ES-20261016-6100-C-20260803
2026-08-03,ES,10/16/2026,"6,100.00",P,214.25,217.5,216,16440,75403,0.1126,-0.124,ES,CME,snap-20260803-es,ES-20261016-6100-P-20260803
2026-08-03,ES,10/16/2026,6150,C,107,108.75,108,13041,39346,0.1142,0.838,ES,CME,snap-20260803-es,ES-20261016-6150-C-20260803
20260803,ES,2026-10-16,6150,P,264.75,268.75,266.75,9951,42644,0.1136,-0.162,ES,CME,snap-20260803-es,ES-20261016-6150-P-20260803
2026-08-03,ES,2026-10-16,6200,C,108,109.75,109,12842,30099,0.1154,0.81,ES,CME,snap-20260803-es,ES-20261016-6200-C-20260803
2026-08-03,ES,10/16/2026,6200,Put,315.25,320.25,317.75,8536,"26,928",0.1146,-0.193,ES,CME,snap-20260803-es,ES-20261016-6200-P-20260803
2026-08-03,ES,10/16/2026,6250,C,109.25,111,110,5171,"15,969",0.1166,0.781,ES,CME,snap-20260803-es,ES-20261016-6250-C-20260803
20260803,es,10/16/26,6250,P,365.75,371.5,368.5,8573,25026,0.1156,-0.219,ES,CME,snap-20260803-es,ES-20261016-6250-P-20260803
2026-08-03,ES,2026-10-16,6300,C,110.25,112,111,9660,42139,0.1178,0.759,ES,CME,snap-20260803-es,ES-20261016-6300-C-20260803
2026-08-03,ES,20261016,6300,P,416,423,419.50,9085,32348,0.1165,-0.241,ES,CME,snap-20260803-es,ES-20261016-6300-P-20260803
20260803,ES,2026-10-16,6350,C,111.25,113.25,112.25,4054,17275,0.1189,0.74,ES,CME,snap-20260803-es,ES-20261016-6350-C-20260803
08/03/2026,ES,10/16/26,6350,put,466.5,474.25,470.50,6171,21700,0.1175,-0.26,ES,CME,snap-20260803-es,ES-20261016-6350-P-20260803
2026-08-03,ES,2026-10-16,6400,C,112.5,114.25,113.5,5053,15514,0.1201,0.724,ES,CME,snap-20260803-es,ES-20261016-6400-C-20260803
2026-08-03,ES,2026-10-16,6400,P ,517,525.75,521.5,4111,12680,0.1185,-0.276,ES,CME,snap-20260803-es,ES-20261016-6400-P-20260803
08/03/2026,ES,2026-10-16,"6,450.00",C,113.5,115.5,114.5,1997,4942,0.1213,0.71,ES,CME,snap-20260803-es,ES-20261016-6450-C-20260803
08/03/26,ES,2026-10-16,6450,P,567.25,577.25,572.25,1725,4583,0.1195,-0.29,ES,CME,snap-20260803-es,ES-20261016-6450-P-20260803
20260803,ES,2026-10-16,6500,C,114.5,116.5,115.5,608,"2,301",0.1224,0.698,ES,CME,snap-20260803-es,ES-20261016-6500-C-20260803
08/03/26,ES,2026-10-16,6500,Put,617.75,628.75,623.25,450,2449,0.1205,-0.302,ES,CME,snap-20260803-es,ES-20261016-6500-P-20260803
2026-08-03,ES,20261218,5500,C,637.5,652,644.75,205,818,0.1201,0.702,ES,CME,snap-20260803-es,ES-20261218-5500-C-20260803
2026-08-03,ES,12/18/2026,5500,P,160.00,163.5,161.75,505,2581,0.1259,-0.298,ES,CME,snap-20260803-es,ES-20261218-5500-P-20260803
20260803,ES,2026-12-18,"5,550.00",C,586.75,600.25,593.5,698,3159,0.1191,0.715,ES,CME,snap-20260803-es,ES-20261218-5550-C-20260803
2026-08-03,ES,2026-12-18,5550,P,158,161.5,159.75,1146,5863,0.1244,-0.285,ES,CME,snap-20260803-es,ES-20261218-5550-P-20260803
2026-08-03,es,2026-12-18,5600,C,536.25,548.25,542.25,1993,8484,0.1181,0.73,ES,CME,snap-20260803-es,ES-20261218-5600-C-20260803
2026-08-03,ES,12/18/2026,5600,P,156,159.5,157.75,1329,6237,0.1228,-0.27,ES,CME,snap-20260803-es,ES-20261218-5600-P-20260803
2026-08-03,ES,2026-12-18,5650,C,485.75,496.25,491,1454,5140,0.1172,0.747,ES,CME,snap-20260803-es,ES-20261218-5650-C-20260803
08/03/2026,ES,2026-12-18,5650,P,154,157.5,155.75,2985,11870,0.1212,-0.25,ES,CME,snap-20260803-es,ES-20261218-5650-P-20260803
2026-08-03,ES,12/18/26,5700,Call,435.00,444.5,439.75,4757,16425,0.1162,0.767,ES,CME,snap-20260803-es,ES-20261218-5700-C-20260803
08/03/26,ES,12/18/2026,5700,P,152,155.25,153.5,3783,"17,972",0.1196,-0.233,ES,CME,snap-20260803-es,ES-20261218-5700-P-20260803
08/03/2026,ES,20261218,"5,750.00",C,384.5,392.5,388.5,4815,21624,0.1152,0.79,ES,CME,snap-20260803-es,ES-20261218-5750-C-20260803
08/03/26,ES,2026-12-18,5750,P,150,153.25,151.5,2075,11090,0.1181,-0.21,ES,CME,snap-20260803-es,ES-20261218-5750-P-20260803
2026-08-03,ES,12/18/2026,5800,C,333.75,340.75,337.25,5560,14942,0.1142,0.818,ES,CME,snap-20260803-es,ES-20261218-5800-C-20260803
20260803,ES,2026-12-18,5800,P,148,151.25,149.5,8821,26462,0.1165,-0.182,ES,CME,snap-20260803-es,ES-20261218-5800-P-20260803
2026-08-03,es,2026-12-18,5850,C,283,289,286,2728,11767,0.1132,0.852,ES,CME,snap-20260803-es,ES-20261218-5850-C-20260803
2026-08-03,ES,2026-12-18,5850,P,146,149,147.50,5606,28783,0.1149,-0.148,ES,CME,snap-20260803-es,ES-20261218-5850-P-20260803
20260803,ES,20261218,"5,900.00",C,232.25,237,234.5,8546,36036,0.1123,0.893,ES,CME,snap-20260803-es,ES-20261218-5900-C-20260803
2026-08-03,ES,20261218,5900,P,144.25,147,145.5,8683,26678,0.1133,-0.11,ES,CME,snap-20260803-es,ES-20261218-5900-P-20260803
08/03/2026,ES,2026-12-18,5950,C,181.75,185.25,183.5,5472,15830,0.1113,0.946,ES,CME,snap-20260803-es,ES-20261218-5950-C-20260803
2026-08-03,es,2026-12-18,5950,P ,142.25,145,143.5,5409,24915,0.11,-0.054,ES,CME,snap-20260803-es,ES-20261218-5950-P-20260803
20260803,ES,20261218,6000,C,140.75,143.5,142,6556,21527,0.1107,0.986,ES,CME,snap-20260803-es,ES-20261218-6000-C-20260803
2026-08-03,ES,2026-12-18,6000,P,150.25,153.25,151.75,5004,20588,0.1107,-0.014,ES,CME,snap-20260803-es,ES-20261218-6000-P-20260803
2026-08-03,ES,12/18/26,"6,050.00",Call,142.25,145.25,143.75,7265,23411,0.1119,0.924,ES,CME,snap-20260803-es,ES-20261218-6050-C-20260803
20260803,es,2026-12-18,6050,P,201,205,203,6840,31691,0.1117,-0.076,ES,CME,snap-20260803-es,ES-20261218-6050-P-20260803
20260803,ES,20261218,6100,C,143.75,146.75,145.25,8158,34768,0.1131,0.876,ES,CME,snap-20260803-es,ES-20261218-6100-C-20260803
2026-08-03,ES,2026-12-18,6100,P,251.75,256.75,254.25,5673,25148,0.1126,-0.12,ES,CME,snap-20260803-es,ES-20261218-6100-P-20260803
2026-08-03,ES,2026-12-18,6150,C,145.25,148.25,146.75,2203,5173,0.1142,0.838,ES,CME,snap-20260803-es,ES-20261218-6150-C-20260803
20260803,ES,20261218,6150,P,302.25,308.5,305.5,4811,25619,0.1136,-0.162,ES,CME,snap-20260803-es,ES-20261218-6150-P-20260803
08/03/2026,ES,12/18/2026,6200,C,146.75,149.75,148.25,5547,26022,0.1154,0.807,ES,CME,snap-20260803-es,ES-20261218-6200-C-20260803
2026-08-03,ES,12/18/2026,6200,P,353,360.5,356.75,5744,23863,0.1146,-0.193,ES,CME,snap-20260803-es,ES-20261218-6200-P-20260803
08/03/2026,ES,12/18/2026,6250,C,148.25,151.25,149.75,2773,12840,0.1166,0.78,ES,CME,snap-20260803-es,ES-20261218-6250-C-20260803
08/03/2026,ES,2026-12-18,6250,P,403.75,412.25,408,1738,4846,0.1156,-0.22,ES,CME,snap-20260803-es,ES-20261218-6250-P-20260803
2026-08-03,ES,2026-12-18,"6,300.00",C,149.75,153,151.5,5046,18481,0.1178,0.759,ES,CME,snap-20260803-es,ES-20261218-6300-C-20260803
2026-08-03,ES,2026-12-18,6300,P,454.25,464.25,459.25,2018,7955,0.1165,-0.241,ES,CME,snap-20260803-es,ES-20261218-6300-P-20260803
2026-08-03,ES,12/18/2026,6350,C,151,154.5,152.75,2382,5289,0.1189,0.74,ES,CME,snap-20260803-es,ES-20261218-6350-C-20260803
08/03/2026,ES,2026-12-18,6350,P,505,516,510.5,2266,9013,0.1175,-0.26,ES,CME,snap-20260803-es,ES-20261218-6350-P-20260803
2026-08-03,ES,12/18/2026,6400,C,152.5,156,154.25,"1,867",7291,0.1201,0.724,ES,CME,snap-20260803-es,ES-20261218-6400-C-20260803
2026-08-03,ES,20261218,6400,P,555.5,568,561.75,1391,6683,0.1185,-0.276,ES,CME,snap-20260803-es,ES-20261218-6400-P-20260803
2026-08-03,ES,2026-12-18,6450,C,154,157.5,155.75,811,2445,0.1213,0.71,ES,CME,snap-20260803-es,ES-20261218-6450-C-20260803
2026-08-03,ES,2026-12-18,6450,P,606,619.75,613,981,3770,0.1195,-0.29,ES,CME,snap-20260803-es,ES-20261218-6450-P-20260803
08/03/2026,ES,2026-12-18,6500,C,155.5,159,157.25,271,1202,0.1224,0.698,ES,CME,snap-20260803-es,ES-20261218-6500-C-20260803
2026-08-03,ES,20261218,6500,P,656.75,671.75,664.25,585,"2,759",0.1205,-0.302,ES,CME,snap-20260803-es,ES-20261218-6500-P-20260803
20260804,ES,2026-08-21,5450,C,536.25,543,539.5,686,3077,0.12,0.702,ES,CME,snap-20260804-es,ES-20260821-5450-C-20260804
2026-08-04,ES,08/21/2026,5450,P,56,56.75,56.5,1396,7469,0.1259,-0.298,ES,CME,snap-20260804-es,ES-20260821-5450-P-20260804
2026-08-04,es,2026-08-21,5500,C,486,492.25,489,4670,12329,0.1191,0.715,ES,CME,snap-20260804-es,ES-20260821-5500-C-20260804
08/04/2026,ES,20260821,5500,P,55.5,56,55.75,2909,8951,0.1243,-0.285,ES,CME,snap-20260804-es,ES-20260821-5500-P-20260804
08/04/2026,ES,08/21/2026,5550,C,436.00,441.25,438.5,2663,11501,0.1181,0.73,ES,CME,snap-20260804-es,ES-20260821-5550-C-20260804
08/04/2026,ES,08/21/2026,5550,Put,54.75,55.25,55,2384,"7,792",0.1228,-0.27,ES,CME,snap-20260804-es,ES-20260821-5550-P-20260804
2026-08-04,es,08/21/26,5600,C,386,390.5,388.25,6901,"21,895",0.1171,0.75,ES,CME,snap-20260804-es,ES-20260821-5600-C-20260804
08/04/26,ES,2026-08-21,5600,P,54,54.75,54.50,13748,47332,0.1212,-0.252,ES,CME,snap-20260804-es,ES-20260821-5600-P-20260804
08/04/26,ES,2026-08-21,5650,C,336,339.75,338,9961,31816,0.1161,0.77,ES,CME,snap-20260804-es,ES-20260821-5650-C-20260804
08/04/26,ES,08/21/2026,5650,P,53.25,54,53.5,13126,66081,0.1196,-0.232,ES,CME,snap-20260804-es,ES-20260821-5650-P-20260804
2026-08-04,ES,2026-08-21,5700,Call,285.75,289,287.5,11604,26066,0.1151,0.792,ES,CME,snap-20260804-es,ES-20260821-5700-C-20260804
2026-08-04,ES,08/21/26,5700,P,52.5,53.25,53,7318,35632,0.118,-0.208,ES,CME,snap-20260804-es,ES-20260821-5700-P-20260804
2026-08-04,ES,08/21/2026,5750,C,235.75,238.25,237,13833,58534,0.1142,0.82,ES,CME,snap-20260804-es,ES-20260821-5750-C-20260804
08/04/2026,ES,20260821,5750,P,52,52.5,52.25,13415,66961,0.1164,-0.18,ES,CME,snap-20260804-es,ES-20260821-5750-P-20260804
08/04/26,ES,2026-08-21,5800,C,185.5,187.5,186.5,21083,53818,0.1132,0.85,ES,CME,snap-20260804-es,ES-20260821-5800-C-20260804
2026-08-04,ES,2026-08-21,5800,P,51.25,51.75,51.5,21499,58086,0.1148,-0.146,ES,CME,snap-20260804-es,ES-20260821-5800-P-20260804
2026-08-04,ES,20260821,5850,C,135.25,136.75,136,17766,69491,0.1122,0.897,ES,CME,snap-20260804-es,ES-20260821-5850-C-20260804
2026-08-04,ES,2026-08-21,5850,P,50.5,51,50.75,10671,35925,0.1132,-0.103,ES,CME,snap-20260804-es,ES-20260821-5850-P-20260804
2026-08-04,ES,2026-08-21,5900,Call,85.25,86.00,85.5,12646,43666,0.1112,0.951,ES,CME,snap-20260804-es,ES-20260821-5900-C-20260804
2026-08-04,ES,08/21/26,5900,P,49.75,50.25,50,15723,"80,465",0.1116,-0.049,ES,CME,snap-20260804-es,ES-20260821-5900-P-20260804
20260804,ES,2026-08-21,5950,C,49.5,50,49.75,10457,25713,0.1108,0.979,ES,CME,snap-20260804-es,ES-20260821-5950-C-20260804
20260804,ES,08/21/2026,5950,P,63.5,64.25,64,13448,35065,0.1108,-0.021,ES,CME,snap-20260804-es,ES-20260821-5950-P-20260804
20260804,ES,08/21/26,6000,C,50,50.50,50.25,16232,55479,0.11,0.918,ES,CME,snap-20260804-es,ES-20260821-6000-C-20260804
08/04/26,ES,2026-08-21,6000,P,113.75,115,114.5,18724,"71,461",0.1118,-0.082,ES,CME,snap-20260804-es,ES-20260821-6000-P-20260804
2026-08-04,ES,2026-08-21,6050,C,50.5,51,50.75,17260,54097,0.1132,0.871,ES,CME,snap-20260804-es,ES-20260821-6050-C-20260804
08/04/2026,ES,2026-08-21,6050,P,164,165.75,165,10495,57138,0.1128,-0.129,ES,CME,snap-20260804-es,ES-20260821-6050-P-20260804
2026-08-04,ES,08/21/26,6100,C,51.00,51.5,51.25,12415,28793,0.1144,0.834,ES,CME,snap-20260804-es,ES-20260821-6100-C-20260804
2026-08-04,ES,08/21/2026,6100,P,214,216.5,215.25,19748,54198,0.1137,-0.166,ES,CME,snap-20260804-es,ES-20260821-6100-P-20260804
20260804,ES,08/21/2026,6150,C,51.5,52,51.75,"15,665",61513,0.1156,0.803,ES,CME,snap-20260804-es,ES-20260821-6150-C-20260804
2026-08-04,ES,2026-08-21,6150,Put,264.25,267.25,265.75,17746,68794,0.1147,-0.197,ES,CME,snap-20260804-es,ES-20260821-6150-P-20260804
20260804,ES,08/21/2026,6200,C,52,52.75,52.5,9988,38025,0.1168,0.778,ES,CME,snap-20260804-es,ES-20260821-6200-C-20260804
2026-08-04,ES,08/21/2026,6200,P,314.25,318,316,10019,30008,0.1157,-0.222,ES,CME,snap-20260804-es,ES-20260821-6200-P-20260804
2026-08-04,es,08/21/26,6250,C,52.5,53.25,53.00,4962,23207,0.12,0.756,ES,CME,snap-20260804-es,ES-20260821-6250-C-20260804
2026-08-04,ES,20260821,6250,P,364.5,368.75,366.5,7143,36136,0.1167,-0.244,ES,CME,snap-20260804-es,ES-20260821-6250-P-20260804
2026-08-04,ES,08/21/2026,6300,C,53,53.75,53.5,8199,33847,0.1191,0.738,ES,CME,snap-20260804-es,ES-20260821-6300-C-20260804
08/04/26,ES,08/21/26,6300,P,414.5,419.5,417,11681,46851,0.1177,-0.262,ES,CME,snap-20260804-es,ES-20260821-6300-P-20260804
2026-08-04,ES,20260821,6350,C,53.5,54.25,54.00,4447,14199,0.1203,0.722,ES,CME,snap-20260804-es,ES-20260821-6350-C-20260804
08/04/2026,ES,2026-08-21,"6,350.00",P,464.5,470.25,467.5,5551,18515,0.1187,-0.278,ES,CME,snap-20260804-es,ES-20260821-6350-P-20260804
2026-08-04,ES,2026-08-21,6400,C,54,54.75,54.5,"2,873",8208,0.1215,0.708,ES,CME,snap-20260804-es,ES-20260821-6400-C-20260804
2026-08-04,ES,2026-08-21,6400,put,514.75,521.25,518,2523,9831,0.1197,-0.292,ES,CME,snap-20260804-es,ES-20260821-6400-P-20260804
2026-08-04,ES,20260821,6450,C,54.75,55.25,55,1171,4175,0.1227,0.695,ES,CME,snap-20260804-es,ES-20260821-6450-C-20260804
2026-08-04,ES,2026-08-21,6450,P,564.75,572,568.50,701,3622,0.12,-0.305,ES,CME,snap-20260804-es,ES-20260821-6450-P-20260804
08/04/2026,ES,2026-08-28,5450,C,546,553.25,549.5,807,"3,028",0.1201,0.702,ES,CME,snap-20260804-es,ES-20260828-5450-C-20260804
08/04/2026,ES,2026-08-28,"5,450.00",P,66.75,67.5,67,1319,"7,068",0.1259,-0.298,ES,CME,snap-20260804-es,ES-20260828-5450-P-20260804
2026-08-04,ES,2026-08-28,5500,Call,496,502.5,499.25,3090,8384,0.1191,0.71,ES,CME,snap-20260804-es,ES-20260828-5500-C-20260804
2026-08-04,ES,2026-08-28,5500,P,65.75,66.75,66.25,4248,17107,0.1243,-0.285,ES,CME,snap-20260804-es,ES-20260828-5500-P-20260804
08/04/2026,ES,2026-08-28,5550,C,445.75,451.5,448.5,4117,12787,0.1181,0.73,ES,CME,snap-20260804-es,ES-20260828-5550-C-20260804
08/04/26,ES,2026-08-28,5550,P,65,65.75,65.5,5429,29135,0.1228,-0.27,ES,CME,snap-20260804-es,ES-20260828-5550-P-20260804
08/04/2026,ES,2026-08-28,5600,C,395.75,400.5,398,9834,"27,624",0.1171,0.75,ES,CME,snap-20260804-es,ES-20260828-5600-C-20260804
2026-08-04,ES,2026-08-28,5600,P,64.25,65.00,64.50,9104,33436,0.1212,-0.252,ES,CME,snap-20260804-es,ES-20260828-5600-P-20260804
2026-08-04,ES,2026-08-28,5650,Call,345.50,349.75,347.5,10755,29988,0.1161,0.77,ES,CME,snap-20260804-es,ES-20260828-5650-C-20260804
08/04/2026,ES,2026-08-28,5650,P ,63.25,64.00,63.5,7845,41829,0.1196,-0.232,ES,CME,snap-20260804-es,ES-20260828-5650-P-20260804
20260804,ES,08/28/2026,5700,C,295.25,298.75,297,"16,078",47560,0.1151,0.792,ES,CME,snap-20260804-es,ES-20260828-5700-C-20260804
2026-08-04,ES,2026-08-28,5700,P,62.5,63.25,63,8610,38438,0.118,-0.208,ES,CME,snap-20260804-es,ES-20260828-5700-P-20260804
08/04/2026,ES,2026-08-28,5750,C,245.25,248,246.5,10474,47390,0.1142,0.82,ES,CME,snap-20260804-es,ES-20260828-5750-C-20260804
08/04/26,ES,08/28/2026,5750,P,61.75,62.25,62,11455,55236,0.1164,-0.18,ES,CME,snap-20260804-es,ES-20260828-5750-P-20260804
2026-08-04,ES,2026-08-28,5800,C,195,197,196,13551,41707,0.1132,0.854,ES,CME,snap-20260804-es,ES-20260828-5800-C-20260804
2026-08-04,ES,2026-08-28,5800,P,60.75,61.50,61,27249,122525,0.1148,-0.146,ES,CME,snap-20260804-es,ES-20260828-5800-P-20260804
2026-08-04,ES,2026-08-28,5850,C,144.75,146.25,145.5,18543,63044,0.1122,0.897,ES,CME,snap-20260804-es,ES-20260828-5850-C-20260804
08/04/2026,ES,2026-08-28,5850,P,60.00,60.75,60.5,24647,101211,0.1132,-0.103,ES,CME,snap-20260804-es,ES-20260828-5850-P-20260804
08/04/2026,ES,08/28/26,5900,C,94.5,95.50,95,23057,83718,0.1112,0.95,ES,CME,snap-20260804-es,ES-20260828-5900-C-20260804
2026-08-04,ES,2026-08-28,5900,P,59.25,59.75,59.5,36716,196552,0.1116,-0.049,ES,CME,snap-20260804-es,ES-20260828-5900-P-20260804
2026-08-04,ES,08/28/2026,5950,C,58.75,59.25,59,22095,102750,0.11,0.979,ES,CME,snap-20260804-es,ES-20260828-5950-C-20260804
08/04/26,ES,2026-08-28,5950,P,73,73.75,73.5,13528,56489,0.1108,-0.02,ES,CME,snap-20260804-es,ES-20260828-5950-P-20260804
2026-08-04,ES,08/28/26,6000,C,59.25,60.00,59.5,17622,61295,0.112,0.918,ES,CME,snap-20260804-es,ES-20260828-6000-C-20260804
08/04/2026,ES,2026-08-28,6000,P,123.25,124.5,124,29195,141213,0.1118,-0.082,ES,CME,snap-20260804-es,ES-20260828-6000-P-20260804
08/04/2026,ES,2026-08-28,6050,C,60.00,60.75,60.5,"13,011",28786,0.1132,0.871,ES,CME,snap-20260804-es,ES-20260828-6050-C-20260804
08/04/26,ES,2026-08-28,6050,P,173.5,175.25,174.5,10543,39688,0.1128,-0.129,ES,CME,snap-20260804-es,ES-20260828-6050-P-20260804
08/04/26,ES,2026-08-28,6100,C,60.5,61.25,61,11280,42564,0.1144,0.834,ES,CME,snap-20260804-es,ES-20260828-6100-C-20260804
08/04/2026,ES,08/28/2026,6100,P,223.5,226,224.75,22489,97739,0.1137,-0.166,ES,CME,snap-20260804-es,ES-20260828-6100-P-20260804
08/04/26,ES,2026-08-28,6150,C,61.25,62,61.5,7033,29890,0.1156,0.803,ES,CME,snap-20260804-es,ES-20260828-6150-C-20260804
08/04/26,es,08/28/2026,6150,P,273.75,277,275.5,10832,52619,0.1147,-0.20,ES,CME,snap-20260804-es,ES-20260828-6150-P-20260804
2026-08-04,ES,2026-08-28,6200,C,61.75,62.5,62,11971,33672,0.1168,0.778,ES,CME,snap-20260804-es,ES-20260828-6200-C-20260804
20260804,ES,20260828,6200,P,324,327.75,326,7140,22709,0.1157,-0.222,ES,CME,snap-20260804-es,ES-20260828-6200-P-20260804
2026-08-04,ES,2026-08-28,6250,C,62.50,63.25,63,4931,15264,0.1179,0.756,ES,CME,snap-20260804-es,ES-20260828-6250-C-20260804
08/04/2026,ES,08/28/26,6250,P,374.25,378.75,376.5,5466,15176,0.1167,-0.24,ES,CME,snap-20260804-es,ES-20260828-6250-P-20260804
2026-08-04,ES,2026-08-28,6300,C,63,63.75,63.5,9738,45727,0.1191,0.738,ES,CME,snap-20260804-es,ES-20260828-6300-C-20260804
08/04/2026,ES,08/28/26,"6,300.00",P,424.25,429.50,427,4953,"22,598",0.1177,-0.262,ES,CME,snap-20260804-es,ES-20260828-6300-P-20260804
2026-08-04,ES,2026-08-28,6350,C,63.75,64.5,64,4486,12933,0.1203,0.722,ES,CME,snap-20260804-es,ES-20260828-6350-C-20260804
08/04/2026,ES,20260828,6350,P,474.5,480.5,477.5,3190,16680,0.1187,-0.278,ES,CME,snap-20260804-es,ES-20260828-6350-P-20260804
2026-08-04,ES,08/28/26,6400,C,64.25,65.25,64.75,2012,8817,0.1215,0.708,ES,CME,snap-20260804-es,ES-20260828-6400-C-20260804
08/04/26,ES,08/28/2026,6400,P ,524.5,531.5,528,1876,10178,0.1197,-0.292,ES,CME,snap-20260804-es,ES-20260828-6400-P-20260804
2026-08-04,ES,2026-08-28,6450,C,65,65.75,65.5,357,1240,0.1227,0.695,ES,CME,snap-20260804-es,ES-20260828-6450-C-20260804
08/04/2026,ES,2026-08-28,6450,put,574.5,582.50,578.5,1098,4979,0.1206,-0.305,ES,CME,snap-20260804-es,ES-20260828-6450-P-20260804
2026-08-04,ES,2026-09-18,5450,C,569,577.75,573.5,773,2386,0.1201,0.702,ES,CME,snap-20260804-es,ES-20260918-5450-C-20260804
08/04/2026,ES,2026-09-18,5450,P,91.25,92.5,92,840,3015,0.1259,-0.298,ES,CME,snap-20260804-es,ES-20260918-5450-P-20260804
08/04/2026,ES,2026-09-18,5500,C,518.75,526.5,522.5,4145,15985,0.1191,0.715,ES,CME,snap-20260804-es,ES-20260918-5500-C-20260804
2026-08-04,ES,2026-09-18,5500,P,90,91.25,90.5,4147,20167,0.1243,-0.285,ES,CME,snap-20260804-es,ES-20260918-5500-P-20260804
08/04/26,ES,2026-09-18,5550,C,468.5,475.25,472,3964,14103,0.1181,0.73,ES,CME,snap-20260804-es,ES-20260918-5550-C-20260804
08/04/2026,ES,2026-09-18,5550,P,89,90.25,89.5,2485,9113,0.1228,-0.27,ES,CME,snap-20260804-es,ES-20260918-5550-P-20260804
2026-08-04,ES,2026-09-18,5600,C,418.25,424.25,421.25,9148,23599,0.1171,0.748,ES,CME,snap-20260804-es,ES-20260918-5600-C-20260804
08/04/2026,es,2026-09-18,5600,P,87.75,89,88.5,4146,17353,0.1212,-0.25,ES,CME,snap-20260804-es,ES-20260918-5600-P-20260804
2026-08-04,ES,2026-09-18,5650,C,368,373.00,370.5,5907,26925,0.1161,0.768,ES,CME,snap-20260804-es,ES-20260918-5650-C-20260804
2026-08-04,ES,2026-09-18,5650,P,86.75,87.75,87.25,11634,36616,0.1196,-0.232,ES,CME,snap-20260804-es,ES-20260918-5650-P-20260804
2026-08-04,ES,2026-09-18,5700,Call,317.5,322,319.75,11752,56082,0.1151,0.792,ES,CME,snap-20260804-es,ES-20260918-5700-C-20260804
2026-08-04,ES,2026-09-18,5700,P,85.5,86.75,86,8776,25651,0.118,-0.208,ES,CME,snap-20260804-es,ES-20260918-5700-P-20260804
2026-08-04,ES,09/18/2026,5750,C,267.25,270.75,269,4754,"11,334",0.1142,0.82,ES,CME,snap-20260804-es,ES-20260918-5750-C-20260804
08/04/26,ES,09/18/26,5750,P,84.25,85.5,85,9354,"31,674",0.1164,-0.18,ES,CME,snap-20260804-es,ES-20260918-5750-P-20260804
2026-08-04,ES,2026-09-18,5800,C,217,219.75,218.50,9863,34164,0.1132,0.854,ES,CME,snap-20260804-es,ES-20260918-5800-C-20260804
20260804,es,2026-09-18,5800,P,83.25,84.25,83.75,15150,60606,0.1148,-0.146,ES,CME,snap-20260804-es,ES-20260918-5800-P-20260804
2026-08-04,ES,20260918,5850,C,166.5,168.5,167.5,14897,"57,772",0.1122,0.897,ES,CME,snap-20260804-es,ES-20260918-5850-C-20260804
08/04/26,ES,20260918,5850,P,82,83.00,82.5,12944,53796,0.1132,-0.103,ES,CME,snap-20260804-es,ES-20260918-5850-P-20260804
2026-08-04,ES,2026-09-18,5900,C,116.25,117.50,117,11584,27927,0.1112,0.951,ES,CME,snap-20260804-es,ES-20260918-5900-C-20260804
2026-08-04,es,2026-09-18,"5,900.00",P,81,82,81.5,"28,264",110292,0.1116,-0.049,ES,CME,snap-20260804-es,ES-20260918-5900-P-20260804
2026-08-04,ES,2026-09-18,5950,C,80.25,81.25,80.75,"12,419",39188,0.1108,0.979,ES,CME,snap-20260804-es,ES-20260918-5950-C-20260804
2026-08-04,es,2026-09-18,5950,P,94.5,95.5,95,16241,70568,0.1108,-0.02,ES,CME,snap-20260804-es,ES-20260918-5950-P-20260804
20260804,ES,20260918,6000,C,81.25,82.25,81.75,15098,63861,0.112,0.918,ES,CME,snap-20260804-es,ES-20260918-6000-C-20260804
2026-08-04,ES,20260918,6000,P,145,146.75,146,23917,89312,0.1118,-0.082,ES,CME,snap-20260804-es,ES-20260918-6000-P-20260804
08/04/2026,ES,2026-09-18,6050,Call,82,83,82.5,10772,28881,0.1132,0.871,ES,CME,snap-20260804-es,ES-20260918-6050-C-20260804
2026-08-04,ES,2026-09-18,6050,put,195.25,197.75,196.5,10451,48970,0.1128,-0.129,ES,CME,snap-20260804-es,ES-20260918-6050-P-20260804
2026-08-04,ES,2026-09-18,6100,Call,83,84,83.5,18652,47550,0.1144,0.834,ES,CME,snap-20260804-es,ES-20260918-6100-C-20260804
20260804,ES,20260918,"6,100.00",Put,245.75,248.75,247.25,16080,81062,0.1137,-0.17,ES,CME,snap-20260804-es,ES-20260918-6100-P-20260804
08/04/2026,ES,09/18/2026,6150,C,83.75,84.75,84.25,6870,28000,0.1156,0.803,ES,CME,snap-20260804-es,ES-20260918-6150-C-20260804
2026-08-04,ES,09/18/2026,6150,P,296,300,298,10228,45042,0.1147,-0.197,ES,CME,snap-20260804-es,ES-20260918-6150-P-20260804
08/04/26,ES,09/18/2026,6200,C,84.5,85.75,85,14960,62183,0.1168,0.778,ES,CME,snap-20260804-es,ES-20260918-6200-C-20260804
2026-08-04,ES,2026-09-18,6200,P,346.25,351.00,348.5,5905,31977,0.1157,-0.222,ES,CME,snap-20260804-es,ES-20260918-6200-P-20260804
2026-08-04,es,2026-09-18,6250,C,85.5,86.5,86,4455,12116,0.1179,0.756,ES,CME,snap-20260804-es,ES-20260918-6250-C-20260804
2026-08-04,ES,09/18/2026,6250,P,396.5,402.25,399.5,9856,50575,0.1167,-0.244,ES,CME,snap-20260804-es,ES-20260918-6250-P-20260804
2026-08-04,ES,09/18/26,"6,300.00",C,86.25,87.5,87.00,"3,131",7979,0.1191,0.74,ES,CME,snap-20260804-es,ES-20260918-6300-C-20260804
2026-08-04,ES,09/18/2026,6300,P,447,453.25,450,7505,19136,0.1177,-0.262,ES,CME,snap-20260804-es,ES-20260918-6300-P-20260804
20260804,ES,09/18/2026,6350,C,87,88.5,87.75,2205,9631,0.1203,0.722,ES,CME,snap-20260804-es,ES-20260918-6350-C-20260804
08/04/2026,ES,09/18/2026,6350,put,497.25,504.5,501,2645,6808,0.1187,-0.278,ES,CME,snap-20260804-es,ES-20260918-6350-P-20260804
08/04/2026,ES,2026-09-18,6400,C,88,89.25,88.5,1994,5667,0.1215,0.708,ES,CME,snap-20260804-es,ES-20260918-6400-C-20260804
2026-08-04,ES,2026-09-18,6400,P,547.5,555.75,551.5,1967,9416,0.1197,-0.292,ES,CME,snap-20260804-es,ES-20260918-6400-P-20260804
08/04/2026,ES,09/18/2026,6450,C,88.75,90.25,89.5,817,3500,0.1227,0.695,ES,CME,snap-20260804-es,ES-20260918-6450-C-20260804
08/04/2026,es,2026-09-18,6450,P,597.75,606.75,602.25,633,2137,0.1206,-0.305,ES,CME,snap-20260804-es,ES-20260918-6450-P-20260804
2026-08-04,ES,10/16/26,5450,C,592.25,602.5,597.5,366,1419,0.1201,0.702,ES,CME,snap-20260804-es,ES-20261016-5450-C-20260804
2026-08-04,ES,20261016,5450,P,116,118,117,928,"3,548",0.1259,-0.298,ES,CME,snap-20260804-es,ES-20261016-5450-P-20260804
2026-08-04,es,10/16/2026,5500,C,541.75,551,546.5,1555,5113,0.1191,0.715,ES,CME,snap-20260804-es,ES-20261016-5500-C-20260804
20260804,ES,2026-10-16,5500,P,114.5,116.5,115.5,2012,8041,0.1243,-0.285,ES,CME,snap-20260804-es,ES-20261016-5500-P-20260804
2026-08-04,ES,10/16/2026,5550,C,491.25,499.5,495.5,4286,10418,0.1181,0.73,ES,CME,snap-20260804-es,ES-20261016-5550-C-20260804
2026-08-04,ES,2026-10-16,5550,P,113,115,114,4926,16714,0.1228,-0.27,ES,CME,snap-20260804-es,ES-20261016-5550-P-20260804
2026-08-04,ES,10/16/2026,5600,C,441,448.25,444.5,"4,596",19041,0.1171,0.748,ES,CME,snap-20260804-es,ES-20261016-5600-C-20260804
2026-08-04,ES,2026-10-16,5600,P,111.75,113.5,112.5,6623,25876,0.12,-0.252,ES,CME,snap-20260804-es,ES-20261016-5600-P-20260804
2026-08-04,ES,2026-10-16,5650,C,390.5,396.75,393.5,5564,17546,0.1161,0.768,ES,CME,snap-20260804-es,ES-20261016-5650-C-20260804
2026-08-04,ES,2026-10-16,5650,P ,110.25,112,111,8452,25951,0.1196,-0.232,ES,CME,snap-20260804-es,ES-20261016-5650-P-20260804
2026-08-04,ES,10/16/2026,5700,C,340,345.5,342.75,6059,18560,0.1151,0.79,ES,CME,snap-20260804-es,ES-20261016-5700-C-20260804
2026-08-04,ES,10/16/2026,5700,P,108.75,110.5,109.5,12036,50040,0.118,-0.208,ES,CME,snap-20260804-es,ES-20261016-5700-P-20260804
08/04/2026,ES,10/16/2026,5750,C,289.5,294,291.75,"11,161",26112,0.1142,0.82,ES,CME,snap-20260804-es,ES-20261016-5750-C-20260804
20260804,ES,20261016,5750,P,107.25,109,108,"5,875",25168,0.1164,-0.18,ES,CME,snap-20260804-es,ES-20261016-5750-P-20260804
2026-08-04,ES,2026-10-16,5800,C,239,242.75,241,9552,42874,0.1132,0.854,ES,CME,snap-20260804-es,ES-20261016-5800-C-20260804
20260804,ES,2026-10-16,5800,P,105.75,107.5,106.5,"13,810",56853,0.1148,-0.146,ES,CME,snap-20260804-es,ES-20261016-5800-P-20260804
2026-08-04,es,10/16/26,5850,Call,188.5,191.5,190,6258,27575,0.1122,0.897,ES,CME,snap-20260804-es,ES-20261016-5850-C-20260804
08/04/2026,ES,10/16/2026,5850,P,104.5,106,105.25,5986,16969,0.1132,-0.103,ES,CME,snap-20260804-es,ES-20261016-5850-P-20260804
2026-08-04,ES,10/16/26,5900,C,138,140,139.00,17623,43924,0.1112,0.951,ES,CME,snap-20260804-es,ES-20261016-5900-C-20260804
2026-08-04,ES,2026-10-16,5900,P ,103,104.5,103.75,26941,112543,0.1116,-0.049,ES,CME,snap-20260804-es,ES-20261016-5900-P-20260804
2026-08-04,es,2026-10-16,5950,C,102.25,103.75,103,10249,36339,0.1108,0.979,ES,CME,snap-20260804-es,ES-20261016-5950-C-20260804
2026-08-04,ES,20261016,5950,P,116.25,118,117,13652,41097,0.1108,-0.021,ES,CME,snap-20260804-es,ES-20261016-5950-P-20260804
20260804,ES,10/16/2026,6000,C,103.25,104.75,104,21239,55320,0.112,0.918,ES,CME,snap-20260804-es,ES-20261016-6000-C-20260804
20260804,ES,10/16/2026,6000,C,103.25,104.75,104,21239,55320,0.112,0.918,ES,CME,snap-20260804-es-retry,ES-20261016-6000-C-20260804
2026-08-04,ES,10/16/2026,6000,P,166.75,169.25,168,16923,70798,0.1118,-0.082,ES,CME,snap-20260804-es,ES-20261016-6000-P-20260804
20260804,ES,20261016,6050,C,104.5,106,105.25,12956,29756,0.1132,0.871,ES,CME,snap-20260804-es,ES-20261016-6050-C-20260804
08/04/26,ES,2026-10-16,6050,P,217.5,220.75,219.00,15892,68525,0.1128,-0.129,ES,CME,snap-20260804-es,ES-20261016-6050-P-20260804
08/04/2026,ES,10/16/2026,6100,Call,105.5,107,106.25,9604,29979,0.1144,0.834,ES,CME,snap-20260804-es,ES-20261016-6100-C-20260804
2026-08-04,ES,10/16/2026,6100,P,267.75,272,270,"13,254",56066,0.1137,-0.166,ES,CME,snap-20260804-es,ES-20261016-6100-P-20260804
08/04/2026,ES,10/16/26,6150,C,106.50,108.25,107.5,5017,16167,0.1156,0.803,ES,CME,snap-20260804-es,ES-20261016-6150-C-20260804
2026-08-04,ES,20261016,6150,P,318.25,323.25,320.75,8753,41087,0.1147,-0.197,ES,CME,snap-20260804-es,ES-20261016-6150-P-20260804
2026-08-04,ES,2026-10-16,6200,C,107.5,109.25,108.5,4414,17670,0.1168,0.778,ES,CME,snap-20260804-es,ES-20261016-6200-C-20260804
2026-08-04,ES,10/16/26,6200,put,368.75,374.75,371.75,9770,45173,0.1157,-0.222,ES,CME,snap-20260804-es,ES-20261016-6200-P-20260804
2026-08-04,ES,2026-10-16,6250,C,108.75,110.50,109.5,3462,15483,0.1179,0.756,ES,CME,snap-20260804-es,ES-20261016-6250-C-20260804
08/04/2026,ES,10/16/2026,6250,P,419.25,426,422.5,5946,19272,0.1167,-0.244,ES,CME,snap-20260804-es,ES-20261016-6250-P-20260804
2026-08-04,ES,2026-10-16,6300,C,109.75,111.5,110.5,2856,9056,0.1191,0.74,ES,CME,snap-20260804-es,ES-20261016-6300-C-20260804
2026-08-04,ES,10/16/2026,6300,P,469.75,477.5,473.5,3841,15466,0.1177,-0.26,ES,CME,snap-20260804-es,ES-20261016-6300-P-20260804
2026-08-04,ES,10/16/26,6350,C,110.75,112.75,111.75,2020,7018,0.1203,0.722,ES,CME,snap-20260804-es,ES-20261016-6350-C-20260804
20260804,ES,10/16/2026,6350,P,520,529,524.5,2187,"10,249",0.12,-0.278,ES,CME,snap-20260804-es,ES-20261016-6350-P-20260804
08/04/2026,ES,10/16/2026,6400,C,112,113.75,113.00,1087,3021,0.12,0.708,ES,CME,snap-20260804-es,ES-20261016-6400-C-20260804
08/04/2026,ES,2026-10-16,6400,P,570.5,580.25,575.5,"2,162",7912,0.1197,-0.292,ES,CME,snap-20260804-es,ES-20261016-6400-P-20260804
08/04/2026,ES,10/16/2026,6450,C,113,115,114,295,1201,0.1227,0.695,ES,CME,snap-20260804-es,ES-20261016-6450-C-20260804
2026-08-04,ES,2026-10-16,6450,P,620.75,631.75,626.25,891,2483,0.1206,-0.305,ES,CME,snap-20260804-es,ES-20261016-6450-P-20260804
2026-08-04,ES,20261218,5450,C,630.75,645.25,638,274,701,0.1201,0.702,ES,CME,snap-20260804-es,ES-20261218-5450-C-20260804
20260804,ES,20261218,5450,P,158,161.5,159.75,268,1448,0.1259,-0.298,ES,CME,snap-20260804-es,ES-20261218-5450-P-20260804
08/04/2026,ES,2026-12-18,5500,C,580.25,593.25,586.75,1254,2935,0.1191,0.715,ES,CME,snap-20260804-es,ES-20261218-5500-C-20260804
2026-08-04,ES,12/18/26,5500,P,156,159.5,157.75,1348,4720,0.1243,-0.28,ES,CME,snap-20260804-es,ES-20261218-5500-P-20260804
2026-08-04,ES,12/18/2026,5550,C,529.75,541.5,535.5,1358,6332,0.1181,0.73,ES,CME,snap-20260804-es,ES-20261218-5550-C-20260804
2026-08-04,ES,12/18/2026,"5,550.00",P,154,157.25,155.5,1574,4073,0.1228,-0.27,ES,CME,snap-20260804-es,ES-20261218-5550-P-20260804
08/04/2026,ES,12/18/26,5600,C,479,489.5,484.25,2896,"8,954",0.1171,0.748,ES,CME,snap-20260804-es,ES-20261218-5600-C-20260804
2026-08-04,ES,20261218,5600,P,152,155.25,153.5,4144,14726,0.1212,-0.252,ES,CME,snap-20260804-es,ES-20261218-5600-P-20260804
2026-08-04,es,20261218,5650,C,428.5,437.5,433.00,2339,5454,0.1161,0.768,ES,CME,snap-20260804-es,ES-20261218-5650-C-20260804
20260804,ES,2026-12-18,5650,P,150,153.25,151.5,1695,"6,679",0.1196,-0.232,ES,CME,snap-20260804-es,ES-20261218-5650-P-20260804
20260804,ES,20261218,5700,C,377.75,385.75,381.75,5113,14982,0.1151,0.792,ES,CME,snap-20260804-es,ES-20261218-5700-C-20260804
2026-08-04,ES,2026-12-18,5700,P,148.00,151.25,149.5,5656,16116,0.118,-0.208,ES,CME,snap-20260804-es,ES-20261218-5700-P-20260804
2026-08-04,ES,2026-12-18,5750,C,327,334,330.5,5735,24911,0.1142,0.82,ES,CME,snap-20260804-es,ES-20261218-5750-C-20260804
2026-08-04,ES,12/18/2026,5750,P,146,149.25,147.5,2647,"8,116",0.1164,-0.18,ES,CME,snap-20260804-es,ES-20261218-5750-P-20260804
08/04/2026,es,2026-12-18,5800,C,276.5,282,279.25,8769,26090,0.1132,0.854,ES,CME,snap-20260804-es,ES-20261218-5800-C-20260804
2026-08-04,ES,2026-12-18,5800,P ,144,147,145.5,10472,26733,0.1148,-0.146,ES,CME,snap-20260804-es,ES-20261218-5800-P-20260804
2026-08-04,es,20261218,5850,C,225.75,230.25,228,5325,16412,0.11,0.897,ES,CME,snap-20260804-es,ES-20261218-5850-C-20260804
20260804,ES,2026-12-18,5850,P,142.25,145,143.50,"6,247",33185,0.1132,-0.103,ES,CME,snap-20260804-es,ES-20261218-5850-P-20260804
20260804,ES,2026-12-18,5900,C,175,178.5,176.75,7644,21678,0.1112,0.951,ES,CME,snap-20260804-es,ES-20261218-5900-C-20260804
08/04/2026,ES,12/18/2026,5900,P,140.25,143,141.5,5166,27827,0.1116,-0.049,ES,CME,snap-20260804-es,ES-20261218-5900-P-20260804
2026-08-04,ES,12/18/26,5950,C,139.25,142,140.5,7343,30328,0.1108,0.979,ES,CME,snap-20260804-es,ES-20261218-5950-C-20260804
08/04/2026,ES,2026-12-18,5950,P,153.25,156.25,154.75,8352,"22,314",0.1108,-0.021,ES,CME,snap-20260804-es,ES-20261218-5950-P-20260804
08/04/2026,ES,12/18/2026,"6,000.00",C,140.75,143.5,142.00,5437,17213,0.112,0.918,ES,CME,snap-20260804-es,ES-20261218-6000-C-20260804
20260804,ES,2026-12-18,6000,P,204,208,206,7736,35538,0.11,-0.082,ES,CME,snap-20260804-es,ES-20261218-6000-P-20260804
2026-08-04,ES,2026-12-18,6050,C,142,145,143.5,4813,11254,0.1132,0.871,ES,CME,snap-20260804-es,ES-20261218-6050-C-20260804
20260804,ES,12/18/2026,6050,P,254.75,259.75,257.25,7362,22904,0.1128,-0.129,ES,CME,snap-20260804-es,ES-20261218-6050-P-20260804
20260804,es,12/18/26,"6,100.00",C,143.50,146.5,145,"7,461",28357,0.1144,0.834,ES,CME,snap-20260804-es,ES-20261218-6100-C-20260804
2026-08-04,ES,12/18/2026,6100,P,305.25,311.75,308.5,7995,"21,271",0.1137,-0.166,ES,CME,snap-20260804-es,ES-20261218-6100-P-20260804
2026-08-04,ES,12/18/2026,"6,150.00",C,145,148,146.5,2788,10712,0.1156,0.803,ES,CME,snap-20260804-es,ES-20261218-6150-C-20260804
08/04/2026,ES,12/18/2026,6150,P,356,363.5,359.75,2564,12469,0.1147,-0.197,ES,CME,snap-20260804-es,ES-20261218-6150-P-20260804
08/04/2026,ES,2026-12-18,6200,C,146.5,149.5,148,4817,20310,0.1168,0.778,ES,CME,snap-20260804-es,ES-20261218-6200-C-20260804
20260804,ES,2026-12-18,6200,P,406.75,415.25,411,4151,13621,0.1157,-0.222,ES,CME,snap-20260804-es,ES-20261218-6200-P-20260804
2026-08-04,ES,12/18/26,6250,C,148,151.25,149.5,3348,10846,0.12,0.756,ES,CME,snap-20260804-es,ES-20261218-6250-C-20260804
2026-08-04,ES,2026-12-18,6250,P,457.25,467.25,462.25,4039,13990,0.1167,-0.244,ES,CME,snap-20260804-es,ES-20261218-6250-P-20260804
2026-08-04,ES,2026-12-18,6300,C,149.5,152.75,151,2876,10403,0.1191,0.738,ES,CME,snap-20260804-es,ES-20261218-6300-C-20260804
20260804,ES,2026-12-18,6300,P,508,519,513.5,3870,15256,0.1177,-0.262,ES,CME,snap-20260804-es,ES-20261218-6300-P-20260804
2026-08-04,ES,2026-12-18,6350,C,150.75,154.25,152.5,1392,5300,0.1203,0.722,ES,CME,snap-20260804-es,ES-20261218-6350-C-20260804
2026-08-04,ES,20261218,6350,P,558.5,571,564.75,840,4564,0.1187,-0.278,ES,CME,snap-20260804-es,ES-20261218-6350-P-20260804
2026-08-04,ES,2026-12-18,6400,C,152.25,155.75,154,826,2648,0.1215,0.708,ES,CME,snap-20260804-es,ES-20261218-6400-C-20260804
20260804,ES,2026-12-18,6400,P,609,623,616,978,4779,0.1197,-0.292,ES,CME,snap-20260804-es,ES-20261218-6400-P-20260804
20260804,ES,2026-12-18,"6,450.00",C,153.75,157.25,155.5,129,549,0.1227,0.695,ES,CME,snap-20260804-es,ES-20261218-6450-C-20260804
2026-08-04,ES,20261218,6450,P,659.75,674.75,667.25,436,2108,0.1206,-0.305,ES,CME,snap-20260804-es,ES-20261218-6450-P-20260804
08/05/2026,ES,2026-08-21,5450,C,550.75,557.75,554.25,674,1543,0.12,0.699,ES,CME,snap-20260805-es,ES-20260821-5450-C-20260805
2026-08-05,ES,20260821,5450,P,54.75,55.5,55,"1,210",5794,0.13,-0.301,ES,CME,snap-20260805-es,ES-20260821-5450-P-20260805
2026-08-05,es,2026-08-21,5500,C,500.75,507,504,4165,9846,0.1194,0.711,ES,CME,snap-20260805-es,ES-20260821-5500-C-20260805
2026-08-05,ES,2026-08-21,5500,P,54,54.75,54.5,3409,16078,0.12,-0.289,ES,CME,snap-20260805-es,ES-20260821-5500-P-20260805
2026-08-05,ES,2026-08-21,5550,C,450.75,456,453.5,2061,9641,0.1184,0.726,ES,CME,snap-20260805-es,ES-20260821-5550-C-20260805
08/05/2026,ES,2026-08-21,5550,P,53.5,54,53.75,5313,19183,0.1232,-0.274,ES,CME,snap-20260805-es,ES-20260821-5550-P-20260805
08/05/2026,es,2026-08-21,5600,C,400.5,405.25,403,5723,14832,0.1174,0.742,ES,CME,snap-20260805-es,ES-20260821-5600-C-20260805
08/05/2026,es,08/21/2026,5600,P,52.75,53.25,53,9322,"36,717",0.1216,-0.258,ES,CME,snap-20260805-es,ES-20260821-5600-P-20260805
2026-08-05,ES,08/21/2026,5650,C,350.5,354.5,352.5,4633,17130,0.12,0.761,ES,CME,snap-20260805-es,ES-20260821-5650-C-20260805
2026-08-05,es,2026-08-21,5650,P,52,52.75,52.5,10615,46491,0.1201,-0.239,ES,CME,snap-20260805-es,ES-20260821-5650-P-20260805
2026-08-05,es,2026-08-21,5650,P,52,52.75,52.5,10615,46491,0.1201,-0.239,ES,CME,snap-20260805-es-retry,ES-20260821-5650-P-20260805
08/05/2026,ES,2026-08-21,5700,C,300.5,303.75,302,6731,26546,0.12,0.784,ES,CME,snap-20260805-es,ES-20260821-5700-C-20260805
20260805,ES,2026-08-21,5700,P,51.5,52,51.75,7539,39417,0.1185,-0.216,ES,CME,snap-20260805-es,ES-20260821-5700-P-20260805
08/05/2026,ES,08/21/26,5750,C,250.25,253,251.50,8620,40840,0.1145,0.811,ES,CME,snap-20260805-es,ES-20260821-5750-C-20260805
2026-08-05,ES,2026-08-21,5750,P,50.75,51.25,51,"8,116",30440,0.1169,-0.189,ES,CME,snap-20260805-es,ES-20260821-5750-P-20260805
2026-08-05,ES,2026-08-21,5800,C,200.25,202.25,201.25,15031,66481,0.1135,0.843,ES,CME,snap-20260805-es,ES-20260821-5800-C-20260805
2026-08-05,es,2026-08-21,5800,P,50,50.5,50.25,28216,91341,0.1153,-0.157,ES,CME,snap-20260805-es,ES-20260821-5800-P-20260805
2026-08-05,ES,08/21/2026,5850,Call,150.00,151.5,150.75,19340,47061,0.1125,0.882,ES,CME,snap-20260805-es,ES-20260821-5850-C-20260805
2026-08-05,ES,20260821,5850,P,49.25,49.75,49.5,11206,35554,0.1137,-0.118,ES,CME,snap-20260805-es,ES-20260821-5850-P-20260805
20260805,ES,2026-08-21,5900,C,100,100.75,100.5,33310,124403,0.1115,0.932,ES,CME,snap-20260805-es,ES-20260821-5900-C-20260805
2026-08-05,ES,08/21/2026,5900,P,48.75,49.25,49,36247,159240,0.1121,-0.068,ES,CME,snap-20260805-es,ES-20260821-5900-P-20260805
08/05/2026,ES,2026-08-21,5950,C,49.75,50.25,50,23136,105824,0.1105,0.997,ES,CME,snap-20260805-es,ES-20260821-5950-C-20260805
08/05/2026,ES,2026-08-21,5950,P,48,48.5,48.25,15183,75016,0.1106,-0.003,ES,CME,snap-20260805-es,ES-20260821-5950-P-20260805
20260805,ES,2026-08-21,6000,C,48.5,49,48.75,28678,105699,0.1116,0.936,ES,CME,snap-20260805-es,ES-20260821-6000-C-20260805
2026-08-05,ES,08/21/2026,6000,P,96.5,97.25,97,12397,43531,0.1114,-0.064,ES,CME,snap-20260805-es,ES-20260821-6000-P-20260805
08/05/2026,ES,08/21/2026,6050,C,49,49.5,49.25,11179,41035,0.1128,0.885,ES,CME,snap-20260805-es,ES-20260821-6050-C-20260805
08/05/2026,ES,08/21/26,6050,P,146.5,148,147.25,23279,82091,0.1124,-0.115,ES,CME,snap-20260805-es,ES-20260821-6050-P-20260805
20260805,ES,2026-08-21,6100,C,49.50,50.00,49.75,19668,77032,0.114,0.845,ES,CME,snap-20260805-es,ES-20260821-6100-C-20260805
2026-08-05,ES,2026-08-21,"6,100.00",P ,196.75,198.75,197.75,13035,58403,0.1134,-0.155,ES,CME,snap-20260805-es,ES-20260821-6100-P-20260805
2026-08-05,ES,08/21/2026,6150,C,50,50.5,50.25,8403,39246,0.1152,0.813,ES,CME,snap-20260805-es,ES-20260821-6150-C-20260805
2026-08-05,ES,08/21/2026,6150,P,246.75,249.50,248,10883,52559,0.1144,-0.187,ES,CME,snap-20260805-es,ES-20260821-6150-P-20260805
2026-08-05,ES,08/21/26,6200,C,50.5,51,50.75,6174,14877,0.1164,0.786,ES,CME,snap-20260805-es,ES-20260821-6200-C-20260805
20260805,ES,08/21/2026,6200,P,297,300.25,298.5,12340,56327,0.1154,-0.21,ES,CME,snap-20260805-es,ES-20260821-6200-P-20260805
2026-08-05,ES,2026-08-21,6250,C,51,51.5,51.25,11369,46818,0.1175,0.763,ES,CME,snap-20260805-es,ES-20260821-6250-C-20260805
08/05/2026,ES,2026-08-21,6250,P,347,351,349,9833,45438,0.1164,-0.237,ES,CME,snap-20260805-es,ES-20260821-6250-P-20260805
2026-08-05,ES,2026-08-21,6300,C,51.5,52,51.75,4461,19126,0.12,0.744,ES,CME,snap-20260805-es,ES-20260821-6300-C-20260805
2026-08-05,ES,08/21/2026,6300,P,397,401.75,399.5,8753,43720,0.1173,-0.256,ES,CME,snap-20260805-es,ES-20260821-6300-P-20260805
2026-08-05,ES,08/21/26,6350,C,52,52.5,52.25,3956,"16,258",0.1199,0.727,ES,CME,snap-20260805-es,ES-20260821-6350-C-20260805
2026-08-05,ES,20260821,6350,put,447.25,452.5,450,5449,23972,0.1183,-0.273,ES,CME,snap-20260805-es,ES-20260821-6350-P-20260805
08/05/2026,ES,2026-08-21,6400,Call,52.5,53.25,53,2352,6009,0.1211,0.712,ES,CME,snap-20260805-es,ES-20260821-6400-C-20260805
2026-08-05,ES,2026-08-21,6400,P,497.25,503.25,500.25,3327,13935,0.1193,-0.288,ES,CME,snap-20260805-es,ES-20260821-6400-P-20260805
2026-08-05,ES,08/21/2026,6450,Call,53,53.75,53.5,626,2393,0.1223,0.699,ES,CME,snap-20260805-es,ES-20260821-6450-C-20260805
2026-08-05,ES,20260821,6450,P,547.25,554.25,550.75,1275,5016,0.1203,-0.301,ES,CME,snap-20260805-es,ES-20260821-6450-P-20260805
08/05/2026,es,20260828,5450,C,561,568.5,564.75,917,2040,0.1204,0.699,ES,CME,snap-20260805-es,ES-20260828-5450-C-20260805
20260805,ES,08/28/2026,5450,P,65.75,66.5,66,1130,3139,0.1264,-0.301,ES,CME,snap-20260805-es,ES-20260828-5450-P-20260805
20260805,ES,2026-08-28,5500,C,510.75,517.5,514,2000,5254,0.1194,0.711,ES,CME,snap-20260805-es,ES-20260828-5500-C-20260805
08/05/2026,ES,20260828,5500,P,64.75,65.75,65.25,3961,18885,0.1248,-0.289,ES,CME,snap-20260805-es,ES-20260828-5500-P-20260805
2026-08-05,ES,2026-08-28,5550,C,460.75,466.5,463.5,2097,"9,807",0.12,0.726,ES,CME,snap-20260805-es,ES-20260828-5550-C-20260805
08/05/2026,ES,08/28/26,5550,P,64,64.75,64.5,2754,9411,0.1232,-0.274,ES,CME,snap-20260805-es,ES-20260828-5550-P-20260805
2026-08-05,ES,20260828,5600,Call,410.5,415.75,413,8089,33744,0.1174,0.742,ES,CME,snap-20260805-es,ES-20260828-5600-C-20260805
2026-08-05,ES,2026-08-28,5600,P,63.25,64,63.5,7509,23641,0.1216,-0.258,ES,CME,snap-20260805-es,ES-20260828-5600-P-20260805
2026-08-05,ES,08/28/2026,"5,650.00",Call,360.5,364.75,362.5,9452,25132,0.1164,0.761,ES,CME,snap-20260805-es,ES-20260828-5650-C-20260805
2026-08-05,es,08/28/2026,5650,P,62.5,63.25,63,3860,14498,0.1201,-0.239,ES,CME,snap-20260805-es,ES-20260828-5650-P-20260805
2026-08-05,ES,2026-08-28,5700,C,310.25,314,312,8338,33689,0.1154,0.784,ES,CME,snap-20260805-es,ES-20260828-5700-C-20260805
08/05/2026,ES,2026-08-28,5700,P,61.5,62.25,62,18791,88767,0.1185,-0.216,ES,CME,snap-20260805-es,ES-20260828-5700-P-20260805
2026-08-05,es,2026-08-28,5750,C,260.25,263,261.5,10219,47093,0.1145,0.811,ES,CME,snap-20260805-es,ES-20260828-5750-C-20260805
2026-08-05,ES,20260828,5750,P,60.75,61.50,61.00,13541,71253,0.1169,-0.189,ES,CME,snap-20260805-es,ES-20260828-5750-P-20260805
20260805,ES,08/28/2026,5800,C,210,212.25,211,"17,758",48049,0.1135,0.843,ES,CME,snap-20260805-es,ES-20260828-5800-C-20260805
08/05/2026,ES,20260828,5800,P,60,60.50,60.25,23440,120564,0.1153,-0.157,ES,CME,snap-20260805-es,ES-20260828-5800-P-20260805
20260805,ES,08/28/2026,5850,C,159.75,161.50,160.5,20875,58292,0.1125,0.882,ES,CME,snap-20260805-es,ES-20260828-5850-C-20260805
20260805,ES,2026-08-28,5850,P,59.25,59.75,59.5,23830,67372,0.1137,-0.118,ES,CME,snap-20260805-es,ES-20260828-5850-P-20260805
2026-08-05,ES,20260828,5900,C,109.5,110.75,110,29680,122018,0.1115,0.932,ES,CME,snap-20260805-es,ES-20260828-5900-C-20260805
08/05/26,ES,08/28/2026,5900,P,58.25,59,58.5,12533,53522,0.1121,-0.068,ES,CME,snap-20260805-es,ES-20260828-5900-P-20260805
2026-08-05,ES,2026-08-28,5950,C,59.25,59.75,59.5,"11,539",50338,0.1105,1.00,ES,CME,snap-20260805-es,ES-20260828-5950-C-20260805
2026-08-05,ES,2026-08-28,5950,P,57.5,58,57.75,11165,60742,0.1106,-0.003,ES,CME,snap-20260805-es,ES-20260828-5950-P-20260805
20260805,ES,2026-08-28,6000,C,58.00,58.75,58.5,28514,"100,163",0.11,0.936,ES,CME,snap-20260805-es,ES-20260828-6000-C-20260805
2026-08-05,ES,2026-08-28,6000,P,106,107.00,106.5,23750,94355,0.1114,-0.064,ES,CME,snap-20260805-es,ES-20260828-6000-P-20260805
2026-08-05,ES,08/28/2026,"6,050.00",C,58.75,59.25,59,11865,44675,0.1128,0.885,ES,CME,snap-20260805-es,ES-20260828-6050-C-20260805
2026-08-05,ES,2026-08-28,"6,050.00",P,156.25,157.75,157,16942,70788,0.1124,-0.115,ES,CME,snap-20260805-es,ES-20260828-6050-P-20260805
08/05/2026,ES,2026-08-28,6100,C,59.25,60,59.5,14016,66060,0.114,0.84,ES,CME,snap-20260805-es,ES-20260828-6100-C-20260805
2026-08-05,ES,2026-08-28,"6,100.00",P ,206.5,208.75,207.5,15254,78058,0.1134,-0.155,ES,CME,snap-20260805-es,ES-20260828-6100-P-20260805
08/05/26,ES,2026-08-28,6150,C,60,60.5,60.25,9106,"21,628",0.1152,0.813,ES,CME,snap-20260805-es,ES-20260828-6150-C-20260805
20260805,ES,2026-08-28,6150,P,256.5,259.5,258.00,13555,43457,0.1144,-0.187,ES,CME,snap-20260805-es,ES-20260828-6150-P-20260805
2026-08-05,ES,2026-08-28,6200,C,60.5,61.25,61,6894,31543,0.1164,0.786,ES,CME,snap-20260805-es,ES-20260828-6200-C-20260805
08/05/26,ES,2026-08-28,6200,P ,306.75,310.25,308.5,10864,37659,0.1154,-0.214,ES,CME,snap-20260805-es,ES-20260828-6200-P-20260805
2026-08-05,ES,2026-08-28,6250,C,61,61.75,61.5,3910,14155,0.1175,0.763,ES,CME,snap-20260805-es,ES-20260828-6250-C-20260805
2026-08-05,ES,08/28/2026,6250,P,357,361.25,359,5857,22337,0.1164,-0.237,ES,CME,snap-20260805-es,ES-20260828-6250-P-20260805
20260805,ES,2026-08-28,6300,C,61.75,62.5,62,5364,"22,491",0.1187,0.744,ES,CME,snap-20260805-es,ES-20260828-6300-C-20260805
2026-08-05,ES,2026-08-28,6300,P,407,412,409.5,"10,474","48,868",0.1173,-0.256,ES,CME,snap-20260805-es,ES-20260828-6300-P-20260805
2026-08-05,ES,2026-08-28,6350,C,62.25,63,62.5,4344,12105,0.1199,0.727,ES,CME,snap-20260805-es,ES-20260828-6350-C-20260805
2026-08-05,ES,08/28/2026,6350,P,457.25,463.00,460,4994,"12,767",0.12,-0.273,ES,CME,snap-20260805-es,ES-20260828-6350-P-20260805
08/05/26,ES,08/28/2026,6400,C,63.00,63.75,63.5,3278,12789,0.1211,0.712,ES,CME,snap-20260805-es,ES-20260828-6400-C-20260805
2026-08-05,ES,08/28/2026,6400,P,507.25,514,510.5,1690,4916,0.1193,-0.288,ES,CME,snap-20260805-es,ES-20260828-6400-P-20260805
2026-08-05,ES,20260828,6450,C,63.5,64.25,64,443,1120,0.1223,0.699,ES,CME,snap-20260805-es,ES-20260828-6450-C-20260805
2026-08-05,ES,08/28/26,6450,P,557.5,565,561.25,893,2743,0.1203,-0.301,ES,CME,snap-20260805-es,ES-20260828-6450-P-20260805
2026-08-05,ES,09/18/26,5450,C,584.5,593.25,589,431,1808,0.1204,0.699,ES,CME,snap-20260805-es,ES-20260918-5450-C-20260805
20260805,ES,2026-09-18,5450,P,90.75,92,91.5,766,2231,0.1264,-0.301,ES,CME,snap-20260805-es,ES-20260918-5450-P-20260805
20260805,ES,09/18/2026,5500,C,534.25,542,538,2480,6558,0.1194,0.71,ES,CME,snap-20260805-es,ES-20260918-5500-C-20260805
2026-08-05,ES,09/18/26,5500,P,89.5,91,90.25,2373,7083,0.1248,-0.289,ES,CME,snap-20260805-es,ES-20260918-5500-P-20260805
08/05/26,ES,2026-09-18,5550,C,484,491,487.5,2771,10634,0.1184,0.726,ES,CME,snap-20260805-es,ES-20260918-5550-C-20260805
08/05/26,ES,09/18/2026,5550,P,88.5,89.75,89,4995,20013,0.1232,-0.274,ES,CME,snap-20260805-es,ES-20260918-5550-P-20260805
2026-08-05,ES,09/18/26,5600,C,433.5,439.75,436.5,7958,"35,910",0.1174,0.742,ES,CME,snap-20260805-es,ES-20260918-5600-C-20260805
2026-08-05,ES,2026-09-18,"5,600.00",P,87.25,88.5,88,8963,"30,007",0.1216,-0.258,ES,CME,snap-20260805-es,ES-20260918-5600-P-20260805
08/05/2026,ES,20260918,5650,C,383.25,388.5,386,"5,283",17084,0.1164,0.761,ES,CME,snap-20260805-es,ES-20260918-5650-C-20260805
20260805,ES,2026-09-18,5650,P,86.25,87.50,87,10280,30672,0.1201,-0.239,ES,CME,snap-20260805-es,ES-20260918-5650-P-20260805
2026-08-05,ES,09/18/26,5700,C,333,337.5,335.25,15536,"46,697",0.1154,0.784,ES,CME,snap-20260805-es,ES-20260918-5700-C-20260805
2026-08-05,ES,2026-09-18,5700,P,85.00,86.25,85.5,14777,68965,0.1185,-0.216,ES,CME,snap-20260805-es,ES-20260918-5700-P-20260805
08/05/2026,ES,2026-09-18,5750,C,282.75,286.5,284.5,12968,"42,778",0.1145,0.811,ES,CME,snap-20260805-es,ES-20260918-5750-C-20260805
08/05/2026,ES,09/18/2026,5750,P ,84,85,84.5,12156,"54,113",0.1169,-0.189,ES,CME,snap-20260805-es,ES-20260918-5750-P-20260805
2026-08-05,ES,2026-09-18,5800,C,232.25,235.25,233.75,12665,34168,0.1135,0.843,ES,CME,snap-20260805-es,ES-20260918-5800-C-20260805
08/05/2026,es,09/18/2026,5800,P,82.75,84,83.5,23998,123192,0.1153,-0.157,ES,CME,snap-20260805-es,ES-20260918-5800-P-20260805
2026-08-05,es,2026-09-18,5850,C,182,184.25,183,6727,26703,0.1125,0.882,ES,CME,snap-20260805-es,ES-20260918-5850-C-20260805
08/05/26,ES,2026-09-18,5850,put,81.75,82.75,82.25,8044,27464,0.1137,-0.118,ES,CME,snap-20260805-es,ES-20260918-5850-P-20260805
2026-08-05,ES,2026-09-18,5900,C,131.5,133.25,132.5,"24,113",71322,0.1115,0.932,ES,CME,snap-20260805-es,ES-20260918-5900-C-20260805
2026-08-05,ES,2026-09-18,5900,P,80.5,81.5,81,"10,934",32770,0.1121,-0.068,ES,CME,snap-20260805-es,ES-20260918-5900-P-20260805
08/05/2026,ES,2026-09-18,5950,C,81.25,82.25,81.75,9337,41138,0.1105,0.997,ES,CME,snap-20260805-es,ES-20260918-5950-C-20260805
08/05/26,ES,09/18/26,5950,P,79.50,80.50,80,9635,30619,0.1106,-0.003,ES,CME,snap-20260805-es,ES-20260918-5950-P-20260805
08/05/26,ES,2026-09-18,6000,C,80.25,81.25,80.75,23252,66876,0.1116,0.94,ES,CME,snap-20260805-es,ES-20260918-6000-C-20260805
2026-08-05,ES,2026-09-18,6000,P,128.00,129.75,129,"32,510",87485,0.1114,-0.06,ES,CME,snap-20260805-es,ES-20260918-6000-P-20260805
08/05/2026,es,20260918,6050,C,81,82,81.5,17853,55944,0.1128,0.885,ES,CME,snap-20260805-es,ES-20260918-6050-C-20260805
2026-08-05,ES,2026-09-18,6050,P,178.5,180.75,179.5,12175,48090,0.1124,-0.115,ES,CME,snap-20260805-es,ES-20260918-6050-P-20260805
2026-08-05,ES,09/18/26,"6,100.00",Call,82,83,82.5,19116,52990,0.114,0.845,ES,CME,snap-20260805-es,ES-20260918-6100-C-20260805
2026-08-05,ES,2026-09-18,"6,100.00",P,228.75,231.75,230.25,25648,110387,0.11,-0.155,ES,CME,snap-20260805-es,ES-20260918-6100-P-20260805
2026-08-05,es,2026-09-18,"6,150.00",C,82.75,83.75,83.25,11464,47304,0.1152,0.813,ES,CME,snap-20260805-es,ES-20260918-6150-C-20260805
08/05/2026,ES,2026-09-18,6150,P,279.25,282.75,281,9680,29015,0.1144,-0.187,ES,CME,snap-20260805-es,ES-20260918-6150-P-20260805
2026-08-05,ES,2026-09-18,"6,200.00",C,83.5,84.75,84,5303,19938,0.1164,0.786,ES,CME,snap-20260805-es,ES-20260918-6200-C-20260805
08/05/2026,ES,2026-09-18,6200,P,329.5,334,331.75,18025,62702,0.1154,-0.214,ES,CME,snap-20260805-es,ES-20260918-6200-P-20260805
2026-08-05,ES,09/18/26,6250,Call,84.5,85.5,85,5727,26204,0.1175,0.763,ES,CME,snap-20260805-es,ES-20260918-6250-C-20260805
2026-08-05,ES,09/18/2026,6250,P,379.75,385,382.5,8816,22466,0.1164,-0.237,ES,CME,snap-20260805-es,ES-20260918-6250-P-20260805
08/05/2026,ES,09/18/2026,6300,C,85.25,86.5,86,4956,17654,0.1187,0.744,ES,CME,snap-20260805-es,ES-20260918-6300-C-20260805
08/05/26,ES,09/18/26,6300,Put,430,436.25,433.00,3631,12495,0.1173,-0.256,ES,CME,snap-20260805-es,ES-20260918-6300-P-20260805
08/05/2026,ES,2026-09-18,6350,C,86,87.25,86.5,3461,11312,0.1199,0.727,ES,CME,snap-20260805-es,ES-20260918-6350-C-20260805
2026-08-05,ES,2026-09-18,6350,P,480.25,487.25,483.75,2316,8619,0.1183,-0.273,ES,CME,snap-20260805-es,ES-20260918-6350-P-20260805
2026-08-05,ES,2026-09-18,6400,C,87,88.25,87.5,2223,10119,0.1211,0.712,ES,CME,snap-20260805-es,ES-20260918-6400-C-20260805
08/05/2026,ES,09/18/26,6400,P,530.50,538.5,534.5,3680,17901,0.12,-0.288,ES,CME,snap-20260805-es,ES-20260918-6400-P-20260805
2026-08-05,ES,2026-09-18,6450,C,87.75,89,88.5,977,2348,0.1223,0.699,ES,CME,snap-20260805-es,ES-20260918-6450-C-20260805
2026-08-05,ES,2026-09-18,6450,P,580.75,589.75,585.25,618,2096,0.1203,-0.301,ES,CME,snap-20260805-es,ES-20260918-6450-P-20260805
08/05/2026,ES,2026-10-16,5450,C,607.75,618.5,613,462,1184,0.1204,0.699,ES,CME,snap-20260805-es,ES-20261016-5450-C-20260805
20260805,ES,20261016,5450,P,116,118,117,841,"3,995",0.1264,-0.301,ES,CME,snap-20260805-es,ES-20261016-5450-P-20260805
08/05/26,ES,10/16/2026,5500,C,557.5,567,562.25,1371,3934,0.1194,0.711,ES,CME,snap-20260805-es,ES-20261016-5500-C-20260805
08/05/26,ES,10/16/2026,"5,500.00",P ,114.5,116.5,115.5,2196,9888,0.12,-0.289,ES,CME,snap-20260805-es,ES-20261016-5500-P-20260805
2026-08-05,ES,2026-10-16,5550,C,507,515.5,511.25,3390,10673,0.1184,0.726,ES,CME,snap-20260805-es,ES-20261016-5550-C-20260805
08/05/2026,ES,2026-10-16,5550,P,113,115,114,4141,19462,0.1232,-0.274,ES,CME,snap-20260805-es,ES-20261016-5550-P-20260805
08/05/26,ES,2026-10-16,5600,C,456.5,464.25,460.5,8080,24855,0.1174,0.742,ES,CME,snap-20260805-es,ES-20261016-5600-C-20260805
2026-08-05,ES,2026-10-16,5600,P,111.5,113.5,112.5,7061,37666,0.1216,-0.258,ES,CME,snap-20260805-es,ES-20261016-5600-P-20260805
2026-08-05,ES,2026-10-16,5650,C,406.25,412.75,409.5,7309,31421,0.1164,0.761,ES,CME,snap-20260805-es,ES-20261016-5650-C-20260805
20260805,ES,10/16/26,5650,P,110.25,112,111,"4,257",11709,0.1201,-0.239,ES,CME,snap-20260805-es,ES-20261016-5650-P-20260805
2026-08-05,ES,2026-10-16,5700,C,355.75,361.5,358.5,11370,52280,0.1154,0.784,ES,CME,snap-20260805-es,ES-20261016-5700-C-20260805
08/05/26,ES,2026-10-16,5700,put,108.75,110.5,109.5,10958,51925,0.1185,-0.216,ES,CME,snap-20260805-es,ES-20261016-5700-P-20260805
2026-08-05,ES,20261016,5750,C,305.25,310,307.50,11042,34913,0.1145,0.811,ES,CME,snap-20260805-es,ES-20261016-5750-C-20260805
2026-08-05,ES,2026-10-16,5750,P,107.25,109,108,"9,759",35480,0.1169,-0.189,ES,CME,snap-20260805-es,ES-20261016-5750-P-20260805
2026-08-05,ES,2026-10-16,5800,C,254.75,258.75,256.75,8264,26629,0.1135,0.843,ES,CME,snap-20260805-es,ES-20261016-5800-C-20260805
2026-08-05,ES,2026-10-16,5800,P,106,107.50,106.75,16242,87368,0.12,-0.157,ES,CME,snap-20260805-es,ES-20261016-5800-P-20260805
2026-08-05,ES,20261016,5850,C,204.25,207.25,205.75,11967,36491,0.1125,0.882,ES,CME,snap-20260805-es,ES-20261016-5850-C-20260805
2026-08-05,ES,20261016,5850,C,204.25,207.25,205.75,11967,36491,0.1125,0.882,ES,CME,snap-20260805-es-retry,ES-20261016-5850-C-20260805
2026-08-05,ES,10/16/26,5850,P,104.5,106,105.25,9878,50568,0.1137,-0.118,ES,CME,snap-20260805-es,ES-20261016-5850-P-20260805
08/05/2026,ES,2026-10-16,5900,C,153.75,156,155,17150,73416,0.1115,0.932,ES,CME,snap-20260805-es,ES-20261016-5900-C-20260805
2026-08-05,ES,2026-10-16,5900,P,103,104.5,103.75,8380,21742,0.1121,-0.068,ES,CME,snap-20260805-es,ES-20261016-5900-P-20260805
2026-08-05,ES,20261016,5950,C,103.25,104.75,104,17284,61258,0.1105,0.997,ES,CME,snap-20260805-es,ES-20261016-5950-C-20260805
2026-08-05,ES,10/16/2026,5950,P,101.5,103,102.25,10579,28974,0.1106,-0.003,ES,CME,snap-20260805-es,ES-20261016-5950-P-20260805
08/05/26,ES,10/16/2026,6000,C,102.5,104.00,103.25,13044,54234,0.1116,0.936,ES,CME,snap-20260805-es,ES-20261016-6000-C-20260805
2026-08-05,ES,2026-10-16,6000,P,150.25,152.50,151.5,14427,39293,0.1114,-0.064,ES,CME,snap-20260805-es,ES-20261016-6000-P-20260805
20260805,ES,10/16/2026,6050,C,103.5,105.25,104.5,4920,20051,0.1128,0.885,ES,CME,snap-20260805-es,ES-20261016-6050-C-20260805
2026-08-05,ES,2026-10-16,6050,P,200.75,203.75,202.25,10920,38638,0.1124,-0.115,ES,CME,snap-20260805-es,ES-20261016-6050-P-20260805
08/05/26,ES,10/16/2026,6100,C,104.75,106.25,105.5,13744,62576,0.114,0.845,ES,CME,snap-20260805-es,ES-20261016-6100-C-20260805
2026-08-05,ES,2026-10-16,6100,P,251.25,255,253,11989,54213,0.1134,-0.155,ES,CME,snap-20260805-es,ES-20261016-6100-P-20260805
08/05/2026,es,2026-10-16,6150,C,105.75,107.5,106.50,8333,20084,0.1152,0.813,ES,CME,snap-20260805-es,ES-20261016-6150-C-20260805
2026-08-05,ES,20261016,6150,P,301.75,306.5,304,7956,30459,0.1144,-0.187,ES,CME,snap-20260805-es,ES-20261016-6150-P-20260805
08/05/2026,ES,2026-10-16,6200,C,106.75,108.5,107.5,"8,749",19385,0.1164,0.786,ES,CME,snap-20260805-es,ES-20261016-6200-C-20260805
20260805,ES,10/16/26,6200,P,352.25,357.75,355,"12,788","54,968",0.1154,-0.21,ES,CME,snap-20260805-es,ES-20261016-6200-P-20260805
08/05/26,ES,2026-10-16,6250,C,107.75,109.5,108.5,4857,13467,0.1175,0.763,ES,CME,snap-20260805-es,ES-20261016-6250-C-20260805
2026-08-05,ES,2026-10-16,6250,P,402.75,409.25,406,6847,19263,0.1164,-0.237,ES,CME,snap-20260805-es,ES-20261016-6250-P-20260805
20260805,ES,10/16/26,6300,C,109,110.75,110,5098,22661,0.12,0.744,ES,CME,snap-20260805-es,ES-20261016-6300-C-20260805
2026-08-05,ES,2026-10-16,6300,P ,453,460.5,456.75,4764,22644,0.1173,-0.256,ES,CME,snap-20260805-es,ES-20261016-6300-P-20260805
2026-08-05,es,2026-10-16,"6,350.00",Call,110,111.75,111,2705,8662,0.1199,0.727,ES,CME,snap-20260805-es,ES-20261016-6350-C-20260805
08/05/26,ES,20261016,6350,P,503.5,512,507.75,2082,10803,0.1183,-0.273,ES,CME,snap-20260805-es,ES-20261016-6350-P-20260805
2026-08-05,ES,2026-10-16,"6,400.00",C,111,113,112,2986,10882,0.1211,0.712,ES,CME,snap-20260805-es,ES-20261016-6400-C-20260805
2026-08-05,es,10/16/2026,6400,P,554,563.5,558.75,2436,6534,0.1193,-0.288,ES,CME,snap-20260805-es,ES-20261016-6400-P-20260805
2026-08-05,ES,10/16/2026,6450,C,112.25,114,113,419,975,0.1223,0.699,ES,CME,snap-20260805-es,ES-20261016-6450-C-20260805
20260805,es,20261016,6450,P,604.25,614.75,609.5,295,1535,0.1203,-0.30,ES,CME,snap-20260805-es,ES-20261016-6450-P-20260805
2026-08-05,es,2026-12-18,"5,450.00",C,646.75,661.75,654.25,311,897,0.1204,0.699,ES,CME,snap-20260805-es,ES-20261218-5450-C-20260805
2026-08-05,ES,20261218,5450,P,158.25,162.00,160,174,888,0.1264,-0.301,ES,CME,snap-20260805-es,ES-20261218-5450-P-20260805
2026-08-05,ES,20261218,5500,C,596.25,609.75,603,1194,3545,0.1194,0.711,ES,CME,snap-20260805-es,ES-20261218-5500-C-20260805
2026-08-05,ES,12/18/2026,"5,500.00",P,156.25,160,158,571,2154,0.1248,-0.289,ES,CME,snap-20260805-es,ES-20261218-5500-P-20260805
08/05/2026,ES,2026-12-18,5550,C,545.75,557.75,551.75,"1,042","3,061",0.12,0.726,ES,CME,snap-20260805-es,ES-20261218-5550-C-20260805
2026-08-05,ES,2026-12-18,5550,P,154.5,157.75,156,1692,5177,0.1232,-0.274,ES,CME,snap-20260805-es,ES-20261218-5550-P-20260805
20260805,ES,2026-12-18,5600,C,495,506.00,500.5,2588,11308,0.1174,0.742,ES,CME,snap-20260805-es,ES-20261218-5600-C-20260805
2026-08-05,ES,20261218,5600,P,152.5,155.75,154,3744,9482,0.1216,-0.258,ES,CME,snap-20260805-es,ES-20261218-5600-P-20260805
2026-08-05,ES,2026-12-18,5650,C,444.5,454,449.25,2311,9595,0.1164,0.761,ES,CME,snap-20260805-es,ES-20261218-5650-C-20260805
08/05/2026,ES,12/18/2026,5650,P,150.5,153.75,152.00,3931,19341,0.1201,-0.239,ES,CME,snap-20260805-es,ES-20261218-5650-P-20260805
2026-08-05,ES,2026-12-18,5700,C,393.75,402.25,398,2748,11959,0.1154,0.784,ES,CME,snap-20260805-es,ES-20261218-5700-C-20260805
20260805,ES,2026-12-18,5700,P,148.5,151.75,150,5968,23631,0.1185,-0.216,ES,CME,snap-20260805-es,ES-20261218-5700-P-20260805
20260805,ES,12/18/26,5750,C,343.25,350.25,346.75,3283,14563,0.1145,0.811,ES,CME,snap-20260805-es,ES-20261218-5750-C-20260805
08/05/2026,ES,12/18/2026,5750,P,146.5,149.5,148,6048,32992,0.1169,-0.19,ES,CME,snap-20260805-es,ES-20261218-5750-P-20260805
2026-08-05,ES,12/18/26,5800,C,292.5,298.5,295.5,6853,20946,0.1135,0.843,ES,CME,snap-20260805-es,ES-20261218-5800-C-20260805
08/05/2026,ES,12/18/26,5800,P,144.5,147.5,146,9740,29465,0.1153,-0.157,ES,CME,snap-20260805-es,ES-20261218-5800-P-20260805
2026-08-05,ES,2026-12-18,5850,C,241.75,246.75,244.25,7655,34513,0.1125,0.882,ES,CME,snap-20260805-es,ES-20261218-5850-C-20260805
2026-08-05,ES,12/18/26,5850,P,142.75,145.5,144,4935,25365,0.11,-0.118,ES,CME,snap-20260805-es,ES-20261218-5850-P-20260805
20260805,es,12/18/26,5900,C,191.25,195,193,5971,20393,0.1115,0.932,ES,CME,snap-20260805-es,ES-20261218-5900-C-20260805
08/05/26,ES,12/18/26,5900,P,140.75,143.5,142,12102,59032,0.1121,-0.068,ES,CME,snap-20260805-es,ES-20261218-5900-P-20260805
08/05/26,es,12/18/2026,5950,C,140.5,143.25,142,3427,11181,0.1105,0.997,ES,CME,snap-20260805-es,ES-20261218-5950-C-20260805
2026-08-05,ES,2026-12-18,5950,P,138.75,141.5,140,10521,49545,0.1106,-0.003,ES,CME,snap-20260805-es,ES-20261218-5950-P-20260805
20260805,ES,2026-12-18,6000,C,140,142.75,141.5,9659,23604,0.1116,0.936,ES,CME,snap-20260805-es,ES-20261218-6000-C-20260805
20260805,ES,12/18/26,6000,P,187.5,191.25,189.50,8645,"34,086",0.1114,-0.064,ES,CME,snap-20260805-es,ES-20261218-6000-P-20260805
2026-08-05,ES,20261218,6050,C,141.5,144.25,143,6529,30223,0.1128,0.885,ES,CME,snap-20260805-es,ES-20261218-6050-C-20260805
2026-08-05,ES,12/18/2026,6050,P,238.25,243,240.5,4678,22747,0.1124,-0.115,ES,CME,snap-20260805-es,ES-20261218-6050-P-20260805
08/05/2026,ES,2026-12-18,6100,C,143,146,144.5,5031,18030,0.114,0.845,ES,CME,snap-20260805-es,ES-20261218-6100-C-20260805
2026-08-05,ES,2026-12-18,6100,P,289,295,292,5231,17063,0.1134,-0.155,ES,CME,snap-20260805-es,ES-20261218-6100-P-20260805
2026-08-05,ES,2026-12-18,"6,150.00",C,144.5,147.5,146,4292,11685,0.1152,0.813,ES,CME,snap-20260805-es,ES-20261218-6150-C-20260805
2026-08-05,ES,20261218,"6,150.00",put,339.75,346.75,343.25,4550,21920,0.1144,-0.19,ES,CME,snap-20260805-es,ES-20261218-6150-P-20260805
2026-08-05,es,2026-12-18,6200,C,145.75,149,147.5,3185,13842,0.1164,0.786,ES,CME,snap-20260805-es,ES-20261218-6200-C-20260805
2026-08-05,ES,2026-12-18,6200,P,390.25,398.5,394.5,5852,22399,0.1154,-0.21,ES,CME,snap-20260805-es,ES-20261218-6200-P-20260805
2026-08-05,ES,12/18/2026,6250,C,147.25,150.5,149,2868,"11,128",0.1175,0.763,ES,CME,snap-20260805-es,ES-20261218-6250-C-20260805
20260805,ES,20261218,6250,P,441.00,450.5,445.75,3493,9826,0.1164,-0.24,ES,CME,snap-20260805-es,ES-20261218-6250-P-20260805
08/05/26,ES,12/18/26,6300,C,148.75,152,150.50,1725,7717,0.1187,0.744,ES,CME,snap-20260805-es,ES-20261218-6300-C-20260805
2026-08-05,ES,2026-12-18,6300,put,491.50,502.25,497,2642,11622,0.1173,-0.256,ES,CME,snap-20260805-es,ES-20261218-6300-P-20260805
2026-08-05,ES,12/18/2026,6350,C,150.25,153.5,152,1177,4032,0.1199,0.727,ES,CME,snap-20260805-es,ES-20261218-6350-C-20260805
2026-08-05,es,2026-12-18,6350,P,542.25,554.25,548.25,1674,4275,0.1183,-0.273,ES,CME,snap-20260805-es,ES-20261218-6350-P-20260805
2026-08-05,ES,12/18/26,6400,C,151.75,155,153.5,749,1961,0.1211,0.712,ES,CME,snap-20260805-es,ES-20261218-6400-C-20260805
08/05/2026,ES,12/18/2026,6400,P,592.75,606,599.5,1276,6961,0.1193,-0.288,ES,CME,snap-20260805-es,ES-20261218-6400-P-20260805
08/05/2026,ES,12/18/2026,6450,C,153.25,156.75,155,408,1505,0.1223,0.699,ES,CME,snap-20260805-es,ES-20261218-6450-C-20260805
2026-08-05,ES,12/18/2026,6450,P,643.25,658,650.5,341,899,0.1203,-0.30,ES,CME,snap-20260805-es,ES-20261218-6450-P-20260805
2026-08-06,ES,20260821,"5,450.00",C,570.75,578,574.50,1070,2698,0.12,0.694,ES,CME,snap-20260806-es,ES-20260821-5450-C-20260806
2026-08-06,ES,20260821,"5,450.00",P,53.5,54.25,54,1171,3673,0.127,-0.306,ES,CME,snap-20260806-es,ES-20260821-5450-P-20260806
2026-08-06,ES,2026-08-21,5500,C,520.75,527.25,524,2172,4864,0.1198,0.706,ES,CME,snap-20260806-es,ES-20260821-5500-C-20260806
2026-08-06,ES,2026-08-21,5500,P,52.75,53.5,53,2761,12315,0.1254,-0.294,ES,CME,snap-20260806-es,ES-20260821-5500-P-20260806
20260806,es,2026-08-21,5550,C,470.75,476.5,473.5,1580,4803,0.1188,0.72,ES,CME,snap-20260806-es,ES-20260821-5550-C-20260806
08/06/2026,ES,08/21/2026,5550,P,52.25,52.75,52.5,5472,23727,0.1239,-0.28,ES,CME,snap-20260806-es,ES-20260821-5550-P-20260806
08/06/2026,ES,20260821,5600,C,420.75,425.75,423.25,4928,15993,0.1178,0.735,ES,CME,snap-20260806-es,ES-20260821-5600-C-20260806
20260806,ES,2026-08-21,"5,600.00",P,51.50,52.25,52,4689,17041,0.1223,-0.265,ES,CME,snap-20260806-es,ES-20260821-5600-P-20260806
2026-08-06,ES,2026-08-21,5650,C,370.75,375,373,5134,21481,0.1168,0.753,ES,CME,snap-20260806-es,ES-20260821-5650-C-20260806
20260806,es,20260821,5650,P,50.75,51.5,51,10821,33764,0.1207,-0.25,ES,CME,snap-20260806-es,ES-20260821-5650-P-20260806
08/06/2026,ES,2026-08-21,5700,C,320.5,324.25,322.5,12774,51958,0.1159,0.774,ES,CME,snap-20260806-es,ES-20260821-5700-C-20260806
2026-08-06,ES,08/21/2026,5700,put,50.25,50.75,50.5,"9,980","41,483",0.1191,-0.226,ES,CME,snap-20260806-es,ES-20260821-5700-P-20260806
2026-08-06,ES,2026-08-21,5750,C,270.5,273.5,272,14683,33440,0.1149,0.799,ES,CME,snap-20260806-es,ES-20260821-5750-C-20260806
2026-08-06,ES,2026-08-21,5750,P,49.5,50,49.75,"16,709","85,326",0.1175,-0.201,ES,CME,snap-20260806-es,ES-20260821-5750-P-20260806
2026-08-06,es,2026-08-21,5800,C,220.25,222.75,221.50,22586,97638,0.1139,0.828,ES,CME,snap-20260806-es,ES-20260821-5800-C-20260806
20260806,ES,2026-08-21,5800,P,49,49.5,49.25,15050,78275,0.116,-0.172,ES,CME,snap-20260806-es,ES-20260821-5800-P-20260806
2026-08-06,ES,2026-08-21,5850,C,170.25,172,171,20950,70683,0.1129,0.865,ES,CME,snap-20260806-es,ES-20260821-5850-C-20260806
2026-08-06,ES,2026-08-21,5850,P,48.25,48.75,48.5,11280,54952,0.1144,-0.135,ES,CME,snap-20260806-es,ES-20260821-5850-P-20260806
08/06/2026,ES,2026-08-21,5900,C,120,121.25,120.5,10204,"26,724",0.1119,0.91,ES,CME,snap-20260806-es,ES-20260821-5900-C-20260806
2026-08-06,es,20260821,5900,P,47.5,48,47.75,33561,130114,0.1128,-0.09,ES,CME,snap-20260806-es,ES-20260821-5900-P-20260806
20260806,ES,2026-08-21,5950,C,70,70.5,70.25,24907,68151,0.111,0.967,ES,CME,snap-20260806-es,ES-20260821-5950-C-20260806
08/06/2026,ES,08/21/2026,5950,P,47,47.25,47,10470,50244,0.1112,-0.033,ES,CME,snap-20260806-es,ES-20260821-5950-P-20260806
2026-08-06,ES,2026-08-21,6000,C,47,47.25,47,28183,"123,765",0.1111,0.963,ES,CME,snap-20260806-es,ES-20260821-6000-C-20260806
2026-08-06,ES,2026-08-21,6000,P,73.5,74.25,74,17629,72190,0.111,-0.04,ES,CME,snap-20260806-es,ES-20260821-6000-P-20260806
2026-08-06,ES,2026-08-21,6050,C,47.25,47.75,47.5,19522,75682,0.1123,0.906,ES,CME,snap-20260806-es,ES-20260821-6050-C-20260806
2026-08-06,ES,2026-08-21,"6,050.00",P,123.5,124.75,124,9470,39712,0.112,-0.094,ES,CME,snap-20260806-es,ES-20260821-6050-P-20260806
2026-08-06,ES,2026-08-21,6100,Call,47.75,48.25,48,24548,87236,0.1135,0.862,ES,CME,snap-20260806-es,ES-20260821-6100-C-20260806
2026-08-06,ES,2026-08-21,6100,P,173.75,175.5,174.5,15613,40692,0.113,-0.138,ES,CME,snap-20260806-es,ES-20260821-6100-P-20260806
2026-08-06,es,2026-08-21,6150,C,48.25,48.75,48.5,18154,40745,0.1147,0.826,ES,CME,snap-20260806-es,ES-20260821-6150-C-20260806
08/06/2026,ES,2026-08-21,6150,P,223.75,226.25,225,11410,50611,0.114,-0.174,ES,CME,snap-20260806-es,ES-20260821-6150-P-20260806
20260806,ES,08/21/2026,6200,C,48.75,49.25,49,14092,"58,502",0.1158,0.797,ES,CME,snap-20260806-es,ES-20260821-6200-C-20260806
08/06/2026,ES,2026-08-21,6200,P,274,277.00,275.5,15607,62562,0.1149,-0.203,ES,CME,snap-20260806-es,ES-20260821-6200-P-20260806
08/06/2026,ES,2026-08-21,6250,Call,49.25,49.75,49.5,8640,27096,0.117,0.773,ES,CME,snap-20260806-es,ES-20260821-6250-C-20260806
08/06/2026,ES,08/21/2026,6250,P,324,327.75,326,10874,"38,131",0.1159,-0.227,ES,CME,snap-20260806-es,ES-20260821-6250-P-20260806
2026-08-06,ES,20260821,6300,Call,49.75,50.25,50,7249,"20,481",0.1182,0.752,ES,CME,snap-20260806-es,ES-20260821-6300-C-20260806
08/06/26,ES,2026-08-21,6300,P,374.25,378.5,376.5,9052,24817,0.1169,-0.248,ES,CME,snap-20260806-es,ES-20260821-6300-P-20260806
08/06/26,ES,2026-08-21,6350,Call,50.25,51,50.5,3807,14911,0.1194,0.734,ES,CME,snap-20260806-es,ES-20260821-6350-C-20260806
2026-08-06,ES,2026-08-21,6350,P,424.25,429.25,426.75,3348,13691,0.12,-0.266,ES,CME,snap-20260806-es,ES-20260821-6350-P-20260806
2026-08-06,ES,2026-08-21,6400,C,50.75,51.5,51,5628,12557,0.1205,0.719,ES,CME,snap-20260806-es,ES-20260821-6400-C-20260806
2026-08-06,ES,2026-08-21,6400,P,474.25,480,477,6535,17932,0.1189,-0.281,ES,CME,snap-20260806-es,ES-20260821-6400-P-20260806
2026-08-06,ES,2026-08-21,6450,C,51.25,52,51.5,1683,6499,0.1217,0.705,ES,CME,snap-20260806-es,ES-20260821-6450-C-20260806
2026-08-06,ES,2026-08-21,6450,P,524.25,530.75,527.5,898,4559,0.1198,-0.295,ES,CME,snap-20260806-es,ES-20260821-6450-P-20260806
2026-08-06,ES,2026-08-28,5450,C,581.25,589.25,585.25,693,3239,0.12,0.694,ES,CME,snap-20260806-es,ES-20260828-5450-C-20260806
20260806,ES,2026-08-28,5450,P,64.75,65.75,65.25,621,2547,0.127,-0.306,ES,CME,snap-20260806-es,ES-20260828-5450-P-20260806
2026-08-06,ES,2026-08-28,5500,C,531.25,538.25,534.75,1484,6826,0.1198,0.706,ES,CME,snap-20260806-es,ES-20260828-5500-C-20260806
08/06/2026,ES,20260828,5500,Put,64,64.75,64.5,"1,749",7340,0.1254,-0.294,ES,CME,snap-20260806-es,ES-20260828-5500-P-20260806
2026-08-06,es,08/28/26,5550,C,481.25,487.25,484.25,4277,13654,0.1188,0.72,ES,CME,snap-20260806-es,ES-20260828-5550-C-20260806
2026-08-06,ES,2026-08-28,5550,P,63.25,64,63.50,2078,6295,0.1239,-0.28,ES,CME,snap-20260806-es,ES-20260828-5550-P-20260806
20260806,ES,2026-08-28,5600,Call,431,436.5,433.75,3290,7965,0.1178,0.735,ES,CME,snap-20260806-es,ES-20260828-5600-C-20260806
20260806,ES,2026-08-28,5600,P,62.25,63.25,62.75,6596,30752,0.1223,-0.265,ES,CME,snap-20260806-es,ES-20260828-5600-P-20260806
2026-08-06,ES,08/28/2026,5650,C,381,385.5,383.25,4995,13259,0.1168,0.753,ES,CME,snap-20260806-es,ES-20260828-5650-C-20260806
2026-08-06,ES,2026-08-28,5650,P,61.5,62.25,62,6873,31354,0.1207,-0.247,ES,CME,snap-20260806-es,ES-20260828-5650-P-20260806
2026-08-06,ES,2026-08-28,5700,C,330.75,334.75,332.75,6592,15486,0.1159,0.774,ES,CME,snap-20260806-es,ES-20260828-5700-C-20260806
2026-08-06,ES,08/28/2026,5700,P,60.75,61.5,61,12201,56965,0.1191,-0.226,ES,CME,snap-20260806-es,ES-20260828-5700-P-20260806
2026-08-06,ES,2026-08-28,"5,750.00",Call,280.5,283.75,282,13984,64325,0.11,0.799,ES,CME,snap-20260806-es,ES-20260828-5750-C-20260806
2026-08-06,ES,08/28/2026,5750,Put,60,60.75,60.5,14855,40760,0.1175,-0.201,ES,CME,snap-20260806-es,ES-20260828-5750-P-20260806
20260806,ES,2026-08-28,5800,C,230.5,233,231.75,21855,95364,0.1139,0.828,ES,CME,snap-20260806-es,ES-20260828-5800-C-20260806
08/06/2026,es,2026-08-28,5800,P,59.25,59.75,59.5,"11,790",46633,0.116,-0.172,ES,CME,snap-20260806-es,ES-20260828-5800-P-20260806
20260806,ES,2026-08-28,"5,850.00",C,180.25,182.25,181.25,7282,29994,0.1129,0.865,ES,CME,snap-20260806-es,ES-20260828-5850-C-20260806
2026-08-06,ES,2026-08-28,5850,P,58.5,59.00,58.75,21136,59583,0.1144,-0.135,ES,CME,snap-20260806-es,ES-20260828-5850-P-20260806
2026-08-06,ES,20260828,"5,900.00",C,130,131.5,130.75,10418,24714,0.1119,0.91,ES,CME,snap-20260806-es,ES-20260828-5900-C-20260806
08/06/26,ES,2026-08-28,"5,900.00",P,57.5,58.25,58,32684,179187,0.1128,-0.09,ES,CME,snap-20260806-es,ES-20260828-5900-P-20260806
08/06/26,ES,2026-08-28,5950,C,79.75,80.5,80,19008,68576,0.111,0.967,ES,CME,snap-20260806-es,ES-20260828-5950-C-20260806
2026-08-06,ES,2026-08-28,5950,P,56.75,57.5,57,15968,77197,0.1112,-0.033,ES,CME,snap-20260806-es,ES-20260828-5950-P-20260806
2026-08-06,ES,08/28/26,6000,C,56.75,57.25,57.00,"23,423",59304,0.1111,0.963,ES,CME,snap-20260806-es,ES-20260828-6000-C-20260806
2026-08-06,ES,08/28/26,6000,P,83.25,84.25,83.75,22532,81563,0.111,-0.04,ES,CME,snap-20260806-es,ES-20260828-6000-P-20260806
2026-08-06,ES,2026-08-28,6050,C,57.25,58,57.5,23294,81834,0.1123,0.906,ES,CME,snap-20260806-es,ES-20260828-6050-C-20260806
20260806,ES,2026-08-28,6050,P,133.5,135,134.25,10375,53362,0.112,-0.094,ES,CME,snap-20260806-es,ES-20260828-6050-P-20260806
08/06/2026,ES,2026-08-28,"6,100.00",C,58,58.5,58.25,15926,45181,0.1135,0.862,ES,CME,snap-20260806-es,ES-20260828-6100-C-20260806
08/06/26,ES,20260828,6100,P,183.75,185.75,184.75,25355,111868,0.113,-0.138,ES,CME,snap-20260806-es,ES-20260828-6100-P-20260806
08/06/2026,ES,2026-08-28,6150,C,58.5,59.25,59,8614,28916,0.1147,0.826,ES,CME,snap-20260806-es,ES-20260828-6150-C-20260806
08/06/2026,es,08/28/2026,6150,P,234,236.5,235.25,11773,62875,0.114,-0.174,ES,CME,snap-20260806-es,ES-20260828-6150-P-20260806
08/06/2026,ES,2026-08-28,6200,C,59,59.75,59.5,8712,35698,0.12,0.797,ES,CME,snap-20260806-es,ES-20260828-6200-C-20260806
2026-08-06,es,2026-08-28,6200,P,284,287.25,285.5,21797,109441,0.1149,-0.203,ES,CME,snap-20260806-es,ES-20260828-6200-P-20260806
2026-08-06,ES,08/28/26,6250,C,59.75,60.5,60,9205,27936,0.117,0.773,ES,CME,snap-20260806-es,ES-20260828-6250-C-20260806
20260806,ES,20260828,6250,P,334.25,338.25,336.25,5405,21635,0.1159,-0.23,ES,CME,snap-20260806-es,ES-20260828-6250-P-20260806
2026-08-06,ES,08/28/2026,6300,Call,60.25,61,60.5,10966,48072,0.1182,0.752,ES,CME,snap-20260806-es,ES-20260828-6300-C-20260806
08/06/2026,ES,08/28/2026,6300,P,384.5,389.00,386.75,10918,49292,0.12,-0.248,ES,CME,snap-20260806-es,ES-20260828-6300-P-20260806
08/06/2026,ES,08/28/26,6350,C,61,61.75,61.5,4284,19025,0.1194,0.73,ES,CME,snap-20260806-es,ES-20260828-6350-C-20260806
08/06/2026,ES,20260828,6350,P,434.5,440,437.25,3307,15178,0.1179,-0.266,ES,CME,snap-20260806-es,ES-20260828-6350-P-20260806
2026-08-06,ES,2026-08-28,6400,C,61.5,62.25,62,5111,17824,0.1205,0.719,ES,CME,snap-20260806-es,ES-20260828-6400-C-20260806
2026-08-06,ES,08/28/2026,6400,P,484.75,490.75,487.75,4249,18463,0.1189,-0.281,ES,CME,snap-20260806-es,ES-20260828-6400-P-20260806
2026-08-06,ES,2026-08-28,6450,C,62,62.75,62.5,1562,7000,0.1217,0.705,ES,CME,snap-20260806-es,ES-20260828-6450-C-20260806
2026-08-06,ES,08/28/2026,6450,P,534.75,541.75,538.25,939,3756,0.1198,-0.295,ES,CME,snap-20260806-es,ES-20260828-6450-P-20260806
2026-08-06,ES,09/18/26,5450,C,605.25,614.5,610,864,2197,0.1207,0.694,ES,CME,snap-20260806-es,ES-20260918-5450-C-20260806
08/06/2026,ES,2026-09-18,5450,P,90.5,91.75,91,963,4566,0.127,-0.306,ES,CME,snap-20260806-es,ES-20260918-5450-P-20260806
2026-08-06,ES,20260918,5500,C,555,563.25,559,1445,6304,0.1198,0.706,ES,CME,snap-20260806-es,ES-20260918-5500-C-20260806
20260806,ES,2026-09-18,5500,P,89.25,90.75,90,"2,307",6724,0.1254,-0.294,ES,CME,snap-20260806-es,ES-20260918-5500-P-20260806
20260806,ES,2026-09-18,"5,550.00",C,504.75,512.25,508.50,2367,11213,0.1188,0.72,ES,CME,snap-20260806-es,ES-20260918-5550-C-20260806
08/06/2026,ES,09/18/26,5550,P,88.25,89.50,89,2927,12608,0.1239,-0.28,ES,CME,snap-20260806-es,ES-20260918-5550-P-20260806
20260806,ES,09/18/2026,5600,C,454.5,461,457.75,6333,28871,0.1178,0.735,ES,CME,snap-20260806-es,ES-20260918-5600-C-20260806
08/06/26,ES,2026-09-18,5600,P,87.25,88.25,87.75,9028,28566,0.1223,-0.265,ES,CME,snap-20260806-es,ES-20260918-5600-P-20260806
2026-08-06,ES,2026-09-18,"5,650.00",C,404.25,410,407,6129,28442,0.1168,0.753,ES,CME,snap-20260806-es,ES-20260918-5650-C-20260806
2026-08-06,ES,09/18/26,5650,Put,86,87.25,86.5,4197,21687,0.1207,-0.247,ES,CME,snap-20260806-es,ES-20260918-5650-P-20260806
2026-08-06,ES,2026-09-18,5700,C,354,358.75,356.5,12696,59106,0.1159,0.774,ES,CME,snap-20260806-es,ES-20260918-5700-C-20260806
2026-08-06,ES,2026-09-18,5700,P,85,86,85.50,5763,17278,0.12,-0.226,ES,CME,snap-20260806-es,ES-20260918-5700-P-20260806
08/06/2026,ES,09/18/2026,5750,Call,303.75,307.75,305.75,11298,46493,0.1149,0.799,ES,CME,snap-20260806-es,ES-20260918-5750-C-20260806
2026-08-06,ES,09/18/26,5750,P,83.75,85,84.5,10205,40272,0.1175,-0.201,ES,CME,snap-20260806-es,ES-20260918-5750-P-20260806
2026-08-06,ES,2026-09-18,5800,C,253.25,256.5,255,14377,"41,069",0.1139,0.828,ES,CME,snap-20260806-es,ES-20260918-5800-C-20260806
2026-08-06,ES,20260918,5800,P ,82.75,83.75,83.25,22177,62130,0.116,-0.172,ES,CME,snap-20260806-es,ES-20260918-5800-P-20260806
08/06/26,ES,2026-09-18,5850,C,203,205.5,204.25,11059,47024,0.1129,0.865,ES,CME,snap-20260806-es,ES-20260918-5850-C-20260806
08/06/26,ES,2026-09-18,5850,C,203,205.5,204.25,11059,47024,0.1129,0.865,ES,CME,snap-20260806-es-retry,ES-20260918-5850-C-20260806
20260806,ES,20260918,5850,P ,81.5,82.5,82,17526,88365,0.1144,-0.135,ES,CME,snap-20260806-es,ES-20260918-5850-P-20260806
2026-08-06,ES,2026-09-18,5900,C,152.75,154.5,153.5,21464,"60,588",0.1119,0.91,ES,CME,snap-20260806-es,ES-20260918-5900-C-20260806
20260806,ES,2026-09-18,5900,P,80.50,81.5,81,27320,118452,0.1128,-0.09,ES,CME,snap-20260806-es,ES-20260918-5900-P-20260806
20260806,ES,2026-09-18,5950,C,102.25,103.5,103,21947,85024,0.111,0.967,ES,CME,snap-20260806-es,ES-20260918-5950-C-20260806
2026-08-06,ES,09/18/2026,5950,P,79.25,80.25,79.75,11453,57291,0.1112,-0.033,ES,CME,snap-20260806-es,ES-20260918-5950-P-20260806
08/06/2026,ES,2026-09-18,6000,C,79.25,80.25,79.75,21989,75561,0.1111,0.963,ES,CME,snap-20260806-es,ES-20260918-6000-C-20260806
08/06/2026,es,20260918,6000,P,105.75,107,106.5,14352,55613,0.11,-0.037,ES,CME,snap-20260806-es,ES-20260918-6000-P-20260806
2026-08-06,ES,2026-09-18,6050,C,80,81,80.5,20416,64079,0.1123,0.906,ES,CME,snap-20260806-es,ES-20260918-6050-C-20260806
2026-08-06,ES,2026-09-18,6050,P,156.25,158,157,12415,57929,0.11,-0.094,ES,CME,snap-20260806-es,ES-20260918-6050-P-20260806
08/06/2026,ES,09/18/2026,6100,Call,81,82,81.5,18252,60355,0.1135,0.862,ES,CME,snap-20260806-es,ES-20260918-6100-C-20260806
20260806,ES,20260918,6100,P,206.5,209,207.75,20929,92220,0.113,-0.138,ES,CME,snap-20260806-es,ES-20260918-6100-P-20260806
2026-08-06,ES,09/18/2026,6150,C,81.75,82.75,82.25,5018,15575,0.1147,0.826,ES,CME,snap-20260806-es,ES-20260918-6150-C-20260806
2026-08-06,ES,2026-09-18,6150,put,257,260.25,258.5,5480,18154,0.114,-0.174,ES,CME,snap-20260806-es,ES-20260918-6150-P-20260806
08/06/2026,ES,20260918,"6,200.00",C,82.5,83.75,83,15633,"36,498",0.1158,0.80,ES,CME,snap-20260806-es,ES-20260918-6200-C-20260806
2026-08-06,ES,2026-09-18,6200,P,307.25,311.25,309.25,9031,28453,0.11,-0.203,ES,CME,snap-20260806-es,ES-20260918-6200-P-20260806
2026-08-06,ES,09/18/2026,"6,250.00",Call,83.5,84.5,84.00,8202,27295,0.117,0.773,ES,CME,snap-20260806-es,ES-20260918-6250-C-20260806
08/06/2026,ES,2026-09-18,6250,P,357.5,362.25,360,8656,32465,0.1159,-0.227,ES,CME,snap-20260806-es,ES-20260918-6250-P-20260806
2026-08-06,ES,09/18/2026,6300,C,84.25,85.5,85,5229,20403,0.1182,0.752,ES,CME,snap-20260806-es,ES-20260918-6300-C-20260806
20260806,ES,09/18/26,6300,put,407.75,413.5,410.5,11616,37685,0.1169,-0.248,ES,CME,snap-20260806-es,ES-20260918-6300-P-20260806
20260806,ES,20260918,6350,C,85,86.25,85.5,4953,20823,0.1194,0.734,ES,CME,snap-20260806-es,ES-20260918-6350-C-20260806
2026-08-06,ES,09/18/26,"6,350.00",P,458,464.5,461.25,3902,21317,0.1179,-0.266,ES,CME,snap-20260806-es,ES-20260918-6350-P-20260806
2026-08-06,ES,2026-09-18,6400,Call,85.75,87.00,86.5,4532,11804,0.1205,0.719,ES,CME,snap-20260806-es,ES-20260918-6400-C-20260806
08/06/2026,ES,09/18/26,6400,put,508.25,515.75,512,2150,5854,0.1189,-0.281,ES,CME,snap-20260806-es,ES-20260918-6400-P-20260806
2026-08-06,ES,2026-09-18,6450,C,86.75,88,87.5,626,2787,0.1217,0.705,ES,CME,snap-20260806-es,ES-20260918-6450-C-20260806
2026-08-06,ES,09/18/2026,6450,P,558.5,567,562.75,729,2919,0.1198,-0.295,ES,CME,snap-20260806-es,ES-20260918-6450-P-20260806
2026-08-06,ES,10/16/2026,5450,C,629,640,634.5,389,1293,0.1207,0.694,ES,CME,snap-20260806-es,ES-20261016-5450-C-20260806
08/06/2026,ES,2026-10-16,5450,P,116,118.25,117,304,1390,0.127,-0.306,ES,CME,snap-20260806-es,ES-20261016-5450-P-20260806
20260806,ES,2026-10-16,5500,Call,578.75,588.75,583.75,861,4053,0.1198,0.706,ES,CME,snap-20260806-es,ES-20261016-5500-C-20260806
20260806,ES,10/16/2026,5500,P,114.75,116.75,115.75,"1,952","8,755",0.1254,-0.294,ES,CME,snap-20260806-es,ES-20261016-5500-P-20260806
2026-08-06,ES,2026-10-16,5550,C,528.25,537.25,532.75,2039,7126,0.1188,0.72,ES,CME,snap-20260806-es,ES-20261016-5550-C-20260806
2026-08-06,ES,2026-10-16,"5,550.00",P ,113.25,115.25,114.25,1319,4304,0.1239,-0.28,ES,CME,snap-20260806-es,ES-20261016-5550-P-20260806
08/06/26,es,10/16/2026,5600,C,478,485.75,482,6769,22512,0.1178,0.73,ES,CME,snap-20260806-es,ES-20261016-5600-C-20260806
08/06/26,ES,20261016,5600,P,111.75,113.75,112.75,7836,31203,0.1223,-0.265,ES,CME,snap-20260806-es,ES-20261016-5600-P-20260806
2026-08-06,ES,2026-10-16,5650,C,427.5,434.5,431,"3,813",14828,0.12,0.753,ES,CME,snap-20260806-es,ES-20261016-5650-C-20260806
08/06/26,ES,2026-10-16,5650,P,110.5,112.25,111.5,2685,9301,0.1207,-0.247,ES,CME,snap-20260806-es,ES-20261016-5650-P-20260806
2026-08-06,ES,2026-10-16,5700,C,377,383,380,4926,11310,0.1159,0.774,ES,CME,snap-20260806-es,ES-20261016-5700-C-20260806
2026-08-06,ES,10/16/2026,5700,P,109,110.75,110.00,8201,"28,778",0.1191,-0.226,ES,CME,snap-20260806-es,ES-20261016-5700-P-20260806
2026-08-06,ES,2026-10-16,5750,C,326.75,331.75,329.25,10595,46355,0.1149,0.799,ES,CME,snap-20260806-es,ES-20261016-5750-C-20260806
20260806,ES,10/16/2026,5750,P,107.50,109.25,108.5,5831,27086,0.1175,-0.201,ES,CME,snap-20260806-es,ES-20261016-5750-P-20260806
2026-08-06,ES,10/16/26,5800,C,276.25,280.25,278.25,"12,162",56920,0.1139,0.828,ES,CME,snap-20260806-es,ES-20261016-5800-C-20260806
2026-08-06,ES,10/16/2026,5800,P,106,107.75,107,6661,24574,0.116,-0.172,ES,CME,snap-20260806-es,ES-20261016-5800-P-20260806
08/06/2026,ES,10/16/2026,5850,C,225.75,229,227.5,12372,45207,0.1129,0.865,ES,CME,snap-20260806-es,ES-20261016-5850-C-20260806
08/06/2026,ES,20261016,5850,Put,104.75,106.25,105.50,9856,39012,0.1144,-0.135,ES,CME,snap-20260806-es,ES-20261016-5850-P-20260806
2026-08-06,ES,2026-10-16,5900,C,175.25,177.75,176.5,19293,83465,0.1119,0.91,ES,CME,snap-20260806-es,ES-20261016-5900-C-20260806
2026-08-06,es,2026-10-16,5900,P ,103.25,104.75,104,8694,31770,0.1128,-0.09,ES,CME,snap-20260806-es,ES-20261016-5900-P-20260806
08/06/26,ES,2026-10-16,5950,Call,124.75,126.5,125.5,16704,39150,0.111,0.967,ES,CME,snap-20260806-es,ES-20261016-5950-C-20260806
08/06/2026,ES,2026-10-16,5950,P ,101.75,103.25,102.5,18841,93073,0.1112,-0.033,ES,CME,snap-20260806-es,ES-20261016-5950-P-20260806
20260806,ES,2026-10-16,6000,C,101.75,103.25,102.5,20220,64143,0.1111,0.963,ES,CME,snap-20260806-es,ES-20261016-6000-C-20260806
08/06/26,ES,2026-10-16,6000,Put,128.25,130,129,25236,122714,0.111,-0.037,ES,CME,snap-20260806-es,ES-20261016-6000-P-20260806
20260806,es,2026-10-16,6050,C,102.75,104.25,103.5,6189,17927,0.11,0.906,ES,CME,snap-20260806-es,ES-20261016-6050-C-20260806
08/06/26,ES,2026-10-16,6050,P,178.75,181.25,180,7781,35845,0.112,-0.094,ES,CME,snap-20260806-es,ES-20261016-6050-P-20260806
2026-08-06,ES,2026-10-16,6100,C,103.75,105.5,104.5,6849,28801,0.1135,0.862,ES,CME,snap-20260806-es,ES-20261016-6100-C-20260806
2026-08-06,ES,10/16/2026,6100,Put,229.25,232.75,231,17624,64426,0.113,-0.138,ES,CME,snap-20260806-es,ES-20261016-6100-P-20260806
2026-08-06,ES,2026-10-16,6150,C,105,106.5,105.75,9897,42233,0.11,0.826,ES,CME,snap-20260806-es,ES-20261016-6150-C-20260806
2026-08-06,ES,2026-10-16,6150,P ,279.75,284,282,9497,30349,0.114,-0.174,ES,CME,snap-20260806-es,ES-20261016-6150-P-20260806
2026-08-06,ES,2026-10-16,"6,200.00",C,106,107.75,107,13159,"45,577",0.1158,0.797,ES,CME,snap-20260806-es,ES-20261016-6200-C-20260806
2026-08-06,es,2026-10-16,6200,P,330.25,335.25,332.75,5208,21041,0.1149,-0.203,ES,CME,snap-20260806-es,ES-20261016-6200-P-20260806
2026-08-06,ES,2026-10-16,6250,C,107,108.75,108,4132,"13,205",0.117,0.773,ES,CME,snap-20260806-es,ES-20261016-6250-C-20260806
2026-08-06,ES,2026-10-16,"6,250.00",P,380.50,386.75,383.5,"8,069",30839,0.1159,-0.227,ES,CME,snap-20260806-es,ES-20261016-6250-P-20260806
20260806,ES,2026-10-16,6300,C,108,109.75,109,9069,36424,0.1182,0.75,ES,CME,snap-20260806-es,ES-20261016-6300-C-20260806
08/06/26,ES,2026-10-16,"6,300.00",P,431,438,434.5,6597,19451,0.1169,-0.248,ES,CME,snap-20260806-es,ES-20261016-6300-P-20260806
2026-08-06,ES,2026-10-16,6350,C,109.25,111,110,2425,10736,0.1194,0.73,ES,CME,snap-20260806-es,ES-20261016-6350-C-20260806
08/06/2026,ES,2026-10-16,6350,P,481.5,489.5,485.5,4541,24495,0.1179,-0.266,ES,CME,snap-20260806-es,ES-20261016-6350-P-20260806
2026-08-06,ES,20261016,6400,Call,110.25,112,111,1412,6285,0.1205,0.719,ES,CME,snap-20260806-es,ES-20261016-6400-C-20260806
20260806,es,2026-10-16,6400,P,531.75,540.75,536.25,3691,14983,0.1189,-0.281,ES,CME,snap-20260806-es,ES-20261016-6400-P-20260806
2026-08-06,ES,2026-10-16,6450,C,111.25,113.25,112.25,1137,5186,0.1217,0.705,ES,CME,snap-20260806-es,ES-20261016-6450-C-20260806
20260806,es,10/16/2026,"6,450.00",P,582.25,592.25,587.25,660,2266,0.1198,-0.295,ES,CME,snap-20260806-es,ES-20261016-6450-P-20260806
2026-08-06,ES,2026-12-18,"5,450.00",C,668.5,683.75,676,322,1473,0.1207,0.694,ES,CME,snap-20260806-es,ES-20261218-5450-C-20260806
08/06/26,ES,12/18/2026,5450,P,159,162.75,161,239,1181,0.127,-0.306,ES,CME,snap-20260806-es,ES-20261218-5450-P-20260806
2026-08-06,ES,2026-12-18,5500,C,618.00,632,625,828,2780,0.1198,0.706,ES,CME,snap-20260806-es,ES-20261218-5500-C-20260806
08/06/2026,ES,12/18/26,5500,P,157,160.75,159,857,2501,0.1254,-0.294,ES,CME,snap-20260806-es,ES-20261218-5500-P-20260806
2026-08-06,ES,12/18/2026,5550,Call,567.5,580,573.75,1254,4441,0.1188,0.72,ES,CME,snap-20260806-es,ES-20261218-5550-C-20260806
2026-08-06,ES,2026-12-18,5550,P,155.25,158.5,157,1655,7397,0.1239,-0.28,ES,CME,snap-20260806-es,ES-20261218-5550-P-20260806
2026-08-06,ES,2026-12-18,5600,Call,516.75,528.25,522.5,2589,8005,0.1178,0.735,ES,CME,snap-20260806-es,ES-20261218-5600-C-20260806
2026-08-06,ES,20261218,5600,P,153.25,156.5,155,3052,"9,936",0.1223,-0.265,ES,CME,snap-20260806-es,ES-20261218-5600-P-20260806
20260806,ES,12/18/26,5650,C,466.25,476.25,471.25,"1,205",4205,0.1168,0.753,ES,CME,snap-20260806-es,ES-20261218-5650-C-20260806
2026-08-06,ES,2026-12-18,5650,P,151.25,154.5,153.00,2864,11594,0.1207,-0.247,ES,CME,snap-20260806-es,ES-20261218-5650-P-20260806
2026-08-06,ES,2026-12-18,5700,C,415.5,424.5,420,4980,12403,0.1159,0.774,ES,CME,snap-20260806-es,ES-20261218-5700-C-20260806
2026-08-06,ES,2026-12-18,5700,P,149.25,152.5,151,5977,25914,0.1191,-0.226,ES,CME,snap-20260806-es,ES-20261218-5700-P-20260806
2026-08-06,ES,2026-12-18,5750,C,365,372.5,368.75,5333,16160,0.1149,0.799,ES,CME,snap-20260806-es,ES-20261218-5750-C-20260806
08/06/2026,ES,2026-12-18,"5,750.00",P,147.25,150.5,149,3829,13552,0.1175,-0.201,ES,CME,snap-20260806-es,ES-20261218-5750-P-20260806
08/06/26,ES,20261218,"5,800.00",C,314.25,320.75,317.50,5418,25371,0.1139,0.828,ES,CME,snap-20260806-es,ES-20261218-5800-C-20260806
20260806,ES,2026-12-18,5800,put,145.5,148.5,147,6664,28465,0.116,-0.172,ES,CME,snap-20260806-es,ES-20261218-5800-P-20260806
08/06/26,ES,2026-12-18,5850,C,263.5,269,266.25,6189,17493,0.1129,0.865,ES,CME,snap-20260806-es,ES-20261218-5850-C-20260806
08/06/2026,ES,2026-12-18,5850,P,143.5,146.25,145,3311,11955,0.1144,-0.14,ES,CME,snap-20260806-es,ES-20261218-5850-P-20260806
20260806,ES,2026-12-18,5900,C,213.00,217.25,215,9433,"36,170",0.1119,0.91,ES,CME,snap-20260806-es,ES-20261218-5900-C-20260806
2026-08-06,ES,2026-12-18,5900,P,141.50,144.25,143,4319,19079,0.1128,-0.09,ES,CME,snap-20260806-es,ES-20261218-5900-P-20260806
2026-08-06,ES,2026-12-18,5950,C,162.25,165.5,164,7164,31193,0.111,0.967,ES,CME,snap-20260806-es,ES-20261218-5950-C-20260806
08/06/2026,ES,12/18/2026,5950,P,139.5,142.25,141,5847,19067,0.1112,-0.033,ES,CME,snap-20260806-es,ES-20261218-5950-P-20260806
2026-08-06,ES,20261218,"6,000.00",Call,139.5,142.25,141,8813,29316,0.11,0.96,ES,CME,snap-20260806-es,ES-20261218-6000-C-20260806
2026-08-06,ES,2026-12-18,6000,Put,165.75,169,167.5,5559,27674,0.111,-0.037,ES,CME,snap-20260806-es,ES-20261218-6000-P-20260806
08/06/26,ES,2026-12-18,6050,C,140.75,143.75,142.25,2662,9750,0.1123,0.906,ES,CME,snap-20260806-es,ES-20261218-6050-C-20260806
2026-08-06,ES,2026-12-18,6050,P,216.5,220.75,218.5,5398,"19,154",0.112,-0.094,ES,CME,snap-20260806-es,ES-20261218-6050-P-20260806
08/06/2026,ES,2026-12-18,6100,C,142.25,145.25,143.75,5051,15959,0.1135,0.862,ES,CME,snap-20260806-es,ES-20261218-6100-C-20260806
20260806,ES,20261218,6100,P,267.25,272.5,270,3716,12997,0.113,-0.138,ES,CME,snap-20260806-es,ES-20261218-6100-P-20260806
08/06/26,ES,2026-12-18,6150,C,143.75,146.75,145.25,"4,077",9014,0.1147,0.826,ES,CME,snap-20260806-es,ES-20261218-6150-C-20260806
2026-08-06,ES,12/18/2026,6150,P,317.75,324.5,321,5304,26437,0.114,-0.174,ES,CME,snap-20260806-es,ES-20261218-6150-P-20260806
20260806,ES,12/18/26,6200,C,145.25,148.25,146.75,5764,19780,0.1158,0.797,ES,CME,snap-20260806-es,ES-20261218-6200-C-20260806
2026-08-06,es,12/18/2026,6200,P,368.5,376.25,372.5,2665,9927,0.1149,-0.203,ES,CME,snap-20260806-es,ES-20261218-6200-P-20260806
2026-08-06,ES,12/18/26,6250,C,146.75,149.75,148.25,2118,8781,0.117,0.773,ES,CME,snap-20260806-es,ES-20261218-6250-C-20260806
2026-08-06,ES,12/18/2026,6250,P,419.25,428,423.5,4275,18176,0.12,-0.227,ES,CME,snap-20260806-es,ES-20261218-6250-P-20260806
20260806,ES,2026-12-18,6300,C,148,151.25,149.5,3402,12605,0.1182,0.752,ES,CME,snap-20260806-es,ES-20261218-6300-C-20260806
2026-08-06,ES,12/18/26,"6,300.00",P,469.75,480.00,475,3240,13547,0.1169,-0.248,ES,CME,snap-20260806-es,ES-20261218-6300-P-20260806
20260806,ES,2026-12-18,6350,C,149.5,152.75,151,932,2063,0.1194,0.734,ES,CME,snap-20260806-es,ES-20261218-6350-C-20260806
2026-08-06,ES,20261218,6350,P ,520.25,531.75,526,1514,7002,0.1179,-0.266,ES,CME,snap-20260806-es,ES-20261218-6350-P-20260806
08/06/2026,ES,2026-12-18,"6,400.00",C,151,154.25,152.5,1710,5488,0.1205,0.719,ES,CME,snap-20260806-es,ES-20261218-6400-C-20260806
2026-08-06,ES,20261218,6400,P,571,583.75,577.50,1945,9554,0.1189,-0.281,ES,CME,snap-20260806-es,ES-20261218-6400-P-20260806
2026-08-06,ES,2026-12-18,6450,C,152.5,156,154.25,341,1012,0.1217,0.705,ES,CME,snap-20260806-es,ES-20261218-6450-C-20260806
2026-08-06,ES,2026-12-18,"6,450.00",P,621.5,635.50,628.5,484,1758,0.1198,-0.295,ES,CME,snap-20260806-es,ES-20261218-6450-P-20260806
08/07/2026,ES,2026-08-21,"5,450.00",C,532,538.75,535.5,514,2334,0.12,0.702,ES,CME,snap-20260807-es,ES-20260821-5450-C-20260807
08/07/2026,ES,2026-08-21,"5,450.00",P,51,51.5,51.25,1012,2898,0.1259,-0.298,ES,CME,snap-20260807-es,ES-20260821-5450-P-20260807
2026-08-07,ES,08/21/2026,5500,C,482,488,485,3201,7323,0.1191,0.715,ES,CME,snap-20260807-es,ES-20260821-5500-C-20260807
20260807,ES,20260821,5500,P,50.25,51,50.5,4879,17613,0.1244,-0.285,ES,CME,snap-20260807-es,ES-20260821-5500-P-20260807
2026-08-07,ES,2026-08-21,5550,C,432,437,434.5,4214,19953,0.12,0.73,ES,CME,snap-20260807-es,ES-20260821-5550-C-20260807
2026-08-07,ES,08/21/2026,5550,P,49.75,50.25,50,6711,28201,0.1228,-0.27,ES,CME,snap-20260807-es,ES-20260821-5550-P-20260807
2026-08-07,ES,20260821,5600,C,382,386.25,384,"6,675","19,552",0.1171,0.75,ES,CME,snap-20260807-es,ES-20260821-5600-C-20260807
2026-08-07,ES,2026-08-21,5600,P,49,49.50,49.25,13739,69993,0.1212,-0.253,ES,CME,snap-20260807-es,ES-20260821-5600-P-20260807
2026-08-07,es,2026-08-21,5650,C,332.00,335.5,333.75,6448,26085,0.12,0.77,ES,CME,snap-20260807-es,ES-20260821-5650-C-20260807
08/07/2026,ES,08/21/2026,5650,P,48.5,49,48.75,10771,55578,0.1196,-0.232,ES,CME,snap-20260807-es,ES-20260821-5650-P-20260807
2026-08-07,ES,2026-08-21,"5,700.00",C,281.75,285,283.5,19728,63610,0.1152,0.791,ES,CME,snap-20260807-es,ES-20260821-5700-C-20260807
2026-08-07,ES,2026-08-21,5700,P,47.75,48.25,48,14648,49378,0.118,-0.209,ES,CME,snap-20260807-es,ES-20260821-5700-P-20260807
2026-08-07,ES,20260821,5750,C,231.75,234.25,233,10651,26015,0.1142,0.819,ES,CME,snap-20260807-es,ES-20260821-5750-C-20260807
2026-08-07,ES,2026-08-21,5750,P,47.25,47.5,47.5,"9,334",39125,0.1164,-0.181,ES,CME,snap-20260807-es,ES-20260821-5750-P-20260807
08/07/2026,ES,2026-08-21,5800,C,181.75,183.5,182.5,18705,54477,0.1132,0.85,ES,CME,snap-20260807-es,ES-20260821-5800-C-20260807
2026-08-07,ES,2026-08-21,5800,P,46.5,47,46.75,19797,78172,0.1148,-0.15,ES,CME,snap-20260807-es,ES-20260821-5800-P-20260807
08/07/2026,ES,2026-08-21,5850,C,131.5,132.75,132,16804,38930,0.1122,0.896,ES,CME,snap-20260807-es,ES-20260821-5850-C-20260807
20260807,ES,08/21/2026,5850,P,45.75,46.25,46,"18,128",87523,0.1132,-0.104,ES,CME,snap-20260807-es,ES-20260821-5850-P-20260807
2026-08-07,es,08/21/2026,5900,C,81.25,82.25,81.75,34924,"114,569",0.1112,0.95,ES,CME,snap-20260807-es,ES-20260821-5900-C-20260807
2026-08-07,ES,2026-08-21,5900,P,45.25,45.75,45.5,40059,220730,0.1117,-0.05,ES,CME,snap-20260807-es,ES-20260821-5900-P-20260807
2026-08-07,ES,2026-08-21,5950,C,45,45.25,45,19478,"60,595",0.1108,0.98,ES,CME,snap-20260807-es,ES-20260821-5950-C-20260807
2026-08-07,ES,08/21/2026,5950,P,58.25,58.75,58.5,28125,79378,0.1108,-0.02,ES,CME,snap-20260807-es,ES-20260821-5950-P-20260807
2026-08-07,ES,2026-08-21,6000,C,45.25,45.75,45.5,23012,79836,0.112,0.919,ES,CME,snap-20260807-es,ES-20260821-6000-C-20260807
2026-08-07,es,2026-08-21,6000,P,108.5,109.5,109,28432,104935,0.1118,-0.081,ES,CME,snap-20260807-es,ES-20260821-6000-P-20260807
08/07/26,ES,08/21/2026,6050,C,45.75,46.25,46,9426,44998,0.1132,0.872,ES,CME,snap-20260807-es,ES-20260821-6050-C-20260807
20260807,ES,2026-08-21,6050,P,158.5,160.25,159.5,10057,47389,0.1127,-0.128,ES,CME,snap-20260807-es,ES-20260821-6050-P-20260807
20260807,ES,2026-08-21,6100,C,46.25,46.75,46.5,21586,98032,0.1144,0.834,ES,CME,snap-20260807-es,ES-20260821-6100-C-20260807
2026-08-07,ES,08/21/2026,6100,P,208.75,210.75,209.75,15320,61427,0.1137,-0.166,ES,CME,snap-20260807-es,ES-20260821-6100-P-20260807
2026-08-07,ES,08/21/2026,6150,C,46.75,47.25,47,"10,825",46881,0.1155,0.804,ES,CME,snap-20260807-es,ES-20260821-6150-C-20260807
20260807,ES,20260821,"6,150.00",P,258.75,261.5,260,15868,87310,0.1147,-0.196,ES,CME,snap-20260807-es,ES-20260821-6150-P-20260807
2026-08-07,ES,2026-08-21,6200,C,47.25,47.75,47.5,18659,56989,0.1167,0.778,ES,CME,snap-20260807-es,ES-20260821-6200-C-20260807
2026-08-07,ES,2026-08-21,6200,P,309,312.25,310.5,17025,83566,0.1157,-0.222,ES,CME,snap-20260807-es,ES-20260821-6200-P-20260807
20260807,ES,08/21/2026,6250,C,47.75,48.25,48,7462,"30,743",0.1179,0.756,ES,CME,snap-20260807-es,ES-20260821-6250-C-20260807
2026-08-07,ES,08/21/2026,6250,P,359,363,361,6429,20585,0.12,-0.244,ES,CME,snap-20260807-es,ES-20260821-6250-P-20260807
08/07/2026,ES,2026-08-21,6300,C,48.25,48.75,48.5,8960,22438,0.1191,0.738,ES,CME,snap-20260807-es,ES-20260821-6300-C-20260807
20260807,ES,2026-08-21,6300,P,409,413.75,411.5,6676,34731,0.1177,-0.262,ES,CME,snap-20260807-es,ES-20260821-6300-P-20260807
20260807,ES,20260821,6350,C,48.75,49.25,49,"1,773",6806,0.1203,0.722,ES,CME,snap-20260807-es,ES-20260821-6350-C-20260807
08/07/2026,ES,2026-08-21,6350,P,459,464.5,461.75,"5,322",22052,0.1186,-0.278,ES,CME,snap-20260807-es,ES-20260821-6350-P-20260807
2026-08-07,ES,2026-08-21,6400,C,49,49.75,49.5,1101,4253,0.1215,0.708,ES,CME,snap-20260807-es,ES-20260821-6400-C-20260807
2026-08-07,es,2026-08-21,6400,P,509,515.25,512,3831,10995,0.1196,-0.292,ES,CME,snap-20260807-es,ES-20260821-6400-P-20260807
2026-08-07,es,08/21/26,6450,C,49.5,50.25,50,432,1391,0.1226,0.696,ES,CME,snap-20260807-es,ES-20260821-6450-C-20260807
2026-08-07,es,08/21/26,6450,put,559.00,566.25,562.5,1093,4636,0.1206,-0.304,ES,CME,snap-20260807-es,ES-20260821-6450-P-20260807
2026-08-07,ES,08/28/26,5450,C,542.75,550,546.5,696,2911,0.1201,0.70,ES,CME,snap-20260807-es,ES-20260828-5450-C-20260807
2026-08-07,ES,2026-08-28,5450,P,62.25,63.25,62.75,725,2423,0.1259,-0.298,ES,CME,snap-20260807-es,ES-20260828-5450-P-20260807
20260807,ES,08/28/26,5500,C,492.75,499,496,2071,9027,0.12,0.715,ES,CME,snap-20260807-es,ES-20260828-5500-C-20260807
08/07/2026,es,08/28/2026,5500,P,61.5,62.25,62,5412,22066,0.1244,-0.285,ES,CME,snap-20260807-es,ES-20260828-5500-P-20260807
2026-08-07,ES,2026-08-28,5550,C,442.5,448,445.25,5030,15917,0.1181,0.73,ES,CME,snap-20260807-es,ES-20260828-5550-C-20260807
2026-08-07,ES,2026-08-28,5550,P,60.75,61.5,61,3064,7824,0.1228,-0.27,ES,CME,snap-20260807-es,ES-20260828-5550-P-20260807
2026-08-07,ES,20260828,"5,600.00",Call,392.5,397.25,395,4535,13682,0.1171,0.747,ES,CME,snap-20260807-es,ES-20260828-5600-C-20260807
2026-08-07,ES,2026-08-28,5600,P,60,60.75,60.5,12471,63761,0.1212,-0.253,ES,CME,snap-20260807-es,ES-20260828-5600-P-20260807
2026-08-07,ES,20260828,"5,650.00",C,342.25,346.5,344.5,4759,13187,0.1161,0.768,ES,CME,snap-20260807-es,ES-20260828-5650-C-20260807
2026-08-07,ES,08/28/26,5650,P,59.25,60,59.5,10949,53589,0.1196,-0.232,ES,CME,snap-20260807-es,ES-20260828-5650-P-20260807
2026-08-07,ES,2026-08-28,5700,C,292.25,295.5,294,19213,45464,0.1152,0.791,ES,CME,snap-20260807-es,ES-20260828-5700-C-20260807
2026-08-07,ES,2026-08-28,5700,P,58.5,59.25,59,19046,52721,0.118,-0.209,ES,CME,snap-20260807-es,ES-20260828-5700-P-20260807
2026-08-07,ES,08/28/2026,5750,C,242,244.75,243.5,9020,35744,0.1142,0.819,ES,CME,snap-20260807-es,ES-20260828-5750-C-20260807
2026-08-07,ES,2026-08-28,5750,Put,57.75,58.25,58,17052,47689,0.1164,-0.181,ES,CME,snap-20260807-es,ES-20260828-5750-P-20260807
2026-08-07,ES,2026-08-28,5800,C,192,194,193,"10,800",45129,0.1132,0.85,ES,CME,snap-20260807-es,ES-20260828-5800-C-20260807
2026-08-07,ES,08/28/2026,5800,P,57,57.5,57.25,27955,74762,0.1148,-0.146,ES,CME,snap-20260807-es,ES-20260828-5800-P-20260807
2026-08-07,ES,2026-08-28,5850,C,141.75,143.25,142.5,"8,208",28331,0.1122,0.896,ES,CME,snap-20260807-es,ES-20260828-5850-C-20260807
2026-08-07,ES,2026-08-28,5850,P,56.25,56.75,56.5,20479,75456,0.1132,-0.104,ES,CME,snap-20260807-es,ES-20260828-5850-P-20260807
2026-08-07,ES,2026-08-28,5900,C,91.5,92.5,92,32315,115227,0.1112,0.95,ES,CME,snap-20260807-es,ES-20260828-5900-C-20260807
20260807,ES,2026-08-28,5900,P,55.25,56,55.5,16144,70904,0.1117,-0.05,ES,CME,snap-20260807-es,ES-20260828-5900-P-20260807
2026-08-07,ES,2026-08-28,5950,C,55,55.5,55.25,16887,57766,0.1108,0.98,ES,CME,snap-20260807-es,ES-20260828-5950-C-20260807
2026-08-07,ES,08/28/26,5950,P,68.25,69,68.5,19237,56208,0.1108,-0.02,ES,CME,snap-20260807-es,ES-20260828-5950-P-20260807
2026-08-07,ES,20260828,6000,C,55.5,56.00,55.75,13535,44764,0.112,0.919,ES,CME,snap-20260807-es,ES-20260828-6000-C-20260807
2026-08-07,ES,20260828,6000,put,118.5,119.75,119,"22,508",68539,0.1118,-0.081,ES,CME,snap-20260807-es,ES-20260828-6000-P-20260807
08/07/26,ES,20260828,6050,C,56,56.75,56.5,7540,21070,0.1132,0.872,ES,CME,snap-20260807-es,ES-20260828-6050-C-20260807
08/07/2026,ES,2026-08-28,6050,P,168.75,170.5,169.5,9085,36412,0.1127,-0.128,ES,CME,snap-20260807-es,ES-20260828-6050-P-20260807
2026-08-07,ES,2026-08-28,6100,C,56.75,57.25,57,14137,39319,0.1144,0.834,ES,CME,snap-20260807-es,ES-20260828-6100-C-20260807
2026-08-07,ES,2026-08-28,6100,P,219,221.25,220.00,25678,76741,0.1137,-0.166,ES,CME,snap-20260807-es,ES-20260828-6100-P-20260807
2026-08-07,ES,08/28/26,"6,150.00",Call,57.25,58,57.5,12096,51435,0.1155,0.804,ES,CME,snap-20260807-es,ES-20260828-6150-C-20260807
08/07/2026,es,20260828,6150,P,269.25,272.25,270.75,8339,"36,296",0.1147,-0.196,ES,CME,snap-20260807-es,ES-20260828-6150-P-20260807
08/07/26,ES,2026-08-28,6200,C,57.75,58.5,58,9189,20264,0.1167,0.778,ES,CME,snap-20260807-es,ES-20260828-6200-C-20260807
2026-08-07,es,2026-08-28,6200,P,319.25,323,321,12116,"41,366",0.1157,-0.222,ES,CME,snap-20260807-es,ES-20260828-6200-P-20260807
08/07/2026,ES,2026-08-28,6250,C,58.5,59,58.75,5902,27536,0.1179,0.756,ES,CME,snap-20260807-es,ES-20260828-6250-C-20260807
08/07/26,ES,2026-08-28,6250,P,369.5,373.75,371.5,8674,41454,0.1167,-0.244,ES,CME,snap-20260807-es,ES-20260828-6250-P-20260807
2026-08-07,ES,08/28/2026,6300,C,59,59.75,59.5,7456,20217,0.12,0.738,ES,CME,snap-20260807-es,ES-20260828-6300-C-20260807
2026-08-07,ES,08/28/26,6300,P,419.50,424.75,422,5069,26011,0.1177,-0.262,ES,CME,snap-20260807-es,ES-20260828-6300-P-20260807
2026-08-07,ES,2026-08-28,6350,Call,59.5,60.25,60,3626,"10,401",0.1203,0.722,ES,CME,snap-20260807-es,ES-20260828-6350-C-20260807
08/07/2026,ES,2026-08-28,"6,350.00",Put,469.75,475.5,472.5,4531,12354,0.1186,-0.28,ES,CME,snap-20260807-es,ES-20260828-6350-P-20260807
2026-08-07,ES,2026-08-28,6400,C,60.25,61,60.5,1788,7006,0.1215,0.708,ES,CME,snap-20260807-es,ES-20260828-6400-C-20260807
2026-08-07,ES,08/28/26,6400,P,519.75,526.5,523,1523,6359,0.1196,-0.29,ES,CME,snap-20260807-es,ES-20260828-6400-P-20260807
08/07/26,ES,2026-08-28,6450,C,60.75,61.5,61,441,1662,0.1226,0.696,ES,CME,snap-20260807-es,ES-20260828-6450-C-20260807
20260807,ES,2026-08-28,6450,P,569.75,577.5,573.5,1024,3349,0.1206,-0.304,ES,CME,snap-20260807-es,ES-20260828-6450-P-20260807
2026-08-07,ES,2026-09-18,5450,C,567,575.25,571,709,2333,0.1201,0.702,ES,CME,snap-20260807-es,ES-20260918-5450-C-20260807
08/07/2026,ES,2026-09-18,5450,P,88,89.5,88.75,565,1928,0.1259,-0.298,ES,CME,snap-20260807-es,ES-20260918-5450-P-20260807
08/07/26,ES,2026-09-18,5500,C,516.75,524.25,520.5,4491,14741,0.1191,0.715,ES,CME,snap-20260807-es,ES-20260918-5500-C-20260807
2026-08-07,es,09/18/26,5500,P,87,88.25,87.5,2074,10789,0.1244,-0.285,ES,CME,snap-20260807-es,ES-20260918-5500-P-20260807
2026-08-07,ES,09/18/2026,5550,C,466.5,473,469.75,4529,17210,0.12,0.73,ES,CME,snap-20260807-es,ES-20260918-5550-C-20260807
2026-08-07,es,2026-09-18,5550,P,86,87.25,86.5,3715,11055,0.1228,-0.27,ES,CME,snap-20260807-es,ES-20260918-5550-P-20260807
2026-08-07,ES,2026-09-18,5600,C,416.25,422,419,6588,14495,0.1171,0.747,ES,CME,snap-20260807-es,ES-20260918-5600-C-20260807
2026-08-07,ES,2026-09-18,5600,P,84.75,86,85.5,4816,26547,0.1212,-0.253,ES,CME,snap-20260807-es,ES-20260918-5600-P-20260807
2026-08-07,ES,2026-09-18,5650,C,366,370.75,368.5,"6,958",23931,0.1161,0.768,ES,CME,snap-20260807-es,ES-20260918-5650-C-20260807
2026-08-07,ES,20260918,5650,put,83.75,84.75,84.25,"9,371",26026,0.1196,-0.232,ES,CME,snap-20260807-es,ES-20260918-5650-P-20260807
20260807,ES,09/18/26,5700,Call,315.5,319.75,317.5,17077,79451,0.12,0.791,ES,CME,snap-20260807-es,ES-20260918-5700-C-20260807
2026-08-07,ES,2026-09-18,5700,P,82.75,83.75,83.25,9353,35949,0.118,-0.209,ES,CME,snap-20260807-es,ES-20260918-5700-P-20260807
2026-08-07,ES,2026-09-18,5750,C,265.25,268.75,267,4836,18676,0.1142,0.819,ES,CME,snap-20260807-es,ES-20260918-5750-C-20260807
08/07/2026,ES,09/18/2026,5750,Put,81.5,82.5,82,7181,30927,0.1164,-0.181,ES,CME,snap-20260807-es,ES-20260918-5750-P-20260807
2026-08-07,ES,2026-09-18,5800,C,215,217.5,216.25,"20,390",79234,0.1132,0.854,ES,CME,snap-20260807-es,ES-20260918-5800-C-20260807
20260807,ES,09/18/2026,5800,P,80.5,81.5,81,10094,27963,0.1148,-0.146,ES,CME,snap-20260807-es,ES-20260918-5800-P-20260807
2026-08-07,ES,20260918,5850,C,164.5,166.5,165.5,18682,42721,0.1122,0.896,ES,CME,snap-20260807-es,ES-20260918-5850-C-20260807
08/07/2026,ES,2026-09-18,5850,put,79.25,80.25,79.75,21799,58106,0.1132,-0.104,ES,CME,snap-20260807-es,ES-20260918-5850-P-20260807
08/07/2026,ES,2026-09-18,5900,C,114.25,115.5,115,17737,48164,0.1112,0.95,ES,CME,snap-20260807-es,ES-20260918-5900-C-20260807
2026-08-07,ES,2026-09-18,5900,P,78.25,79.25,78.75,28575,134444,0.1117,-0.05,ES,CME,snap-20260807-es,ES-20260918-5900-P-20260807
2026-08-07,ES,2026-09-18,5950,C,77.75,78.5,78,"19,561",60715,0.1108,0.98,ES,CME,snap-20260807-es,ES-20260918-5950-C-20260807
2026-08-07,ES,2026-09-18,5950,P,91,92,91.5,22678,82021,0.1108,-0.02,ES,CME,snap-20260807-es,ES-20260918-5950-P-20260807
2026-08-07,ES,09/18/2026,6000,C,78.5,79.5,79,18457,57288,0.112,0.919,ES,CME,snap-20260807-es,ES-20260918-6000-C-20260807
2026-08-07,ES,20260918,6000,P,141.5,143,142.25,"20,530",98190,0.11,-0.081,ES,CME,snap-20260807-es,ES-20260918-6000-P-20260807
20260807,ES,09/18/2026,6050,C,79.25,80.25,79.75,"16,527",46577,0.1132,0.872,ES,CME,snap-20260807-es,ES-20260918-6050-C-20260807
08/07/26,ES,2026-09-18,6050,Put,191.75,194.25,193,6674,31278,0.1127,-0.128,ES,CME,snap-20260807-es,ES-20260918-6050-P-20260807
20260807,es,2026-09-18,6100,C,80,81,80.5,7499,27851,0.1144,0.834,ES,CME,snap-20260807-es,ES-20260918-6100-C-20260807
08/07/26,ES,2026-09-18,6100,Put,242,245.25,243.5,"15,426",47087,0.1137,-0.166,ES,CME,snap-20260807-es,ES-20260918-6100-P-20260807
20260807,ES,09/18/26,6150,C,81,82,81.5,7596,20592,0.1155,0.804,ES,CME,snap-20260807-es,ES-20260918-6150-C-20260807
20260807,ES,2026-09-18,6150,P,292.5,296.25,294.5,11782,37228,0.11,-0.196,ES,CME,snap-20260807-es,ES-20260918-6150-P-20260807
2026-08-07,ES,09/18/2026,6200,Call,81.75,82.75,82.25,9969,29133,0.1167,0.778,ES,CME,snap-20260807-es,ES-20260918-6200-C-20260807
08/07/2026,ES,2026-09-18,6200,P,342.75,347.25,345,15559,70115,0.1157,-0.22,ES,CME,snap-20260807-es,ES-20260918-6200-P-20260807
08/07/2026,ES,2026-09-18,6250,C,82.5,83.75,83,3812,12426,0.1179,0.756,ES,CME,snap-20260807-es,ES-20260918-6250-C-20260807
08/07/2026,ES,20260918,6250,P,393,398.50,395.75,5378,19196,0.1167,-0.244,ES,CME,snap-20260807-es,ES-20260918-6250-P-20260807
2026-08-07,ES,09/18/26,6300,C,83.25,84.5,84,"3,471",11341,0.1191,0.738,ES,CME,snap-20260807-es,ES-20260918-6300-C-20260807
2026-08-07,ES,2026-09-18,6300,P,443.25,449.5,446.5,"10,447",44711,0.1177,-0.262,ES,CME,snap-20260807-es,ES-20260918-6300-P-20260807
08/07/2026,ES,2026-09-18,6350,C,84.25,85.5,85,2920,7351,0.1203,0.722,ES,CME,snap-20260807-es,ES-20260918-6350-C-20260807
20260807,ES,09/18/2026,6350,P,493.5,500.75,497,1942,6168,0.1186,-0.278,ES,CME,snap-20260807-es,ES-20260918-6350-P-20260807
2026-08-07,ES,2026-09-18,6400,C,85,86.25,85.5,1915,7324,0.1215,0.708,ES,CME,snap-20260807-es,ES-20260918-6400-C-20260807
2026-08-07,ES,2026-09-18,6400,P,543.75,551.75,547.75,2139,11286,0.1196,-0.292,ES,CME,snap-20260807-es,ES-20260918-6400-P-20260807
08/07/2026,ES,2026-09-18,6450,C,85.75,87,86.5,671,1530,0.1226,0.696,ES,CME,snap-20260807-es,ES-20260918-6450-C-20260807
2026-08-07,ES,20260918,6450,P,594.00,603,598.5,563,1935,0.1206,-0.304,ES,CME,snap-20260807-es,ES-20260918-6450-P-20260807
2026-08-07,ES,2026-10-16,5450,C,590.75,600.75,595.75,478,2191,0.1201,0.702,ES,CME,snap-20260807-es,ES-20261016-5450-C-20260807
2026-08-07,ES,2026-10-16,5450,P,113.5,115.5,114.5,329,1668,0.1259,-0.298,ES,CME,snap-20260807-es,ES-20261016-5450-P-20260807
2026-08-07,ES,20261016,5500,C,540.25,549.5,545,3046,8919,0.1191,0.715,ES,CME,snap-20260807-es,ES-20261016-5500-C-20260807
20260807,ES,2026-10-16,5500,put,112.25,114,113,4204,18936,0.1244,-0.285,ES,CME,snap-20260807-es,ES-20261016-5500-P-20260807
20260807,ES,2026-10-16,5550,C,490,498,494,4018,14079,0.12,0.73,ES,CME,snap-20260807-es,ES-20261016-5550-C-20260807
08/07/2026,ES,2026-10-16,5550,P,110.75,112.75,111.75,2700,14755,0.1228,-0.27,ES,CME,snap-20260807-es,ES-20261016-5550-P-20260807
2026-08-07,ES,2026-10-16,5600,C,439.50,446.75,443,"7,458",16739,0.1171,0.747,ES,CME,snap-20260807-es,ES-20261016-5600-C-20260807
20260807,es,2026-10-16,5600,P,109.5,111.25,110.5,7096,"35,367",0.1212,-0.253,ES,CME,snap-20260807-es,ES-20261016-5600-P-20260807
2026-08-07,ES,2026-10-16,5650,C,389,395.25,392.00,3640,8445,0.1161,0.768,ES,CME,snap-20260807-es,ES-20261016-5650-C-20260807
08/07/2026,ES,2026-10-16,5650,Put,108,109.75,109,7574,28009,0.1196,-0.232,ES,CME,snap-20260807-es,ES-20261016-5650-P-20260807
2026-08-07,ES,20261016,5700,C,338.75,344,341.5,8096,34753,0.1152,0.791,ES,CME,snap-20260807-es,ES-20261016-5700-C-20260807
2026-08-07,ES,2026-10-16,5700,P,106.5,108.25,107.5,11216,61866,0.118,-0.209,ES,CME,snap-20260807-es,ES-20261016-5700-P-20260807
2026-08-07,ES,2026-10-16,5750,C,288.25,292.50,290.5,11910,42887,0.1142,0.819,ES,CME,snap-20260807-es,ES-20261016-5750-C-20260807
20260807,ES,10/16/26,5750,P,105.25,106.75,106,6676,30347,0.1164,-0.181,ES,CME,snap-20260807-es,ES-20261016-5750-P-20260807
2026-08-07,ES,2026-10-16,5800,C,237.75,241.25,239.50,8027,17787,0.1132,0.854,ES,CME,snap-20260807-es,ES-20261016-5800-C-20260807
2026-08-07,ES,10/16/2026,5800,P,103.75,105.25,104.5,12071,46316,0.1148,-0.146,ES,CME,snap-20260807-es,ES-20261016-5800-P-20260807
2026-08-07,ES,20261016,5850,C,187.25,190,188.5,15331,51165,0.1122,0.896,ES,CME,snap-20260807-es,ES-20261016-5850-C-20260807
20260807,ES,20261016,5850,P,102.25,103.75,103,17967,81654,0.1132,-0.104,ES,CME,snap-20260807-es,ES-20261016-5850-P-20260807
08/07/2026,ES,2026-10-16,5900,C,136.75,138.75,137.75,11509,31267,0.1112,0.95,ES,CME,snap-20260807-es,ES-20261016-5900-C-20260807
2026-08-07,ES,10/16/26,5900,P,101,102.25,101.5,14708,66146,0.1117,-0.05,ES,CME,snap-20260807-es,ES-20261016-5900-P-20260807
2026-08-07,ES,2026-10-16,5950,C,100.25,101.5,101,"11,654",54663,0.1108,0.98,ES,CME,snap-20260807-es,ES-20261016-5950-C-20260807
2026-08-07,ES,10/16/2026,5950,P,113.5,115,114.25,9397,46558,0.1108,-0.02,ES,CME,snap-20260807-es,ES-20261016-5950-P-20260807
2026-08-07,ES,10/16/2026,6000,C,101.25,102.75,102,"17,061",69721,0.112,0.919,ES,CME,snap-20260807-es,ES-20261016-6000-C-20260807
2026-08-07,ES,10/16/26,6000,put,164,166.25,165,8656,45240,0.1118,-0.081,ES,CME,snap-20260807-es,ES-20261016-6000-P-20260807
2026-08-07,ES,20261016,6050,C,102.25,103.75,103,10796,44920,0.1132,0.872,ES,CME,snap-20260807-es,ES-20261016-6050-C-20260807
08/07/2026,ES,10/16/2026,6050,P,214.5,217.75,216,"16,240",56200,0.1127,-0.13,ES,CME,snap-20260807-es,ES-20261016-6050-P-20260807
2026-08-07,ES,20261016,6100,C,103.25,104.75,104,6737,29967,0.1144,0.834,ES,CME,snap-20260807-es,ES-20261016-6100-C-20260807
08/07/26,ES,20261016,6100,P,265,269,267,18222,60569,0.1137,-0.166,ES,CME,snap-20260807-es,ES-20261016-6100-P-20260807
2026-08-07,ES,20261016,6150,C,104.25,106,105,8467,23635,0.1155,0.804,ES,CME,snap-20260807-es,ES-20261016-6150-C-20260807
2026-08-07,ES,2026-10-16,"6,150.00",P,315.50,320.25,318,11729,31651,0.1147,-0.20,ES,CME,snap-20260807-es,ES-20261016-6150-P-20260807
2026-08-07,ES,2026-10-16,6200,Call,105.5,107,106.25,12631,39747,0.1167,0.78,ES,CME,snap-20260807-es,ES-20261016-6200-C-20260807
2026-08-07,ES,2026-10-16,6200,P,366,371.75,369,7090,19113,0.1157,-0.222,ES,CME,snap-20260807-es,ES-20261016-6200-P-20260807
2026-08-07,ES,2026-10-16,"6,250.00",C,106.5,108.25,107.50,6255,18495,0.1179,0.756,ES,CME,snap-20260807-es,ES-20261016-6250-C-20260807
2026-08-07,ES,2026-10-16,6250,P,416.25,423,419.5,8490,31677,0.1167,-0.244,ES,CME,snap-20260807-es,ES-20261016-6250-P-20260807
2026-08-07,ES,20261016,6300,C,107.5,109.25,108.5,7222,21529,0.1191,0.738,ES,CME,snap-20260807-es,ES-20261016-6300-C-20260807
2026-08-07,ES,2026-10-16,6300,P,466.75,474.5,470.5,7220,38289,0.1177,-0.262,ES,CME,snap-20260807-es,ES-20261016-6300-P-20260807
20260807,es,10/16/2026,"6,350.00",C,108.5,110.25,109.5,1162,3533,0.1203,0.722,ES,CME,snap-20260807-es,ES-20261016-6350-C-20260807
20260807,ES,10/16/2026,6350,P,517.25,525.75,521.5,1433,5332,0.1186,-0.278,ES,CME,snap-20260807-es,ES-20261016-6350-P-20260807
2026-08-07,ES,2026-10-16,6400,C,109.5,111.5,110.5,2021,9080,0.1215,0.708,ES,CME,snap-20260807-es,ES-20261016-6400-C-20260807
08/07/26,ES,10/16/2026,6400,P,567.5,577.25,572.5,1316,5928,0.1196,-0.292,ES,CME,snap-20260807-es,ES-20261016-6400-P-20260807
2026-08-07,ES,2026-10-16,6450,C,110.75,112.5,111.5,396,1094,0.1226,0.696,ES,CME,snap-20260807-es,ES-20261016-6450-C-20260807
2026-08-07,es,20261016,6450,P,617.75,628.75,623.25,673,2770,0.1206,-0.304,ES,CME,snap-20260807-es,ES-20261016-6450-P-20260807
2026-08-07,ES,20261218,5450,C,630,644.25,637,168,657,0.1201,0.702,ES,CME,snap-20260807-es,ES-20261218-5450-C-20260807
2026-08-07,ES,2026-12-18,"5,450.00",P,156.25,159.75,158,217,1078,0.1259,-0.298,ES,CME,snap-20260807-es,ES-20261218-5450-P-20260807
08/07/2026,ES,12/18/2026,5500,C,579.5,592.25,586,1298,3246,0.1191,0.715,ES,CME,snap-20260807-es,ES-20261218-5500-C-20260807
2026-08-07,ES,2026-12-18,"5,500.00",P,154.25,157.75,156,1822,6033,0.1244,-0.285,ES,CME,snap-20260807-es,ES-20261218-5500-P-20260807
2026-08-07,ES,12/18/26,5550,C,528.75,540.50,534.5,1059,2998,0.1181,0.73,ES,CME,snap-20260807-es,ES-20261218-5550-C-20260807
2026-08-07,ES,2026-12-18,5550,P,152.25,155.75,154.00,2263,5984,0.1228,-0.27,ES,CME,snap-20260807-es,ES-20261218-5550-P-20260807
2026-08-07,ES,20261218,5600,C,478.25,488.5,483.5,2721,11261,0.1171,0.747,ES,CME,snap-20260807-es,ES-20261218-5600-C-20260807
08/07/26,ES,2026-12-18,"5,600.00",P,150.25,153.5,152,4686,13073,0.1212,-0.253,ES,CME,snap-20260807-es,ES-20261218-5600-P-20260807
20260807,ES,2026-12-18,5650,C,427.75,436.75,432.25,1915,8508,0.1161,0.768,ES,CME,snap-20260807-es,ES-20261218-5650-C-20260807
2026-08-07,es,2026-12-18,5650,P ,148.5,151.5,150,3146,12177,0.1196,-0.232,ES,CME,snap-20260807-es,ES-20261218-5650-P-20260807
08/07/2026,ES,2026-12-18,5700,C,377,385,381,"5,113",21342,0.1152,0.791,ES,CME,snap-20260807-es,ES-20261218-5700-C-20260807
08/07/2026,ES,2026-12-18,5700,P,146.5,149.5,148,3785,14797,0.118,-0.209,ES,CME,snap-20260807-es,ES-20261218-5700-P-20260807
08/07/2026,ES,12/18/26,5750,C,326.25,333,329.5,4151,18106,0.1142,0.819,ES,CME,snap-20260807-es,ES-20261218-5750-C-20260807
08/07/2026,es,2026-12-18,5750,P,144.5,147.5,146,4092,14685,0.1164,-0.181,ES,CME,snap-20260807-es,ES-20261218-5750-P-20260807
08/07/2026,ES,12/18/26,5800,C,275.75,281.25,278.5,7801,"33,220",0.1132,0.854,ES,CME,snap-20260807-es,ES-20261218-5800-C-20260807
08/07/2026,ES,2026-12-18,5800,P,142.50,145.5,144.00,10799,47489,0.1148,-0.146,ES,CME,snap-20260807-es,ES-20261218-5800-P-20260807
08/07/26,ES,12/18/2026,5850,C,225.00,229.5,227.25,5615,20904,0.1122,0.90,ES,CME,snap-20260807-es,ES-20261218-5850-C-20260807
08/07/2026,ES,2026-12-18,5850,P,140.75,143.5,142,4250,21109,0.1132,-0.104,ES,CME,snap-20260807-es,ES-20261218-5850-P-20260807
20260807,ES,2026-12-18,5900,C,174.25,177.75,176,8199,30398,0.1112,0.95,ES,CME,snap-20260807-es,ES-20261218-5900-C-20260807
08/07/2026,ES,2026-12-18,5900,put,138.75,141.5,140,8304,33103,0.1117,-0.05,ES,CME,snap-20260807-es,ES-20261218-5900-P-20260807
2026-08-07,ES,20261218,5950,C,137.75,140.25,139,"3,661",13899,0.1108,0.98,ES,CME,snap-20260807-es,ES-20261218-5950-C-20260807
20260807,ES,2026-12-18,5950,P,151,154,152.5,4225,12548,0.1108,-0.02,ES,CME,snap-20260807-es,ES-20261218-5950-P-20260807
2026-08-07,ES,2026-12-18,"6,000.00",C,139,141.75,140.5,10156,27201,0.112,0.92,ES,CME,snap-20260807-es,ES-20261218-6000-C-20260807
2026-08-07,es,20261218,6000,P,201.75,205.75,203.75,10015,45189,0.1118,-0.081,ES,CME,snap-20260807-es,ES-20261218-6000-P-20260807
08/07/2026,ES,2026-12-18,6050,C,140.5,143.25,142,7117,20905,0.1132,0.872,ES,CME,snap-20260807-es,ES-20261218-6050-C-20260807
20260807,ES,12/18/26,6050,P,252.25,257.50,255,6352,29071,0.1127,-0.128,ES,CME,snap-20260807-es,ES-20261218-6050-P-20260807
08/07/2026,ES,2026-12-18,6100,C,142.00,145,143.5,6412,16822,0.1144,0.834,ES,CME,snap-20260807-es,ES-20261218-6100-C-20260807
08/07/2026,ES,2026-12-18,6100,P,303,309.25,306,7925,22744,0.1137,-0.166,ES,CME,snap-20260807-es,ES-20261218-6100-P-20260807
2026-08-07,ES,2026-12-18,6150,Call,143.5,146.5,145,5807,22817,0.1155,0.80,ES,CME,snap-20260807-es,ES-20261218-6150-C-20260807
2026-08-07,ES,2026-12-18,6150,P,353.75,361,357.5,2125,7749,0.1147,-0.196,ES,CME,snap-20260807-es,ES-20261218-6150-P-20260807
2026-08-07,ES,2026-12-18,6200,C,145.00,148,146.5,5987,21742,0.1167,0.778,ES,CME,snap-20260807-es,ES-20261218-6200-C-20260807
2026-08-07,ES,12/18/2026,6200,P,404.25,412.75,408.5,4082,21534,0.1157,-0.222,ES,CME,snap-20260807-es,ES-20261218-6200-P-20260807
08/07/2026,ES,2026-12-18,6250,C,146.25,149.5,148,3347,14728,0.1179,0.756,ES,CME,snap-20260807-es,ES-20261218-6250-C-20260807
2026-08-07,ES,2026-12-18,6250,P,455,464.75,460,3917,10359,0.1167,-0.24,ES,CME,snap-20260807-es,ES-20261218-6250-P-20260807
2026-08-07,ES,12/18/26,"6,300.00",C,147.75,151,149.5,2559,7993,0.1191,0.738,ES,CME,snap-20260807-es,ES-20261218-6300-C-20260807
2026-08-07,es,12/18/26,6300,P,505.5,516.5,511,2475,9455,0.1177,-0.262,ES,CME,snap-20260807-es,ES-20261218-6300-P-20260807
2026-08-07,es,2026-12-18,6350,C,149.25,152.5,151,693,3055,0.1203,0.722,ES,CME,snap-20260807-es,ES-20261218-6350-C-20260807
08/07/2026,ES,2026-12-18,6350,P,556.25,568.5,562.5,2122,9044,0.1186,-0.278,ES,CME,snap-20260807-es,ES-20261218-6350-P-20260807
20260807,ES,2026-12-18,6400,C,150.75,154,152.5,836,3798,0.12,0.708,ES,CME,snap-20260807-es,ES-20261218-6400-C-20260807
2026-08-07,ES,12/18/2026,6400,P ,606.75,620.25,613.5,644,3197,0.1196,-0.292,ES,CME,snap-20260807-es,ES-20261218-6400-P-20260807
08/07/26,ES,12/18/2026,6450,Call,152,155.50,153.75,176,482,0.1226,0.696,ES,CME,snap-20260807-es,ES-20261218-6450-C-20260807
2026-08-07,ES,20261218,"6,450.00",P,657.25,672.25,664.75,346,917,0.1206,-0.304,ES,CME,snap-20260807-es,ES-20261218-6450-P-20260807
2026-08-10,ES,08/21/2026,"5,550.00",C,525.5,532,528.75,1771,5822,0.1199,0.704,ES,CME,snap-20260810-es,ES-20260821-5550-C-20260810
08/10/2026,ES,2026-08-21,5550,P,45.75,46.25,46,1560,"4,850",0.1256,-0.296,ES,CME,snap-20260810-es,ES-20260821-5550-P-20260810
2026-08-10,ES,20260821,5600,C,475.5,481.25,478.5,6110,16869,0.1189,0.718,ES,CME,snap-20260810-es,ES-20260821-5600-C-20260810
2026-08-10,ES,20260821,5600,P,45.25,45.75,45.5,3813,13402,0.12,-0.282,ES,CME,snap-20260810-es,ES-20260821-5600-P-20260810
08/10/26,ES,2026-08-21,5650,Call,425.5,430.5,428.00,4211,13098,0.118,0.733,ES,CME,snap-20260810-es,ES-20260821-5650-C-20260810
2026-08-10,ES,2026-08-21,5650,P,44.75,45.25,45,5672,21458,0.1225,-0.267,ES,CME,snap-20260810-es,ES-20260821-5650-P-20260810
08/10/2026,ES,2026-08-21,5700,C,375.5,379.75,377.50,13302,31351,0.117,0.75,ES,CME,snap-20260810-es,ES-20260821-5700-C-20260810
2026-08-10,ES,08/21/2026,5700,P,44,44.5,44.25,"7,125",33911,0.121,-0.25,ES,CME,snap-20260810-es,ES-20260821-5700-P-20260810
08/10/2026,ES,08/21/2026,5750,C,325.5,329,327.25,8809,33802,0.116,0.77,ES,CME,snap-20260810-es,ES-20260821-5750-C-20260810
20260810,ES,08/21/26,5750,P,43.5,44,43.75,7276,19098,0.1194,-0.23,ES,CME,snap-20260810-es,ES-20260821-5750-P-20260810
2026-08-10,ES,2026-08-21,5800,Call,275.5,278.5,277,11397,36658,0.1151,0.794,ES,CME,snap-20260810-es,ES-20260821-5800-C-20260810
2026-08-10,ES,2026-08-21,5800,P,43,43.5,43.25,17470,94264,0.1178,-0.206,ES,CME,snap-20260810-es,ES-20260821-5800-P-20260810
2026-08-10,ES,2026-08-21,5850,C,225.5,227.75,226.5,12003,38950,0.1141,0.822,ES,CME,snap-20260810-es,ES-20260821-5850-C-20260810
20260810,ES,08/21/2026,5850,P,42.5,42.75,42.5,11616,"59,682",0.1163,-0.178,ES,CME,snap-20260810-es,ES-20260821-5850-P-20260810
20260810,ES,08/21/26,5900,C,175.25,177,176,28879,108355,0.1131,0.857,ES,CME,snap-20260810-es,ES-20260821-5900-C-20260810
20260810,es,08/21/2026,5900,P,41.75,42.25,42,30178,87657,0.1147,-0.143,ES,CME,snap-20260810-es,ES-20260821-5900-P-20260810
2026-08-10,ES,2026-08-21,"5,950.00",Call,125.25,126.5,126,14129,32153,0.1121,0.899,ES,CME,snap-20260810-es,ES-20260821-5950-C-20260810
08/10/2026,ES,08/21/2026,5950,P,41.25,41.75,41.5,18141,58048,0.1131,-0.101,ES,CME,snap-20260810-es,ES-20260821-5950-P-20260810
08/10/26,ES,2026-08-21,"6,000.00",C,75.25,75.75,75.5,22954,54392,0.1112,0.953,ES,CME,snap-20260810-es,ES-20260821-6000-C-20260810
08/10/2026,ES,20260821,6000,put,40.75,41,41,28990,75291,0.1116,-0.047,ES,CME,snap-20260810-es,ES-20260821-6000-P-20260810
08/10/2026,ES,20260821,6050,C,40.5,40.75,40.5,9667,31089,0.1109,0.978,ES,CME,snap-20260810-es,ES-20260821-6050-C-20260810
2026-08-10,ES,2026-08-21,"6,050.00",P,55.50,56.25,56,21563,85297,0.1108,-0.022,ES,CME,snap-20260810-es,ES-20260821-6050-P-20260810
2026-08-10,ES,20260821,6100,C,41,41.25,41,16518,70754,0.112,0.919,ES,CME,snap-20260810-es,ES-20260821-6100-C-20260810
2026-08-10,ES,20260821,6100,P,105.75,106.75,106.25,23933,105384,0.1118,-0.081,ES,CME,snap-20260810-es,ES-20260821-6100-P-20260810
2026-08-10,ES,08/21/26,6150,C,41.25,41.75,41.5,19344,59936,0.1132,0.872,ES,CME,snap-20260810-es,ES-20260821-6150-C-20260810
2026-08-10,ES,08/21/2026,6150,Put,155.75,157.25,156.50,14376,42493,0.1127,-0.128,ES,CME,snap-20260810-es,ES-20260821-6150-P-20260810
08/10/2026,es,2026-08-21,6200,C,41.75,42.25,42,23266,85890,0.1143,0.835,ES,CME,snap-20260810-es,ES-20260821-6200-C-20260810
2026-08-10,ES,08/21/2026,6200,P,206,208,207,28190,115539,0.1137,-0.165,ES,CME,snap-20260810-es,ES-20260821-6200-P-20260810
2026-08-10,ES,2026-08-21,"6,250.00",C,42.25,42.5,42.5,6292,"24,159",0.1155,0.805,ES,CME,snap-20260810-es,ES-20260821-6250-C-20260810
08/10/2026,ES,2026-08-21,6250,P,256,258.75,257.5,10584,50639,0.1147,-0.195,ES,CME,snap-20260810-es,ES-20260821-6250-P-20260810
2026-08-10,ES,2026-08-21,6300,C,42.5,43,42.75,16897,79962,0.1167,0.779,ES,CME,snap-20260810-es,ES-20260821-6300-C-20260810
2026-08-10,ES,08/21/2026,6300,P,306,309.25,307.5,11101,55022,0.12,-0.221,ES,CME,snap-20260810-es,ES-20260821-6300-P-20260810
08/10/26,ES,08/21/2026,6350,C,43,43.5,43.25,5478,23417,0.1178,0.758,ES,CME,snap-20260810-es,ES-20260821-6350-C-20260810
2026-08-10,ES,2026-08-21,6350,P,356,360,358,12417,31929,0.1166,-0.242,ES,CME,snap-20260810-es,ES-20260821-6350-P-20260810
2026-08-10,ES,2026-08-21,6400,C,43.5,44,43.75,9722,40063,0.119,0.739,ES,CME,snap-20260810-es,ES-20260821-6400-C-20260810
2026-08-10,ES,2026-08-21,6400,P,406,410.75,408.5,11988,42217,0.1176,-0.261,ES,CME,snap-20260810-es,ES-20260821-6400-P-20260810
2026-08-10,ES,20260821,6450,C,43.75,44.25,44,2443,7360,0.1202,0.72,ES,CME,snap-20260810-es,ES-20260821-6450-C-20260810
2026-08-10,ES,2026-08-21,6450,P,456,461.5,458.75,"3,811",19223,0.1186,-0.277,ES,CME,snap-20260810-es,ES-20260821-6450-P-20260810
08/10/26,ES,2026-08-21,6500,C,44.25,44.75,44.5,2032,4744,0.1213,0.709,ES,CME,snap-20260810-es,ES-20260821-6500-C-20260810
08/10/2026,ES,2026-08-21,6500,P,506,512.25,509,3640,11647,0.1195,-0.291,ES,CME,snap-20260810-es,ES-20260821-6500-P-20260810
2026-08-10,ES,08/21/2026,6550,C,44.75,45.25,45,528,1583,0.1225,0.697,ES,CME,snap-20260810-es,ES-20260821-6550-C-20260810
2026-08-10,ES,2026-08-21,6550,P ,556,563,559.5,922,3362,0.1205,-0.30,ES,CME,snap-20260810-es,ES-20260821-6550-P-20260810
2026-08-10,ES,08/28/2026,5550,C,537.5,544.5,541,889,"2,624",0.1199,0.704,ES,CME,snap-20260810-es,ES-20260828-5550-C-20260810
08/10/2026,ES,08/28/2026,5550,P,58.50,59.25,59,1786,7686,0.1256,-0.296,ES,CME,snap-20260810-es,ES-20260828-5550-P-20260810
2026-08-10,ES,08/28/2026,5600,C,487.5,493.5,490.5,5058,18596,0.1189,0.718,ES,CME,snap-20260810-es,ES-20260828-5600-C-20260810
08/10/2026,ES,2026-08-28,5600,P,57.75,58.5,58,6642,36421,0.1241,-0.282,ES,CME,snap-20260810-es,ES-20260828-5600-P-20260810
2026-08-10,ES,08/28/2026,5650,C,437.5,442.75,440,4979,"12,942",0.118,0.733,ES,CME,snap-20260810-es,ES-20260828-5650-C-20260810
08/10/26,ES,2026-08-28,5650,Put,57,57.75,57.5,3538,18510,0.1225,-0.267,ES,CME,snap-20260810-es,ES-20260828-5650-P-20260810
2026-08-10,ES,08/28/2026,5700,C,387.25,392.00,389.5,12296,36554,0.117,0.75,ES,CME,snap-20260810-es,ES-20260828-5700-C-20260810
2026-08-10,ES,2026-08-28,5700,P,56.5,57,56.75,13316,61652,0.121,-0.25,ES,CME,snap-20260810-es,ES-20260828-5700-P-20260810
2026-08-10,ES,08/28/2026,5750,C,337.25,341,339,10792,24965,0.116,0.77,ES,CME,snap-20260810-es,ES-20260828-5750-C-20260810
2026-08-10,ES,08/28/2026,5750,P,55.75,56.25,56,12415,38092,0.1194,-0.23,ES,CME,snap-20260810-es,ES-20260828-5750-P-20260810
20260810,ES,2026-08-28,5800,Call,287,290.25,288.5,14575,33998,0.1151,0.794,ES,CME,snap-20260810-es,ES-20260828-5800-C-20260810
2026-08-10,ES,08/28/2026,5800,P,55,55.5,55.25,10484,"57,722",0.1178,-0.206,ES,CME,snap-20260810-es,ES-20260828-5800-P-20260810
08/10/2026,ES,2026-08-28,5850,C,237,239.50,238.25,14538,45445,0.1141,0.822,ES,CME,snap-20260810-es,ES-20260828-5850-C-20260810
2026-08-10,ES,08/28/2026,5850,P ,54.25,54.75,54.5,8099,39969,0.1163,-0.178,ES,CME,snap-20260810-es,ES-20260828-5850-P-20260810
2026-08-10,ES,08/28/2026,5900,C,186.75,188.75,187.75,26013,58061,0.1131,0.857,ES,CME,snap-20260810-es,ES-20260828-5900-C-20260810
20260810,ES,2026-08-28,5900,P ,53.5,54.00,53.75,28378,87564,0.1147,-0.143,ES,CME,snap-20260810-es,ES-20260828-5900-P-20260810
08/10/26,ES,20260828,5950,Call,136.75,138.00,137.5,17733,50162,0.1121,0.899,ES,CME,snap-20260810-es,ES-20260828-5950-C-20260810
08/10/2026,ES,20260828,5950,P,52.75,53.25,53.00,17441,83201,0.1131,-0.101,ES,CME,snap-20260810-es,ES-20260828-5950-P-20260810
08/10/26,ES,20260828,6000,C,86.5,87.25,87,22119,100364,0.11,0.953,ES,CME,snap-20260810-es,ES-20260828-6000-C-20260810
20260810,ES,20260828,6000,P,52,52.5,52.25,23926,91718,0.1116,-0.047,ES,CME,snap-20260810-es,ES-20260828-6000-P-20260810
2026-08-10,ES,2026-08-28,6050,C,51.75,52.25,52.00,24719,90499,0.1109,0.978,ES,CME,snap-20260810-es,ES-20260828-6050-C-20260810
2026-08-10,ES,2026-08-28,6050,P,67,67.5,67.25,18369,59605,0.1108,-0.02,ES,CME,snap-20260810-es,ES-20260828-6050-P-20260810
08/10/2026,ES,2026-08-28,6100,C,52.25,52.75,52.5,12098,33743,0.112,0.919,ES,CME,snap-20260810-es,ES-20260828-6100-C-20260810
2026-08-10,ES,2026-08-28,6100,Put,117,118.25,117.50,26353,127041,0.11,-0.081,ES,CME,snap-20260810-es,ES-20260828-6100-P-20260810
20260810,ES,2026-08-28,6150,C,52.75,53.25,53,15334,40238,0.1132,0.872,ES,CME,snap-20260810-es,ES-20260828-6150-C-20260810
2026-08-10,ES,20260828,6150,P,167.25,169,168,"16,835",83370,0.1127,-0.128,ES,CME,snap-20260810-es,ES-20260828-6150-P-20260810
2026-08-10,ES,20260828,6200,C,53.25,54,53.5,17980,84375,0.1143,0.835,ES,CME,snap-20260810-es,ES-20260828-6200-C-20260810
20260810,ES,2026-08-28,6200,P,217.5,219.75,218.5,10741,35908,0.1137,-0.165,ES,CME,snap-20260810-es,ES-20260828-6200-P-20260810
2026-08-10,ES,20260828,6250,C,54,54.5,54.25,11245,25168,0.1155,0.805,ES,CME,snap-20260810-es,ES-20260828-6250-C-20260810
08/10/2026,ES,20260828,6250,P,267.50,270.5,269,13696,"47,755",0.1147,-0.195,ES,CME,snap-20260810-es,ES-20260828-6250-P-20260810
20260810,ES,2026-08-28,6300,C,54.5,55,54.75,12695,47548,0.1167,0.779,ES,CME,snap-20260810-es,ES-20260828-6300-C-20260810
08/10/2026,ES,2026-08-28,6300,P,317.75,321.25,319.5,14659,50839,0.1156,-0.221,ES,CME,snap-20260810-es,ES-20260828-6300-P-20260810
2026-08-10,ES,2026-08-28,6350,Call,55,55.5,55.25,4734,12549,0.12,0.758,ES,CME,snap-20260810-es,ES-20260828-6350-C-20260810
20260810,ES,2026-08-28,6350,P,367.75,372,370,4521,22436,0.1166,-0.242,ES,CME,snap-20260810-es,ES-20260828-6350-P-20260810
2026-08-10,ES,2026-08-28,6400,C,55.5,56.25,56,8963,"23,889",0.119,0.739,ES,CME,snap-20260810-es,ES-20260828-6400-C-20260810
08/10/2026,ES,2026-08-28,6400,put,418,423,420.5,4467,19615,0.1176,-0.261,ES,CME,snap-20260810-es,ES-20260828-6400-P-20260810
20260810,ES,08/28/26,6450,C,56,56.75,56.5,"3,433",14523,0.1202,0.72,ES,CME,snap-20260810-es,ES-20260828-6450-C-20260810
2026-08-10,ES,08/28/26,6450,P,468,473.75,471,3355,15974,0.1186,-0.277,ES,CME,snap-20260810-es,ES-20260828-6450-P-20260810
2026-08-10,ES,2026-08-28,6500,C,56.5,57.25,57,3480,8195,0.1213,0.709,ES,CME,snap-20260810-es,ES-20260828-6500-C-20260810
2026-08-10,ES,20260828,6500,P,518,524.5,521.25,2460,9111,0.1195,-0.291,ES,CME,snap-20260810-es,ES-20260828-6500-P-20260810
2026-08-10,ES,2026-08-28,6550,Call,57,57.75,57.5,1083,2554,0.1225,0.697,ES,CME,snap-20260810-es,ES-20260828-6550-C-20260810
2026-08-10,ES,08/28/26,6550,Put,568,575.5,571.75,769,3707,0.12,-0.303,ES,CME,snap-20260810-es,ES-20260828-6550-P-20260810
20260810,es,20260918,5550,C,563.5,571.75,567.5,1490,5930,0.1199,0.704,ES,CME,snap-20260810-es,ES-20260918-5550-C-20260810
2026-08-10,ES,09/18/2026,"5,550.00",P,86,87.25,86.5,1262,3662,0.1256,-0.296,ES,CME,snap-20260810-es,ES-20260918-5550-P-20260810
20260810,ES,09/18/2026,5600,C,513.25,520.5,517,2475,9838,0.1189,0.72,ES,CME,snap-20260810-es,ES-20260918-5600-C-20260810
08/10/26,ES,20260918,"5,600.00",P,85,86.25,85.5,5223,15650,0.1241,-0.282,ES,CME,snap-20260810-es,ES-20260918-5600-P-20260810
20260810,ES,2026-09-18,5650,C,463,469.5,466.25,5308,23133,0.118,0.733,ES,CME,snap-20260810-es,ES-20260918-5650-C-20260810
2026-08-10,ES,09/18/26,5650,P,84,85.25,84.5,5632,"17,253",0.1225,-0.267,ES,CME,snap-20260810-es,ES-20260918-5650-P-20260810
2026-08-10,ES,2026-09-18,5700,C,412.75,418.25,415.5,9327,24657,0.117,0.75,ES,CME,snap-20260810-es,ES-20260918-5700-C-20260810
2026-08-10,ES,20260918,5700,P,83,84,83.5,7020,18725,0.121,-0.25,ES,CME,snap-20260810-es,ES-20260918-5700-P-20260810
2026-08-10,ES,20260918,5750,C,362.5,367.25,365.00,9201,31723,0.116,0.77,ES,CME,snap-20260810-es,ES-20260918-5750-C-20260810
20260810,ES,09/18/2026,"5,750.00",P ,82,83,82.5,9783,27720,0.1194,-0.23,ES,CME,snap-20260810-es,ES-20260918-5750-P-20260810
08/10/2026,ES,2026-09-18,5800,C,312.25,316.25,314.25,10570,27608,0.1151,0.794,ES,CME,snap-20260810-es,ES-20260918-5800-C-20260810
08/10/2026,ES,09/18/26,5800,P,80.75,81.75,81.25,19359,"73,726",0.1178,-0.206,ES,CME,snap-20260810-es,ES-20260918-5800-P-20260810
08/10/26,ES,20260918,5850,Call,261.75,265.25,263.5,11085,43192,0.1141,0.822,ES,CME,snap-20260810-es,ES-20260918-5850-C-20260810
2026-08-10,ES,2026-09-18,5850,put,79.75,80.75,80.25,17233,72200,0.1163,-0.178,ES,CME,snap-20260810-es,ES-20260918-5850-P-20260810
2026-08-10,ES,2026-09-18,5900,C,211.5,214.25,213,15045,60676,0.11,0.857,ES,CME,snap-20260810-es,ES-20260918-5900-C-20260810
2026-08-10,ES,2026-09-18,5900,P,78.75,79.75,79.25,22934,106993,0.1147,-0.143,ES,CME,snap-20260810-es,ES-20260918-5900-P-20260810
2026-08-10,ES,2026-09-18,5950,C,161.25,163.25,162.25,11624,46965,0.1121,0.899,ES,CME,snap-20260810-es,ES-20260918-5950-C-20260810
08/10/2026,ES,20260918,5950,P,77.75,78.50,78.00,8789,46239,0.1131,-0.101,ES,CME,snap-20260810-es,ES-20260918-5950-P-20260810
20260810,ES,2026-09-18,6000,C,110.75,112.25,111.50,13870,52811,0.1112,0.953,ES,CME,snap-20260810-es,ES-20260918-6000-C-20260810
2026-08-10,ES,20260918,6000,P,76.5,77.5,77,11668,51934,0.11,-0.047,ES,CME,snap-20260810-es,ES-20260918-6000-P-20260810
2026-08-10,ES,09/18/2026,6050,C,76,77,76.5,11349,27634,0.1109,0.978,ES,CME,snap-20260810-es,ES-20260918-6050-C-20260810
2026-08-10,ES,2026-09-18,6050,P,91.25,92.25,91.75,19489,67564,0.1108,-0.022,ES,CME,snap-20260810-es,ES-20260918-6050-P-20260810
2026-08-10,ES,09/18/2026,6100,C,77,77.75,77.50,13239,55911,0.112,0.919,ES,CME,snap-20260810-es,ES-20260918-6100-C-20260810
20260810,ES,20260918,6100,P ,141.5,143.25,142.5,17766,70433,0.1118,-0.081,ES,CME,snap-20260810-es,ES-20260918-6100-P-20260810
08/10/26,ES,2026-09-18,6150,C,77.75,78.50,78,12320,47627,0.1132,0.872,ES,CME,snap-20260810-es,ES-20260918-6150-C-20260810
08/10/2026,ES,09/18/26,6150,P,192,194.25,193,16646,64889,0.1127,-0.128,ES,CME,snap-20260810-es,ES-20260918-6150-P-20260810
2026-08-10,ES,2026-09-18,6200,Call,78.5,79.5,79,9862,32933,0.1143,0.835,ES,CME,snap-20260810-es,ES-20260918-6200-C-20260810
2026-08-10,ES,09/18/2026,6200,P,242.25,245.25,243.75,17075,69396,0.11,-0.165,ES,CME,snap-20260810-es,ES-20260918-6200-P-20260810
08/10/2026,ES,09/18/2026,"6,250.00",C,79.25,80.25,79.75,14460,59152,0.1155,0.81,ES,CME,snap-20260810-es,ES-20260918-6250-C-20260810
20260810,es,2026-09-18,6250,P,292.5,296.25,294.5,6606,28208,0.1147,-0.195,ES,CME,snap-20260810-es,ES-20260918-6250-P-20260810
2026-08-10,ES,09/18/2026,6300,C,80,81.00,80.5,8262,19646,0.1167,0.779,ES,CME,snap-20260810-es,ES-20260918-6300-C-20260810
20260810,ES,2026-09-18,6300,P,342.75,347.25,345.00,11679,64404,0.1156,-0.221,ES,CME,snap-20260810-es,ES-20260918-6300-P-20260810
08/10/2026,ES,09/18/2026,6350,C,80.75,82,81.5,4947,23200,0.1178,0.758,ES,CME,snap-20260810-es,ES-20260918-6350-C-20260810
08/10/2026,ES,2026-09-18,6350,P,393,398.5,395.75,10209,41576,0.1166,-0.242,ES,CME,snap-20260810-es,ES-20260918-6350-P-20260810
2026-08-10,es,09/18/2026,6400,C,81.5,82.75,82,4412,12903,0.119,0.739,ES,CME,snap-20260810-es,ES-20260918-6400-C-20260810
2026-08-10,ES,09/18/26,"6,400.00",P,443.5,449.5,446.50,8553,32664,0.1176,-0.261,ES,CME,snap-20260810-es,ES-20260918-6400-P-20260810
08/10/2026,ES,20260918,6450,C,82.5,83.5,83,4739,"22,038",0.1202,0.723,ES,CME,snap-20260810-es,ES-20260918-6450-C-20260810
2026-08-10,ES,2026-09-18,6450,P,493.5,500.5,497,2537,9997,0.1186,-0.277,ES,CME,snap-20260810-es,ES-20260918-6450-P-20260810
20260810,ES,2026-09-18,"6,500.00",C,83.25,84.25,83.75,1108,4327,0.1213,0.709,ES,CME,snap-20260810-es,ES-20260918-6500-C-20260810
20260810,ES,09/18/2026,6500,P,543.75,551.75,547.75,2885,9797,0.1195,-0.291,ES,CME,snap-20260810-es,ES-20260918-6500-P-20260810
20260810,ES,2026-09-18,6550,C,84,85.25,84.5,659,"2,756",0.1225,0.697,ES,CME,snap-20260810-es,ES-20260918-6550-C-20260810
20260810,ES,09/18/2026,6550,put,594,602.75,598.5,425,1889,0.12,-0.303,ES,CME,snap-20260810-es,ES-20260918-6550-P-20260810
08/10/2026,ES,20261016,5550,C,588.25,598.25,593.25,536,1988,0.1199,0.704,ES,CME,snap-20260810-es,ES-20261016-5550-C-20260810
2026-08-10,es,2026-10-16,5550,P,112.75,114.75,113.75,1431,5565,0.1256,-0.296,ES,CME,snap-20260810-es,ES-20261016-5550-P-20260810
2026-08-10,ES,2026-10-16,5600,C,538,546.75,542.5,"4,014",16520,0.1189,0.718,ES,CME,snap-20260810-es,ES-20261016-5600-C-20260810
2026-08-10,ES,2026-10-16,5600,P,111.25,113.25,112.25,4369,23674,0.1241,-0.282,ES,CME,snap-20260810-es,ES-20261016-5600-P-20260810
2026-08-10,ES,10/16/2026,5650,Call,487.5,495.50,491.5,4025,16253,0.118,0.733,ES,CME,snap-20260810-es,ES-20261016-5650-C-20260810
2026-08-10,ES,2026-10-16,5650,P,110,111.75,111,"4,278",14386,0.1225,-0.267,ES,CME,snap-20260810-es,ES-20261016-5650-P-20260810
20260810,ES,2026-10-16,5700,C,437.25,444,440.5,6702,"22,446",0.117,0.75,ES,CME,snap-20260810-es,ES-20261016-5700-C-20260810
2026-08-10,ES,20261016,5700,P,108.5,110.25,109.5,6809,18240,0.121,-0.25,ES,CME,snap-20260810-es,ES-20261016-5700-P-20260810
2026-08-10,ES,10/16/26,5750,C,386.75,392.75,389.75,6640,16607,0.116,0.77,ES,CME,snap-20260810-es,ES-20261016-5750-C-20260810
08/10/26,ES,2026-10-16,5750,P,107.25,109,108,4689,12171,0.1194,-0.23,ES,CME,snap-20260810-es,ES-20261016-5750-P-20260810
2026-08-10,ES,20261016,5800,C,336.25,341.5,339.00,9596,27467,0.1151,0.794,ES,CME,snap-20260810-es,ES-20261016-5800-C-20260810
2026-08-10,ES,10/16/26,5800,P,105.75,107.5,106.5,10256,52399,0.1178,-0.206,ES,CME,snap-20260810-es,ES-20261016-5800-P-20260810
08/10/2026,ES,2026-10-16,5850,C,285.75,290.00,288,9890,44942,0.1141,0.822,ES,CME,snap-20260810-es,ES-20261016-5850-C-20260810
08/10/2026,ES,2026-10-16,5850,P,104.5,106,105.25,13832,55085,0.1163,-0.178,ES,CME,snap-20260810-es,ES-20261016-5850-P-20260810
20260810,ES,10/16/2026,5900,Call,235.5,238.75,237,16573,43999,0.1131,0.857,ES,CME,snap-20260810-es,ES-20261016-5900-C-20260810
20260810,ES,20261016,5900,P,103,104.5,103.75,20258,64945,0.1147,-0.14,ES,CME,snap-20260810-es,ES-20261016-5900-P-20260810
08/10/2026,ES,2026-10-16,5950,C,185,187.5,186.25,"15,837",51793,0.1121,0.899,ES,CME,snap-20260810-es,ES-20261016-5950-C-20260810
08/10/26,ES,2026-10-16,5950,P,101.75,103,102.5,14107,67741,0.11,-0.101,ES,CME,snap-20260810-es,ES-20261016-5950-P-20260810
2026-08-10,ES,2026-10-16,6000,Call,134.5,136.25,135.5,18262,59578,0.1112,0.953,ES,CME,snap-20260810-es,ES-20261016-6000-C-20260810
20260810,ES,20261016,6000,P ,100.25,101.75,101,13900,45216,0.1116,-0.047,ES,CME,snap-20260810-es,ES-20261016-6000-P-20260810
08/10/2026,ES,20261016,6050,C,99.75,101,100.5,"17,089","42,934",0.1109,0.978,ES,CME,snap-20260810-es,ES-20261016-6050-C-20260810
2026-08-10,ES,2026-10-16,6050,P,114.75,116.25,115.50,18484,52959,0.1108,-0.022,ES,CME,snap-20260810-es,ES-20261016-6050-P-20260810
2026-08-10,ES,10/16/26,6100,C,100.75,102,101.5,23569,95109,0.11,0.919,ES,CME,snap-20260810-es,ES-20261016-6100-C-20260810
20260810,es,2026-10-16,"6,100.00",P,165.25,167.5,166.5,9578,49970,0.1118,-0.08,ES,CME,snap-20260810-es,ES-20261016-6100-P-20260810
08/10/2026,es,10/16/2026,6150,C,101.75,103.25,102.5,14725,38880,0.1132,0.87,ES,CME,snap-20260810-es,ES-20261016-6150-C-20260810
2026-08-10,ES,10/16/2026,6150,P,215.75,218.75,217.25,"15,962",50893,0.1127,-0.128,ES,CME,snap-20260810-es,ES-20261016-6150-P-20260810
2026-08-10,ES,2026-10-16,6200,C,102.75,104.25,103.5,9059,33172,0.1143,0.835,ES,CME,snap-20260810-es,ES-20261016-6200-C-20260810
08/10/2026,ES,2026-10-16,6200,P,266.25,270,268,10894,49601,0.1137,-0.165,ES,CME,snap-20260810-es,ES-20261016-6200-P-20260810
20260810,ES,20261016,6250,C,103.75,105.25,104.5,5892,20889,0.1155,0.805,ES,CME,snap-20260810-es,ES-20261016-6250-C-20260810
2026-08-10,ES,2026-10-16,6250,Put,316.75,321.5,319,5128,22647,0.1147,-0.195,ES,CME,snap-20260810-es,ES-20261016-6250-P-20260810
2026-08-10,ES,2026-10-16,6300,Call,104.75,106.5,105.50,5598,19440,0.1167,0.779,ES,CME,snap-20260810-es,ES-20261016-6300-C-20260810
2026-08-10,ES,10/16/2026,6300,P,367,372.75,370,14106,47231,0.1156,-0.221,ES,CME,snap-20260810-es,ES-20261016-6300-P-20260810
20260810,ES,2026-10-16,6350,C,105.75,107.5,106.5,5375,22781,0.1178,0.758,ES,CME,snap-20260810-es,ES-20261016-6350-C-20260810
2026-08-10,ES,20261016,6350,Put,417.5,424,420.75,7626,"27,583",0.1166,-0.242,ES,CME,snap-20260810-es,ES-20261016-6350-P-20260810
2026-08-10,ES,20261016,"6,400.00",C,106.75,108.5,107.5,7534,32824,0.119,0.739,ES,CME,snap-20260810-es,ES-20261016-6400-C-20260810
08/10/2026,ES,2026-10-16,6400,P,468,475.5,471.75,7847,24571,0.1176,-0.261,ES,CME,snap-20260810-es,ES-20261016-6400-P-20260810
20260810,ES,2026-10-16,"6,450.00",C,107.75,109.75,108.75,2646,7285,0.1202,0.723,ES,CME,snap-20260810-es,ES-20261016-6450-C-20260810
20260810,ES,10/16/2026,6450,P,518.25,526.75,522.5,3569,16819,0.1186,-0.28,ES,CME,snap-20260810-es,ES-20261016-6450-P-20260810
08/10/26,ES,2026-10-16,6500,C,109,110.75,110,1975,9381,0.1213,0.709,ES,CME,snap-20260810-es,ES-20261016-6500-C-20260810
08/10/2026,ES,2026-10-16,6500,P,568.75,578.25,573.5,967,4421,0.1195,-0.291,ES,CME,snap-20260810-es,ES-20261016-6500-P-20260810
20260810,ES,2026-10-16,6550,C,110,111.75,111,664,2316,0.1225,0.697,ES,CME,snap-20260810-es,ES-20261016-6550-C-20260810
08/10/2026,ES,10/16/26,6550,P,619,629.5,624.25,439,1615,0.1205,-0.303,ES,CME,snap-20260810-es,ES-20261016-6550-P-20260810
08/10/2026,es,12/18/2026,5550,C,629,643.00,636,251,1101,0.1199,0.70,ES,CME,snap-20260810-es,ES-20261218-5550-C-20260810
2026-08-10,ES,2026-12-18,5550,P,156.75,160,158.5,534,1541,0.1256,-0.296,ES,CME,snap-20260810-es,ES-20261218-5550-P-20260810
2026-08-10,ES,12/18/26,5600,C,578.25,591,584.5,2220,"8,872",0.1189,0.718,ES,CME,snap-20260810-es,ES-20261218-5600-C-20260810
08/10/2026,ES,12/18/2026,5600,P,154.75,158,156.5,1535,8184,0.12,-0.282,ES,CME,snap-20260810-es,ES-20261218-5600-P-20260810
08/10/2026,ES,2026-12-18,5650,Call,527.75,539.25,533.5,2446,5523,0.118,0.733,ES,CME,snap-20260810-es,ES-20261218-5650-C-20260810
2026-08-10,ES,12/18/2026,5650,P,152.75,156,154.5,1002,4994,0.1225,-0.267,ES,CME,snap-20260810-es,ES-20261218-5650-P-20260810
2026-08-10,ES,12/18/26,5700,C,477.25,487.25,482.25,2598,7747,0.117,0.75,ES,CME,snap-20260810-es,ES-20261218-5700-C-20260810
08/10/2026,ES,2026-12-18,5700,Put,150.75,154,152.5,3996,20912,0.121,-0.25,ES,CME,snap-20260810-es,ES-20261218-5700-P-20260810
2026-08-10,ES,2026-12-18,5750,C,426.5,435.5,431,1666,5644,0.116,0.77,ES,CME,snap-20260810-es,ES-20261218-5750-C-20260810
20260810,ES,12/18/2026,5750,P,149,152.00,150.5,"2,857",11411,0.1194,-0.23,ES,CME,snap-20260810-es,ES-20261218-5750-P-20260810
2026-08-10,ES,2026-12-18,5800,C,376,383.75,380,7727,28486,0.1151,0.794,ES,CME,snap-20260810-es,ES-20261218-5800-C-20260810
2026-08-10,ES,12/18/2026,"5,800.00",P,147,150,148.50,3469,10304,0.1178,-0.206,ES,CME,snap-20260810-es,ES-20261218-5800-P-20260810
2026-08-10,ES,12/18/2026,"5,850.00",C,325.25,331.75,328.5,2822,12163,0.1141,0.822,ES,CME,snap-20260810-es,ES-20261218-5850-C-20260810
2026-08-10,ES,2026-12-18,5850,P,145,148,146.50,4092,"22,360",0.1163,-0.178,ES,CME,snap-20260810-es,ES-20261218-5850-P-20260810
08/10/26,ES,2026-12-18,5900,Call,274.5,280,277.25,7956,35621,0.1131,0.857,ES,CME,snap-20260810-es,ES-20261218-5900-C-20260810
20260810,ES,2026-12-18,5900,P,143.25,146,144.5,9792,40402,0.1147,-0.143,ES,CME,snap-20260810-es,ES-20261218-5900-P-20260810
2026-08-10,ES,12/18/2026,"5,950.00",C,224,228.25,226,6635,30439,0.1121,0.899,ES,CME,snap-20260810-es,ES-20261218-5950-C-20260810
20260810,ES,2026-12-18,5950,P,141.25,144,142.5,7341,21707,0.1131,-0.101,ES,CME,snap-20260810-es,ES-20261218-5950-P-20260810
2026-08-10,ES,2026-12-18,6000,C,173.25,176.5,175,11900,37880,0.1112,0.95,ES,CME,snap-20260810-es,ES-20261218-6000-C-20260810
20260810,ES,12/18/2026,6000,P,139.25,142,140.5,5325,17220,0.1116,-0.05,ES,CME,snap-20260810-es,ES-20261218-6000-P-20260810
2026-08-10,ES,2026-12-18,6050,C,138.5,141.00,139.75,9442,21220,0.1109,0.978,ES,CME,snap-20260810-es,ES-20261218-6050-C-20260810
08/10/2026,ES,2026-12-18,6050,P,153.50,156.5,155,6524,25776,0.1108,-0.022,ES,CME,snap-20260810-es,ES-20261218-6050-P-20260810
2026-08-10,ES,2026-12-18,6100,C,139.75,142.5,141,10589,49675,0.112,0.919,ES,CME,snap-20260810-es,ES-20261218-6100-C-20260810
20260810,ES,2026-12-18,6100,P,204.25,208,206,7507,20390,0.1118,-0.08,ES,CME,snap-20260810-es,ES-20261218-6100-P-20260810
2026-08-10,ES,12/18/26,6150,C,141.25,144,142.5,6569,18468,0.1132,0.872,ES,CME,snap-20260810-es,ES-20261218-6150-C-20260810
20260810,ES,2026-12-18,6150,Put,254.75,260,257.5,"5,688",30308,0.1127,-0.128,ES,CME,snap-20260810-es,ES-20261218-6150-P-20260810
2026-08-10,ES,2026-12-18,6200,C,142.75,145.5,144,"8,969",38471,0.1143,0.835,ES,CME,snap-20260810-es,ES-20261218-6200-C-20260810
08/10/2026,ES,2026-12-18,6200,P,305.5,311.75,308.5,4889,15693,0.1137,-0.165,ES,CME,snap-20260810-es,ES-20261218-6200-P-20260810
2026-08-10,ES,12/18/2026,6250,C,144.25,147,145.5,2547,9555,0.1155,0.805,ES,CME,snap-20260810-es,ES-20261218-6250-C-20260810
20260810,ES,20261218,6250,P,356.25,363.5,360,5481,26931,0.1147,-0.195,ES,CME,snap-20260810-es,ES-20261218-6250-P-20260810
2026-08-10,ES,2026-12-18,"6,300.00",C,145.5,148.5,147,5836,15293,0.1167,0.779,ES,CME,snap-20260810-es,ES-20261218-6300-C-20260810
08/10/2026,ES,2026-12-18,6300,P,406.75,415.25,411,5034,27699,0.12,-0.221,ES,CME,snap-20260810-es,ES-20261218-6300-P-20260810
2026-08-10,ES,2026-12-18,6350,C,147,150,148.5,2331,8488,0.1178,0.76,ES,CME,snap-20260810-es,ES-20261218-6350-C-20260810
2026-08-10,ES,20261218,6350,P,457.5,467,462.25,3204,10503,0.1166,-0.242,ES,CME,snap-20260810-es,ES-20261218-6350-P-20260810
08/10/2026,es,2026-12-18,6400,Call,148.5,151.5,150,2379,9949,0.119,0.739,ES,CME,snap-20260810-es,ES-20261218-6400-C-20260810
2026-08-10,ES,20261218,6400,P,508,519,513.5,3722,18878,0.1176,-0.261,ES,CME,snap-20260810-es,ES-20261218-6400-P-20260810
20260810,ES,2026-12-18,6450,C,149.75,153,151.5,1471,"4,721",0.1202,0.723,ES,CME,snap-20260810-es,ES-20261218-6450-C-20260810
2026-08-10,es,12/18/2026,6450,P ,558.5,570.75,564.50,1550,4844,0.1186,-0.277,ES,CME,snap-20260810-es,ES-20261218-6450-P-20260810
20260810,ES,12/18/26,6500,C,151.25,154.5,153.00,1033,3640,0.1213,0.709,ES,CME,snap-20260810-es,ES-20261218-6500-C-20260810
08/10/26,ES,2026-12-18,6500,P,609.25,622.75,616,1430,4758,0.1195,-0.291,ES,CME,snap-20260810-es,ES-20261218-6500-P-20260810
20260810,ES,12/18/26,6550,C,152.75,156,154.5,269,1262,0.12,0.697,ES,CME,snap-20260810-es,ES-20261218-6550-C-20260810
08/10/26,ES,2026-12-18,6550,P ,659.75,674.5,667,302,1281,0.1205,-0.303,ES,CME,snap-20260810-es,ES-20261218-6550-P-20260810
2026-08-11,es,2026-08-21,5550,C,552.75,559.5,556,516,"1,625",0.1204,0.698,ES,CME,snap-20260811-es,ES-20260821-5550-C-20260811
2026-08-11,ES,2026-08-21,5550,P,44.25,44.75,44.5,706,"2,631",0.1265,-0.302,ES,CME,snap-20260811-es,ES-20260821-5550-P-20260811
2026-08-11,ES,08/21/26,5600,C,502.75,508.75,505.75,3715,13968,0.1194,0.71,ES,CME,snap-20260811-es,ES-20260821-5600-C-20260811
2026-08-11,ES,2026-08-21,5600,Put,43.50,44.25,44,"3,613",17001,0.1249,-0.29,ES,CME,snap-20260811-es,ES-20260821-5600-P-20260811
2026-08-11,ES,2026-08-21,5650,C,452.75,458,455.5,2029,8357,0.12,0.724,ES,CME,snap-20260811-es,ES-20260821-5650-C-20260811
2026-08-11,ES,2026-08-21,5650,P,43,43.5,43.25,3587,10282,0.1234,-0.276,ES,CME,snap-20260811-es,ES-20260821-5650-P-20260811
2026-08-11,ES,08/21/2026,5700,C,402.75,407.25,405,9250,36385,0.12,0.74,ES,CME,snap-20260811-es,ES-20260821-5700-C-20260811
08/11/2026,ES,2026-08-21,5700,P,42.50,43.00,42.75,11977,55597,0.1218,-0.26,ES,CME,snap-20260811-es,ES-20260821-5700-P-20260811
2026-08-11,ES,20260821,5750,Call,352.75,356.75,354.75,5895,14158,0.1166,0.759,ES,CME,snap-20260811-es,ES-20260821-5750-C-20260811
2026-08-11,ES,2026-08-21,5750,P,42,42.5,42.25,9210,40379,0.1203,-0.241,ES,CME,snap-20260811-es,ES-20260821-5750-P-20260811
2026-08-11,ES,08/21/2026,5800,Call,302.75,306,304.5,9751,31230,0.12,0.78,ES,CME,snap-20260811-es,ES-20260821-5800-C-20260811
2026-08-11,ES,2026-08-21,5800,P,41.5,42,41.75,6932,17675,0.1187,-0.22,ES,CME,snap-20260811-es,ES-20260821-5800-P-20260811
2026-08-11,ES,2026-08-21,5850,C,252.75,255.25,254,15807,"54,502",0.11,0.806,ES,CME,snap-20260811-es,ES-20260821-5850-C-20260811
08/11/26,ES,08/21/2026,5850,P,41,41.25,41,12801,38485,0.1171,-0.194,ES,CME,snap-20260811-es,ES-20260821-5850-P-20260811
20260811,ES,2026-08-21,5900,C,202.75,204.75,203.75,22385,78266,0.1137,0.836,ES,CME,snap-20260811-es,ES-20260821-5900-C-20260811
20260811,ES,2026-08-21,5900,C,202.75,204.75,203.75,22385,78266,0.1137,0.836,ES,CME,snap-20260811-es-retry,ES-20260821-5900-C-20260811
2026-08-11,ES,2026-08-21,5900,P,40.5,40.75,40.5,9721,39927,0.1156,-0.164,ES,CME,snap-20260811-es,ES-20260821-5900-P-20260811
2026-08-11,ES,20260821,5950,C,152.5,154,153.25,22601,"69,602",0.1127,0.87,ES,CME,snap-20260811-es,ES-20260821-5950-C-20260811
2026-08-11,ES,08/21/2026,"5,950.00",P,39.75,40.25,40,8341,44518,0.114,-0.126,ES,CME,snap-20260811-es,ES-20260821-5950-P-20260811
08/11/2026,ES,08/21/26,6000,Call,102.50,103.5,103,22999,56958,0.1117,0.92,ES,CME,snap-20260811-es,ES-20260821-6000-C-20260811
2026-08-11,ES,2026-08-21,6000,P,39.25,39.75,39.5,29016,136847,0.1125,-0.08,ES,CME,snap-20260811-es,ES-20260821-6000-P-20260811
08/11/26,ES,2026-08-21,6050,C,52.5,53,52.75,21141,50574,0.1108,0.98,ES,CME,snap-20260811-es,ES-20260821-6050-C-20260811
08/11/26,ES,2026-08-21,6050,C,52.5,53,52.75,21141,50574,0.1108,0.98,ES,CME,snap-20260811-es-retry,ES-20260821-6050-C-20260811
20260811,ES,2026-08-21,"6,050.00",P,38.75,39.25,39,29320,129691,0.11,-0.02,ES,CME,snap-20260811-es,ES-20260821-6050-P-20260811
20260811,ES,08/21/2026,6100,Call,39,39.25,39,12724,41982,0.1113,0.951,ES,CME,snap-20260811-es,ES-20260821-6100-C-20260811
2026-08-11,ES,08/21/2026,6100,P,75,75.75,75.5,27077,94860,0.1112,-0.049,ES,CME,snap-20260811-es,ES-20260821-6100-P-20260811
08/11/2026,ES,08/21/2026,6150,C,39.25,39.75,39.5,13266,62115,0.1125,0.898,ES,CME,snap-20260811-es,ES-20260821-6150-C-20260811
2026-08-11,ES,20260821,6150,P,125,126.25,125.5,8699,40193,0.1122,-0.102,ES,CME,snap-20260811-es,ES-20260821-6150-P-20260811
2026-08-11,ES,08/21/2026,6200,Call,39.75,40,40,15853,65519,0.1137,0.856,ES,CME,snap-20260811-es,ES-20260821-6200-C-20260811
2026-08-11,ES,08/21/2026,"6,200.00",P,175.25,176.75,176,21243,58717,0.1131,-0.144,ES,CME,snap-20260811-es,ES-20260821-6200-P-20260811
08/11/26,ES,08/21/2026,6250,C,40.25,40.5,40.5,"14,508","67,719",0.1148,0.822,ES,CME,snap-20260811-es,ES-20260821-6250-C-20260811
2026-08-11,ES,2026-08-21,6250,P,225.25,227.5,226.5,7932,20827,0.11,-0.178,ES,CME,snap-20260811-es,ES-20260821-6250-P-20260811
2026-08-11,ES,2026-08-21,6300,Call,40.5,41.00,40.75,16920,58428,0.116,0.794,ES,CME,snap-20260811-es,ES-20260821-6300-C-20260811
2026-08-11,es,2026-08-21,"6,300.00",P,275.25,278,276.5,15350,52132,0.1151,-0.206,ES,CME,snap-20260811-es,ES-20260821-6300-P-20260811
2026-08-11,ES,08/21/2026,6350,C,41,41.25,41,6257,23113,0.1171,0.77,ES,CME,snap-20260811-es,ES-20260821-6350-C-20260811
2026-08-11,ES,2026-08-21,6350,P,325.25,328.75,327,13129,62995,0.116,-0.23,ES,CME,snap-20260811-es,ES-20260821-6350-P-20260811
08/11/2026,ES,2026-08-21,6400,C,41.25,41.75,41.5,11935,41268,0.1183,0.75,ES,CME,snap-20260811-es,ES-20260821-6400-C-20260811
08/11/2026,ES,2026-08-21,6400,P,375.25,379.5,377.5,10684,41193,0.117,-0.25,ES,CME,snap-20260811-es,ES-20260821-6400-P-20260811
08/11/26,ES,2026-08-21,6450,Call,41.75,42.25,42,2475,6746,0.1194,0.733,ES,CME,snap-20260811-es,ES-20260821-6450-C-20260811
20260811,ES,20260821,6450,put,425.25,430,427.5,7993,43357,0.118,-0.267,ES,CME,snap-20260811-es,ES-20260821-6450-P-20260811
2026-08-11,ES,20260821,6500,C,42,42.5,42.25,6213,24523,0.1206,0.718,ES,CME,snap-20260811-es,ES-20260821-6500-C-20260811
08/11/26,ES,20260821,6500,P,475.25,480.75,478,2581,11361,0.1189,-0.282,ES,CME,snap-20260811-es,ES-20260821-6500-P-20260811
08/11/2026,ES,08/21/2026,6550,C,42.5,43,42.75,1126,4346,0.1218,0.705,ES,CME,snap-20260811-es,ES-20260821-6550-C-20260811
08/11/2026,es,20260821,6550,P,525.25,531.5,528.5,1139,3157,0.1199,-0.295,ES,CME,snap-20260811-es,ES-20260821-6550-P-20260811
2026-08-11,ES,08/28/2026,5550,C,565.25,572.50,569,548,1854,0.1204,0.698,ES,CME,snap-20260811-es,ES-20260828-5550-C-20260811
2026-08-11,ES,20260828,"5,550.00",P,57.5,58.25,58,658,2182,0.1265,-0.302,ES,CME,snap-20260811-es,ES-20260828-5550-P-20260811
2026-08-11,ES,08/28/2026,5600,C,515.25,521.75,518.5,2677,6888,0.1194,0.71,ES,CME,snap-20260811-es,ES-20260828-5600-C-20260811
08/11/2026,ES,2026-08-28,5600,P,56.75,57.50,57,2246,5856,0.1249,-0.29,ES,CME,snap-20260811-es,ES-20260828-5600-P-20260811
08/11/2026,ES,2026-08-28,5650,C,465.25,470.75,468,4801,19127,0.1185,0.724,ES,CME,snap-20260811-es,ES-20260828-5650-C-20260811
08/11/26,es,20260828,5650,P,56.25,56.75,56.5,2276,10502,0.1234,-0.276,ES,CME,snap-20260811-es,ES-20260828-5650-P-20260811
08/11/2026,es,2026-08-28,5700,C,415,420,417.5,9767,27205,0.1175,0.74,ES,CME,snap-20260811-es,ES-20260828-5700-C-20260811
2026-08-11,ES,20260828,5700,P,55.5,56,55.75,10844,56366,0.1218,-0.26,ES,CME,snap-20260811-es,ES-20260828-5700-P-20260811
2026-08-11,ES,2026-08-28,5750,C,365,369.25,367,"6,245",18514,0.1166,0.759,ES,CME,snap-20260811-es,ES-20260828-5750-C-20260811
08/11/26,es,2026-08-28,5750,P,54.75,55.5,55,5744,16053,0.1203,-0.241,ES,CME,snap-20260811-es,ES-20260828-5750-P-20260811
08/11/2026,ES,08/28/26,5800,C,315,318.5,316.75,8152,29939,0.12,0.78,ES,CME,snap-20260811-es,ES-20260828-5800-C-20260811
2026-08-11,ES,2026-08-28,5800,P,54.00,54.75,54.5,18440,62583,0.12,-0.22,ES,CME,snap-20260811-es,ES-20260828-5800-P-20260811
08/11/2026,ES,2026-08-28,5850,C,264.75,267.75,266.25,13110,44027,0.1146,0.806,ES,CME,snap-20260811-es,ES-20260828-5850-C-20260811
08/11/26,ES,2026-08-28,"5,850.00",P,53.25,54,53.5,11712,59550,0.1171,-0.194,ES,CME,snap-20260811-es,ES-20260828-5850-P-20260811
20260811,ES,20260828,5900,C,214.75,217,216,17172,60997,0.1137,0.836,ES,CME,snap-20260811-es,ES-20260828-5900-C-20260811
2026-08-11,ES,2026-08-28,5900,P,52.75,53.25,53.00,10300,"46,927",0.1156,-0.164,ES,CME,snap-20260811-es,ES-20260828-5900-P-20260811
2026-08-11,ES,20260828,5950,C,164.5,166.25,165.5,16854,50278,0.1127,0.874,ES,CME,snap-20260811-es,ES-20260828-5950-C-20260811
08/11/2026,ES,20260828,5950,P,52,52.5,52.25,22301,79824,0.114,-0.126,ES,CME,snap-20260811-es,ES-20260828-5950-P-20260811
20260811,ES,08/28/2026,6000,C,114.25,115.5,115,32048,83488,0.1117,0.92,ES,CME,snap-20260811-es,ES-20260828-6000-C-20260811
2026-08-11,ES,2026-08-28,6000,P,51.25,51.75,51.5,22944,98663,0.1125,-0.08,ES,CME,snap-20260811-es,ES-20260828-6000-P-20260811
2026-08-11,ES,08/28/2026,6050,C,64.25,64.75,64.5,10599,37110,0.1108,0.98,ES,CME,snap-20260811-es,ES-20260828-6050-C-20260811
2026-08-11,ES,08/28/2026,"6,050.00",P,50.5,51.00,50.75,27493,104903,0.1109,-0.02,ES,CME,snap-20260811-es,ES-20260828-6050-P-20260811
20260811,ES,08/28/2026,"6,100.00",C,50.75,51.25,51.00,29362,66660,0.1113,0.951,ES,CME,snap-20260811-es,ES-20260828-6100-C-20260811
08/11/26,es,2026-08-28,6100,P,86.75,87.5,87.00,30731,105870,0.1112,-0.049,ES,CME,snap-20260811-es,ES-20260828-6100-P-20260811
08/11/2026,ES,2026-08-28,6150,C,51.25,51.75,51.5,15430,46561,0.1125,0.898,ES,CME,snap-20260811-es,ES-20260828-6150-C-20260811
08/11/2026,ES,08/28/2026,6150,P,137,138.25,137.5,19911,99667,0.1122,-0.102,ES,CME,snap-20260811-es,ES-20260828-6150-P-20260811
2026-08-11,ES,2026-08-28,6200,C,51.75,52.25,52.00,16006,44880,0.1137,0.856,ES,CME,snap-20260811-es,ES-20260828-6200-C-20260811
2026-08-11,ES,2026-08-28,6200,C,51.75,52.25,52.00,16006,44880,0.1137,0.856,ES,CME,snap-20260811-es-retry,ES-20260828-6200-C-20260811
08/11/2026,ES,2026-08-28,6200,P,187,189,188,13651,60159,0.1131,-0.144,ES,CME,snap-20260811-es,ES-20260828-6200-P-20260811
08/11/2026,ES,2026-08-28,"6,250.00",C,52.25,52.75,52.5,7501,22885,0.1148,0.822,ES,CME,snap-20260811-es,ES-20260828-6250-C-20260811
08/11/2026,ES,08/28/2026,"6,250.00",P,237.25,239.75,238.5,14003,38230,0.1141,-0.178,ES,CME,snap-20260811-es,ES-20260828-6250-P-20260811
2026-08-11,ES,2026-08-28,"6,300.00",C,52.75,53.5,53,8445,"29,490",0.116,0.794,ES,CME,snap-20260811-es,ES-20260828-6300-C-20260811
2026-08-11,ES,20260828,6300,P,287.25,290.5,289,13044,37880,0.1151,-0.206,ES,CME,snap-20260811-es,ES-20260828-6300-P-20260811
2026-08-11,es,2026-08-28,6350,C,53.25,54,53.5,6150,19536,0.1171,0.77,ES,CME,snap-20260811-es,ES-20260828-6350-C-20260811
08/11/2026,ES,2026-08-28,"6,350.00",P,337.5,341.25,339.5,6818,25299,0.116,-0.23,ES,CME,snap-20260811-es,ES-20260828-6350-P-20260811
08/11/26,es,2026-08-28,6400,C,53.75,54.50,54,11539,37827,0.1183,0.75,ES,CME,snap-20260811-es,ES-20260828-6400-C-20260811
20260811,ES,08/28/2026,6400,P,387.50,392,389.75,14244,69344,0.117,-0.25,ES,CME,snap-20260811-es,ES-20260828-6400-P-20260811
2026-08-11,ES,08/28/2026,6450,C,54.50,55,54.75,7002,19770,0.1194,0.73,ES,CME,snap-20260811-es,ES-20260828-6450-C-20260811
08/11/2026,ES,2026-08-28,6450,put,437.75,443,440.5,4214,15077,0.12,-0.267,ES,CME,snap-20260811-es,ES-20260828-6450-P-20260811
08/11/2026,ES,08/28/2026,"6,500.00",C,55,55.5,55.25,4452,16232,0.1206,0.718,ES,CME,snap-20260811-es,ES-20260828-6500-C-20260811
2026-08-11,ES,2026-08-28,6500,P,487.75,493.75,490.75,5320,19806,0.1189,-0.282,ES,CME,snap-20260811-es,ES-20260828-6500-P-20260811
08/11/2026,ES,2026-08-28,6550,C,55.5,56,55.75,1734,7603,0.12,0.705,ES,CME,snap-20260811-es,ES-20260828-6550-C-20260811
08/11/2026,ES,20260828,6550,P,537.75,544.5,541,1738,7303,0.1199,-0.295,ES,CME,snap-20260811-es,ES-20260828-6550-P-20260811
20260811,ES,2026-09-18,5550,C,591.75,600.5,596,363,1427,0.1204,0.698,ES,CME,snap-20260811-es,ES-20260918-5550-C-20260811
08/11/2026,ES,09/18/26,5550,P,86,87.25,86.5,932,4100,0.1265,-0.302,ES,CME,snap-20260811-es,ES-20260918-5550-P-20260811
2026-08-11,ES,2026-09-18,5600,C,541.75,549.5,545.5,2668,8622,0.1194,0.71,ES,CME,snap-20260811-es,ES-20260918-5600-C-20260811
08/11/2026,ES,2026-09-18,5600,P,85,86.25,85.5,3217,14151,0.1249,-0.29,ES,CME,snap-20260811-es,ES-20260918-5600-P-20260811
2026-08-11,ES,2026-09-18,5650,C,491.5,498.25,495,1596,7063,0.1185,0.724,ES,CME,snap-20260811-es,ES-20260918-5650-C-20260811
2026-08-11,ES,20260918,5650,P,84,85,84.5,"4,338",23762,0.1234,-0.276,ES,CME,snap-20260811-es,ES-20260918-5650-P-20260811
2026-08-11,ES,2026-09-18,5700,C,441.25,447.25,444.25,5394,13378,0.1175,0.74,ES,CME,snap-20260811-es,ES-20260918-5700-C-20260811
2026-08-11,ES,2026-09-18,5700,P,82.75,84,83.50,4739,13232,0.12,-0.26,ES,CME,snap-20260811-es,ES-20260918-5700-P-20260811
2026-08-11,ES,09/18/2026,5750,C,391,396.25,393.5,5907,13953,0.1166,0.759,ES,CME,snap-20260811-es,ES-20260918-5750-C-20260811
2026-08-11,ES,2026-09-18,5750,P,81.75,83,82.5,7637,25519,0.1203,-0.241,ES,CME,snap-20260811-es,ES-20260918-5750-P-20260811
20260811,ES,2026-09-18,5800,C,340.75,345,343,9277,25176,0.1156,0.78,ES,CME,snap-20260811-es,ES-20260918-5800-C-20260811
2026-08-11,ES,09/18/2026,"5,800.00",P,80.75,81.75,81.25,13751,65397,0.1187,-0.22,ES,CME,snap-20260811-es,ES-20260918-5800-P-20260811
2026-08-11,ES,09/18/2026,5850,Call,290.5,294,292.25,9518,36449,0.1146,0.806,ES,CME,snap-20260811-es,ES-20260918-5850-C-20260811
2026-08-11,ES,09/18/2026,5850,P,79.75,80.75,80.25,6123,30251,0.1171,-0.194,ES,CME,snap-20260811-es,ES-20260918-5850-P-20260811
20260811,ES,09/18/2026,5900,C,240,243,241.5,21160,91438,0.1137,0.836,ES,CME,snap-20260811-es,ES-20260918-5900-C-20260811
2026-08-11,ES,20260918,5900,P ,78.75,79.75,79.25,17634,77374,0.1156,-0.164,ES,CME,snap-20260811-es,ES-20260918-5900-P-20260811
2026-08-11,ES,2026-09-18,5950,Call,189.75,192,191,18002,66249,0.1127,0.874,ES,CME,snap-20260811-es,ES-20260918-5950-C-20260811
2026-08-11,ES,2026-09-18,5950,put,77.5,78.5,78.00,16028,83498,0.114,-0.126,ES,CME,snap-20260811-es,ES-20260918-5950-P-20260811
2026-08-11,ES,09/18/2026,6000,C,139.5,141,140.25,22575,97425,0.1117,0.92,ES,CME,snap-20260811-es,ES-20260918-6000-C-20260811
2026-08-11,ES,09/18/2026,6000,P,76.5,77.5,77,26139,"122,894",0.1125,-0.08,ES,CME,snap-20260811-es,ES-20260918-6000-P-20260811
2026-08-11,ES,2026-09-18,6050,C,89,90,89.5,18799,68439,0.1108,0.98,ES,CME,snap-20260811-es,ES-20260918-6050-C-20260811
2026-08-11,ES,20260918,6050,P,75.5,76.5,76,18364,47587,0.1109,-0.02,ES,CME,snap-20260811-es,ES-20260918-6050-P-20260811
08/11/26,ES,20260918,6100,C,75.75,76.75,76.25,24622,57203,0.1113,0.951,ES,CME,snap-20260811-es,ES-20260918-6100-C-20260811
08/11/2026,ES,2026-09-18,6100,P,111.75,113,112.5,23716,103691,0.1112,-0.049,ES,CME,snap-20260811-es,ES-20260918-6100-P-20260811
20260811,ES,2026-09-18,6150,C,76.5,77.50,77.00,"14,554",66246,0.1125,0.898,ES,CME,snap-20260811-es,ES-20260918-6150-C-20260811
20260811,ES,2026-09-18,6150,P,162,164,163,15757,77906,0.1122,-0.102,ES,CME,snap-20260811-es,ES-20260918-6150-P-20260811
20260811,ES,20260918,6200,C,77.25,78.25,77.75,23652,86268,0.1137,0.856,ES,CME,snap-20260811-es,ES-20260918-6200-C-20260811
08/11/2026,ES,2026-09-18,6200,P,212.5,215,213.75,9742,47520,0.1131,-0.144,ES,CME,snap-20260811-es,ES-20260918-6200-P-20260811
2026-08-11,ES,2026-09-18,6250,C,78.25,79,78.5,8355,18932,0.1148,0.822,ES,CME,snap-20260811-es,ES-20260918-6250-C-20260811
2026-08-11,ES,2026-09-18,6250,P,262.75,266,264.5,10017,34509,0.1141,-0.178,ES,CME,snap-20260811-es,ES-20260918-6250-P-20260811
2026-08-11,ES,09/18/2026,6300,C,79,80,79.5,14730,69787,0.116,0.794,ES,CME,snap-20260811-es,ES-20260918-6300-C-20260811
08/11/26,ES,09/18/2026,6300,P,313,317,315,16489,51064,0.1151,-0.206,ES,CME,snap-20260811-es,ES-20260918-6300-P-20260811
08/11/2026,ES,2026-09-18,"6,350.00",Call,79.75,80.75,80.25,10064,41560,0.1171,0.77,ES,CME,snap-20260811-es,ES-20260918-6350-C-20260811
08/11/2026,ES,2026-09-18,6350,P,363.25,368,365.5,4626,19634,0.116,-0.23,ES,CME,snap-20260811-es,ES-20260918-6350-P-20260811
20260811,ES,09/18/26,6400,C,80.5,81.5,81,6784,17571,0.1183,0.75,ES,CME,snap-20260811-es,ES-20260918-6400-C-20260811
2026-08-11,ES,09/18/26,6400,P,413.5,419.25,416.5,13211,64546,0.117,-0.25,ES,CME,snap-20260811-es,ES-20260918-6400-P-20260811
08/11/2026,ES,09/18/2026,6450,C,81.25,82.25,81.75,3332,"11,917",0.1194,0.733,ES,CME,snap-20260811-es,ES-20260918-6450-C-20260811
20260811,ES,20260918,6450,P,463.75,470.25,467,6302,26502,0.118,-0.267,ES,CME,snap-20260811-es,ES-20260918-6450-P-20260811
2026-08-11,ES,2026-09-18,6500,Call,82,83.25,82.5,5085,"23,321",0.1206,0.718,ES,CME,snap-20260811-es,ES-20260918-6500-C-20260811
2026-08-11,ES,09/18/2026,6500,P,514,521.25,517.5,2690,12510,0.1189,-0.282,ES,CME,snap-20260811-es,ES-20260918-6500-P-20260811
2026-08-11,ES,09/18/2026,6500,P,514,521.25,517.5,2690,12510,0.1189,-0.282,ES,CME,snap-20260811-es-retry,ES-20260918-6500-P-20260811
08/11/2026,ES,20260918,6550,C,82.75,84,83.5,722,2655,0.12,0.705,ES,CME,snap-20260811-es,ES-20260918-6550-C-20260811
2026-08-11,ES,2026-09-18,6550,P,564.25,572.5,568.5,607,2206,0.1199,-0.295,ES,CME,snap-20260811-es,ES-20260918-6550-P-20260811
08/11/2026,ES,2026-10-16,5550,C,617.25,627.75,622.5,269,1099,0.1204,0.698,ES,CME,snap-20260811-es,ES-20261016-5550-C-20260811
2026-08-11,ES,10/16/2026,5550,P,113.25,115,114,556,2481,0.1265,-0.302,ES,CME,snap-20260811-es,ES-20261016-5550-P-20260811
08/11/2026,ES,20261016,5600,C,566.75,576.25,571.5,2728,9863,0.1194,0.71,ES,CME,snap-20260811-es,ES-20261016-5600-C-20260811
2026-08-11,ES,10/16/2026,5600,P,111.75,113.75,112.75,2872,"13,541",0.1249,-0.29,ES,CME,snap-20260811-es,ES-20261016-5600-P-20260811
08/11/26,ES,10/16/2026,5650,C,516.5,525,520.75,2482,7480,0.1185,0.724,ES,CME,snap-20260811-es,ES-20261016-5650-C-20260811
2026-08-11,ES,20261016,5650,P,110.5,112.25,111.50,1626,"6,517",0.12,-0.276,ES,CME,snap-20260811-es,ES-20261016-5650-P-20260811
2026-08-11,ES,2026-10-16,"5,700.00",C,466,473.5,469.75,5070,15680,0.12,0.74,ES,CME,snap-20260811-es,ES-20261016-5700-C-20260811
2026-08-11,ES,2026-10-16,5700,P,109,110.75,110,3288,8431,0.1218,-0.26,ES,CME,snap-20260811-es,ES-20261016-5700-P-20260811
20260811,ES,2026-10-16,5750,C,415.75,422.25,419,4963,11141,0.1166,0.759,ES,CME,snap-20260811-es,ES-20261016-5750-C-20260811
08/11/2026,ES,10/16/2026,5750,P,107.75,109.25,108.5,8604,45999,0.1203,-0.241,ES,CME,snap-20260811-es,ES-20261016-5750-P-20260811
20260811,ES,20261016,5800,C,365.25,370.75,368,11967,"48,294",0.1156,0.78,ES,CME,snap-20260811-es,ES-20261016-5800-C-20260811
2026-08-11,ES,2026-10-16,5800,P,106.25,108,107,6056,19906,0.1187,-0.22,ES,CME,snap-20260811-es,ES-20261016-5800-P-20260811
2026-08-11,ES,2026-10-16,"5,850.00",C,314.75,319.5,317,6852,22669,0.1146,0.806,ES,CME,snap-20260811-es,ES-20261016-5850-C-20260811
2026-08-11,ES,2026-10-16,5850,P ,105,106.5,105.75,7771,23304,0.1171,-0.194,ES,CME,snap-20260811-es,ES-20261016-5850-P-20260811
08/11/2026,ES,2026-10-16,5900,C,264.5,268.25,266.5,14283,57326,0.1137,0.836,ES,CME,snap-20260811-es,ES-20261016-5900-C-20260811
08/11/2026,ES,2026-10-16,5900,P,103.5,105.00,104.25,11462,61327,0.1156,-0.164,ES,CME,snap-20260811-es,ES-20261016-5900-P-20260811
20260811,ES,10/16/26,5950,C,214,217,215.5,10048,24589,0.1127,0.874,ES,CME,snap-20260811-es,ES-20261016-5950-C-20260811
2026-08-11,ES,2026-10-16,5950,P,102.25,103.75,103,9416,51210,0.114,-0.126,ES,CME,snap-20260811-es,ES-20261016-5950-P-20260811
08/11/2026,ES,10/16/2026,6000,C,163.5,165.75,164.5,14371,37859,0.1117,0.92,ES,CME,snap-20260811-es,ES-20261016-6000-C-20260811
20260811,es,10/16/2026,6000,put,100.75,102.25,101.5,12303,63301,0.1125,-0.08,ES,CME,snap-20260811-es,ES-20261016-6000-P-20260811
20260811,ES,2026-10-16,6050,C,113,114.5,113.75,"11,092","50,613",0.1108,0.98,ES,CME,snap-20260811-es,ES-20261016-6050-C-20260811
08/11/2026,ES,20261016,6050,P,99.50,100.75,100,11417,34447,0.1109,-0.02,ES,CME,snap-20260811-es,ES-20261016-6050-P-20260811
08/11/26,ES,10/16/2026,6100,C,99.75,101.25,100.5,25743,"122,693",0.1113,0.951,ES,CME,snap-20260811-es,ES-20261016-6100-C-20260811
2026-08-11,ES,2026-10-16,6100,P,135.75,137.5,136.5,14021,48398,0.1112,-0.049,ES,CME,snap-20260811-es,ES-20261016-6100-P-20260811
2026-08-11,ES,10/16/2026,6150,C,100.75,102.25,101.5,14540,"45,665",0.1125,0.898,ES,CME,snap-20260811-es,ES-20261016-6150-C-20260811
2026-08-11,ES,2026-10-16,6150,P,186.25,188.75,187.5,14349,43184,0.1122,-0.10,ES,CME,snap-20260811-es,ES-20261016-6150-P-20260811
2026-08-11,ES,2026-10-16,6200,C,101.75,103.25,102.5,"15,188",52271,0.1137,0.856,ES,CME,snap-20260811-es,ES-20261016-6200-C-20260811
08/11/2026,ES,20261016,6200,P,236.75,240,238.5,21528,106716,0.1131,-0.144,ES,CME,snap-20260811-es,ES-20261016-6200-P-20260811
20260811,ES,2026-10-16,6250,C,102.75,104.5,103.50,12300,52581,0.1148,0.822,ES,CME,snap-20260811-es,ES-20261016-6250-C-20260811
08/11/2026,ES,2026-10-16,6250,P,287,291.25,289,8244,30441,0.1141,-0.178,ES,CME,snap-20260811-es,ES-20261016-6250-P-20260811
08/11/26,ES,10/16/2026,6300,C,103.75,105.5,104.5,12013,46186,0.116,0.794,ES,CME,snap-20260811-es,ES-20261016-6300-C-20260811
2026-08-11,ES,10/16/2026,6300,P,337.5,342.75,340,8918,38528,0.1151,-0.206,ES,CME,snap-20260811-es,ES-20261016-6300-P-20260811
20260811,ES,10/16/26,6350,C,105,106.5,105.75,8758,28448,0.1171,0.77,ES,CME,snap-20260811-es,ES-20261016-6350-C-20260811
2026-08-11,ES,2026-10-16,6350,P ,388,394,391,3823,11493,0.116,-0.23,ES,CME,snap-20260811-es,ES-20261016-6350-P-20260811
08/11/26,ES,2026-10-16,6400,C,106,107.5,106.75,3990,13274,0.1183,0.75,ES,CME,snap-20260811-es,ES-20261016-6400-C-20260811
2026-08-11,ES,2026-10-16,6400,P,438.25,445.25,441.75,6434,34779,0.117,-0.25,ES,CME,snap-20260811-es,ES-20261016-6400-P-20260811
20260811,ES,10/16/2026,6450,C,107,108.75,108,"3,826",12262,0.1194,0.733,ES,CME,snap-20260811-es,ES-20261016-6450-C-20260811
08/11/26,ES,2026-10-16,"6,450.00",P,488.75,496.75,492.75,2452,8091,0.118,-0.267,ES,CME,snap-20260811-es,ES-20261016-6450-P-20260811
2026-08-11,ES,2026-10-16,6500,Call,108,109.75,109,4429,16912,0.1206,0.718,ES,CME,snap-20260811-es,ES-20261016-6500-C-20260811
20260811,ES,2026-10-16,"6,500.00",P,539,548,543.5,2975,11727,0.1189,-0.282,ES,CME,snap-20260811-es,ES-20261016-6500-P-20260811
08/11/26,ES,2026-10-16,"6,550.00",C,109,110.75,110,474,1046,0.1218,0.705,ES,CME,snap-20260811-es,ES-20261016-6550-C-20260811
2026-08-11,ES,20261016,6550,P,589.5,599.5,594.5,1374,5376,0.1199,-0.295,ES,CME,snap-20260811-es,ES-20261016-6550-P-20260811
2026-08-11,ES,12/18/26,5550,C,658.25,673,665.5,201,689,0.1204,0.698,ES,CME,snap-20260811-es,ES-20261218-5550-C-20260811
2026-08-11,ES,2026-12-18,5550,P ,157.75,161.25,159.50,350,1455,0.1265,-0.302,ES,CME,snap-20260811-es,ES-20261218-5550-P-20260811
08/11/2026,ES,2026-12-18,5600,Call,607.75,621.25,614.5,967,"4,442",0.1194,0.71,ES,CME,snap-20260811-es,ES-20261218-5600-C-20260811
2026-08-11,ES,2026-12-18,5600,P,156,159.25,157.5,1551,7660,0.1249,-0.29,ES,CME,snap-20260811-es,ES-20261218-5600-P-20260811
08/11/2026,ES,2026-12-18,5650,C,557.25,569.25,563.25,1212,5568,0.12,0.724,ES,CME,snap-20260811-es,ES-20261218-5650-C-20260811
2026-08-11,ES,20261218,5650,P,154,157.25,155.5,1375,6316,0.1234,-0.276,ES,CME,snap-20260811-es,ES-20261218-5650-P-20260811
2026-08-11,ES,2026-12-18,5700,C,506.5,517.5,512,3310,15326,0.1175,0.74,ES,CME,snap-20260811-es,ES-20261218-5700-C-20260811
08/11/2026,ES,12/18/26,5700,P,152,155.25,153.5,1851,7740,0.1218,-0.26,ES,CME,snap-20260811-es,ES-20261218-5700-P-20260811
2026-08-11,ES,2026-12-18,5750,C,456,465.5,460.75,3609,"10,652",0.1166,0.759,ES,CME,snap-20260811-es,ES-20261218-5750-C-20260811
2026-08-11,ES,12/18/26,"5,750.00",P,150.25,153.25,151.75,3930,10589,0.12,-0.241,ES,CME,snap-20260811-es,ES-20261218-5750-P-20260811
2026-08-11,ES,2026-12-18,5800,Call,405.5,413.75,409.5,7095,18057,0.12,0.78,ES,CME,snap-20260811-es,ES-20261218-5800-C-20260811
2026-08-11,ES,20261218,5800,P,148.25,151.25,149.75,3170,14997,0.1187,-0.22,ES,CME,snap-20260811-es,ES-20261218-5800-P-20260811
2026-08-11,ES,20261218,5850,C,354.75,362,358.5,3767,15012,0.1146,0.806,ES,CME,snap-20260811-es,ES-20261218-5850-C-20260811
2026-08-11,ES,12/18/26,5850,put,146.25,149.25,147.75,6003,31493,0.1171,-0.194,ES,CME,snap-20260811-es,ES-20261218-5850-P-20260811
20260811,ES,2026-12-18,"5,900.00",C,304,310.25,307,5346,25611,0.1137,0.836,ES,CME,snap-20260811-es,ES-20261218-5900-C-20260811
08/11/2026,ES,2026-12-18,5900,P ,144.5,147.25,146,6772,32257,0.1156,-0.164,ES,CME,snap-20260811-es,ES-20261218-5900-P-20260811
08/11/2026,ES,2026-12-18,5950,Call,253.5,258.5,256,7026,19279,0.1127,0.874,ES,CME,snap-20260811-es,ES-20261218-5950-C-20260811
08/11/2026,ES,20261218,5950,P,142.5,145.25,144,3099,8476,0.114,-0.126,ES,CME,snap-20260811-es,ES-20261218-5950-P-20260811
2026-08-11,ES,2026-12-18,"6,000.00",Call,202.75,206.75,204.75,6990,20045,0.1117,0.92,ES,CME,snap-20260811-es,ES-20261218-6000-C-20260811
08/11/26,ES,20261218,6000,P,140.5,143.25,142,6377,25640,0.1125,-0.08,ES,CME,snap-20260811-es,ES-20261218-6000-P-20260811
2026-08-11,ES,2026-12-18,6050,C,152,155,153.5,10301,28605,0.1108,0.98,ES,CME,snap-20260811-es,ES-20261218-6050-C-20260811
2026-08-11,ES,2026-12-18,6050,P,138.75,141.25,140,4475,22104,0.1109,-0.02,ES,CME,snap-20260811-es,ES-20261218-6050-P-20260811
2026-08-11,ES,2026-12-18,6100,C,139.25,141.75,140.5,12469,45719,0.1113,0.951,ES,CME,snap-20260811-es,ES-20261218-6100-C-20260811
08/11/2026,ES,2026-12-18,6100,put,174.75,178.25,176.5,9070,48375,0.1112,-0.049,ES,CME,snap-20260811-es,ES-20261218-6100-P-20260811
08/11/26,ES,12/18/2026,6150,C,140.5,143.25,142,4356,17583,0.1125,0.898,ES,CME,snap-20260811-es,ES-20261218-6150-C-20260811
2026-08-11,ES,2026-12-18,6150,P,225.5,230.00,227.75,4652,14306,0.1122,-0.102,ES,CME,snap-20260811-es,ES-20261218-6150-P-20260811
2026-08-11,es,2026-12-18,6200,C,142,144.75,143.5,7367,20770,0.1137,0.856,ES,CME,snap-20260811-es,ES-20261218-6200-C-20260811
2026-08-11,ES,20261218,6200,P,276.25,281.75,279,11095,59445,0.1131,-0.144,ES,CME,snap-20260811-es,ES-20261218-6200-P-20260811
20260811,ES,2026-12-18,6250,C,143.5,146.25,145,5107,22548,0.1148,0.822,ES,CME,snap-20260811-es,ES-20261218-6250-C-20260811
2026-08-11,es,2026-12-18,6250,P,327.00,333.5,330.25,5462,28565,0.1141,-0.178,ES,CME,snap-20260811-es,ES-20261218-6250-P-20260811
2026-08-11,ES,20261218,6300,C,144.75,147.75,146.25,7355,25215,0.116,0.794,ES,CME,snap-20260811-es,ES-20261218-6300-C-20260811
08/11/2026,ES,2026-12-18,6300,P,377.5,385.25,381.5,4068,19587,0.1151,-0.206,ES,CME,snap-20260811-es,ES-20261218-6300-P-20260811
2026-08-11,ES,2026-12-18,6350,C,146.25,149.25,147.75,3134,7566,0.1171,0.77,ES,CME,snap-20260811-es,ES-20261218-6350-C-20260811
08/11/26,es,20261218,6350,P,428.25,437,432.5,"2,084",9055,0.116,-0.23,ES,CME,snap-20260811-es,ES-20261218-6350-P-20260811
08/11/2026,ES,12/18/26,6400,C,147.75,150.75,149.25,1852,4196,0.1183,0.75,ES,CME,snap-20260811-es,ES-20261218-6400-C-20260811
20260811,ES,12/18/2026,6400,P,478.75,489.00,484.00,4823,20362,0.12,-0.25,ES,CME,snap-20260811-es,ES-20261218-6400-P-20260811
08/11/2026,ES,12/18/2026,6450,C,149,152.25,150.5,1397,4059,0.1194,0.733,ES,CME,snap-20260811-es,ES-20261218-6450-C-20260811
2026-08-11,ES,20261218,6450,put,529.25,540.75,535,2908,12042,0.118,-0.267,ES,CME,snap-20260811-es,ES-20261218-6450-P-20260811
2026-08-11,ES,2026-12-18,6500,C,150.5,153.75,152,1839,6156,0.1206,0.72,ES,CME,snap-20260811-es,ES-20261218-6500-C-20260811
2026-08-11,ES,2026-12-18,6500,P,580,592.75,586.5,924,2745,0.1189,-0.282,ES,CME,snap-20260811-es,ES-20261218-6500-P-20260811
08/11/2026,es,20261218,"6,550.00",Call,152,155.25,153.5,472,1689,0.1218,0.705,ES,CME,snap-20260811-es,ES-20261218-6550-C-20260811
2026-08-11,es,2026-12-18,"6,550.00",P,630.5,644.5,637.5,720,2240,0.1199,-0.295,ES,CME,snap-20260811-es,ES-20261218-6550-P-20260811
2026-08-12,ES,08/21/26,5450,C,556.5,563.25,560,689,1983,0.1207,0.69,ES,CME,snap-20260812-es,ES-20260821-5450-C-20260812
20260812,ES,2026-08-21,5450,P,41.5,42,41.75,1310,3971,0.1269,-0.305,ES,CME,snap-20260812-es,ES-20260821-5450-P-20260812
20260812,ES,08/21/26,5500,C,506.5,512.5,509.5,2026,"7,864",0.12,0.707,ES,CME,snap-20260812-es,ES-20260821-5500-C-20260812
2026-08-12,ES,2026-08-21,5500,P,41,41.25,41,1818,4753,0.1253,-0.293,ES,CME,snap-20260812-es,ES-20260821-5500-P-20260812
2026-08-12,ES,20260821,5550,C,456.5,461.75,459,"3,087",12157,0.12,0.721,ES,CME,snap-20260812-es,ES-20260821-5550-C-20260812
08/12/2026,ES,08/21/2026,5550,P,40.5,40.75,40.5,3467,16687,0.1238,-0.279,ES,CME,snap-20260812-es,ES-20260821-5550-P-20260812
2026-08-12,ES,20260821,5600,Call,406.5,411.25,409,7076,25599,0.1178,0.736,ES,CME,snap-20260812-es,ES-20260821-5600-C-20260812
2026-08-12,ES,08/21/26,5600,P,39.75,40.25,40,7052,23439,0.1222,-0.264,ES,CME,snap-20260812-es,ES-20260821-5600-P-20260812
2026-08-12,ES,20260821,5650,C,356.5,360.5,358.5,6215,18624,0.1168,0.754,ES,CME,snap-20260812-es,ES-20260821-5650-C-20260812
2026-08-12,ES,2026-08-21,5650,P,39.25,39.75,39.5,4317,12091,0.1206,-0.246,ES,CME,snap-20260812-es,ES-20260821-5650-P-20260812
2026-08-12,es,2026-08-21,5700,C,306.5,309.75,308,15350,59790,0.12,0.776,ES,CME,snap-20260812-es,ES-20260821-5700-C-20260812
2026-08-12,ES,08/21/26,5700,P,38.75,39.25,39,6546,24011,0.119,-0.224,ES,CME,snap-20260812-es,ES-20260821-5700-P-20260812
08/12/2026,ES,08/21/26,5750,C,256.5,259.25,258,"15,451",64083,0.1148,0.8,ES,CME,snap-20260812-es,ES-20260821-5750-C-20260812
2026-08-12,ES,08/21/2026,5750,P,38.25,38.75,38.5,12831,66243,0.1175,-0.2,ES,CME,snap-20260812-es,ES-20260821-5750-P-20260812
2026-08-12,ES,08/21/26,"5,800.00",C,206.5,208.75,207.5,20692,48461,0.1138,0.83,ES,CME,snap-20260812-es,ES-20260821-5800-C-20260812
2026-08-12,ES,08/21/26,5800,P,37.75,38.25,38,29435,93773,0.1159,-0.17,ES,CME,snap-20260812-es,ES-20260821-5800-P-20260812
2026-08-12,ES,2026-08-21,5850,C,156.5,158,157.25,17428,52909,0.1129,0.867,ES,CME,snap-20260812-es,ES-20260821-5850-C-20260812
2026-08-12,ES,2026-08-21,5850,P,37.25,37.75,37.5,11158,53883,0.1143,-0.13,ES,CME,snap-20260812-es,ES-20260821-5850-P-20260812
08/12/2026,ES,2026-08-21,5900,C,106.5,107.5,107,25311,81989,0.1119,0.913,ES,CME,snap-20260812-es,ES-20260821-5900-C-20260812
2026-08-12,ES,2026-08-21,5900,P,36.75,37.25,37.00,22140,119894,0.1127,-0.087,ES,CME,snap-20260812-es,ES-20260821-5900-P-20260812
08/12/26,ES,08/21/2026,5950,C,56.5,57,56.75,24190,61938,0.1109,0.971,ES,CME,snap-20260812-es,ES-20260821-5950-C-20260812
2026-08-12,ES,2026-08-21,5950,P,36.25,36.75,36.5,29193,74438,0.11,-0.029,ES,CME,snap-20260812-es,ES-20260821-5950-P-20260812
2026-08-12,ES,20260821,6000,C,36.25,36.75,36.5,15216,54412,0.1112,0.959,ES,CME,snap-20260812-es,ES-20260821-6000-C-20260812
2026-08-12,ES,2026-08-21,6000,P,66,66.5,66.25,40047,215905,0.1111,-0.041,ES,CME,snap-20260812-es,ES-20260821-6000-P-20260812
2026-08-12,ES,2026-08-21,6050,C,36.75,37,37.00,21673,72399,0.1124,0.903,ES,CME,snap-20260812-es,ES-20260821-6050-C-20260812
2026-08-12,ES,08/21/2026,6050,P,116,117,116.5,24169,115223,0.11,-0.097,ES,CME,snap-20260812-es,ES-20260821-6050-P-20260812
2026-08-12,ES,2026-08-21,6100,C,37,37.5,37.25,21880,52810,0.1136,0.859,ES,CME,snap-20260812-es,ES-20260821-6100-C-20260812
2026-08-12,ES,08/21/2026,6100,P,166,167.75,167,31242,111782,0.113,-0.141,ES,CME,snap-20260812-es,ES-20260821-6100-P-20260812
2026-08-12,es,08/21/26,6150,C,37.5,37.75,37.5,17477,54688,0.1147,0.824,ES,CME,snap-20260812-es,ES-20260821-6150-C-20260812
2026-08-12,ES,2026-08-21,6150,P,216,218.25,217,10893,56389,0.114,-0.176,ES,CME,snap-20260812-es,ES-20260821-6150-P-20260812
2026-08-12,ES,08/21/2026,6200,C,37.75,38.25,38,15593,59516,0.1159,0.795,ES,CME,snap-20260812-es,ES-20260821-6200-C-20260812
20260812,ES,20260821,6200,Put,266,268.75,267.5,8296,21312,0.115,-0.205,ES,CME,snap-20260812-es,ES-20260821-6200-P-20260812
20260812,ES,2026-08-21,6250,C,38.25,38.5,38.5,9185,22918,0.1171,0.771,ES,CME,snap-20260812-es,ES-20260821-6250-C-20260812
2026-08-12,ES,2026-08-21,"6,250.00",P,316,319.5,317.75,12082,50528,0.116,-0.229,ES,CME,snap-20260812-es,ES-20260821-6250-P-20260812
08/12/26,ES,2026-08-21,6300,C,38.5,39,38.75,13502,32862,0.1183,0.751,ES,CME,snap-20260812-es,ES-20260821-6300-C-20260812
08/12/26,ES,2026-08-21,6300,P,366,370.25,368,14159,54422,0.117,-0.249,ES,CME,snap-20260812-es,ES-20260821-6300-P-20260812
08/12/2026,ES,2026-08-21,6350,C,39,39.5,39.25,3227,13104,0.1194,0.733,ES,CME,snap-20260812-es,ES-20260821-6350-C-20260812
08/12/2026,es,08/21/26,6350,P,416.00,420.75,418.50,8177,36970,0.1179,-0.267,ES,CME,snap-20260812-es,ES-20260821-6350-P-20260812
20260812,ES,2026-08-21,6400,C,39.25,39.75,39.5,5179,17472,0.1206,0.718,ES,CME,snap-20260812-es,ES-20260821-6400-C-20260812
08/12/26,ES,2026-08-21,6400,P,466,471.5,468.75,6415,20751,0.1189,-0.282,ES,CME,snap-20260812-es,ES-20260821-6400-P-20260812
2026-08-12,ES,2026-08-21,6450,C,39.75,40.25,40,731,1898,0.1218,0.704,ES,CME,snap-20260812-es,ES-20260821-6450-C-20260812
08/12/2026,ES,20260821,6450,P,516,522.25,519,1915,9572,0.1199,-0.296,ES,CME,snap-20260812-es,ES-20260821-6450-P-20260812
2026-08-12,ES,08/28/26,5450,C,569.5,576.75,573,900,3610,0.1207,0.695,ES,CME,snap-20260812-es,ES-20260828-5450-C-20260812
2026-08-12,ES,2026-08-28,5450,P,55.25,56,55.5,863,4484,0.1269,-0.305,ES,CME,snap-20260812-es,ES-20260828-5450-P-20260812
2026-08-12,ES,2026-08-28,5500,Call,519.25,526,522.5,2239,6131,0.12,0.707,ES,CME,snap-20260812-es,ES-20260828-5500-C-20260812
2026-08-12,ES,08/28/2026,5500,P,54.5,55.25,55,2187,10084,0.1253,-0.293,ES,CME,snap-20260812-es,ES-20260828-5500-P-20260812
08/12/2026,ES,2026-08-28,5550,C,469.25,475,472.00,3969,8888,0.1187,0.72,ES,CME,snap-20260812-es,ES-20260828-5550-C-20260812
2026-08-12,ES,08/28/2026,"5,550.00",P,53.75,54.5,54,4090,16692,0.1238,-0.279,ES,CME,snap-20260812-es,ES-20260828-5550-P-20260812
2026-08-12,ES,08/28/2026,5600,C,419.25,424.25,421.75,4635,12823,0.1178,0.736,ES,CME,snap-20260812-es,ES-20260828-5600-C-20260812
2026-08-12,ES,08/28/2026,5600,P,53.25,53.75,53.50,4923,15609,0.12,-0.264,ES,CME,snap-20260812-es,ES-20260828-5600-P-20260812
20260812,es,08/28/26,5650,C,369.25,373.5,371.50,5790,26596,0.1168,0.754,ES,CME,snap-20260812-es,ES-20260828-5650-C-20260812
2026-08-12,es,08/28/26,"5,650.00",P,52.5,53,52.75,10818,52224,0.1206,-0.246,ES,CME,snap-20260812-es,ES-20260828-5650-P-20260812
2026-08-12,ES,2026-08-28,5700,C,319,322.75,321,17845,"66,293",0.1158,0.776,ES,CME,snap-20260812-es,ES-20260828-5700-C-20260812
2026-08-12,ES,2026-08-28,5700,P,51.75,52.25,52,12719,49527,0.119,-0.224,ES,CME,snap-20260812-es,ES-20260828-5700-P-20260812
2026-08-12,ES,08/28/2026,5750,C,269.00,272,270.5,11016,38553,0.1148,0.8,ES,CME,snap-20260812-es,ES-20260828-5750-C-20260812
2026-08-12,ES,2026-08-28,5750,P,51,51.75,51.5,15958,82563,0.1175,-0.2,ES,CME,snap-20260812-es,ES-20260828-5750-P-20260812
20260812,ES,20260828,5800,C,219,221.25,220,16415,67095,0.1138,0.83,ES,CME,snap-20260812-es,ES-20260828-5800-C-20260812
2026-08-12,es,08/28/26,5800,P ,50.5,51,50.75,15435,60808,0.1159,-0.17,ES,CME,snap-20260812-es,ES-20260828-5800-P-20260812
20260812,ES,08/28/26,5850,C,168.75,170.5,169.5,10930,28910,0.1129,0.87,ES,CME,snap-20260812-es,ES-20260828-5850-C-20260812
2026-08-12,ES,2026-08-28,5850,P,49.75,50.25,50,17578,93822,0.11,-0.133,ES,CME,snap-20260812-es,ES-20260828-5850-P-20260812
2026-08-12,ES,2026-08-28,5900,C,118.5,119.75,119,29260,67717,0.1119,0.913,ES,CME,snap-20260812-es,ES-20260828-5900-C-20260812
20260812,ES,2026-08-28,5900,P,49,49.5,49.25,24830,68127,0.1127,-0.087,ES,CME,snap-20260812-es,ES-20260828-5900-P-20260812
08/12/2026,ES,2026-08-28,5950,C,68.5,69,68.75,15979,68454,0.1109,0.971,ES,CME,snap-20260812-es,ES-20260828-5950-C-20260812
08/12/26,es,20260828,5950,P,48.5,48.75,48.5,"18,951",57455,0.1111,-0.029,ES,CME,snap-20260812-es,ES-20260828-5950-P-20260812
2026-08-12,ES,2026-08-28,6000,C,48.5,49.00,48.75,12255,28056,0.1112,0.959,ES,CME,snap-20260812-es,ES-20260828-6000-C-20260812
2026-08-12,ES,08/28/26,6000,P,78,78.75,78.50,17542,47823,0.1111,-0.041,ES,CME,snap-20260812-es,ES-20260828-6000-P-20260812
2026-08-12,es,2026-08-28,6050,C,49,49.5,49.25,13691,40957,0.1124,0.903,ES,CME,snap-20260812-es,ES-20260828-6050-C-20260812
2026-08-12,ES,2026-08-28,6050,P,128.25,129.5,129,10614,42511,0.1121,-0.097,ES,CME,snap-20260812-es,ES-20260828-6050-P-20260812
2026-08-12,ES,2026-08-28,6100,C,49.5,50,49.75,20825,71308,0.1136,0.859,ES,CME,snap-20260812-es,ES-20260828-6100-C-20260812
20260812,ES,2026-08-28,6100,P,178.25,180,179,29053,81044,0.113,-0.141,ES,CME,snap-20260812-es,ES-20260828-6100-P-20260812
20260812,ES,2026-08-28,6100,P,178.25,180,179,29053,81044,0.113,-0.141,ES,CME,snap-20260812-es-retry,ES-20260828-6100-P-20260812
20260812,ES,20260828,6150,C,50,50.5,50.25,9084,37589,0.1147,0.824,ES,CME,snap-20260812-es,ES-20260828-6150-C-20260812
2026-08-12,ES,20260828,6150,P,228.5,230.75,229.5,11823,43162,0.114,-0.176,ES,CME,snap-20260812-es,ES-20260828-6150-P-20260812
2026-08-12,ES,08/28/2026,6200,C,50.5,51,50.75,11801,34363,0.1159,0.795,ES,CME,snap-20260812-es,ES-20260828-6200-C-20260812
08/12/2026,ES,20260828,6200,P,278.5,281.50,280,15645,60827,0.12,-0.20,ES,CME,snap-20260812-es,ES-20260828-6200-P-20260812
2026-08-12,ES,2026-08-28,6250,C,51,51.50,51.25,6480,28638,0.1171,0.771,ES,CME,snap-20260812-es,ES-20260828-6250-C-20260812
08/12/2026,ES,08/28/26,6250,P,328.75,332.25,330.5,6683,24415,0.116,-0.229,ES,CME,snap-20260812-es,ES-20260828-6250-P-20260812
2026-08-12,es,2026-08-28,6300,C,51.5,52,51.75,10240,24820,0.1183,0.751,ES,CME,snap-20260812-es,ES-20260828-6300-C-20260812
2026-08-12,ES,2026-08-28,"6,300.00",P,378.75,383,381,14006,39971,0.117,-0.249,ES,CME,snap-20260812-es,ES-20260828-6300-P-20260812
2026-08-12,ES,08/28/2026,6350,C,52,52.5,52.25,4932,14780,0.1194,0.733,ES,CME,snap-20260812-es,ES-20260828-6350-C-20260812
2026-08-12,ES,20260828,6350,P,428.75,434,431.5,5076,27823,0.1179,-0.267,ES,CME,snap-20260812-es,ES-20260828-6350-P-20260812
08/12/26,ES,08/28/2026,6400,C,52.5,53,52.75,5881,20148,0.1206,0.718,ES,CME,snap-20260812-es,ES-20260828-6400-C-20260812
2026-08-12,ES,2026-08-28,6400,P,478.75,484.75,481.75,"4,019",16580,0.1189,-0.282,ES,CME,snap-20260812-es,ES-20260828-6400-P-20260812
08/12/26,ES,2026-08-28,6450,C,53,53.5,53.25,"1,478",3394,0.1218,0.70,ES,CME,snap-20260812-es,ES-20260828-6450-C-20260812
2026-08-12,ES,2026-08-28,6450,P,528.75,535.5,532,1023,4243,0.1199,-0.296,ES,CME,snap-20260812-es,ES-20260828-6450-P-20260812
20260812,ES,09/18/2026,5450,C,596.25,605,600.5,991,3284,0.1207,0.695,ES,CME,snap-20260812-es,ES-20260918-5450-C-20260812
2026-08-12,ES,09/18/2026,5450,P,83.75,85,84.5,720,3459,0.1269,-0.305,ES,CME,snap-20260812-es,ES-20260918-5450-P-20260812
2026-08-12,ES,20260918,5500,C,546,553.75,550,1854,4924,0.1197,0.707,ES,CME,snap-20260812-es,ES-20260918-5500-C-20260812
2026-08-12,ES,2026-09-18,5500,P,82.75,84.00,83.50,1990,6840,0.1253,-0.293,ES,CME,snap-20260812-es,ES-20260918-5500-P-20260812
2026-08-12,ES,09/18/2026,5550,C,495.75,502.75,499.25,4154,15888,0.1187,0.721,ES,CME,snap-20260812-es,ES-20260918-5550-C-20260812
2026-08-12,ES,2026-09-18,5550,P,81.75,83,82.50,3660,"11,988",0.1238,-0.279,ES,CME,snap-20260812-es,ES-20260918-5550-P-20260812
20260812,ES,2026-09-18,5600,C,445.5,451.75,448.5,4565,20540,0.1178,0.736,ES,CME,snap-20260812-es,ES-20260918-5600-C-20260812
2026-08-12,ES,2026-09-18,5600,P,80.75,81.75,81.25,"5,065",13805,0.1222,-0.264,ES,CME,snap-20260812-es,ES-20260918-5600-P-20260812
2026-08-12,ES,2026-09-18,5650,C,395.25,400.50,398,3456,12135,0.1168,0.754,ES,CME,snap-20260812-es,ES-20260918-5650-C-20260812
2026-08-12,ES,2026-09-18,"5,650.00",P,79.75,80.75,80.25,6200,18516,0.1206,-0.246,ES,CME,snap-20260812-es,ES-20260918-5650-P-20260812
08/12/2026,ES,2026-09-18,5700,C,345,349.5,347.25,14632,46098,0.1158,0.776,ES,CME,snap-20260812-es,ES-20260918-5700-C-20260812
2026-08-12,ES,09/18/2026,5700,Put,78.75,79.75,79.25,9672,26212,0.119,-0.22,ES,CME,snap-20260812-es,ES-20260918-5700-P-20260812
2026-08-12,ES,09/18/26,5750,C,294.75,298.5,296.50,4936,16673,0.1148,0.80,ES,CME,snap-20260812-es,ES-20260918-5750-C-20260812
20260812,ES,2026-09-18,5750,P,77.75,78.75,78.25,4951,24328,0.1175,-0.2,ES,CME,snap-20260812-es,ES-20260918-5750-P-20260812
08/12/26,ES,2026-09-18,5800,C,244.5,247.5,246,10322,"27,001",0.1138,0.83,ES,CME,snap-20260812-es,ES-20260918-5800-C-20260812
08/12/26,ES,09/18/2026,5800,P,76.50,77.5,77,24021,113863,0.1159,-0.17,ES,CME,snap-20260812-es,ES-20260918-5800-P-20260812
20260812,ES,2026-09-18,5850,C,194.25,196.5,195.50,14438,49746,0.1129,0.867,ES,CME,snap-20260812-es,ES-20260918-5850-C-20260812
08/12/2026,ES,20260918,5850,P,75.5,76.5,76.00,21218,93132,0.1143,-0.133,ES,CME,snap-20260812-es,ES-20260918-5850-P-20260812
08/12/26,ES,2026-09-18,5900,C,143.75,145.5,144.5,19111,49955,0.1119,0.913,ES,CME,snap-20260812-es,ES-20260918-5900-C-20260812
2026-08-12,ES,09/18/26,5900,P,74.5,75.5,75,17628,62431,0.1127,-0.087,ES,CME,snap-20260812-es,ES-20260918-5900-P-20260812
2026-08-12,ES,09/18/2026,5950,C,93.5,94.5,94,9489,40544,0.1109,0.971,ES,CME,snap-20260812-es,ES-20260918-5950-C-20260812
20260812,ES,09/18/2026,5950,put,73.5,74.25,74,16584,54129,0.1111,-0.029,ES,CME,snap-20260812-es,ES-20260918-5950-P-20260812
2026-08-12,ES,2026-09-18,6000,C,73.5,74.5,74,27862,91687,0.1112,0.959,ES,CME,snap-20260812-es,ES-20260918-6000-C-20260812
2026-08-12,ES,2026-09-18,6000,P,103,104.25,103.5,34604,104889,0.1111,-0.04,ES,CME,snap-20260812-es,ES-20260918-6000-P-20260812
2026-08-12,ES,2026-09-18,6050,Call,74.25,75.25,74.75,9409,"29,246",0.1124,0.903,ES,CME,snap-20260812-es,ES-20260918-6050-C-20260812
2026-08-12,ES,20260918,6050,P,153.5,155.25,154.5,22172,88263,0.1121,-0.097,ES,CME,snap-20260812-es,ES-20260918-6050-P-20260812
20260812,ES,2026-09-18,6100,Call,75,76,75.5,19302,61888,0.1136,0.859,ES,CME,snap-20260812-es,ES-20260918-6100-C-20260812
20260812,ES,20260918,6100,P,203.75,206.25,205,11067,"34,609",0.113,-0.14,ES,CME,snap-20260812-es,ES-20260918-6100-P-20260812
2026-08-12,ES,2026-09-18,6150,C,75.75,76.75,76.25,10094,29042,0.1147,0.824,ES,CME,snap-20260812-es,ES-20260918-6150-C-20260812
20260812,ES,09/18/2026,6150,P,254.00,257.25,255.5,"8,727",22580,0.114,-0.176,ES,CME,snap-20260812-es,ES-20260918-6150-P-20260812
08/12/2026,ES,09/18/2026,6200,Call,76.5,77.5,77,10235,43120,0.1159,0.795,ES,CME,snap-20260812-es,ES-20260918-6200-C-20260812
08/12/2026,ES,2026-09-18,6200,P,304.25,308.25,306.25,10971,60503,0.115,-0.205,ES,CME,snap-20260812-es,ES-20260918-6200-P-20260812
2026-08-12,ES,09/18/2026,6250,C,77.5,78.5,78,7132,28355,0.1171,0.771,ES,CME,snap-20260812-es,ES-20260918-6250-C-20260812
2026-08-12,ES,2026-09-18,6250,put,354.5,359.25,357,4092,10476,0.116,-0.229,ES,CME,snap-20260812-es,ES-20260918-6250-P-20260812
08/12/2026,ES,2026-09-18,6300,Call,78.25,79.25,78.75,6726,19584,0.12,0.751,ES,CME,snap-20260812-es,ES-20260918-6300-C-20260812
08/12/2026,ES,2026-09-18,6300,Call,78.25,79.25,78.75,6726,19584,0.12,0.751,ES,CME,snap-20260812-es-retry,ES-20260918-6300-C-20260812
08/12/26,ES,2026-09-18,6300,P,404.75,410.25,407.5,4543,21811,0.117,-0.249,ES,CME,snap-20260812-es,ES-20260918-6300-P-20260812
20260812,ES,2026-09-18,6350,C,79,80,79.5,"3,753",15042,0.12,0.733,ES,CME,snap-20260812-es,ES-20260918-6350-C-20260812
2026-08-12,ES,2026-09-18,6350,P,455,461.25,458,6651,33194,0.1179,-0.27,ES,CME,snap-20260812-es,ES-20260918-6350-P-20260812
08/12/2026,es,2026-09-18,6400,C,79.75,80.75,80.25,4482,15765,0.1206,0.718,ES,CME,snap-20260812-es,ES-20260918-6400-C-20260812
2026-08-12,ES,09/18/2026,6400,P,505.25,512.5,509,1992,6461,0.1189,-0.282,ES,CME,snap-20260812-es,ES-20260918-6400-P-20260812
2026-08-12,ES,2026-09-18,6450,Call,80.5,81.5,81,1421,5573,0.1218,0.704,ES,CME,snap-20260812-es,ES-20260918-6450-C-20260812
2026-08-12,ES,2026-09-18,6450,P,555.5,563.5,559.5,1220,"6,142",0.1199,-0.296,ES,CME,snap-20260812-es,ES-20260918-6450-P-20260812
2026-08-12,ES,2026-10-16,5450,C,621.5,632,626.75,813,2269,0.1207,0.695,ES,CME,snap-20260812-es,ES-20261016-5450-C-20260812
08/12/26,ES,10/16/2026,5450,P ,111,112.75,112,535,2765,0.1269,-0.305,ES,CME,snap-20260812-es,ES-20261016-5450-P-20260812
2026-08-12,ES,2026-10-16,5500,C,571,580.5,575.75,815,1812,0.1197,0.71,ES,CME,snap-20260812-es,ES-20261016-5500-C-20260812
08/12/26,ES,2026-10-16,5500,P,109.5,111.5,110.5,2264,7594,0.1253,-0.293,ES,CME,snap-20260812-es,ES-20261016-5500-P-20260812
2026-08-12,ES,2026-10-16,5550,C,520.75,529.25,525,2410,6026,0.1187,0.721,ES,CME,snap-20260812-es,ES-20261016-5550-C-20260812
08/12/2026,es,10/16/2026,5550,P ,108.25,110,109,2176,9467,0.1238,-0.279,ES,CME,snap-20260812-es,ES-20261016-5550-P-20260812
08/12/26,ES,20261016,5600,C,470.25,477.75,474,"5,020",19278,0.1178,0.736,ES,CME,snap-20260812-es,ES-20261016-5600-C-20260812
2026-08-12,es,10/16/2026,5600,P,107,108.5,107.75,4856,20201,0.1222,-0.264,ES,CME,snap-20260812-es,ES-20261016-5600-P-20260812
08/12/2026,ES,10/16/2026,5650,Call,420,426.5,423.25,4467,13942,0.1168,0.754,ES,CME,snap-20260812-es,ES-20261016-5650-C-20260812
2026-08-12,ES,10/16/2026,5650,P,105.5,107.25,106.5,7693,32636,0.1206,-0.246,ES,CME,snap-20260812-es,ES-20261016-5650-P-20260812
2026-08-12,ES,10/16/2026,5700,C,369.50,375.25,372.5,"7,784",34256,0.12,0.776,ES,CME,snap-20260812-es,ES-20261016-5700-C-20260812
2026-08-12,ES,2026-10-16,5700,P,104.25,105.75,105,10422,30013,0.119,-0.224,ES,CME,snap-20260812-es,ES-20261016-5700-P-20260812
08/12/2026,ES,20261016,5750,C,319,324.00,321.5,5325,13750,0.1148,0.8,ES,CME,snap-20260812-es,ES-20261016-5750-C-20260812
08/12/2026,ES,2026-10-16,5750,P,102.75,104.25,103.5,8528,28108,0.1175,-0.2,ES,CME,snap-20260812-es,ES-20261016-5750-P-20260812
20260812,ES,20261016,5800,C,268.75,272.5,270.5,15374,68600,0.1138,0.83,ES,CME,snap-20260812-es,ES-20261016-5800-C-20260812
20260812,ES,10/16/2026,5800,P,101.5,103,102.25,14990,56486,0.1159,-0.17,ES,CME,snap-20260812-es,ES-20261016-5800-P-20260812
08/12/26,ES,20261016,5850,Call,218.25,221.25,219.75,"13,342",52175,0.1129,0.87,ES,CME,snap-20260812-es,ES-20261016-5850-C-20260812
2026-08-12,ES,20261016,5850,P,100,101.5,100.75,9078,47082,0.1143,-0.133,ES,CME,snap-20260812-es,ES-20261016-5850-P-20260812
2026-08-12,ES,2026-10-16,5900,C,167.75,170,169,18805,89392,0.1119,0.913,ES,CME,snap-20260812-es,ES-20261016-5900-C-20260812
2026-08-12,ES,2026-10-16,5900,Put,98.75,100,99.5,9568,35228,0.1127,-0.087,ES,CME,snap-20260812-es,ES-20261016-5900-P-20260812
2026-08-12,ES,2026-10-16,5950,C,117.25,118.75,118,14171,63337,0.1109,0.97,ES,CME,snap-20260812-es,ES-20261016-5950-C-20260812
08/12/2026,ES,2026-10-16,5950,put,97.25,98.75,98,11716,35772,0.1111,-0.029,ES,CME,snap-20260812-es,ES-20261016-5950-P-20260812
08/12/26,ES,2026-10-16,6000,C,97.5,98.75,98,20300,67965,0.1112,0.959,ES,CME,snap-20260812-es,ES-20261016-6000-C-20260812
20260812,ES,2026-10-16,6000,P ,126.75,128.5,127.5,18196,82576,0.1111,-0.04,ES,CME,snap-20260812-es,ES-20261016-6000-P-20260812
20260812,ES,10/16/2026,6050,C,98.5,99.75,99,6898,20985,0.1124,0.903,ES,CME,snap-20260812-es,ES-20261016-6050-C-20260812
08/12/26,ES,2026-10-16,6050,P,177.25,179.75,178.5,17204,65625,0.1121,-0.097,ES,CME,snap-20260812-es,ES-20261016-6050-P-20260812
08/12/2026,ES,2026-10-16,6100,C,99.5,100.75,100,18132,"51,733",0.1136,0.859,ES,CME,snap-20260812-es,ES-20261016-6100-C-20260812
08/12/2026,ES,2026-10-16,6100,P,227.75,231,229.5,20866,112020,0.11,-0.141,ES,CME,snap-20260812-es,ES-20261016-6100-P-20260812
2026-08-12,ES,2026-10-16,6150,C,100.50,102,101.25,8052,30739,0.1147,0.824,ES,CME,snap-20260812-es,ES-20261016-6150-C-20260812
20260812,ES,10/16/2026,6150,P,278.25,282.25,280.25,6767,26720,0.114,-0.176,ES,CME,snap-20260812-es,ES-20261016-6150-P-20260812
08/12/26,ES,2026-10-16,6200,Call,101.5,103,102.25,6595,26482,0.12,0.795,ES,CME,snap-20260812-es,ES-20261016-6200-C-20260812
2026-08-12,ES,2026-10-16,6200,put,328.75,333.75,331.25,8990,30942,0.115,-0.205,ES,CME,snap-20260812-es,ES-20261016-6200-P-20260812
08/12/26,ES,10/16/2026,6250,C,102.50,104,103.25,"7,199",24965,0.1171,0.771,ES,CME,snap-20260812-es,ES-20261016-6250-C-20260812
2026-08-12,ES,2026-10-16,6250,P,379.00,385.00,382.00,5449,23807,0.116,-0.23,ES,CME,snap-20260812-es,ES-20261016-6250-P-20260812
2026-08-12,es,10/16/26,6300,C,103.5,105,104.25,3791,15511,0.12,0.751,ES,CME,snap-20260812-es,ES-20261016-6300-C-20260812
20260812,ES,20261016,6300,P,429.50,436.25,433,5063,27678,0.117,-0.249,ES,CME,snap-20260812-es,ES-20261016-6300-P-20260812
20260812,ES,2026-10-16,6350,C,104.5,106.25,105.50,3210,7125,0.1194,0.733,ES,CME,snap-20260812-es,ES-20261016-6350-C-20260812
2026-08-12,ES,2026-10-16,"6,350.00",P,480,487.50,483.75,5649,26993,0.1179,-0.267,ES,CME,snap-20260812-es,ES-20261016-6350-P-20260812
20260812,ES,20261016,6400,C,105.5,107.25,106.5,3359,11404,0.1206,0.718,ES,CME,snap-20260812-es,ES-20261016-6400-C-20260812
2026-08-12,es,10/16/26,"6,400.00",P,530.25,539,534.5,"3,675",16679,0.1189,-0.282,ES,CME,snap-20260812-es,ES-20261016-6400-P-20260812
08/12/2026,ES,2026-10-16,6450,C,106.5,108.25,107.5,1162,5086,0.1218,0.704,ES,CME,snap-20260812-es,ES-20261016-6450-C-20260812
2026-08-12,ES,2026-10-16,6450,P,580.5,590.25,585.5,1031,5243,0.1199,-0.296,ES,CME,snap-20260812-es,ES-20261016-6450-P-20260812
2026-08-12,es,2026-12-18,5450,C,662.25,677,669.5,348,858,0.1207,0.695,ES,CME,snap-20260812-es,ES-20261218-5450-C-20260812
08/12/26,ES,2026-12-18,5450,P,155.25,158.75,157,285,1534,0.13,-0.305,ES,CME,snap-20260812-es,ES-20261218-5450-P-20260812
20260812,ES,12/18/2026,5500,C,611.75,625.25,618.5,874,2219,0.1197,0.707,ES,CME,snap-20260812-es,ES-20261218-5500-C-20260812
08/12/2026,ES,20261218,5500,P,153.5,156.75,155,456,1469,0.1253,-0.293,ES,CME,snap-20260812-es,ES-20261218-5500-P-20260812
2026-08-12,ES,2026-12-18,5550,C,561,573.25,567,802,2929,0.1187,0.721,ES,CME,snap-20260812-es,ES-20261218-5550-C-20260812
20260812,ES,2026-12-18,5550,P,151.5,154.75,153,1391,6245,0.1238,-0.279,ES,CME,snap-20260812-es,ES-20261218-5550-P-20260812
2026-08-12,ES,12/18/2026,5600,C,510.5,521.5,516,1814,6535,0.1178,0.736,ES,CME,snap-20260812-es,ES-20261218-5600-C-20260812
2026-08-12,ES,12/18/2026,5600,P,149.5,152.75,151,2761,11965,0.1222,-0.264,ES,CME,snap-20260812-es,ES-20261218-5600-P-20260812
2026-08-12,ES,20261218,5650,C,460,469.50,464.75,3483,9573,0.1168,0.75,ES,CME,snap-20260812-es,ES-20261218-5650-C-20260812
08/12/2026,es,12/18/2026,5650,P,147.75,150.75,149.25,2774,14674,0.1206,-0.246,ES,CME,snap-20260812-es,ES-20261218-5650-P-20260812
2026-08-12,ES,12/18/26,5700,C,409.25,417.75,413.5,6860,20011,0.1158,0.776,ES,CME,snap-20260812-es,ES-20261218-5700-C-20260812
2026-08-12,ES,20261218,5700,P,145.75,148.75,147.25,5096,"21,475",0.119,-0.224,ES,CME,snap-20260812-es,ES-20261218-5700-P-20260812
2026-08-12,ES,20261218,5750,C,358.75,366,362.5,4957,21408,0.1148,0.8,ES,CME,snap-20260812-es,ES-20261218-5750-C-20260812
2026-08-12,ES,2026-12-18,5750,P,144,146.75,145.5,3196,8634,0.1175,-0.20,ES,CME,snap-20260812-es,ES-20261218-5750-P-20260812
08/12/2026,ES,2026-12-18,5800,C,308,314.25,311,4972,14680,0.1138,0.83,ES,CME,snap-20260812-es,ES-20261218-5800-C-20260812
2026-08-12,ES,2026-12-18,5800,P,142,144.75,143.5,4755,25222,0.1159,-0.17,ES,CME,snap-20260812-es,ES-20261218-5800-P-20260812
08/12/2026,ES,2026-12-18,5850,C,257.25,262.5,260,3886,"10,549",0.1129,0.867,ES,CME,snap-20260812-es,ES-20261218-5850-C-20260812
20260812,ES,20261218,5850,P,140,142.75,141.5,5576,22145,0.1143,-0.133,ES,CME,snap-20260812-es,ES-20261218-5850-P-20260812
2026-08-12,ES,12/18/26,5900,C,206.75,210.75,208.75,10972,40738,0.1119,0.913,ES,CME,snap-20260812-es,ES-20261218-5900-C-20260812
2026-08-12,es,12/18/2026,5900,P,138.25,140.75,139.5,5103,21443,0.1127,-0.087,ES,CME,snap-20260812-es,ES-20261218-5900-P-20260812
2026-08-12,ES,12/18/2026,5950,Call,156,159,157.5,"5,044",11933,0.1109,0.971,ES,CME,snap-20260812-es,ES-20261218-5950-C-20260812
20260812,ES,20261218,5950,P,136.25,138.75,137.5,7123,31940,0.1111,-0.029,ES,CME,snap-20260812-es,ES-20261218-5950-P-20260812
08/12/2026,ES,2026-12-18,6000,C,136.25,139,137.5,5362,24960,0.1112,0.959,ES,CME,snap-20260812-es,ES-20261218-6000-C-20260812
20260812,ES,2026-12-18,6000,P,165.75,168.75,167.25,9481,37460,0.1111,-0.04,ES,CME,snap-20260812-es,ES-20261218-6000-P-20260812
08/12/26,ES,2026-12-18,6050,C,137.75,140.5,139,7189,21582,0.11,0.903,ES,CME,snap-20260812-es,ES-20261218-6050-C-20260812
2026-08-12,ES,12/18/2026,6050,P,216.25,220.5,218.5,9166,"48,366",0.1121,-0.097,ES,CME,snap-20260812-es,ES-20261218-6050-P-20260812
08/12/26,ES,2026-12-18,6100,C,139.25,142,140.5,6107,"21,797",0.1136,0.859,ES,CME,snap-20260812-es,ES-20261218-6100-C-20260812
08/12/2026,ES,12/18/26,6100,P,267,272.25,269.5,12060,38253,0.113,-0.141,ES,CME,snap-20260812-es,ES-20261218-6100-P-20260812
2026-08-12,ES,2026-12-18,6150,C,140.5,143.5,142,2748,7011,0.11,0.824,ES,CME,snap-20260812-es,ES-20261218-6150-C-20260812
08/12/2026,ES,2026-12-18,6150,P,317.75,324,321,5222,20512,0.114,-0.176,ES,CME,snap-20260812-es,ES-20261218-6150-P-20260812
20260812,ES,20261218,6200,C,142,144.75,143.5,4158,14787,0.1159,0.795,ES,CME,snap-20260812-es,ES-20261218-6200-C-20260812
20260812,ES,2026-12-18,6200,Put,368.25,375.75,372,4116,14834,0.12,-0.205,ES,CME,snap-20260812-es,ES-20261218-6200-P-20260812
2026-08-12,ES,2026-12-18,6250,C,143.5,146.25,145,4565,16037,0.1171,0.771,ES,CME,snap-20260812-es,ES-20261218-6250-C-20260812
08/12/2026,ES,2026-12-18,6250,P,419,427.5,423.25,5260,23844,0.116,-0.229,ES,CME,snap-20260812-es,ES-20261218-6250-P-20260812
2026-08-12,ES,2026-12-18,6300,C,144.75,147.75,146.25,3196,14696,0.1183,0.751,ES,CME,snap-20260812-es,ES-20261218-6300-C-20260812
08/12/26,ES,2026-12-18,6300,P ,469.5,479.5,474.5,2236,10010,0.117,-0.249,ES,CME,snap-20260812-es,ES-20261218-6300-P-20260812
2026-08-12,ES,2026-12-18,6350,C,146.25,149.25,147.75,2263,6414,0.1194,0.733,ES,CME,snap-20260812-es,ES-20261218-6350-C-20260812
2026-08-12,ES,20261218,6350,Put,520,531.25,525.5,2984,15534,0.1179,-0.267,ES,CME,snap-20260812-es,ES-20261218-6350-P-20260812
2026-08-12,ES,12/18/2026,6400,C,147.75,150.75,149.25,835,2365,0.12,0.718,ES,CME,snap-20260812-es,ES-20261218-6400-C-20260812
08/12/26,ES,2026-12-18,6400,P,570.75,583,577.00,1654,8035,0.1189,-0.282,ES,CME,snap-20260812-es,ES-20261218-6400-P-20260812
08/12/2026,ES,2026-12-18,6450,C,149,152.25,150.5,592,1592,0.1218,0.704,ES,CME,snap-20260812-es,ES-20261218-6450-C-20260812
20260812,ES,12/18/2026,6450,P,621.25,635,628.00,433,1924,0.1199,-0.296,ES,CME,snap-20260812-es,ES-20261218-6450-P-20260812
2026-08-13,ES,2026-08-21,5500,C,532.5,538.75,535.5,1053,4780,0.12,0.7,ES,CME,snap-20260813-es,ES-20260821-5500-C-20260813
2026-08-13,ES,2026-08-21,5500,P,39,39.5,39.25,1308,5368,0.1262,-0.3,ES,CME,snap-20260813-es,ES-20260821-5500-P-20260813
2026-08-13,ES,2026-08-21,5550,C,482.5,488.25,485.5,1314,5737,0.1192,0.713,ES,CME,snap-20260813-es,ES-20260821-5550-C-20260813
2026-08-13,ES,08/21/26,5550,P,38.5,39,38.75,3103,16468,0.1246,-0.287,ES,CME,snap-20260813-es,ES-20260821-5550-P-20260813
2026-08-13,es,20260821,5600,Call,432.5,437.5,435,"3,104",10419,0.1183,0.728,ES,CME,snap-20260813-es,ES-20260821-5600-C-20260813
08/13/26,ES,08/21/2026,5600,P,38,38.5,38.25,5558,27205,0.123,-0.272,ES,CME,snap-20260813-es,ES-20260821-5600-P-20260813
2026-08-13,ES,2026-08-21,5650,C,382.5,386.75,384.5,8355,18915,0.1173,0.744,ES,CME,snap-20260813-es,ES-20260821-5650-C-20260813
2026-08-13,ES,08/21/2026,5650,P,37.5,38,37.75,9273,34510,0.1214,-0.256,ES,CME,snap-20260813-es,ES-20260821-5650-P-20260813
2026-08-13,ES,08/21/26,5700,C,332.5,336.25,334.5,11002,26040,0.1163,0.76,ES,CME,snap-20260813-es,ES-20260821-5700-C-20260813
08/13/2026,ES,2026-08-21,5700,P,37,37.5,37.25,"8,581",39879,0.1199,-0.236,ES,CME,snap-20260813-es,ES-20260821-5700-P-20260813
2026-08-13,ES,08/21/2026,5750,C,282.75,285.5,284,5895,26019,0.1153,0.787,ES,CME,snap-20260813-es,ES-20260821-5750-C-20260813
2026-08-13,ES,2026-08-21,5750,P,36.5,37,36.75,11445,56358,0.1183,-0.213,ES,CME,snap-20260813-es,ES-20260821-5750-P-20260813
08/13/2026,ES,2026-08-21,5800,C,232.75,235.00,234,"19,244",86992,0.1144,0.813,ES,CME,snap-20260813-es,ES-20260821-5800-C-20260813
2026-08-13,ES,2026-08-21,5800,P,36,36.5,36.25,18076,50239,0.1167,-0.187,ES,CME,snap-20260813-es,ES-20260821-5800-P-20260813
2026-08-13,ES,2026-08-21,5850,C,182.5,184.5,183.5,15476,68754,0.1134,0.846,ES,CME,snap-20260813-es,ES-20260821-5850-C-20260813
08/13/26,ES,20260821,5850,P,35.50,36,35.75,23434,80053,0.1152,-0.154,ES,CME,snap-20260813-es,ES-20260821-5850-P-20260813
08/13/26,ES,08/21/2026,5900,C,132.5,133.75,133,17180,73964,0.1124,0.886,ES,CME,snap-20260813-es,ES-20260821-5900-C-20260813
2026-08-13,ES,2026-08-21,5900,P,35.25,35.5,35.5,26993,109333,0.1136,-0.114,ES,CME,snap-20260813-es,ES-20260821-5900-P-20260813
20260813,ES,08/21/2026,"5,950.00",C,82.5,83.25,83,10673,34765,0.1114,0.937,ES,CME,snap-20260813-es,ES-20260821-5950-C-20260813
2026-08-13,ES,2026-08-21,5950,P,34.75,35,35,11084,38783,0.112,-0.063,ES,CME,snap-20260813-es,ES-20260821-5950-P-20260813
08/13/26,ES,2026-08-21,"6,000.00",C,34.25,34.5,34.5,26412,81530,0.1105,0.997,ES,CME,snap-20260813-es,ES-20260821-6000-C-20260813
2026-08-13,ES,08/21/2026,6000,P,36,36.25,36,19107,63032,0.1105,-0.003,ES,CME,snap-20260813-es,ES-20260821-6000-P-20260813
20260813,es,2026-08-21,6050,C,34.5,35,34.75,17395,54556,0.11,0.933,ES,CME,snap-20260813-es,ES-20260821-6050-C-20260813
08/13/2026,ES,20260821,6050,P,86,86.75,86.5,14096,59789,0.1115,-0.067,ES,CME,snap-20260813-es,ES-20260821-6050-P-20260813
08/13/2026,ES,2026-08-21,6100,C,35,35.25,35,27008,66290,0.11,0.883,ES,CME,snap-20260813-es,ES-20260821-6100-C-20260813
2026-08-13,ES,2026-08-21,6100,P,136,137.25,136.5,19163,81691,0.1125,-0.117,ES,CME,snap-20260813-es,ES-20260821-6100-P-20260813
08/13/2026,ES,2026-08-21,6150,Call,35.25,35.5,35.5,14242,49879,0.1141,0.844,ES,CME,snap-20260813-es,ES-20260821-6150-C-20260813
2026-08-13,ES,08/21/26,6150,Put,186,188,187,23218,117687,0.1135,-0.156,ES,CME,snap-20260813-es,ES-20260821-6150-P-20260813
2026-08-13,ES,08/21/2026,6200,C,35.75,36,36,22885,85560,0.1152,0.811,ES,CME,snap-20260813-es,ES-20260821-6200-C-20260813
2026-08-13,ES,2026-08-21,6200,Put,236.25,238.5,237.50,"22,153",61893,0.1144,-0.189,ES,CME,snap-20260813-es,ES-20260821-6200-P-20260813
2026-08-13,ES,08/21/26,6250,C,36,36.25,36,14611,41007,0.1164,0.785,ES,CME,snap-20260813-es,ES-20260821-6250-C-20260813
2026-08-13,ES,08/21/26,6250,C,36,36.25,36,14611,41007,0.1164,0.785,ES,CME,snap-20260813-es-retry,ES-20260821-6250-C-20260813
08/13/2026,ES,2026-08-21,6250,P,286.25,289,287.50,6660,22925,0.1154,-0.215,ES,CME,snap-20260813-es,ES-20260821-6250-P-20260813
2026-08-13,ES,20260821,6300,Call,36.25,36.75,36.5,15798,57238,0.1176,0.762,ES,CME,snap-20260813-es,ES-20260821-6300-C-20260813
2026-08-13,ES,2026-08-21,6300,P,336,339.75,338.00,10128,25874,0.1164,-0.238,ES,CME,snap-20260813-es,ES-20260821-6300-P-20260813
2026-08-13,ES,08/21/26,6350,C,36.75,37,37,5480,"22,279",0.12,0.743,ES,CME,snap-20260813-es,ES-20260821-6350-C-20260813
08/13/2026,ES,2026-08-21,6350,P,386,390.25,388,3423,13592,0.1174,-0.257,ES,CME,snap-20260813-es,ES-20260821-6350-P-20260813
08/13/2026,ES,2026-08-21,6400,C,37,37.50,37.25,3112,12340,0.1199,0.727,ES,CME,snap-20260813-es,ES-20260821-6400-C-20260813
08/13/2026,ES,20260821,6400,P,436,441,438.5,3599,14701,0.1183,-0.273,ES,CME,snap-20260813-es,ES-20260821-6400-P-20260813
08/13/26,ES,20260821,6450,C,37.50,37.75,37.5,2141,8968,0.1211,0.712,ES,CME,snap-20260813-es,ES-20260821-6450-C-20260813
2026-08-13,ES,2026-08-21,6450,P,486,491.75,489,3991,"14,327",0.1193,-0.288,ES,CME,snap-20260813-es,ES-20260821-6450-P-20260813
20260813,ES,2026-08-21,6500,C,37.75,38.25,38,1352,4354,0.1222,0.7,ES,CME,snap-20260813-es,ES-20260821-6500-C-20260813
08/13/2026,ES,08/21/2026,6500,P,536,542.25,539,1326,5858,0.1203,-0.3,ES,CME,snap-20260813-es,ES-20260821-6500-P-20260813
2026-08-13,ES,2026-08-28,5500,C,546,552.75,549.5,1375,4523,0.1202,0.7,ES,CME,snap-20260813-es,ES-20260828-5500-C-20260813
2026-08-13,ES,2026-08-28,5500,P,53.25,54,53.5,1566,6219,0.1262,-0.3,ES,CME,snap-20260813-es,ES-20260828-5500-P-20260813
2026-08-13,ES,2026-08-28,5550,C,496.00,502,499,2698,11747,0.1192,0.713,ES,CME,snap-20260813-es,ES-20260828-5550-C-20260813
2026-08-13,ES,08/28/2026,5550,P,52.75,53.25,53,1803,8349,0.1246,-0.287,ES,CME,snap-20260813-es,ES-20260828-5550-P-20260813
20260813,ES,08/28/2026,5600,C,446.00,451.25,448.5,6577,15288,0.1183,0.728,ES,CME,snap-20260813-es,ES-20260828-5600-C-20260813
2026-08-13,ES,2026-08-28,5600,P,52,52.75,52.5,7835,41335,0.123,-0.272,ES,CME,snap-20260813-es,ES-20260828-5600-P-20260813
08/13/2026,ES,2026-08-28,5650,C,395.75,400.5,398,4761,20189,0.1173,0.744,ES,CME,snap-20260813-es,ES-20260828-5650-C-20260813
2026-08-13,ES,2026-08-28,5650,P,51.50,52,51.75,6419,28494,0.1214,-0.256,ES,CME,snap-20260813-es,ES-20260828-5650-P-20260813
2026-08-13,ES,2026-08-28,5700,C,345.75,349.75,347.75,14028,"64,217",0.1163,0.764,ES,CME,snap-20260813-es,ES-20260828-5700-C-20260813
2026-08-13,ES,2026-08-28,5700,P,50.75,51.25,51,17856,90223,0.12,-0.236,ES,CME,snap-20260813-es,ES-20260828-5700-P-20260813
2026-08-13,ES,2026-08-28,5750,C,295.75,299,297.5,6520,22831,0.1153,0.787,ES,CME,snap-20260813-es,ES-20260828-5750-C-20260813
2026-08-13,ES,08/28/26,5750,P,50,50.5,50.25,15285,66810,0.1183,-0.213,ES,CME,snap-20260813-es,ES-20260828-5750-P-20260813
2026-08-13,ES,20260828,"5,800.00",C,245.5,248.25,247,12769,45812,0.1144,0.813,ES,CME,snap-20260813-es,ES-20260828-5800-C-20260813
2026-08-13,ES,20260828,"5,800.00",P,49.5,50,49.75,13795,52895,0.1167,-0.187,ES,CME,snap-20260813-es,ES-20260828-5800-P-20260813
20260813,ES,2026-08-28,5850,C,195.50,197.5,196.5,10667,31369,0.1134,0.846,ES,CME,snap-20260813-es,ES-20260828-5850-C-20260813
20260813,ES,2026-08-28,5850,P,48.75,49.25,49,17726,77597,0.1152,-0.154,ES,CME,snap-20260813-es,ES-20260828-5850-P-20260813
2026-08-13,ES,2026-08-28,5900,C,145.25,146.75,146,16160,72486,0.1124,0.886,ES,CME,snap-20260813-es,ES-20260828-5900-C-20260813
2026-08-13,ES,2026-08-28,5900,P,48,48.5,48.25,14539,70720,0.1136,-0.114,ES,CME,snap-20260813-es,ES-20260828-5900-P-20260813
2026-08-13,ES,2026-08-28,5900,P,48,48.5,48.25,14539,70720,0.1136,-0.114,ES,CME,snap-20260813-es-retry,ES-20260828-5900-P-20260813
08/13/2026,ES,20260828,5950,Call,95.25,96.25,95.75,18474,43916,0.1114,0.937,ES,CME,snap-20260813-es,ES-20260828-5950-C-20260813
2026-08-13,ES,20260828,5950,P,47.5,48,47.75,12713,"48,934",0.112,-0.063,ES,CME,snap-20260813-es,ES-20260828-5950-P-20260813
08/13/2026,ES,2026-08-28,6000,C,46.75,47.25,47.00,31064,97275,0.1105,0.997,ES,CME,snap-20260813-es,ES-20260828-6000-C-20260813
2026-08-13,ES,08/28/2026,6000,P,48.5,49,48.75,14364,72986,0.1105,-0.003,ES,CME,snap-20260813-es,ES-20260828-6000-P-20260813
2026-08-13,ES,08/28/26,"6,050.00",C,47.25,47.75,47.5,15948,42555,0.1117,0.933,ES,CME,snap-20260813-es,ES-20260828-6050-C-20260813
2026-08-13,ES,2026-08-28,6050,P,98.75,99.75,99.25,26725,100380,0.1115,-0.067,ES,CME,snap-20260813-es,ES-20260828-6050-P-20260813
08/13/2026,ES,2026-08-28,6100,Call,47.75,48.25,48,11958,41026,0.1129,0.88,ES,CME,snap-20260813-es,ES-20260828-6100-C-20260813
2026-08-13,ES,2026-08-28,6100,Put,149.00,150.25,149.50,14911,53230,0.1125,-0.117,ES,CME,snap-20260813-es,ES-20260828-6100-P-20260813
2026-08-13,ES,2026-08-28,6150,C,48.25,48.75,48.5,16691,61539,0.11,0.844,ES,CME,snap-20260813-es,ES-20260828-6150-C-20260813
2026-08-13,ES,08/28/2026,6150,P,199,201,200,7922,38232,0.1135,-0.156,ES,CME,snap-20260813-es,ES-20260828-6150-P-20260813
2026-08-13,ES,2026-08-28,"6,200.00",C,48.75,49.25,49,7224,23037,0.1152,0.811,ES,CME,snap-20260813-es,ES-20260828-6200-C-20260813
20260813,ES,08/28/2026,6200,P,249.25,251.75,250.5,19526,69495,0.1144,-0.189,ES,CME,snap-20260813-es,ES-20260828-6200-P-20260813
2026-08-13,ES,2026-08-28,6250,C,49.25,49.75,49.5,"13,031",56227,0.1164,0.785,ES,CME,snap-20260813-es,ES-20260828-6250-C-20260813
2026-08-13,ES,2026-08-28,6250,P,299.25,302.5,301,14890,67457,0.1154,-0.215,ES,CME,snap-20260813-es,ES-20260828-6250-P-20260813
2026-08-13,ES,2026-08-28,6300,C,49.75,50.25,50,14555,66774,0.1176,0.762,ES,CME,snap-20260813-es,ES-20260828-6300-C-20260813
20260813,ES,2026-08-28,6300,P,349.25,353.25,351.25,6082,29378,0.1164,-0.238,ES,CME,snap-20260813-es,ES-20260828-6300-P-20260813
08/13/26,ES,08/28/2026,6350,C,50.25,50.75,50.5,"7,151",19523,0.1187,0.743,ES,CME,snap-20260813-es,ES-20260828-6350-C-20260813
20260813,ES,20260828,6350,P,399.25,404,401.5,6826,23018,0.1174,-0.257,ES,CME,snap-20260813-es,ES-20260828-6350-P-20260813
08/13/26,ES,2026-08-28,6400,C,50.75,51.25,51,3833,17362,0.1199,0.727,ES,CME,snap-20260813-es,ES-20260828-6400-C-20260813
08/13/26,es,20260828,6400,P,449.5,454.75,452,4509,16998,0.1183,-0.273,ES,CME,snap-20260813-es,ES-20260828-6400-P-20260813
08/13/2026,ES,08/28/2026,6450,C,51.25,51.75,51.5,2407,9318,0.1211,0.712,ES,CME,snap-20260813-es,ES-20260828-6450-C-20260813
08/13/2026,ES,2026-08-28,"6,450.00",P,499.5,505.5,502.5,3808,19877,0.1193,-0.288,ES,CME,snap-20260813-es,ES-20260828-6450-P-20260813
20260813,es,08/28/2026,6500,C,51.75,52.25,52,910,2982,0.1222,0.7,ES,CME,snap-20260813-es,ES-20260828-6500-C-20260813
20260813,ES,08/28/2026,6500,P,549.5,556.50,553,994,4865,0.1203,-0.3,ES,CME,snap-20260813-es,ES-20260828-6500-P-20260813
2026-08-13,ES,2026-09-18,5500,C,573.5,581.75,577.5,1017,2286,0.1202,0.7,ES,CME,snap-20260813-es,ES-20260918-5500-C-20260813
2026-08-13,ES,2026-09-18,5500,P,82.5,83.75,83,1335,6223,0.1262,-0.3,ES,CME,snap-20260813-es,ES-20260918-5500-P-20260813
2026-08-13,ES,2026-09-18,5550,C,523.25,530.5,527,1161,2901,0.1192,0.713,ES,CME,snap-20260813-es,ES-20260918-5550-C-20260813
2026-08-13,ES,09/18/2026,5550,P,81.5,82.75,82,1354,3915,0.1246,-0.287,ES,CME,snap-20260813-es,ES-20260918-5550-P-20260813
08/13/2026,ES,09/18/26,5600,C,473,479.5,476.25,6011,19113,0.1183,0.728,ES,CME,snap-20260813-es,ES-20260918-5600-C-20260813
08/13/2026,ES,2026-09-18,5600,P,80.5,81.75,81,3784,13661,0.123,-0.272,ES,CME,snap-20260813-es,ES-20260918-5600-P-20260813
08/13/2026,ES,2026-09-18,5650,C,422.75,428.5,425.5,4079,15327,0.1173,0.744,ES,CME,snap-20260813-es,ES-20260918-5650-C-20260813
2026-08-13,ES,2026-09-18,5650,P ,79.5,80.5,80,4808,22152,0.1214,-0.256,ES,CME,snap-20260813-es,ES-20260918-5650-P-20260813
2026-08-13,ES,09/18/2026,5700,C,372.5,377.5,375,5464,13791,0.1163,0.764,ES,CME,snap-20260813-es,ES-20260918-5700-C-20260813
20260813,ES,20260918,5700,P,78.5,79.5,79.00,"10,192",45668,0.1199,-0.236,ES,CME,snap-20260813-es,ES-20260918-5700-P-20260813
2026-08-13,es,2026-09-18,5750,C,322.25,326.25,324.25,5286,19485,0.1153,0.787,ES,CME,snap-20260813-es,ES-20260918-5750-C-20260813
2026-08-13,ES,09/18/26,5750,P,77.5,78.5,78,9044,48224,0.12,-0.213,ES,CME,snap-20260813-es,ES-20260918-5750-P-20260813
2026-08-13,ES,2026-09-18,5800,C,272,275.25,273.5,19867,56008,0.1144,0.813,ES,CME,snap-20260813-es,ES-20260918-5800-C-20260813
08/13/26,ES,20260918,5800,P,76.5,77.5,77,23104,110185,0.1167,-0.187,ES,CME,snap-20260813-es,ES-20260918-5800-P-20260813
2026-08-13,ES,20260918,5850,C,221.75,224.25,223,9925,44580,0.1134,0.846,ES,CME,snap-20260813-es,ES-20260918-5850-C-20260813
2026-08-13,ES,2026-09-18,5850,put,75.5,76.5,76,13556,36276,0.1152,-0.154,ES,CME,snap-20260813-es,ES-20260918-5850-P-20260813
2026-08-13,ES,2026-09-18,5900,Call,171.25,173.25,172.25,10439,44773,0.1124,0.886,ES,CME,snap-20260813-es,ES-20260918-5900-C-20260813
08/13/2026,ES,2026-09-18,5900,P,74.5,75.25,75,"21,697",112725,0.1136,-0.114,ES,CME,snap-20260813-es,ES-20260918-5900-P-20260813
08/13/26,ES,2026-09-18,5950,C,121,122.5,121.75,20006,"74,088",0.1114,0.937,ES,CME,snap-20260813-es,ES-20260918-5950-C-20260813
2026-08-13,ES,2026-09-18,5950,P ,73.5,74.25,74,"9,322","43,500",0.11,-0.063,ES,CME,snap-20260813-es,ES-20260918-5950-P-20260813
2026-08-13,ES,2026-09-18,6000,C,72.5,73.25,73,23718,104518,0.1105,0.997,ES,CME,snap-20260813-es,ES-20260918-6000-C-20260813
2026-08-13,ES,2026-09-18,6000,P,74.25,75,74.5,30960,141168,0.1105,-0.003,ES,CME,snap-20260813-es,ES-20260918-6000-P-20260813
08/13/2026,ES,20260918,6050,C,73.25,74,73.5,11053,37134,0.1117,0.933,ES,CME,snap-20260813-es,ES-20260918-6050-C-20260813
08/13/26,ES,2026-09-18,"6,050.00",put,124.5,126,125.25,22201,109814,0.1115,-0.067,ES,CME,snap-20260813-es,ES-20260918-6050-P-20260813
08/13/26,ES,2026-09-18,"6,050.00",put,124.5,126,125.25,22201,109814,0.1115,-0.067,ES,CME,snap-20260813-es-retry,ES-20260918-6050-P-20260813
20260813,ES,20260918,6100,C,74.00,74.75,74.5,14871,69732,0.1129,0.883,ES,CME,snap-20260813-es,ES-20260918-6100-C-20260813
2026-08-13,es,09/18/2026,6100,P,175,177,176,21406,"107,001",0.1125,-0.117,ES,CME,snap-20260813-es,ES-20260918-6100-P-20260813
08/13/2026,ES,09/18/2026,6150,C,74.75,75.75,75.25,15392,62013,0.1141,0.844,ES,CME,snap-20260813-es,ES-20260918-6150-C-20260813
2026-08-13,es,09/18/26,6150,P,225.25,228,226.5,7761,41319,0.11,-0.156,ES,CME,snap-20260813-es,ES-20260918-6150-P-20260813
2026-08-13,ES,09/18/2026,6200,Call,75.5,76.5,76,16091,69444,0.1152,0.811,ES,CME,snap-20260813-es,ES-20260918-6200-C-20260813
2026-08-13,ES,09/18/26,6200,P ,275.5,279,277.25,14980,77934,0.1144,-0.189,ES,CME,snap-20260813-es,ES-20260918-6200-P-20260813
08/13/2026,ES,2026-09-18,6250,C,76.25,77.25,76.75,4311,17411,0.1164,0.785,ES,CME,snap-20260813-es,ES-20260918-6250-C-20260813
2026-08-13,ES,2026-09-18,6250,P,325.75,330,328,5670,23730,0.1154,-0.215,ES,CME,snap-20260813-es,ES-20260918-6250-P-20260813
2026-08-13,ES,2026-09-18,6300,C,77,78,77.5,6844,22049,0.1176,0.762,ES,CME,snap-20260813-es,ES-20260918-6300-C-20260813
2026-08-13,ES,09/18/2026,6300,P ,376,381,378.50,6136,19978,0.1164,-0.238,ES,CME,snap-20260813-es,ES-20260918-6300-P-20260813
20260813,ES,09/18/26,6350,C,77.75,78.75,78.25,4564,17697,0.1187,0.743,ES,CME,snap-20260813-es,ES-20260918-6350-C-20260813
20260813,ES,2026-09-18,6350,P,426.25,432,429,4789,25958,0.1174,-0.26,ES,CME,snap-20260813-es,ES-20260918-6350-P-20260813
2026-08-13,ES,20260918,6400,C,78.5,79.5,79,2556,6673,0.12,0.727,ES,CME,snap-20260813-es,ES-20260918-6400-C-20260813
2026-08-13,ES,2026-09-18,6400,P,476.5,483,479.75,2662,11484,0.1183,-0.273,ES,CME,snap-20260813-es,ES-20260918-6400-P-20260813
2026-08-13,es,09/18/2026,6450,C,79.25,80.5,80,2141,7117,0.1211,0.712,ES,CME,snap-20260813-es,ES-20260918-6450-C-20260813
20260813,ES,2026-09-18,6450,Put,526.75,534.25,530.5,1802,8004,0.1193,-0.288,ES,CME,snap-20260813-es,ES-20260918-6450-P-20260813
2026-08-13,ES,2026-09-18,6500,C,80,81.25,80.5,695,2034,0.1222,0.7,ES,CME,snap-20260813-es,ES-20260918-6500-C-20260813
08/13/26,ES,09/18/2026,6500,P,577,585.25,581,651,2020,0.1203,-0.3,ES,CME,snap-20260813-es,ES-20260918-6500-P-20260813
2026-08-13,ES,10/16/2026,5500,C,599,609,604,396,"1,896",0.1202,0.7,ES,CME,snap-20260813-es,ES-20261016-5500-C-20260813
2026-08-13,ES,2026-10-16,5500,P,110.00,111.75,111,"1,068",3128,0.1262,-0.3,ES,CME,snap-20260813-es,ES-20261016-5500-P-20260813
20260813,ES,2026-10-16,5550,C,548.5,557.5,553,1647,3963,0.1192,0.713,ES,CME,snap-20260813-es,ES-20261016-5550-C-20260813
2026-08-13,es,2026-10-16,5550,P,108.75,110.5,109.5,1593,5743,0.1246,-0.287,ES,CME,snap-20260813-es,ES-20261016-5550-P-20260813
08/13/26,ES,10/16/2026,5600,C,498.25,506.25,502.25,4810,12368,0.1183,0.728,ES,CME,snap-20260813-es,ES-20261016-5600-C-20260813
08/13/26,ES,2026-10-16,5600,P,107.25,109,108,7059,27537,0.123,-0.272,ES,CME,snap-20260813-es,ES-20261016-5600-P-20260813
08/13/26,ES,10/16/26,5650,C,447.75,455,451.5,5333,14814,0.1173,0.744,ES,CME,snap-20260813-es,ES-20261016-5650-C-20260813
2026-08-13,ES,2026-10-16,5650,P,106,107.5,106.75,6944,34728,0.1214,-0.26,ES,CME,snap-20260813-es,ES-20261016-5650-P-20260813
2026-08-13,ES,2026-10-16,5700,C,397.5,403.5,400.50,"5,539",16733,0.1163,0.764,ES,CME,snap-20260813-es,ES-20261016-5700-C-20260813
2026-08-13,ES,20261016,"5,700.00",P,104.5,106.25,105.50,8261,42227,0.1199,-0.236,ES,CME,snap-20260813-es,ES-20261016-5700-P-20260813
2026-08-13,ES,20261016,5750,C,347,352.25,349.5,4668,22057,0.1153,0.787,ES,CME,snap-20260813-es,ES-20261016-5750-C-20260813
2026-08-13,ES,2026-10-16,5750,P,103.25,104.75,104,6356,25560,0.1183,-0.213,ES,CME,snap-20260813-es,ES-20261016-5750-P-20260813
20260813,ES,2026-10-16,5800,C,296.50,301,298.75,7067,19750,0.11,0.813,ES,CME,snap-20260813-es,ES-20261016-5800-C-20260813
2026-08-13,ES,2026-10-16,"5,800.00",P,101.75,103.25,102.5,19223,87700,0.1167,-0.187,ES,CME,snap-20260813-es,ES-20261016-5800-P-20260813
2026-08-13,ES,20261016,"5,850.00",C,246.25,249.75,248,"14,219",38364,0.1134,0.846,ES,CME,snap-20260813-es,ES-20261016-5850-C-20260813
2026-08-13,ES,2026-10-16,5850,P,100.5,102,101.25,7482,24148,0.1152,-0.154,ES,CME,snap-20260813-es,ES-20261016-5850-P-20260813
08/13/26,ES,10/16/2026,5900,C,195.75,198.5,197,"10,248",41112,0.11,0.886,ES,CME,snap-20260813-es,ES-20261016-5900-C-20260813
20260813,ES,20261016,5900,P,99.25,100.5,100,10179,33844,0.1136,-0.114,ES,CME,snap-20260813-es,ES-20261016-5900-P-20260813
08/13/26,ES,10/16/2026,5950,C,145.25,147.25,146.25,8851,22242,0.1114,0.937,ES,CME,snap-20260813-es,ES-20261016-5950-C-20260813
2026-08-13,ES,10/16/2026,5950,P,97.75,99.25,98.5,15451,75822,0.112,-0.063,ES,CME,snap-20260813-es,ES-20261016-5950-P-20260813
2026-08-13,ES,2026-10-16,6000,C,96.5,97.75,97,23804,57775,0.1105,0.997,ES,CME,snap-20260813-es,ES-20261016-6000-C-20260813
2026-08-13,ES,2026-10-16,6000,P,98.25,99.5,99,20993,97767,0.1105,-0.003,ES,CME,snap-20260813-es,ES-20261016-6000-P-20260813
20260813,ES,2026-10-16,6050,Call,97.5,99,98.25,18730,64582,0.1117,0.933,ES,CME,snap-20260813-es,ES-20261016-6050-C-20260813
2026-08-13,ES,2026-10-16,6050,P,148.75,150.75,149.75,14646,71974,0.11,-0.067,ES,CME,snap-20260813-es,ES-20261016-6050-P-20260813
2026-08-13,ES,2026-10-16,6100,Call,98.5,100,99.25,12462,45702,0.1129,0.88,ES,CME,snap-20260813-es,ES-20261016-6100-C-20260813
20260813,ES,10/16/2026,6100,P,199.25,202,200.5,13139,38084,0.1125,-0.117,ES,CME,snap-20260813-es,ES-20261016-6100-P-20260813
2026-08-13,es,20261016,6150,Call,99.5,101,100.25,5529,24333,0.1141,0.844,ES,CME,snap-20260813-es,ES-20261016-6150-C-20260813
20260813,ES,2026-10-16,6150,P,249.75,253.25,251.5,12557,40140,0.1135,-0.16,ES,CME,snap-20260813-es,ES-20261016-6150-P-20260813
20260813,ES,2026-10-16,6200,Call,100.5,102,101.25,13117,"29,338",0.1152,0.81,ES,CME,snap-20260813-es,ES-20261016-6200-C-20260813
2026-08-13,ES,10/16/2026,6200,P,300.25,304.5,302.5,18548,64027,0.1144,-0.189,ES,CME,snap-20260813-es,ES-20261016-6200-P-20260813
2026-08-13,ES,10/16/2026,6250,C,101.5,103,102.25,5562,26574,0.12,0.785,ES,CME,snap-20260813-es,ES-20261016-6250-C-20260813
20260813,ES,2026-10-16,6250,put,350.5,355.75,353,10706,46366,0.1154,-0.215,ES,CME,snap-20260813-es,ES-20261016-6250-P-20260813
2026-08-13,es,2026-10-16,"6,300.00",C,102.5,104.25,103.5,5392,25228,0.1176,0.762,ES,CME,snap-20260813-es,ES-20261016-6300-C-20260813
2026-08-13,ES,10/16/2026,6300,P,401,407.25,404,9092,24811,0.1164,-0.238,ES,CME,snap-20260813-es,ES-20261016-6300-P-20260813
2026-08-13,ES,10/16/2026,6350,C,103.5,105.25,104.5,2545,11884,0.12,0.743,ES,CME,snap-20260813-es,ES-20261016-6350-C-20260813
2026-08-13,ES,20261016,6350,P,451.25,458.5,455.00,3663,18053,0.1174,-0.257,ES,CME,snap-20260813-es,ES-20261016-6350-P-20260813
2026-08-13,es,2026-10-16,6400,C,104.5,106.25,105.5,2617,6470,0.1199,0.73,ES,CME,snap-20260813-es,ES-20261016-6400-C-20260813
08/13/26,ES,2026-10-16,6400,P,501.75,509.75,505.75,2128,9458,0.12,-0.273,ES,CME,snap-20260813-es,ES-20261016-6400-P-20260813
2026-08-13,ES,2026-10-16,6450,Call,105.50,107.25,106.5,2387,9989,0.1211,0.712,ES,CME,snap-20260813-es,ES-20261016-6450-C-20260813
2026-08-13,es,10/16/2026,6450,P,552,561.25,556.5,1568,5733,0.12,-0.288,ES,CME,snap-20260813-es,ES-20261016-6450-P-20260813
08/13/26,ES,2026-10-16,6500,Call,106.5,108.25,107.5,1025,2826,0.12,0.7,ES,CME,snap-20260813-es,ES-20261016-6500-C-20260813
2026-08-13,ES,20261016,6500,P,602.5,612.5,607.5,985,5242,0.1203,-0.3,ES,CME,snap-20260813-es,ES-20261016-6500-P-20260813
2026-08-13,ES,12/18/26,5500,C,640.00,654.25,647,572,1865,0.1202,0.7,ES,CME,snap-20260813-es,ES-20261218-5500-C-20260813
2026-08-13,ES,12/18/26,"5,500.00",P,154.5,158.00,156.25,561,2317,0.1262,-0.3,ES,CME,snap-20260813-es,ES-20261218-5500-P-20260813
08/13/26,ES,2026-12-18,5550,C,589.5,602.25,596,1333,4635,0.1192,0.713,ES,CME,snap-20260813-es,ES-20261218-5550-C-20260813
2026-08-13,ES,12/18/2026,5550,P,152.50,156,154.25,1224,"4,734",0.1246,-0.287,ES,CME,snap-20260813-es,ES-20261218-5550-P-20260813
2026-08-13,ES,2026-12-18,5600,C,539,550.5,544.75,2915,12281,0.1183,0.728,ES,CME,snap-20260813-es,ES-20261218-5600-C-20260813
2026-08-13,ES,2026-12-18,5600,P,150.75,154,152.50,"2,673",11146,0.123,-0.272,ES,CME,snap-20260813-es,ES-20261218-5600-P-20260813
2026-08-13,ES,12/18/2026,"5,650.00",C,488.25,498.75,493.5,1130,3854,0.1173,0.744,ES,CME,snap-20260813-es,ES-20261218-5650-C-20260813
2026-08-13,ES,2026-12-18,5650,P,148.75,152,150.5,2797,13916,0.1214,-0.256,ES,CME,snap-20260813-es,ES-20261218-5650-P-20260813
2026-08-13,ES,2026-12-18,5700,C,437.75,446.75,442.25,2976,6853,0.1163,0.764,ES,CME,snap-20260813-es,ES-20261218-5700-C-20260813
20260813,ES,20261218,5700,P,147,150.00,148.5,3595,19779,0.1199,-0.236,ES,CME,snap-20260813-es,ES-20261218-5700-P-20260813
08/13/26,ES,2026-12-18,5750,Call,387.25,395,391,2710,6683,0.1153,0.787,ES,CME,snap-20260813-es,ES-20261218-5750-C-20260813
08/13/2026,ES,12/18/2026,5750,P,145.00,148,146.5,5957,22635,0.1183,-0.213,ES,CME,snap-20260813-es,ES-20261218-5750-P-20260813
2026-08-13,ES,12/18/2026,5800,C,336.5,343.25,340,8048,35825,0.1144,0.813,ES,CME,snap-20260813-es,ES-20261218-5800-C-20260813
2026-08-13,ES,2026-12-18,5800,P,143,146,144.50,5807,24662,0.1167,-0.187,ES,CME,snap-20260813-es,ES-20261218-5800-P-20260813
2026-08-13,ES,12/18/26,5850,C,285.75,291.5,288.5,2686,"11,541",0.1134,0.846,ES,CME,snap-20260813-es,ES-20261218-5850-C-20260813
2026-08-13,ES,12/18/26,"5,850.00",P,141.25,144,142.5,7763,20887,0.1152,-0.154,ES,CME,snap-20260813-es,ES-20261218-5850-P-20260813
08/13/26,ES,2026-12-18,5900,C,235.25,239.75,237.5,4423,18673,0.1124,0.886,ES,CME,snap-20260813-es,ES-20261218-5900-C-20260813
08/13/2026,ES,2026-12-18,5900,P,139.25,142,140.5,11154,"57,886",0.1136,-0.114,ES,CME,snap-20260813-es,ES-20261218-5900-P-20260813
2026-08-13,ES,2026-12-18,5950,C,184.5,188,186.25,6819,18909,0.1114,0.937,ES,CME,snap-20260813-es,ES-20261218-5950-C-20260813
2026-08-13,ES,12/18/2026,5950,put,137.5,140,138.75,7269,19823,0.112,-0.063,ES,CME,snap-20260813-es,ES-20261218-5950-P-20260813
2026-08-13,ES,2026-12-18,6000,C,135.5,138.25,137,7794,"21,628",0.1105,0.997,ES,CME,snap-20260813-es,ES-20261218-6000-C-20260813
08/13/26,ES,12/18/2026,6000,P,137.25,140,138.50,10128,34929,0.1105,-0.003,ES,CME,snap-20260813-es,ES-20261218-6000-P-20260813
2026-08-13,ES,2026-12-18,6050,C,137,139.75,138.5,7485,26139,0.1117,0.933,ES,CME,snap-20260813-es,ES-20261218-6050-C-20260813
08/13/2026,es,2026-12-18,6050,P,188,191.75,190,9982,40350,0.1115,-0.067,ES,CME,snap-20260813-es,ES-20261218-6050-P-20260813
20260813,es,2026-12-18,6100,C,138.5,141.25,140,"7,393",28875,0.1129,0.883,ES,CME,snap-20260813-es,ES-20261218-6100-C-20260813
08/13/26,ES,2026-12-18,6100,P,238.75,243.25,241,12788,37312,0.1125,-0.117,ES,CME,snap-20260813-es,ES-20261218-6100-P-20260813
08/13/26,es,12/18/2026,6150,C,139.75,142.50,141,"6,012",26685,0.1141,0.844,ES,CME,snap-20260813-es,ES-20261218-6150-C-20260813
2026-08-13,ES,12/18/26,6150,P,289.5,295.00,292.25,3242,17409,0.1135,-0.156,ES,CME,snap-20260813-es,ES-20261218-6150-P-20260813
08/13/2026,es,12/18/26,6200,C,141.25,144.00,142.5,5825,15160,0.1152,0.811,ES,CME,snap-20260813-es,ES-20261218-6200-C-20260813
08/13/26,es,2026-12-18,6200,P,340,347,343.5,4315,17486,0.1144,-0.189,ES,CME,snap-20260813-es,ES-20261218-6200-P-20260813
2026-08-13,ES,2026-12-18,6250,C,142.75,145.5,144,3229,14123,0.1164,0.785,ES,CME,snap-20260813-es,ES-20261218-6250-C-20260813
2026-08-13,ES,2026-12-18,6250,P,390.75,398.75,394.75,4316,17897,0.1154,-0.215,ES,CME,snap-20260813-es,ES-20261218-6250-P-20260813
2026-08-13,ES,12/18/2026,6300,C,144,147,145.5,4952,"13,737",0.1176,0.762,ES,CME,snap-20260813-es,ES-20261218-6300-C-20260813
2026-08-13,ES,12/18/2026,6300,P,441.25,450.5,446,2844,9763,0.1164,-0.238,ES,CME,snap-20260813-es,ES-20261218-6300-P-20260813
20260813,ES,12/18/2026,6350,C,145.50,148.5,147,2249,6310,0.1187,0.743,ES,CME,snap-20260813-es,ES-20261218-6350-C-20260813
08/13/26,ES,2026-12-18,6350,P ,492,502.25,497,1543,6057,0.1174,-0.257,ES,CME,snap-20260813-es,ES-20261218-6350-P-20260813
2026-08-13,ES,2026-12-18,6400,C,147,150,148.5,2043,8216,0.1199,0.727,ES,CME,snap-20260813-es,ES-20261218-6400-C-20260813
08/13/26,ES,2026-12-18,6400,P,542.5,554,548.25,1553,8500,0.12,-0.273,ES,CME,snap-20260813-es,ES-20261218-6400-P-20260813
20260813,ES,20261218,6450,C,148.25,151.5,150,988,3099,0.1211,0.712,ES,CME,snap-20260813-es,ES-20261218-6450-C-20260813
2026-08-13,ES,2026-12-18,6450,P,593.00,606,599.5,"1,456",7141,0.12,-0.288,ES,CME,snap-20260813-es,ES-20261218-6450-P-20260813
20260813,ES,20261218,6500,Call,149.75,153.00,151.50,227,1084,0.1222,0.7,ES,CME,snap-20260813-es,ES-20261218-6500-C-20260813
2026-08-13,ES,2026-12-18,"6,500.00",P,643.5,657.75,650.5,480,2461,0.1203,-0.3,ES,CME,snap-20260813-es,ES-20261218-6500-P-20260813
2026-08-14,ES,08/21/2026,5500,Call,511,517,514,1907,4353,0.1199,0.705,ES,CME,snap-20260814-es,ES-20260821-5500-C-20260814
08/14/2026,ES,2026-08-21,5500,P,36.25,36.5,36.5,2724,9856,0.1256,-0.295,ES,CME,snap-20260814-es,ES-20260821-5500-P-20260814
20260814,ES,20260821,5550,C,461,466.25,463.5,4232,18401,0.1189,0.718,ES,CME,snap-20260814-es,ES-20260821-5550-C-20260814
2026-08-14,ES,20260821,5550,P,35.75,36.25,36.00,2327,6888,0.124,-0.282,ES,CME,snap-20260814-es,ES-20260821-5550-P-20260814
08/14/26,ES,2026-08-21,5600,C,411.25,415.75,413.50,"7,173",16450,0.1179,0.733,ES,CME,snap-20260814-es,ES-20260821-5600-C-20260814
20260814,ES,2026-08-21,5600,P,35.25,35.75,35.5,5270,16494,0.1225,-0.267,ES,CME,snap-20260814-es,ES-20260821-5600-P-20260814
08/14/2026,ES,2026-08-21,5650,C,361.25,365,363,7038,29786,0.1169,0.751,ES,CME,snap-20260814-es,ES-20260821-5650-C-20260814
2026-08-14,ES,2026-08-21,5650,P,34.75,35.25,35,10771,57028,0.12,-0.249,ES,CME,snap-20260814-es,ES-20260821-5650-P-20260814
2026-08-14,ES,20260821,5700,C,311.25,314.5,313,15468,54427,0.116,0.772,ES,CME,snap-20260814-es,ES-20260821-5700-C-20260814
08/14/2026,ES,2026-08-21,5700,P,34.5,34.75,34.5,15747,86497,0.1193,-0.228,ES,CME,snap-20260814-es,ES-20260821-5700-P-20260814
2026-08-14,ES,2026-08-21,"5,750.00",C,261.25,264.00,262.5,6130,29131,0.12,0.80,ES,CME,snap-20260814-es,ES-20260821-5750-C-20260814
2026-08-14,es,20260821,"5,750.00",P,34,34.25,34.00,8198,34421,0.1177,-0.204,ES,CME,snap-20260814-es,ES-20260821-5750-P-20260814
2026-08-14,es,2026-08-21,5800,C,211.25,213.25,212.25,24775,115445,0.114,0.825,ES,CME,snap-20260814-es,ES-20260821-5800-C-20260814
2026-08-14,ES,08/21/26,5800,P,33.5,33.75,33.5,14982,51688,0.1162,-0.175,ES,CME,snap-20260814-es,ES-20260821-5800-P-20260814
2026-08-14,ES,08/21/2026,5850,C,161.25,162.75,162,7742,"19,801",0.113,0.86,ES,CME,snap-20260814-es,ES-20260821-5850-C-20260814
08/14/26,ES,2026-08-21,5850,P ,33,33.25,33,16657,72728,0.1146,-0.14,ES,CME,snap-20260814-es,ES-20260821-5850-P-20260814
08/14/2026,ES,2026-08-21,5900,C,111.25,112.25,111.75,25951,97009,0.1121,0.904,ES,CME,snap-20260814-es,ES-20260821-5900-C-20260814
2026-08-14,ES,2026-08-21,5900,P,32.50,33.00,32.75,19024,71473,0.11,-0.096,ES,CME,snap-20260814-es,ES-20260821-5900-P-20260814
08/14/2026,ES,2026-08-21,5950,C,61.25,61.75,61.5,15101,"59,600",0.1111,0.96,ES,CME,snap-20260814-es,ES-20260821-5950-C-20260814
2026-08-14,ES,20260821,5950,P,32.25,32.5,32.5,22826,123233,0.1114,-0.04,ES,CME,snap-20260814-es,ES-20260821-5950-P-20260814
2026-08-14,ES,08/21/2026,6000,C,32,32.25,32,"32,471",137413,0.111,0.971,ES,CME,snap-20260814-es,ES-20260821-6000-C-20260814
08/14/2026,ES,08/21/2026,6000,put,52.75,53,53,42191,125777,0.1109,-0.029,ES,CME,snap-20260814-es,ES-20260821-6000-P-20260814
2026-08-14,ES,2026-08-21,6050,C,32.25,32.75,32.5,17521,53468,0.1122,0.912,ES,CME,snap-20260814-es,ES-20260821-6050-C-20260814
08/14/2026,ES,08/21/2026,6050,P,102.75,103.75,103.25,16636,57057,0.1119,-0.088,ES,CME,snap-20260814-es,ES-20260821-6050-P-20260814
2026-08-14,ES,2026-08-21,6100,C,32.75,33,33,9768,21834,0.1133,0.867,ES,CME,snap-20260814-es,ES-20260821-6100-C-20260814
2026-08-14,ES,2026-08-21,6100,put,152.75,154.25,153.5,11494,53583,0.1129,-0.133,ES,CME,snap-20260814-es,ES-20260821-6100-P-20260814
2026-08-14,ES,08/21/2026,6150,C,33,33.25,33.00,11253,"53,549",0.1145,0.83,ES,CME,snap-20260814-es,ES-20260821-6150-C-20260814
20260814,ES,2026-08-21,"6,150.00",P,202.75,204.75,203.75,14804,69848,0.1138,-0.17,ES,CME,snap-20260814-es,ES-20260821-6150-P-20260814
2026-08-14,ES,08/21/26,6200,C,33.25,33.75,33.5,19304,65567,0.1157,0.8,ES,CME,snap-20260814-es,ES-20260821-6200-C-20260814
08/14/2026,ES,08/21/2026,6200,P,252.75,255.25,254,14865,56393,0.1148,-0.2,ES,CME,snap-20260814-es,ES-20260821-6200-P-20260814
2026-08-14,ES,2026-08-21,6250,C,33.75,34,34,5152,22018,0.1169,0.775,ES,CME,snap-20260814-es,ES-20260821-6250-C-20260814
2026-08-14,ES,08/21/2026,6250,P,302.75,306.00,304.50,12701,39801,0.1158,-0.225,ES,CME,snap-20260814-es,ES-20260821-6250-P-20260814
20260814,ES,2026-08-21,6300,C,34,34.5,34.25,5620,25185,0.118,0.754,ES,CME,snap-20260814-es,ES-20260821-6300-C-20260814
20260814,ES,08/21/26,6300,P,352.75,356.5,354.5,7224,"38,890",0.1168,-0.246,ES,CME,snap-20260814-es,ES-20260821-6300-P-20260814
08/14/2026,ES,2026-08-21,6350,C,34.25,34.75,34.5,6125,27021,0.1192,0.736,ES,CME,snap-20260814-es,ES-20260821-6350-C-20260814
20260814,ES,08/21/26,"6,350.00",P,402.75,407,405,"8,504",21552,0.1178,-0.264,ES,CME,snap-20260814-es,ES-20260821-6350-P-20260814
2026-08-14,ES,08/21/2026,6400,C,34.75,35,35,5954,26311,0.1204,0.721,ES,CME,snap-20260814-es,ES-20260821-6400-C-20260814
2026-08-14,ES,2026-08-21,6400,P,452.5,457.75,455,"4,559",16945,0.1187,-0.279,ES,CME,snap-20260814-es,ES-20260821-6400-P-20260814
2026-08-14,ES,08/21/26,6450,C,35,35.50,35.25,1966,8765,0.1216,0.707,ES,CME,snap-20260814-es,ES-20260821-6450-C-20260814
2026-08-14,ES,08/21/26,6450,P,502.5,508.5,505.5,1034,4207,0.1197,-0.293,ES,CME,snap-20260814-es,ES-20260821-6450-P-20260814
08/14/2026,ES,2026-08-21,6500,C,35.25,35.75,35.5,1457,5296,0.1227,0.695,ES,CME,snap-20260814-es,ES-20260821-6500-C-20260814
20260814,es,20260821,6500,P,552.25,559,555.5,1547,5029,0.1207,-0.305,ES,CME,snap-20260814-es,ES-20260821-6500-P-20260814
2026-08-14,ES,2026-08-28,5500,C,525,531.75,528.5,2084,8557,0.1199,0.705,ES,CME,snap-20260814-es,ES-20260828-5500-C-20260814
2026-08-14,ES,2026-08-28,5500,Put,51.25,51.75,51.5,2119,7799,0.1256,-0.295,ES,CME,snap-20260814-es,ES-20260828-5500-P-20260814
20260814,ES,2026-08-28,5550,C,475,480.75,478,4266,14692,0.1189,0.718,ES,CME,snap-20260814-es,ES-20260828-5550-C-20260814
08/14/2026,ES,20260828,5550,P,50.5,51.25,51,"4,596",14002,0.124,-0.282,ES,CME,snap-20260814-es,ES-20260828-5550-P-20260814
2026-08-14,ES,2026-08-28,5600,C,425,430,427.5,"3,956",12864,0.1179,0.733,ES,CME,snap-20260814-es,ES-20260828-5600-C-20260814
08/14/2026,ES,2026-08-28,5600,P,50,50.5,50.25,5475,23292,0.1225,-0.267,ES,CME,snap-20260814-es,ES-20260828-5600-P-20260814
2026-08-14,ES,2026-08-28,"5,650.00",Call,375,379.25,377,6557,18340,0.1169,0.751,ES,CME,snap-20260814-es,ES-20260828-5650-C-20260814
2026-08-14,ES,08/28/2026,5650,P,49.25,49.75,49.5,7523,23059,0.1209,-0.249,ES,CME,snap-20260814-es,ES-20260828-5650-P-20260814
2026-08-14,ES,08/28/2026,5700,C,325,328.5,326.75,5900,23987,0.116,0.772,ES,CME,snap-20260814-es,ES-20260828-5700-C-20260814
2026-08-14,es,2026-08-28,5700,P,48.75,49.25,49,6266,17140,0.1193,-0.228,ES,CME,snap-20260814-es,ES-20260828-5700-P-20260814
20260814,ES,2026-08-28,5750,C,275,277.75,276.5,5856,13686,0.115,0.796,ES,CME,snap-20260814-es,ES-20260828-5750-C-20260814
2026-08-14,es,2026-08-28,5750,P,48.00,48.5,48.25,10981,41990,0.1177,-0.204,ES,CME,snap-20260814-es,ES-20260828-5750-P-20260814
08/14/2026,ES,2026-08-28,"5,800.00",C,224.75,227.25,226,10451,45436,0.114,0.825,ES,CME,snap-20260814-es,ES-20260828-5800-C-20260814
2026-08-14,ES,2026-08-28,5800,put,47.25,47.75,47.5,10342,41405,0.12,-0.175,ES,CME,snap-20260814-es,ES-20260828-5800-P-20260814
2026-08-14,ES,2026-08-28,5850,C,174.75,176.5,175.5,11832,32369,0.113,0.86,ES,CME,snap-20260814-es,ES-20260828-5850-C-20260814
2026-08-14,es,2026-08-28,5850,P,46.75,47.25,47,23897,"70,079",0.1146,-0.14,ES,CME,snap-20260814-es,ES-20260828-5850-P-20260814
20260814,ES,2026-08-28,"5,900.00",C,124.5,125.75,125,27385,119336,0.1121,0.904,ES,CME,snap-20260814-es,ES-20260828-5900-C-20260814
20260814,ES,20260828,5900,P,46,46.50,46.25,"31,204",159107,0.113,-0.096,ES,CME,snap-20260814-es,ES-20260828-5900-P-20260814
2026-08-14,es,2026-08-28,5950,C,74.5,75,74.75,25782,98929,0.1111,0.96,ES,CME,snap-20260814-es,ES-20260828-5950-C-20260814
20260814,ES,08/28/2026,5950,P,45.5,46,45.75,25854,73150,0.1114,-0.04,ES,CME,snap-20260814-es,ES-20260828-5950-P-20260814
08/14/26,ES,20260828,6000,C,45.25,45.75,45.5,31942,81608,0.111,0.971,ES,CME,snap-20260814-es,ES-20260828-6000-C-20260814
2026-08-14,ES,2026-08-28,6000,P,66,66.50,66.25,29594,102041,0.1109,-0.029,ES,CME,snap-20260814-es,ES-20260828-6000-P-20260814
2026-08-14,ES,20260828,6050,C,45.75,46.25,46,20978,87705,0.1122,0.912,ES,CME,snap-20260814-es,ES-20260828-6050-C-20260814
08/14/26,ES,08/28/26,"6,050.00",P,116,117.25,116.5,11194,55064,0.1119,-0.088,ES,CME,snap-20260814-es,ES-20260828-6050-P-20260814
2026-08-14,ES,2026-08-28,6100,C,46.25,46.75,46.5,"17,077",59412,0.1133,0.867,ES,CME,snap-20260814-es,ES-20260828-6100-C-20260814
20260814,ES,2026-08-28,6100,P,166.25,167.75,167.00,31151,104394,0.1129,-0.133,ES,CME,snap-20260814-es,ES-20260828-6100-P-20260814
08/14/2026,ES,2026-08-28,"6,150.00",C,46.75,47.25,47,17229,40070,0.1145,0.83,ES,CME,snap-20260814-es,ES-20260828-6150-C-20260814
2026-08-14,es,08/28/26,6150,P,216.25,218.5,217.5,"7,850","25,215",0.1138,-0.17,ES,CME,snap-20260814-es,ES-20260828-6150-P-20260814
2026-08-14,ES,2026-08-28,6200,C,47.25,47.75,47.5,21960,67290,0.1157,0.8,ES,CME,snap-20260814-es,ES-20260828-6200-C-20260814
2026-08-14,ES,2026-08-28,6200,C,47.25,47.75,47.5,21960,67290,0.1157,0.8,ES,CME,snap-20260814-es-retry,ES-20260828-6200-C-20260814
2026-08-14,es,2026-08-28,6200,P,266.5,269.25,268,"22,644",62913,0.1148,-0.2,ES,CME,snap-20260814-es,ES-20260828-6200-P-20260814
2026-08-14,ES,08/28/2026,6250,C,47.75,48.25,48,5355,22045,0.1169,0.775,ES,CME,snap-20260814-es,ES-20260828-6250-C-20260814
20260814,ES,2026-08-28,"6,250.00",P,316.5,320,318.25,13557,70575,0.1158,-0.225,ES,CME,snap-20260814-es,ES-20260828-6250-P-20260814
20260814,ES,2026-08-28,"6,300.00",Call,48.00,48.75,48.5,7951,36740,0.118,0.754,ES,CME,snap-20260814-es,ES-20260828-6300-C-20260814
20260814,ES,08/28/2026,6300,P,366.5,370.75,368.5,14962,49091,0.1168,-0.246,ES,CME,snap-20260814-es,ES-20260828-6300-P-20260814
2026-08-14,ES,08/28/2026,6350,C,48.5,49.25,49,5144,21503,0.1192,0.736,ES,CME,snap-20260814-es,ES-20260828-6350-C-20260814
08/14/26,ES,2026-08-28,6350,P,416.5,421.5,419,4488,14223,0.1178,-0.264,ES,CME,snap-20260814-es,ES-20260828-6350-P-20260814
08/14/26,ES,2026-08-28,"6,400.00",C,49,49.75,49.50,4883,10888,0.1204,0.721,ES,CME,snap-20260814-es,ES-20260828-6400-C-20260814
2026-08-14,es,20260828,6400,P,466.5,472.25,469.5,4035,11843,0.1187,-0.279,ES,CME,snap-20260814-es,ES-20260828-6400-P-20260814
2026-08-14,ES,08/28/2026,6450,C,49.5,50.25,50,872,2751,0.1216,0.707,ES,CME,snap-20260814-es,ES-20260828-6450-C-20260814
08/14/2026,ES,2026-08-28,6450,P,516.5,523,519.75,929,3617,0.1197,-0.293,ES,CME,snap-20260814-es,ES-20260828-6450-P-20260814
2026-08-14,es,2026-08-28,6500,Call,50,50.5,50.25,563,2428,0.1227,0.695,ES,CME,snap-20260814-es,ES-20260828-6500-C-20260814
2026-08-14,es,2026-08-28,6500,P,566.5,573.75,570,1143,4575,0.1207,-0.305,ES,CME,snap-20260814-es,ES-20260828-6500-P-20260814
2026-08-14,ES,20260918,"5,500.00",C,553,560.75,557,1125,4724,0.1199,0.705,ES,CME,snap-20260814-es,ES-20260918-5500-C-20260814
20260814,ES,2026-09-18,5500,P,80.75,82,81.5,1557,4764,0.1256,-0.295,ES,CME,snap-20260814-es,ES-20260918-5500-P-20260814
2026-08-14,ES,09/18/26,5550,C,502.75,509.75,506.25,4124,14345,0.1189,0.718,ES,CME,snap-20260814-es,ES-20260918-5550-C-20260814
2026-08-14,ES,09/18/2026,5550,P,79.75,81,80.5,4029,13172,0.124,-0.282,ES,CME,snap-20260814-es,ES-20260918-5550-P-20260814
2026-08-14,ES,09/18/2026,5600,C,452.50,458.75,455.5,8098,30990,0.1179,0.733,ES,CME,snap-20260814-es,ES-20260918-5600-C-20260814
2026-08-14,ES,2026-09-18,5600,P,78.75,80,79.5,9269,33635,0.1225,-0.267,ES,CME,snap-20260814-es,ES-20260918-5600-P-20260814
08/14/26,ES,09/18/2026,"5,650.00",C,402.5,407.75,405,6121,26296,0.1169,0.751,ES,CME,snap-20260814-es,ES-20260918-5650-C-20260814
20260814,ES,2026-09-18,5650,P,77.75,78.75,78.25,6855,18900,0.1209,-0.249,ES,CME,snap-20260814-es,ES-20260918-5650-P-20260814
20260814,ES,2026-09-18,5700,C,352.25,356.75,354.5,10969,32512,0.116,0.772,ES,CME,snap-20260814-es,ES-20260918-5700-C-20260814
2026-08-14,ES,09/18/2026,5700,P,76.75,77.75,77.25,17180,72369,0.1193,-0.228,ES,CME,snap-20260814-es,ES-20260918-5700-P-20260814
20260814,ES,20260918,5750,C,301.75,305.75,303.75,10824,30179,0.115,0.796,ES,CME,snap-20260814-es,ES-20260918-5750-C-20260814
2026-08-14,ES,2026-09-18,5750,P,75.75,76.75,76.25,5364,20870,0.1177,-0.20,ES,CME,snap-20260814-es,ES-20260918-5750-P-20260814
2026-08-14,ES,2026-09-18,5800,C,251.5,254.75,253,12733,54815,0.114,0.825,ES,CME,snap-20260814-es,ES-20260918-5800-C-20260814
08/14/2026,ES,2026-09-18,5800,P ,74.75,75.75,75.25,19358,65488,0.1162,-0.175,ES,CME,snap-20260814-es,ES-20260918-5800-P-20260814
2026-08-14,ES,09/18/26,5850,C,201.25,203.75,202.50,17333,80507,0.113,0.86,ES,CME,snap-20260814-es,ES-20260918-5850-C-20260814
2026-08-14,ES,09/18/2026,"5,850.00",P,73.75,74.75,74.25,11345,45666,0.1146,-0.14,ES,CME,snap-20260814-es,ES-20260918-5850-P-20260814
08/14/26,ES,2026-09-18,5900,C,151,152.75,152,13829,62020,0.1121,0.904,ES,CME,snap-20260814-es,ES-20260918-5900-C-20260814
2026-08-14,ES,09/18/26,5900,P,72.75,73.75,73.25,18737,"96,351",0.113,-0.096,ES,CME,snap-20260814-es,ES-20260918-5900-P-20260814
2026-08-14,ES,20260918,5950,C,100.75,101.75,101.25,11764,35153,0.1111,0.96,ES,CME,snap-20260814-es,ES-20260918-5950-C-20260814
2026-08-14,ES,2026-09-18,5950,P,71.75,72.50,72,26219,115913,0.1114,-0.04,ES,CME,snap-20260814-es,ES-20260918-5950-P-20260814
2026-08-14,ES,20260918,6000,C,71.5,72.25,72,29104,114537,0.111,0.971,ES,CME,snap-20260814-es,ES-20260918-6000-C-20260814
20260814,ES,09/18/2026,"6,000.00",P,92,93.25,92.5,23975,102521,0.1109,-0.029,ES,CME,snap-20260814-es,ES-20260918-6000-P-20260814
20260814,ES,09/18/2026,"6,000.00",P,92,93.25,92.5,23975,102521,0.1109,-0.029,ES,CME,snap-20260814-es-retry,ES-20260918-6000-P-20260814
2026-08-14,ES,2026-09-18,6050,C,72.25,73,72.5,13964,"58,768",0.1122,0.912,ES,CME,snap-20260814-es,ES-20260918-6050-C-20260814
08/14/2026,ES,09/18/26,6050,P,142.5,144,143.25,15800,66161,0.1119,-0.088,ES,CME,snap-20260814-es,ES-20260918-6050-P-20260814
2026-08-14,ES,09/18/2026,6100,C,73,74,73.5,12624,53113,0.1133,0.867,ES,CME,snap-20260814-es,ES-20260918-6100-C-20260814
08/14/2026,es,2026-09-18,"6,100.00",P,192.75,195,194,22113,60397,0.1129,-0.133,ES,CME,snap-20260814-es,ES-20260918-6100-P-20260814
2026-08-14,ES,2026-09-18,6150,C,73.75,74.75,74.25,10068,47632,0.1145,0.83,ES,CME,snap-20260814-es,ES-20260918-6150-C-20260814
2026-08-14,ES,2026-09-18,6150,P,243,246,244.5,8804,27889,0.1138,-0.17,ES,CME,snap-20260814-es,ES-20260918-6150-P-20260814
08/14/2026,ES,09/18/2026,6200,C,74.5,75.5,75,12992,54017,0.12,0.8,ES,CME,snap-20260814-es,ES-20260918-6200-C-20260814
2026-08-14,ES,20260918,6200,P,293.25,297,295,13205,36359,0.1148,-0.2,ES,CME,snap-20260814-es,ES-20260918-6200-P-20260814
08/14/2026,es,20260918,6250,C,75.25,76.25,75.75,4977,15746,0.1169,0.775,ES,CME,snap-20260814-es,ES-20260918-6250-C-20260814
20260814,ES,2026-09-18,6250,P,343.5,348,345.75,13350,36744,0.1158,-0.225,ES,CME,snap-20260814-es,ES-20260918-6250-P-20260814
20260814,ES,20260918,6300,Call,76,77,76.5,5667,16836,0.118,0.754,ES,CME,snap-20260814-es,ES-20260918-6300-C-20260814
2026-08-14,ES,09/18/26,6300,P,393.75,399.00,396.5,6443,32669,0.1168,-0.246,ES,CME,snap-20260814-es,ES-20260918-6300-P-20260814
2026-08-14,ES,2026-09-18,6350,C,76.75,77.75,77.25,4087,18044,0.1192,0.736,ES,CME,snap-20260814-es,ES-20260918-6350-C-20260814
2026-08-14,ES,2026-09-18,6350,P,444,450,447,3989,17106,0.1178,-0.264,ES,CME,snap-20260814-es,ES-20260918-6350-P-20260814
08/14/2026,ES,20260918,6400,C,77.5,78.5,78,5411,15325,0.1204,0.721,ES,CME,snap-20260814-es,ES-20260918-6400-C-20260814
20260814,ES,09/18/2026,6400,P,494.25,501,497.5,4342,19775,0.1187,-0.279,ES,CME,snap-20260814-es,ES-20260918-6400-P-20260814
2026-08-14,ES,2026-09-18,6450,Call,78.25,79.25,78.75,1986,5537,0.1216,0.707,ES,CME,snap-20260814-es,ES-20260918-6450-C-20260814
2026-08-14,ES,09/18/2026,"6,450.00",P,544.5,552.25,548.5,2035,7693,0.1197,-0.293,ES,CME,snap-20260814-es,ES-20260918-6450-P-20260814
2026-08-14,ES,20260918,6500,C,79,80,79.5,738,2905,0.1227,0.695,ES,CME,snap-20260814-es,ES-20260918-6500-C-20260814
2026-08-14,es,2026-09-18,"6,500.00",P,594.75,603.25,599,"1,201",6437,0.1207,-0.305,ES,CME,snap-20260814-es,ES-20260918-6500-P-20260814
08/14/26,es,10/16/26,5500,C,578.75,588.25,583.5,1657,6317,0.1199,0.705,ES,CME,snap-20260814-es,ES-20261016-5500-C-20260814
2026-08-14,ES,2026-10-16,5500,P,108.25,110,109.00,1360,5562,0.1256,-0.295,ES,CME,snap-20260814-es,ES-20261016-5500-P-20260814
20260814,ES,2026-10-16,5550,C,528.25,537,532.5,2650,6763,0.1189,0.718,ES,CME,snap-20260814-es,ES-20261016-5550-C-20260814
08/14/2026,es,2026-10-16,5550,P,107,108.75,108,1983,10148,0.124,-0.282,ES,CME,snap-20260814-es,ES-20261016-5550-P-20260814
08/14/26,ES,2026-10-16,"5,600.00",C,478,485.5,481.75,"5,561",15648,0.1179,0.733,ES,CME,snap-20260814-es,ES-20261016-5600-C-20260814
2026-08-14,ES,2026-10-16,5600,P,105.75,107.25,106.5,7470,27512,0.1225,-0.267,ES,CME,snap-20260814-es,ES-20261016-5600-P-20260814
2026-08-14,ES,2026-10-16,5650,Call,427.5,434.25,431,6312,"23,556",0.1169,0.75,ES,CME,snap-20260814-es,ES-20261016-5650-C-20260814
2026-08-14,ES,2026-10-16,5650,P,104.25,106,105,4671,23182,0.1209,-0.249,ES,CME,snap-20260814-es,ES-20261016-5650-P-20260814
2026-08-14,ES,2026-10-16,5700,C,377.25,383,380,5059,12427,0.116,0.772,ES,CME,snap-20260814-es,ES-20261016-5700-C-20260814
08/14/2026,ES,10/16/26,5700,P,103,104.5,103.75,4864,21562,0.1193,-0.23,ES,CME,snap-20260814-es,ES-20261016-5700-P-20260814
2026-08-14,ES,10/16/26,5750,C,326.75,331.75,329.25,4007,10017,0.115,0.796,ES,CME,snap-20260814-es,ES-20261016-5750-C-20260814
2026-08-14,ES,2026-10-16,5750,P,101.5,103,102.25,6202,23443,0.1177,-0.204,ES,CME,snap-20260814-es,ES-20261016-5750-P-20260814
20260814,ES,10/16/2026,5800,Call,276.25,280.5,278.5,14981,35177,0.114,0.825,ES,CME,snap-20260814-es,ES-20261016-5800-C-20260814
2026-08-14,ES,20261016,5800,P,100.25,101.75,101,9086,45835,0.1162,-0.175,ES,CME,snap-20260814-es,ES-20261016-5800-P-20260814
08/14/2026,ES,20261016,5850,C,226,229.25,227.5,11918,"55,508",0.113,0.86,ES,CME,snap-20260814-es,ES-20261016-5850-C-20260814
2026-08-14,ES,20261016,5850,P,99,100.25,99.5,17162,"77,145",0.1146,-0.14,ES,CME,snap-20260814-es,ES-20261016-5850-P-20260814
08/14/2026,ES,10/16/2026,5900,C,175.5,178,176.75,19469,73950,0.1121,0.904,ES,CME,snap-20260814-es,ES-20261016-5900-C-20260814
2026-08-14,ES,2026-10-16,5900,P,97.5,99,98.25,17787,74728,0.113,-0.096,ES,CME,snap-20260814-es,ES-20261016-5900-P-20260814
2026-08-14,ES,2026-10-16,5950,C,125,126.75,126,14579,50888,0.1111,0.96,ES,CME,snap-20260814-es,ES-20261016-5950-C-20260814
2026-08-14,ES,2026-10-16,5950,put,96.25,97.5,97,16592,71276,0.1114,-0.04,ES,CME,snap-20260814-es,ES-20261016-5950-P-20260814
08/14/26,ES,2026-10-16,6000,C,95.75,97.25,96.5,26123,84369,0.111,0.971,ES,CME,snap-20260814-es,ES-20261016-6000-C-20260814
2026-08-14,ES,2026-10-16,6000,P,116.5,118,117.25,15470,76189,0.1109,-0.029,ES,CME,snap-20260814-es,ES-20261016-6000-P-20260814
2026-08-14,ES,2026-10-16,6050,C,96.75,98.25,97.5,12709,39587,0.1122,0.912,ES,CME,snap-20260814-es,ES-20261016-6050-C-20260814
2026-08-14,ES,10/16/2026,6050,P,166.75,169.25,168,6712,35185,0.1119,-0.088,ES,CME,snap-20260814-es,ES-20261016-6050-P-20260814
2026-08-14,ES,2026-10-16,6100,Call,97.75,99.25,98.5,15888,71400,0.1133,0.867,ES,CME,snap-20260814-es,ES-20261016-6100-C-20260814
08/14/2026,ES,10/16/2026,6100,P,217.25,220.5,219,19801,61285,0.11,-0.133,ES,CME,snap-20260814-es,ES-20261016-6100-P-20260814
2026-08-14,ES,10/16/2026,6150,C,98.75,100.25,99.5,10153,38312,0.1145,0.83,ES,CME,snap-20260814-es,ES-20261016-6150-C-20260814
2026-08-14,ES,10/16/26,6150,P,267.75,271.75,269.75,5822,15525,0.1138,-0.17,ES,CME,snap-20260814-es,ES-20261016-6150-P-20260814
2026-08-14,ES,2026-10-16,6200,C,99.75,101.25,100.5,8847,39495,0.1157,0.8,ES,CME,snap-20260814-es,ES-20261016-6200-C-20260814
20260814,ES,2026-10-16,6200,P,318.25,323,320.5,13842,75620,0.1148,-0.2,ES,CME,snap-20260814-es,ES-20261016-6200-P-20260814
08/14/2026,es,2026-10-16,6250,C,100.75,102.25,101.5,9458,43356,0.1169,0.775,ES,CME,snap-20260814-es,ES-20261016-6250-C-20260814
2026-08-14,ES,10/16/2026,6250,P,368.75,374.25,371.5,10614,36185,0.1158,-0.225,ES,CME,snap-20260814-es,ES-20261016-6250-P-20260814
2026-08-14,ES,2026-10-16,6300,C,101.75,103.5,102.50,9177,"39,793",0.118,0.754,ES,CME,snap-20260814-es,ES-20261016-6300-C-20260814
08/14/2026,ES,2026-10-16,"6,300.00",P,419,425.5,422.25,11730,"40,013",0.1168,-0.246,ES,CME,snap-20260814-es,ES-20261016-6300-P-20260814
2026-08-14,ES,2026-10-16,6350,C,102.75,104.5,103.5,3673,11752,0.1192,0.736,ES,CME,snap-20260814-es,ES-20261016-6350-C-20260814
2026-08-14,ES,10/16/2026,6350,P,469.5,476.75,473,4761,13186,0.1178,-0.264,ES,CME,snap-20260814-es,ES-20261016-6350-P-20260814
08/14/2026,ES,2026-10-16,6400,Call,103.75,105.5,104.5,4906,17855,0.1204,0.721,ES,CME,snap-20260814-es,ES-20261016-6400-C-20260814
2026-08-14,ES,2026-10-16,6400,put,519.75,528.25,524,2485,9833,0.1187,-0.279,ES,CME,snap-20260814-es,ES-20261016-6400-P-20260814
2026-08-14,ES,10/16/2026,6450,C,104.75,106.5,105.5,"1,332",4904,0.1216,0.707,ES,CME,snap-20260814-es,ES-20261016-6450-C-20260814
08/14/2026,ES,20261016,6450,P,570,579.50,574.75,1400,4934,0.1197,-0.293,ES,CME,snap-20260814-es,ES-20261016-6450-P-20260814
2026-08-14,ES,10/16/2026,6500,Call,105.75,107.5,106.5,371,1543,0.1227,0.695,ES,CME,snap-20260814-es,ES-20261016-6500-C-20260814
08/14/26,ES,2026-10-16,"6,500.00",P,620.5,631,625.75,780,2819,0.1207,-0.305,ES,CME,snap-20260814-es,ES-20261016-6500-P-20260814
08/14/2026,ES,12/18/26,5500,C,619.75,633.5,626.5,714,2535,0.1199,0.705,ES,CME,snap-20260814-es,ES-20261218-5500-C-20260814
20260814,ES,12/18/2026,5500,P,152.75,156,154.5,355,1871,0.1256,-0.295,ES,CME,snap-20260814-es,ES-20261218-5500-P-20260814
2026-08-14,ES,20261218,5550,C,569.25,581.5,575.5,1084,4081,0.12,0.718,ES,CME,snap-20260814-es,ES-20261218-5550-C-20260814
2026-08-14,es,12/18/26,5550,P,151,154.25,152.5,838,2878,0.124,-0.282,ES,CME,snap-20260814-es,ES-20261218-5550-P-20260814
2026-08-14,ES,12/18/2026,"5,600.00",Call,518.75,529.75,524.25,"3,339",15883,0.1179,0.733,ES,CME,snap-20260814-es,ES-20261218-5600-C-20260814
08/14/26,ES,2026-12-18,5600,P,149,152.25,150.5,3054,12007,0.1225,-0.267,ES,CME,snap-20260814-es,ES-20261218-5600-P-20260814
08/14/26,es,2026-12-18,5650,C,468.25,478,473,2393,6251,0.1169,0.751,ES,CME,snap-20260814-es,ES-20261218-5650-C-20260814
2026-08-14,ES,2026-12-18,5650,put,147,150.25,148.5,"4,141",14577,0.1209,-0.249,ES,CME,snap-20260814-es,ES-20261218-5650-P-20260814
2026-08-14,ES,2026-12-18,5700,C,417.5,426.25,422,4046,16689,0.116,0.772,ES,CME,snap-20260814-es,ES-20261218-5700-C-20260814
08/14/2026,ES,2026-12-18,"5,700.00",P,145.25,148.25,146.75,5153,14088,0.1193,-0.228,ES,CME,snap-20260814-es,ES-20261218-5700-P-20260814
2026-08-14,ES,12/18/2026,5750,C,367,374.25,370.5,3834,9926,0.115,0.796,ES,CME,snap-20260814-es,ES-20261218-5750-C-20260814
2026-08-14,es,2026-12-18,5750,P,143.25,146.25,144.75,2222,11983,0.1177,-0.204,ES,CME,snap-20260814-es,ES-20261218-5750-P-20260814
2026-08-14,ES,2026-12-18,"5,800.00",C,316.25,322.5,319.5,9018,19866,0.114,0.825,ES,CME,snap-20260814-es,ES-20261218-5800-C-20260814
20260814,ES,12/18/26,5800,P,141.5,144.25,143,4943,19772,0.1162,-0.17,ES,CME,snap-20260814-es,ES-20261218-5800-P-20260814
2026-08-14,es,12/18/26,5850,C,265.75,270.75,268.25,3448,12939,0.113,0.86,ES,CME,snap-20260814-es,ES-20261218-5850-C-20260814
2026-08-14,ES,12/18/26,5850,P,139.5,142.25,141,6312,32669,0.1146,-0.14,ES,CME,snap-20260814-es,ES-20261218-5850-P-20260814
2026-08-14,ES,12/18/2026,5900,C,215,219,217,10423,42234,0.1121,0.904,ES,CME,snap-20260814-es,ES-20261218-5900-C-20260814
2026-08-14,ES,12/18/26,5900,P,137.5,140.25,139,9798,44632,0.113,-0.096,ES,CME,snap-20260814-es,ES-20261218-5900-P-20260814
2026-08-14,ES,2026-12-18,5950,C,164.25,167.25,165.75,6960,22784,0.1111,0.96,ES,CME,snap-20260814-es,ES-20261218-5950-C-20260814
20260814,ES,12/18/2026,5950,P ,135.75,138.25,137,6223,21281,0.1114,-0.04,ES,CME,snap-20260814-es,ES-20261218-5950-P-20260814
2026-08-14,ES,12/18/26,6000,C,135.25,137.75,136.5,11249,53501,0.11,0.971,ES,CME,snap-20260814-es,ES-20261218-6000-C-20260814
20260814,ES,2026-12-18,6000,P,155.75,158.5,157,12835,70765,0.11,-0.029,ES,CME,snap-20260814-es,ES-20261218-6000-P-20260814
08/14/26,ES,2026-12-18,6050,Call,136.5,139.25,138,8622,"36,671",0.1122,0.912,ES,CME,snap-20260814-es,ES-20261218-6050-C-20260814
2026-08-14,ES,2026-12-18,6050,P,206.25,210.25,208.25,"10,551","46,646",0.1119,-0.09,ES,CME,snap-20260814-es,ES-20261218-6050-P-20260814
08/14/2026,ES,2026-12-18,6100,Call,138,140.75,139.5,9496,35681,0.1133,0.87,ES,CME,snap-20260814-es,ES-20261218-6100-C-20260814
2026-08-14,ES,12/18/26,6100,P,257,262,259.5,12880,60580,0.1129,-0.133,ES,CME,snap-20260814-es,ES-20261218-6100-P-20260814
2026-08-14,ES,2026-12-18,6150,C,139.5,142.25,141,5361,18053,0.1145,0.83,ES,CME,snap-20260814-es,ES-20261218-6150-C-20260814
08/14/2026,ES,2026-12-18,6150,P,307.75,313.75,310.75,2701,14887,0.1138,-0.17,ES,CME,snap-20260814-es,ES-20261218-6150-P-20260814
20260814,ES,12/18/2026,6200,C,140.75,143.75,142.25,3203,7631,0.1157,0.8,ES,CME,snap-20260814-es,ES-20261218-6200-C-20260814
20260814,ES,2026-12-18,6200,P,358.25,365.5,362,6167,21615,0.1148,-0.2,ES,CME,snap-20260814-es,ES-20261218-6200-P-20260814
08/14/26,ES,12/18/2026,6250,C,142.25,145.25,143.75,2505,9978,0.1169,0.775,ES,CME,snap-20260814-es,ES-20261218-6250-C-20260814
2026-08-14,ES,2026-12-18,6250,P,409,417.25,413,4475,"18,872",0.1158,-0.225,ES,CME,snap-20260814-es,ES-20261218-6250-P-20260814
2026-08-14,ES,2026-12-18,6300,C,143.75,146.75,145.25,5255,12557,0.118,0.754,ES,CME,snap-20260814-es,ES-20261218-6300-C-20260814
08/14/2026,ES,2026-12-18,6300,P,459.5,469.25,464.5,3543,11401,0.1168,-0.246,ES,CME,snap-20260814-es,ES-20261218-6300-P-20260814
20260814,ES,20261218,6350,C,145,148,146.5,2159,"5,201",0.12,0.736,ES,CME,snap-20260814-es,ES-20261218-6350-C-20260814
08/14/2026,ES,12/18/2026,"6,350.00",P,510.25,521,515.5,2661,10121,0.1178,-0.264,ES,CME,snap-20260814-es,ES-20261218-6350-P-20260814
2026-08-14,ES,2026-12-18,6400,C,146.5,149.5,148,1722,7643,0.1204,0.721,ES,CME,snap-20260814-es,ES-20261218-6400-C-20260814
2026-08-14,ES,2026-12-18,6400,P,560.75,572.75,566.75,973,3949,0.1187,-0.279,ES,CME,snap-20260814-es,ES-20261218-6400-P-20260814
20260814,ES,2026-12-18,"6,450.00",Call,147.75,151,149.5,697,3000,0.12,0.71,ES,CME,snap-20260814-es,ES-20261218-6450-C-20260814
2026-08-14,ES,12/18/2026,6450,P,611.25,624.75,618,586,2428,0.1197,-0.293,ES,CME,snap-20260814-es,ES-20261218-6450-P-20260814
08/14/2026,ES,2026-12-18,6500,C,149.25,152.5,151,236,1089,0.1227,0.695,ES,CME,snap-20260814-es,ES-20261218-6500-C-20260814
20260814,ES,2026-12-18,6500,P,661.75,676.50,669,275,839,0.1207,-0.305,ES,CME,snap-20260814-es,ES-20261218-6500-P-20260814
2026-07-20,CL,20260819,59,C,11.88,12.08,11.98,659,2678,0.3131,0.64,CL,NYMEX,snap-20260720-cl,CL-20260819-59-C-20260720
2026-07-20,CL,08/19/26,59,P,2.32,2.35,2.34,1165,5733,0.3382,-0.36,CL,NYMEX,snap-20260720-cl,CL-20260819-59-P-20260720
2026-07-20,CL,08/19/26,60,C,10.87,11.04,10.95,467,1210,0.3089,0.65,CL,NYMEX,snap-20260720-cl,CL-20260819-60-C-20260720
2026-07-20,CL,2026-08-19,60,P,2.27,2.31,2.29,1103,3451,0.3315,-0.349,CL,NYMEX,snap-20260720-cl,CL-20260819-60-P-20260720
07/20/2026,CL,2026-08-19,61.00,C,9.85,10,9.92,909,3774,0.3047,0.664,CL,NYMEX,snap-20260720-cl,CL-20260819-61-C-20260720
07/20/2026,CL,08/19/2026,61,P,2.23,2.26,2.24,892,3332,0.3247,-0.34,CL,NYMEX,snap-20260720-cl,CL-20260819-61-P-20260720
07/20/2026,CL,20260819,62,C,8.83,8.96,8.89,613,1460,0.3005,0.68,CL,NYMEX,snap-20260720-cl,CL-20260819-62-C-20260720
2026-07-20,CL,08/19/2026,62,P,2.18,2.21,2.2,610,"1,871",0.318,-0.32,CL,NYMEX,snap-20260720-cl,CL-20260819-62-P-20260720
2026-07-20,CL,2026-08-19,63,C,7.81,7.92,7.86,885,3878,0.30,0.698,CL,NYMEX,snap-20260720-cl,CL-20260819-63-C-20260720
2026-07-20,CL,20260819,63,P,2.13,2.16,2.14,1053,2755,0.3112,-0.302,CL,NYMEX,snap-20260720-cl,CL-20260819-63-P-20260720
2026-07-20,CL,08/19/26,64,C,6.79,6.88,6.84,4379,13734,0.2922,0.721,CL,NYMEX,snap-20260720-cl,CL-20260819-64-C-20260720
2026-07-20,CL,2026-08-19,64,P,2.09,2.12,2.1,4634,22355,0.3045,-0.279,CL,NYMEX,snap-20260720-cl,CL-20260819-64-P-20260720
2026-07-20,CL,2026-08-19,65,C,5.77,5.85,5.81,4325,16133,0.288,0.75,CL,NYMEX,snap-20260720-cl,CL-20260819-65-C-20260720
2026-07-20,cl,2026-08-19,65,P ,2.04,2.07,2.05,9450,"30,593",0.2978,-0.25,CL,NYMEX,snap-20260720-cl,CL-20260819-65-P-20260720
2026-07-20,CL,2026-08-19,66,C,4.75,4.81,4.78,7934,21199,0.2838,0.79,CL,NYMEX,snap-20260720-cl,CL-20260819-66-C-20260720
2026-07-20,CL,08/19/2026,66,P,2,2.02,2.01,6498,"18,497",0.291,-0.212,CL,NYMEX,snap-20260720-cl,CL-20260819-66-P-20260720
20260720,CL,2026-08-19,67,C,3.73,3.77,3.75,7383,"22,897",0.2796,0.839,CL,NYMEX,snap-20260720-cl,CL-20260819-67-C-20260720
20260720,CL,2026-08-19,67,P,1.95,1.97,1.96,11467,39731,0.2843,-0.161,CL,NYMEX,snap-20260720-cl,CL-20260819-67-P-20260720
2026-07-20,CL,08/19/2026,68,C,2.71,2.74,2.72,21120,51672,0.28,0.912,CL,NYMEX,snap-20260720-cl,CL-20260819-68-C-20260720
07/20/26,CL,2026-08-19,68,P,1.91,1.93,1.92,17748,89287,0.2775,-0.088,CL,NYMEX,snap-20260720-cl,CL-20260819-68-P-20260720
07/20/2026,CL,08/19/2026,69,C,1.87,1.89,1.88,12464,37834,0.2729,0.978,CL,NYMEX,snap-20260720-cl,CL-20260819-69-C-20260720
20260720,CL,2026-08-19,69,P,2.05,2.07,2.06,16936,47780,0.2728,-0.022,CL,NYMEX,snap-20260720-cl,CL-20260819-69-P-20260720
2026-07-20,CL,20260819,70,C,1.91,1.93,1.92,14695,35956,0.2779,0.882,CL,NYMEX,snap-20260720-cl,CL-20260819-70-C-20260720
2026-07-20,CL,20260819,70,P,3.08,3.11,3.09,23402,95138,0.2769,-0.118,CL,NYMEX,snap-20260720-cl,CL-20260819-70-P-20260720
2026-07-20,cl,08/19/26,71,C,1.94,1.97,1.96,6317,29155,0.2829,0.818,CL,NYMEX,snap-20260720-cl,CL-20260819-71-C-20260720
20260720,CL,08/19/2026,71,P,4.1,4.15,4.12,"16,857",63711,0.2811,-0.182,CL,NYMEX,snap-20260720-cl,CL-20260819-71-P-20260720
20260720,CL,08/19/26,72,C,1.98,2,1.99,4082,13246,0.288,0.773,CL,NYMEX,snap-20260720-cl,CL-20260819-72-C-20260720
07/20/2026,CL,2026-08-19,72,P,5.12,5.18,5.15,9064,41024,0.2853,-0.227,CL,NYMEX,snap-20260720-cl,CL-20260819-72-P-20260720
2026-07-20,CL,2026-08-19,73,C,2.01,2.04,2.02,5042,"17,009",0.293,0.739,CL,NYMEX,snap-20260720-cl,CL-20260819-73-C-20260720
2026-07-20,CL,2026-08-19,73,P,6.14,6.22,6.18,5930,25865,0.2895,-0.261,CL,NYMEX,snap-20260720-cl,CL-20260819-73-P-20260720
07/20/26,CL,20260819,74,C,2.04,2.07,2.05,2079,8093,0.298,0.712,CL,NYMEX,snap-20260720-cl,CL-20260819-74-C-20260720
2026-07-20,CL,08/19/26,74,P,7.16,7.26,7.21,2540,9447,0.2937,-0.288,CL,NYMEX,snap-20260720-cl,CL-20260819-74-P-20260720
2026-07-20,CL,08/19/2026,75,C,2.08,2.11,2.09,835,3884,0.303,0.691,CL,NYMEX,snap-20260720-cl,CL-20260819-75-C-20260720
07/20/26,CL,2026-08-19,75,Put,8.18,8.29,8.23,1212,5310,0.30,-0.309,CL,NYMEX,snap-20260720-cl,CL-20260819-75-P-20260720
07/20/26,CL,2026-08-19,76,C,2.11,2.14,2.12,402,1387,0.3081,0.674,CL,NYMEX,snap-20260720-cl,CL-20260819-76-C-20260720
2026-07-20,CL,2026-08-19,76,P,9.2,9.33,9.26,663,3048,0.302,-0.326,CL,NYMEX,snap-20260720-cl,CL-20260819-76-P-20260720
07/20/2026,CL,2026-08-19,77,C,2.15,2.18,2.16,771,2235,0.3131,0.659,CL,NYMEX,snap-20260720-cl,CL-20260819-77-C-20260720
07/20/2026,CL,08/19/2026,77,P,10.22,10.37,10.3,983,4781,0.3062,-0.341,CL,NYMEX,snap-20260720-cl,CL-20260819-77-P-20260720
2026-07-20,CL,08/19/26,78,C,2.18,2.21,2.2,371,1668,0.3181,0.647,CL,NYMEX,snap-20260720-cl,CL-20260819-78-C-20260720
07/20/2026,CL,2026-08-19,78,P,11.23,11.41,11.32,594,3062,0.3104,-0.353,CL,NYMEX,snap-20260720-cl,CL-20260819-78-P-20260720
2026-07-20,CL,08/19/2026,79,C,2.21,2.25,2.23,666,2012,0.32,0.637,CL,NYMEX,snap-20260720-cl,CL-20260819-79-C-20260720
07/20/26,cl,2026-08-19,79,P,12.25,12.45,12.35,598,2005,0.3146,-0.363,CL,NYMEX,snap-20260720-cl,CL-20260819-79-P-20260720
2026-07-20,CL,2026-09-16,59,C,12.71,12.95,12.83,852,3023,0.3131,0.64,CL,NYMEX,snap-20260720-cl,CL-20260916-59-C-20260720
2026-07-20,CL,20260916,59,P,3.22,3.28,3.25,577,2631,0.3382,-0.36,CL,NYMEX,snap-20260720-cl,CL-20260916-59-P-20260720
07/20/2026,CL,2026-09-16,60,C,11.68,11.89,11.78,1184,2727,0.3089,0.651,CL,NYMEX,snap-20260720-cl,CL-20260916-60-C-20260720
2026-07-20,CL,2026-09-16,60,P,3.15,3.21,3.18,1311,3817,0.3315,-0.349,CL,NYMEX,snap-20260720-cl,CL-20260916-60-P-20260720
07/20/2026,CL,09/16/26,61,Call,10.65,10.84,10.74,378,1609,0.3047,0.664,CL,NYMEX,snap-20260720-cl,CL-20260916-61-C-20260720
2026-07-20,CL,2026-09-16,61,P,3.09,3.15,3.12,834,2195,0.3247,-0.336,CL,NYMEX,snap-20260720-cl,CL-20260916-61-P-20260720
07/20/2026,CL,20260916,62,C,9.62,9.79,9.7,483,1480,0.3005,0.68,CL,NYMEX,snap-20260720-cl,CL-20260916-62-C-20260720
2026-07-20,CL,2026-09-16,62,P,3.03,3.08,3.05,381,1049,0.318,-0.32,CL,NYMEX,snap-20260720-cl,CL-20260916-62-P-20260720
07/20/2026,CL,2026-09-16,63,C,8.6,8.74,8.67,890,4064,0.2964,0.698,CL,NYMEX,snap-20260720-cl,CL-20260916-63-C-20260720
2026-07-20,CL,2026-09-16,63,P,2.96,3.01,2.98,925,3715,0.3112,-0.302,CL,NYMEX,snap-20260720-cl,CL-20260916-63-P-20260720
07/20/2026,CL,2026-09-16,64.00,C,7.57,7.68,7.62,1411,5653,0.2922,0.721,CL,NYMEX,snap-20260720-cl,CL-20260916-64-C-20260720
2026-07-20,CL,2026-09-16,64,P,2.9,2.95,2.92,"3,435",10632,0.3045,-0.279,CL,NYMEX,snap-20260720-cl,CL-20260916-64-P-20260720
07/20/26,CL,09/16/2026,65,C,6.54,6.63,6.58,7771,29160,0.288,0.75,CL,NYMEX,snap-20260720-cl,CL-20260916-65-C-20260720
2026-07-20,CL,2026-09-16,65,P,2.84,2.88,2.86,7342,34354,0.2978,-0.25,CL,NYMEX,snap-20260720-cl,CL-20260916-65-P-20260720
2026-07-20,CL,09/16/26,66,C,5.5,5.59,5.54,4728,12517,0.2838,0.788,CL,NYMEX,snap-20260720-cl,CL-20260916-66-C-20260720
2026-07-20,CL,2026-09-16,66,P,2.77,2.81,2.79,7589,34451,0.291,-0.212,CL,NYMEX,snap-20260720-cl,CL-20260916-66-P-20260720
2026-07-20,CL,09/16/2026,67,Call,4.47,4.54,4.5,10113,23185,0.2796,0.839,CL,NYMEX,snap-20260720-cl,CL-20260916-67-C-20260720
07/20/2026,CL,09/16/2026,67,Put,2.71,2.75,2.73,5359,23039,0.2843,-0.16,CL,NYMEX,snap-20260720-cl,CL-20260916-67-P-20260720
2026-07-20,CL,2026-09-16,68,C,3.44,3.49,3.46,8564,23106,0.2754,0.912,CL,NYMEX,snap-20260720-cl,CL-20260916-68-C-20260720
07/20/2026,CL,20260916,68,P,2.65,2.68,2.66,20587,62847,0.2775,-0.088,CL,NYMEX,snap-20260720-cl,CL-20260916-68-P-20260720
07/20/2026,CL,2026-09-16,69,C,2.6,2.64,2.62,11901,43794,0.27,0.978,CL,NYMEX,snap-20260720-cl,CL-20260916-69-C-20260720
2026-07-20,CL,2026-09-16,69,P,2.78,2.82,2.8,17212,48477,0.2728,-0.02,CL,NYMEX,snap-20260720-cl,CL-20260916-69-P-20260720
07/20/2026,CL,09/16/26,70,C,2.65,2.69,2.67,19348,53151,0.2779,0.882,CL,NYMEX,snap-20260720-cl,CL-20260916-70-C-20260720
20260720,CL,09/16/2026,70,P,3.81,3.87,3.84,18640,51382,0.2769,-0.118,CL,NYMEX,snap-20260720-cl,CL-20260916-70-P-20260720
07/20/26,CL,2026-09-16,71,C,2.7,2.74,2.72,10640,42527,0.2829,0.818,CL,NYMEX,snap-20260720-cl,CL-20260916-71-C-20260720
2026-07-20,CL,2026-09-16,71.00,P,4.84,4.91,4.88,7161,20161,0.2811,-0.182,CL,NYMEX,snap-20260720-cl,CL-20260916-71-P-20260720
07/20/2026,CL,20260916,72.00,C,2.74,2.79,2.76,"3,271",12153,0.288,0.773,CL,NYMEX,snap-20260720-cl,CL-20260916-72-C-20260720
07/20/2026,CL,2026-09-16,72,P,5.88,5.96,5.92,6414,17232,0.2853,-0.227,CL,NYMEX,snap-20260720-cl,CL-20260916-72-P-20260720
2026-07-20,CL,2026-09-16,73,C,2.79,2.83,2.81,4029,12808,0.293,0.739,CL,NYMEX,snap-20260720-cl,CL-20260916-73-C-20260720
2026-07-20,CL,2026-09-16,73,P,6.91,7.01,6.96,4133,20790,0.2895,-0.261,CL,NYMEX,snap-20260720-cl,CL-20260916-73-P-20260720
2026-07-20,CL,2026-09-16,74,C,2.84,2.88,2.86,2337,6512,0.298,0.712,CL,NYMEX,snap-20260720-cl,CL-20260916-74-C-20260720
2026-07-20,CL,2026-09-16,74,P,7.94,8.06,8,1581,4931,0.2937,-0.288,CL,NYMEX,snap-20260720-cl,CL-20260916-74-P-20260720
2026-07-20,CL,2026-09-16,75.00,C,2.89,2.93,2.91,532,2208,0.303,0.69,CL,NYMEX,snap-20260720-cl,CL-20260916-75-C-20260720
2026-07-20,CL,09/16/2026,75,P,8.97,9.11,9.04,576,2421,0.2979,-0.309,CL,NYMEX,snap-20260720-cl,CL-20260916-75-P-20260720
07/20/26,CL,2026-09-16,76,C,2.93,2.98,2.96,645,2272,0.3081,0.674,CL,NYMEX,snap-20260720-cl,CL-20260916-76-C-20260720
07/20/26,cl,2026-09-16,76,Put,9.99,10.17,10.08,717,2499,0.302,-0.326,CL,NYMEX,snap-20260720-cl,CL-20260916-76-P-20260720
07/20/26,CL,20260916,77.00,C,2.98,3.03,3,622,1771,0.3131,0.659,CL,NYMEX,snap-20260720-cl,CL-20260916-77-C-20260720
20260720,CL,09/16/2026,77,P,11.02,11.22,11.12,835,2934,0.3062,-0.341,CL,NYMEX,snap-20260720-cl,CL-20260916-77-P-20260720
07/20/2026,CL,2026-09-16,78,Call,3.03,3.08,3.05,738,2881,0.3181,0.647,CL,NYMEX,snap-20260720-cl,CL-20260916-78-C-20260720
2026-07-20,CL,2026-09-16,78.00,P,12.05,12.27,12.16,339,1456,0.3104,-0.35,CL,NYMEX,snap-20260720-cl,CL-20260916-78-P-20260720
2026-07-20,CL,2026-09-16,79,C,3.07,3.13,3.1,798,2337,0.3231,0.637,CL,NYMEX,snap-20260720-cl,CL-20260916-79-C-20260720
2026-07-20,cl,2026-09-16,79,P,13.08,13.32,13.2,418,1458,0.3146,-0.363,CL,NYMEX,snap-20260720-cl,CL-20260916-79-P-20260720
07/20/2026,CL,20261014,59,C,13.34,13.62,13.48,584,2030,0.3131,0.64,CL,NYMEX,snap-20260720-cl,CL-20261014-59-C-20260720
20260720,CL,10/14/26,59,P,3.91,4,3.96,785,3571,0.3382,-0.36,CL,NYMEX,snap-20260720-cl,CL-20261014-59-P-20260720
07/20/2026,CL,2026-10-14,60,C,12.31,12.56,12.44,801,"2,328",0.3089,0.651,CL,NYMEX,snap-20260720-cl,CL-20261014-60-C-20260720
2026-07-20,CL,2026-10-14,60,P,3.84,3.91,3.88,507,2446,0.3315,-0.349,CL,NYMEX,snap-20260720-cl,CL-20261014-60-P-20260720
2026-07-20,cl,2026-10-14,61.00,C,11.27,11.5,11.38,443,1264,0.30,0.664,CL,NYMEX,snap-20260720-cl,CL-20261014-61-C-20260720
20260720,CL,2026-10-14,61,P ,3.76,3.83,3.8,810,2857,0.3247,-0.336,CL,NYMEX,snap-20260720-cl,CL-20261014-61-P-20260720
2026-07-20,CL,20261014,62,C,10.24,10.43,10.34,408,1298,0.3005,0.68,CL,NYMEX,snap-20260720-cl,CL-20261014-62-C-20260720
2026-07-20,CL,2026-10-14,62,P,3.68,3.75,3.72,707,3532,0.32,-0.32,CL,NYMEX,snap-20260720-cl,CL-20261014-62-P-20260720
07/20/2026,CL,10/14/2026,63,Call,9.2,9.37,9.28,449,1335,0.30,0.698,CL,NYMEX,snap-20260720-cl,CL-20261014-63-C-20260720
07/20/26,cl,2026-10-14,63,put,3.61,3.67,3.64,330,1337,0.3112,-0.302,CL,NYMEX,snap-20260720-cl,CL-20261014-63-P-20260720
2026-07-20,CL,2026-10-14,64,Call,8.16,8.31,8.23,1896,7603,0.2922,0.721,CL,NYMEX,snap-20260720-cl,CL-20261014-64-C-20260720
20260720,CL,2026-10-14,64,P,3.53,3.59,3.56,1540,6516,0.30,-0.279,CL,NYMEX,snap-20260720-cl,CL-20261014-64-P-20260720
2026-07-20,CL,2026-10-14,65,C,7.12,7.25,7.18,"6,770",28751,0.288,0.75,CL,NYMEX,snap-20260720-cl,CL-20261014-65-C-20260720
2026-07-20,CL,2026-10-14,65,P,3.45,3.51,3.48,8771,26018,0.2978,-0.25,CL,NYMEX,snap-20260720-cl,CL-20261014-65-P-20260720
07/20/26,CL,2026-10-14,66,C,6.09,6.19,6.14,3928,14394,0.2838,0.788,CL,NYMEX,snap-20260720-cl,CL-20261014-66-C-20260720
2026-07-20,CL,2026-10-14,66,P,3.37,3.43,3.4,5670,14352,0.291,-0.212,CL,NYMEX,snap-20260720-cl,CL-20261014-66-P-20260720
20260720,CL,10/14/2026,67,C,5.05,5.13,5.09,9845,25830,0.2796,0.839,CL,NYMEX,snap-20260720-cl,CL-20261014-67-C-20260720
2026-07-20,cl,20261014,67,P,3.3,3.35,3.32,11711,42799,0.2843,-0.161,CL,NYMEX,snap-20260720-cl,CL-20261014-67-P-20260720
2026-07-20,CL,2026-10-14,68,C,4.01,4.07,4.04,7812,30617,0.2754,0.912,CL,NYMEX,snap-20260720-cl,CL-20261014-68-C-20260720
2026-07-20,CL,2026-10-14,68,P,3.22,3.27,3.24,8307,39035,0.2775,-0.088,CL,NYMEX,snap-20260720-cl,CL-20261014-68-P-20260720
07/20/2026,CL,2026-10-14,69,C,3.17,3.22,3.2,5920,24449,0.2729,0.978,CL,NYMEX,snap-20260720-cl,CL-20261014-69-C-20260720
2026-07-20,CL,20261014,69,P,3.34,3.39,3.36,13176,51510,0.2728,-0.02,CL,NYMEX,snap-20260720-cl,CL-20261014-69-P-20260720
2026-07-20,CL,2026-10-14,70,C,3.22,3.28,3.25,10480,41690,0.2779,0.88,CL,NYMEX,snap-20260720-cl,CL-20261014-70-C-20260720
2026-07-20,CL,2026-10-14,70,put,4.38,4.45,4.42,18850,99947,0.2769,-0.118,CL,NYMEX,snap-20260720-cl,CL-20261014-70-P-20260720
2026-07-20,CL,20261014,71,C,3.28,3.34,3.31,6106,"20,020",0.2829,0.818,CL,NYMEX,snap-20260720-cl,CL-20261014-71-C-20260720
2026-07-20,CL,2026-10-14,71,P,5.42,5.51,5.46,8341,"32,687",0.2811,-0.182,CL,NYMEX,snap-20260720-cl,CL-20261014-71-P-20260720
07/20/26,CL,10/14/2026,72,C,3.34,3.4,3.37,7621,34840,0.288,0.773,CL,NYMEX,snap-20260720-cl,CL-20261014-72-C-20260720
2026-07-20,CL,2026-10-14,72,P,6.46,6.57,6.52,3549,18485,0.2853,-0.227,CL,NYMEX,snap-20260720-cl,CL-20261014-72-P-20260720
2026-07-20,CL,10/14/26,73,Call,3.4,3.46,3.43,3695,11774,0.293,0.739,CL,NYMEX,snap-20260720-cl,CL-20261014-73-C-20260720
2026-07-20,cl,10/14/2026,73,P,7.5,7.63,7.56,2326,6851,0.2895,-0.261,CL,NYMEX,snap-20260720-cl,CL-20261014-73-P-20260720
20260720,CL,20261014,74,C,3.45,3.52,3.48,810,3106,0.298,0.712,CL,NYMEX,snap-20260720-cl,CL-20261014-74-C-20260720
07/20/26,CL,2026-10-14,74,P,8.54,8.69,8.61,2182,5988,0.2937,-0.288,CL,NYMEX,snap-20260720-cl,CL-20261014-74-P-20260720
2026-07-20,CL,2026-10-14,75,C,3.51,3.58,3.54,889,"2,229",0.303,0.691,CL,NYMEX,snap-20260720-cl,CL-20261014-75-C-20260720
2026-07-20,CL,2026-10-14,75,P,9.57,9.75,9.66,670,2376,0.2979,-0.309,CL,NYMEX,snap-20260720-cl,CL-20261014-75-P-20260720
2026-07-20,cl,20261014,76,Call,3.57,3.64,3.6,579,1469,0.3081,0.674,CL,NYMEX,snap-20260720-cl,CL-20261014-76-C-20260720
2026-07-20,CL,2026-10-14,76,Put,10.61,10.82,10.72,537,"2,021",0.302,-0.326,CL,NYMEX,snap-20260720-cl,CL-20261014-76-P-20260720
07/20/26,CL,2026-10-14,77,C,3.62,3.7,3.66,451,2013,0.3131,0.659,CL,NYMEX,snap-20260720-cl,CL-20261014-77-C-20260720
2026-07-20,CL,20261014,77,P,11.64,11.88,11.76,297,1583,0.3062,-0.34,CL,NYMEX,snap-20260720-cl,CL-20261014-77-P-20260720
07/20/2026,CL,2026-10-14,78,C,3.68,3.76,3.72,647,2799,0.3181,0.647,CL,NYMEX,snap-20260720-cl,CL-20261014-78-C-20260720
20260720,CL,10/14/2026,78,P,12.68,12.94,12.81,547,"2,960",0.3104,-0.353,CL,NYMEX,snap-20260720-cl,CL-20261014-78-P-20260720
2026-07-20,CL,2026-10-14,79,C,3.74,3.82,3.78,298,961,0.3231,0.637,CL,NYMEX,snap-20260720-cl,CL-20261014-79-C-20260720
2026-07-20,cl,20261014,79,P,13.71,14,13.86,801,4156,0.3146,-0.363,CL,NYMEX,snap-20260720-cl,CL-20261014-79-P-20260720
07/20/2026,CL,2026-11-18,59,C,13.99,14.33,14.16,349,1168,0.3131,0.64,CL,NYMEX,snap-20260720-cl,CL-20261118-59-C-20260720
2026-07-20,CL,20261118,59,P,4.63,4.75,4.69,482,1971,0.3382,-0.36,CL,NYMEX,snap-20260720-cl,CL-20261118-59-P-20260720
2026-07-20,CL,2026-11-18,60.00,C,12.95,13.26,13.1,633,1471,0.3089,0.651,CL,NYMEX,snap-20260720-cl,CL-20261118-60-C-20260720
2026-07-20,CL,2026-11-18,60,P,4.54,4.65,4.6,264,1160,0.3315,-0.349,CL,NYMEX,snap-20260720-cl,CL-20261118-60-P-20260720
07/20/2026,CL,11/18/26,61,C,11.91,12.18,12.04,198,939,0.3047,0.66,CL,NYMEX,snap-20260720-cl,CL-20261118-61-C-20260720
2026-07-20,CL,2026-11-18,61,P,4.45,4.55,4.5,548,1610,0.3247,-0.336,CL,NYMEX,snap-20260720-cl,CL-20261118-61-P-20260720
2026-07-20,CL,11/18/26,62.00,C,10.87,11.11,10.99,209,858,0.3005,0.68,CL,NYMEX,snap-20260720-cl,CL-20261118-62-C-20260720
2026-07-20,CL,2026-11-18,62,P,4.36,4.46,4.41,556,2650,0.318,-0.32,CL,NYMEX,snap-20260720-cl,CL-20261118-62-P-20260720
2026-07-20,cl,2026-11-18,63.00,C,9.82,10.04,9.93,248,632,0.2964,0.698,CL,NYMEX,snap-20260720-cl,CL-20261118-63-C-20260720
20260720,CL,2026-11-18,63,P,4.27,4.36,4.31,239,671,0.3112,-0.302,CL,NYMEX,snap-20260720-cl,CL-20261118-63-P-20260720
20260720,CL,20261118,64,C,8.78,8.96,8.87,1679,6839,0.2922,0.721,CL,NYMEX,snap-20260720-cl,CL-20261118-64-C-20260720
07/20/2026,CL,2026-11-18,64,P,4.18,4.27,4.22,854,4568,0.3045,-0.279,CL,NYMEX,snap-20260720-cl,CL-20261118-64-P-20260720
2026-07-20,CL,2026-11-18,65,C,7.73,7.89,7.81,3659,11241,0.288,0.75,CL,NYMEX,snap-20260720-cl,CL-20261118-65-C-20260720
2026-07-20,CL,2026-11-18,65,P,4.09,4.17,4.13,2856,13295,0.2978,-0.25,CL,NYMEX,snap-20260720-cl,CL-20261118-65-P-20260720
07/20/2026,cl,2026-11-18,66,C,6.69,6.82,6.76,"6,083",23977,0.28,0.788,CL,NYMEX,snap-20260720-cl,CL-20261118-66-C-20260720
07/20/26,CL,2026-11-18,66,Put,4,4.08,4.04,6370,34490,0.291,-0.212,CL,NYMEX,snap-20260720-cl,CL-20261118-66-P-20260720
2026-07-20,CL,2026-11-18,67,C,5.64,5.75,5.7,4891,19094,0.2796,0.84,CL,NYMEX,snap-20260720-cl,CL-20261118-67-C-20260720
07/20/2026,CL,2026-11-18,67,P,3.9,3.98,3.94,2951,"7,782",0.2843,-0.161,CL,NYMEX,snap-20260720-cl,CL-20261118-67-P-20260720
07/20/2026,CL,2026-11-18,68,C,4.6,4.68,4.64,9580,42940,0.2754,0.912,CL,NYMEX,snap-20260720-cl,CL-20261118-68-C-20260720
2026-07-20,CL,11/18/2026,68,P,3.81,3.88,3.84,10737,34481,0.2775,-0.088,CL,NYMEX,snap-20260720-cl,CL-20261118-68-P-20260720
2026-07-20,CL,11/18/2026,69,C,3.75,3.82,3.78,6862,26013,0.2729,0.978,CL,NYMEX,snap-20260720-cl,CL-20261118-69-C-20260720
07/20/2026,CL,11/18/2026,69,P,3.93,4,3.96,6576,33773,0.2728,-0.022,CL,NYMEX,snap-20260720-cl,CL-20261118-69-P-20260720
07/20/2026,CL,2026-11-18,70,C,3.82,3.89,3.86,5044,11117,0.2779,0.882,CL,NYMEX,snap-20260720-cl,CL-20261118-70-C-20260720
2026-07-20,CL,2026-11-18,70,P,4.97,5.07,5.02,9352,39460,0.2769,-0.118,CL,NYMEX,snap-20260720-cl,CL-20261118-70-P-20260720
2026-07-20,CL,11/18/2026,71,C,3.89,3.96,3.92,5381,24794,0.2829,0.818,CL,NYMEX,snap-20260720-cl,CL-20261118-71-C-20260720
07/20/26,cl,20261118,71,P,6.02,6.14,6.08,5078,"26,287",0.2811,-0.182,CL,NYMEX,snap-20260720-cl,CL-20261118-71-P-20260720
2026-07-20,CL,2026-11-18,72,C,3.95,4.03,3.99,5330,14005,0.288,0.773,CL,NYMEX,snap-20260720-cl,CL-20261118-72-C-20260720
07/20/2026,CL,2026-11-18,72,P,7.07,7.21,7.14,3194,16972,0.2853,-0.227,CL,NYMEX,snap-20260720-cl,CL-20261118-72-P-20260720
20260720,CL,20261118,73,C,4.02,4.11,4.06,2892,9712,0.293,0.739,CL,NYMEX,snap-20260720-cl,CL-20261118-73-C-20260720
2026-07-20,CL,2026-11-18,73,P,8.11,8.28,8.2,3273,15444,0.2895,-0.261,CL,NYMEX,snap-20260720-cl,CL-20261118-73-P-20260720
2026-07-20,cl,20261118,74,C,4.09,4.18,4.13,1336,6229,0.298,0.712,CL,NYMEX,snap-20260720-cl,CL-20261118-74-C-20260720
2026-07-20,CL,2026-11-18,74,P,9.16,9.35,9.25,940,3010,0.2937,-0.288,CL,NYMEX,snap-20260720-cl,CL-20261118-74-P-20260720
20260720,CL,11/18/2026,75,C,4.16,4.25,4.2,646,1599,0.303,0.691,CL,NYMEX,snap-20260720-cl,CL-20261118-75-C-20260720
20260720,CL,11/18/26,75,P,10.2,10.42,10.31,565,1667,0.30,-0.31,CL,NYMEX,snap-20260720-cl,CL-20261118-75-P-20260720
2026-07-20,CL,11/18/2026,76,C,4.22,4.32,4.27,325,960,0.3081,0.674,CL,NYMEX,snap-20260720-cl,CL-20261118-76-C-20260720
07/20/26,CL,2026-11-18,76,P,11.24,11.5,11.37,492,2597,0.302,-0.326,CL,NYMEX,snap-20260720-cl,CL-20261118-76-P-20260720
2026-07-20,CL,2026-11-18,77,C,4.29,4.39,4.34,475,1140,0.3131,0.659,CL,NYMEX,snap-20260720-cl,CL-20261118-77-C-20260720
2026-07-20,CL,20261118,77,P,12.29,12.57,12.43,180,693,0.3062,-0.341,CL,NYMEX,snap-20260720-cl,CL-20261118-77-P-20260720
2026-07-20,CL,2026-11-18,78,C,4.36,4.46,4.41,483,2303,0.3181,0.647,CL,NYMEX,snap-20260720-cl,CL-20261118-78-C-20260720
2026-07-20,cl,2026-11-18,78,P,13.33,13.64,13.48,202,633,0.3104,-0.353,CL,NYMEX,snap-20260720-cl,CL-20261118-78-P-20260720
2026-07-20,CL,2026-11-18,79,C,4.43,4.53,4.48,160,684,0.3231,0.637,CL,NYMEX,snap-20260720-cl,CL-20261118-79-C-20260720
07/20/2026,CL,2026-11-18,79,put,14.37,14.72,14.54,473,2261,0.31,-0.363,CL,NYMEX,snap-20260720-cl,CL-20261118-79-P-20260720
2026-07-21,CL,08/19/2026,59,C,11.94,12.14,12.04,560,1308,0.3134,0.639,CL,NYMEX,snap-20260721-cl,CL-20260819-59-C-20260721
20260721,CL,08/19/2026,59,P,2.28,2.32,2.3,1132,4057,0.34,-0.361,CL,NYMEX,snap-20260721-cl,CL-20260819-59-P-20260721
2026-07-21,CL,2026-08-19,60,C,10.93,11.1,11.02,731,2843,0.3092,0.65,CL,NYMEX,snap-20260721-cl,CL-20260819-60-C-20260721
07/21/2026,CL,08/19/26,60,P,2.24,2.27,2.25,995,4751,0.332,-0.35,CL,NYMEX,snap-20260721-cl,CL-20260819-60-P-20260721
20260721,CL,2026-08-19,61,C,9.91,10.06,9.98,822,2451,0.3051,0.663,CL,NYMEX,snap-20260721-cl,CL-20260819-61-C-20260721
07/21/2026,CL,2026-08-19,61,P,2.19,2.23,2.21,798,2725,0.3253,-0.337,CL,NYMEX,snap-20260721-cl,CL-20260819-61-P-20260721
07/21/2026,CL,2026-08-19,62,C,8.89,9.02,8.96,842,2083,0.3009,0.678,CL,NYMEX,snap-20260721-cl,CL-20260819-62-C-20260721
20260721,CL,2026-08-19,62,P,2.15,2.18,2.16,786,2905,0.3185,-0.322,CL,NYMEX,snap-20260721-cl,CL-20260819-62-P-20260721
07/21/2026,CL,2026-08-19,63,C,7.87,7.98,7.92,867,2790,0.2967,0.697,CL,NYMEX,snap-20260721-cl,CL-20260819-63-C-20260721
07/21/2026,CL,20260819,63,P,2.11,2.13,2.12,1097,3431,0.3118,-0.303,CL,NYMEX,snap-20260721-cl,CL-20260819-63-P-20260721
07/21/2026,CL,2026-08-19,64,Call,6.85,6.94,6.89,1377,3050,0.2925,0.719,CL,NYMEX,snap-20260721-cl,CL-20260819-64-C-20260721
20260721,CL,2026-08-19,64,P,2.06,2.09,2.08,2662,12421,0.31,-0.281,CL,NYMEX,snap-20260721-cl,CL-20260819-64-P-20260721
2026-07-21,cl,2026-08-19,65,C,5.83,5.91,5.87,8941,26172,0.2883,0.747,CL,NYMEX,snap-20260721-cl,CL-20260819-65-C-20260721
2026-07-21,cl,2026-08-19,65,P,2.02,2.04,2.03,6976,22620,0.2983,-0.253,CL,NYMEX,snap-20260721-cl,CL-20260819-65-P-20260721
07/21/2026,CL,2026-08-19,66,C,4.81,4.87,4.84,11375,27355,0.2842,0.784,CL,NYMEX,snap-20260721-cl,CL-20260819-66-C-20260721
2026-07-21,CL,08/19/2026,66,P ,1.97,1.99,1.98,8746,32468,0.2916,-0.216,CL,NYMEX,snap-20260721-cl,CL-20260819-66-P-20260721
07/21/2026,CL,2026-08-19,67,C,3.79,3.84,3.82,13899,52714,0.28,0.83,CL,NYMEX,snap-20260721-cl,CL-20260819-67-C-20260721
2026-07-21,cl,20260819,67,P,1.93,1.95,1.94,9797,50279,0.2849,-0.166,CL,NYMEX,snap-20260721-cl,CL-20260819-67-P-20260721
07/21/2026,CL,20260819,68,C,2.77,2.8,2.78,21999,70616,0.2758,0.904,CL,NYMEX,snap-20260721-cl,CL-20260819-68-C-20260721
07/21/26,CL,2026-08-19,68,P,1.88,1.9,1.89,11732,48242,0.2781,-0.096,CL,NYMEX,snap-20260721-cl,CL-20260819-68-P-20260721
2026-07-21,CL,08/19/2026,69,Call,1.84,1.86,1.85,16776,67005,0.2725,0.989,CL,NYMEX,snap-20260721-cl,CL-20260819-69-C-20260721
2026-07-21,CL,2026-08-19,69,P,1.93,1.95,1.94,9386,46330,0.2724,-0.011,CL,NYMEX,snap-20260721-cl,CL-20260819-69-P-20260721
20260721,CL,20260819,70.00,C,1.88,1.9,1.89,24199,93714,0.2775,0.889,CL,NYMEX,snap-20260721-cl,CL-20260819-70-C-20260721
20260721,CL,2026-08-19,70,P,2.95,2.99,2.97,27852,117496,0.2766,-0.111,CL,NYMEX,snap-20260721-cl,CL-20260819-70-P-20260721
07/21/26,CL,08/19/2026,71.00,C,1.91,1.93,1.92,8128,18672,0.2825,0.823,CL,NYMEX,snap-20260721-cl,CL-20260819-71-C-20260721
2026-07-21,CL,20260819,71.00,P,3.98,4.02,4,17217,"92,261",0.2807,-0.177,CL,NYMEX,snap-20260721-cl,CL-20260819-71-P-20260721
2026-07-21,CL,2026-08-19,72,C,1.94,1.97,1.96,12225,40076,0.2875,0.777,CL,NYMEX,snap-20260721-cl,CL-20260819-72-C-20260721
2026-07-21,CL,2026-08-19,72,P,5,5.06,5.03,10289,33053,0.28,-0.223,CL,NYMEX,snap-20260721-cl,CL-20260819-72-P-20260721
07/21/26,cl,2026-08-19,73,Call,1.98,2,1.99,3210,7740,0.2925,0.742,CL,NYMEX,snap-20260721-cl,CL-20260819-73-C-20260721
07/21/2026,CL,2026-08-19,73,Put,6.02,6.09,6.06,3633,15964,0.2891,-0.258,CL,NYMEX,snap-20260721-cl,CL-20260819-73-P-20260721
2026-07-21,cl,2026-08-19,74,C,2.01,2.04,2.02,2102,5601,0.2975,0.715,CL,NYMEX,snap-20260721-cl,CL-20260819-74-C-20260721
07/21/26,CL,20260819,74,P,7.04,7.13,7.08,1692,6692,0.2933,-0.285,CL,NYMEX,snap-20260721-cl,CL-20260819-74-P-20260721
2026-07-21,CL,2026-08-19,75,Call,2.04,2.07,2.05,727,2516,0.3025,0.693,CL,NYMEX,snap-20260721-cl,CL-20260819-75-C-20260721
2026-07-21,cl,2026-08-19,75,P,8.06,8.17,8.12,1298,4406,0.2975,-0.307,CL,NYMEX,snap-20260721-cl,CL-20260819-75-P-20260721
2026-07-21,CL,08/19/2026,76,C,2.08,2.11,2.09,526,1526,0.3076,0.675,CL,NYMEX,snap-20260721-cl,CL-20260819-76-C-20260721
2026-07-21,CL,08/19/2026,76,P,9.07,9.21,9.14,983,4429,0.3016,-0.325,CL,NYMEX,snap-20260721-cl,CL-20260819-76-P-20260721
2026-07-21,CL,2026-08-19,77,Call,2.11,2.14,2.12,339,927,0.3126,0.661,CL,NYMEX,snap-20260721-cl,CL-20260819-77-C-20260721
07/21/26,CL,2026-08-19,77,P,10.09,10.25,10.17,722,3721,0.3058,-0.339,CL,NYMEX,snap-20260721-cl,CL-20260819-77-P-20260721
07/21/2026,CL,08/19/2026,78,C,2.14,2.18,2.16,1040,3948,0.3176,0.648,CL,NYMEX,snap-20260721-cl,CL-20260819-78-C-20260721
2026-07-21,CL,08/19/26,78,P,11.11,11.29,11.2,624,1697,0.31,-0.352,CL,NYMEX,snap-20260721-cl,CL-20260819-78-P-20260721
07/21/2026,CL,2026-08-19,79.00,C,2.18,2.21,2.2,630,2852,0.3226,0.638,CL,NYMEX,snap-20260721-cl,CL-20260819-79-C-20260721
2026-07-21,CL,2026-08-19,79,put,12.13,12.33,12.23,778,4209,0.31,-0.362,CL,NYMEX,snap-20260721-cl,CL-20260819-79-P-20260721
2026-07-21,CL,2026-09-16,59,C,12.78,13.02,12.9,754,2114,0.3134,0.639,CL,NYMEX,snap-20260721-cl,CL-20260916-59-C-20260721
07/21/2026,CL,20260916,59,P,3.2,3.26,3.23,829,4190,0.34,-0.36,CL,NYMEX,snap-20260721-cl,CL-20260916-59-P-20260721
2026-07-21,CL,09/16/26,60.00,C,11.75,11.96,11.86,579,"2,556",0.3092,0.65,CL,NYMEX,snap-20260721-cl,CL-20260916-60-C-20260721
07/21/2026,CL,09/16/2026,60,P,3.14,3.19,3.16,963,3849,0.332,-0.35,CL,NYMEX,snap-20260721-cl,CL-20260916-60-P-20260721
20260721,CL,20260916,61,C,10.72,10.91,10.82,423,984,0.3051,0.663,CL,NYMEX,snap-20260721-cl,CL-20260916-61-C-20260721
07/21/2026,CL,09/16/2026,61,P,3.07,3.13,3.1,890,2921,0.3253,-0.34,CL,NYMEX,snap-20260721-cl,CL-20260916-61-P-20260721
2026-07-21,CL,2026-09-16,62,Call,9.7,9.86,9.78,709,2709,0.3009,0.678,CL,NYMEX,snap-20260721-cl,CL-20260916-62-C-20260721
2026-07-21,CL,20260916,62,P,3.01,3.06,3.04,828,3520,0.3185,-0.322,CL,NYMEX,snap-20260721-cl,CL-20260916-62-P-20260721
2026-07-21,CL,09/16/2026,63.00,Call,8.67,8.81,8.74,468,1915,0.2967,0.697,CL,NYMEX,snap-20260721-cl,CL-20260916-63-C-20260721
2026-07-21,CL,2026-09-16,63,P,2.95,3,2.98,678,3122,0.3118,-0.303,CL,NYMEX,snap-20260721-cl,CL-20260916-63-P-20260721
20260721,CL,2026-09-16,64,C,7.64,7.76,7.7,2238,10065,0.2925,0.719,CL,NYMEX,snap-20260721-cl,CL-20260916-64-C-20260721
07/21/2026,CL,2026-09-16,64,P,2.88,2.93,2.9,1650,6373,0.3051,-0.281,CL,NYMEX,snap-20260721-cl,CL-20260916-64-P-20260721
2026-07-21,cl,09/16/26,65,C,6.61,6.71,6.66,"6,831","20,246",0.2883,0.747,CL,NYMEX,snap-20260721-cl,CL-20260916-65-C-20260721
2026-07-21,cl,09/16/2026,65,P,2.82,2.86,2.84,4986,26753,0.2983,-0.253,CL,NYMEX,snap-20260721-cl,CL-20260916-65-P-20260721
2026-07-21,CL,2026-09-16,66,C,5.58,5.66,5.62,"9,393",45030,0.2842,0.784,CL,NYMEX,snap-20260721-cl,CL-20260916-66-C-20260721
07/21/26,CL,2026-09-16,66.00,P,2.76,2.8,2.78,12023,58228,0.2916,-0.216,CL,NYMEX,snap-20260721-cl,CL-20260916-66-P-20260721
2026-07-21,CL,2026-09-16,67,C,4.55,4.61,4.58,11071,47264,0.28,0.834,CL,NYMEX,snap-20260721-cl,CL-20260916-67-C-20260721
07/21/2026,CL,2026-09-16,67,P,2.7,2.73,2.72,9778,39460,0.28,-0.166,CL,NYMEX,snap-20260721-cl,CL-20260916-67-P-20260721
2026-07-21,CL,2026-09-16,68,C,3.52,3.56,3.54,15011,49960,0.2758,0.904,CL,NYMEX,snap-20260721-cl,CL-20260916-68-C-20260721
2026-07-21,CL,2026-09-16,68,P,2.63,2.67,2.65,15608,65183,0.2781,-0.096,CL,NYMEX,snap-20260721-cl,CL-20260916-68-P-20260721
20260721,CL,2026-09-16,69,C,2.58,2.61,2.59,18426,56161,0.2725,0.989,CL,NYMEX,snap-20260721-cl,CL-20260916-69-C-20260721
07/21/26,CL,20260916,69,P,2.67,2.70,2.68,20713,85888,0.2724,-0.011,CL,NYMEX,snap-20260721-cl,CL-20260916-69-P-20260721
2026-07-21,CL,20260916,70,Call,2.63,2.66,2.64,14093,49381,0.2775,0.89,CL,NYMEX,snap-20260721-cl,CL-20260916-70-C-20260721
2026-07-21,CL,2026-09-16,70,P,3.7,3.75,3.72,17697,81213,0.2766,-0.111,CL,NYMEX,snap-20260721-cl,CL-20260916-70-P-20260721
2026-07-21,CL,2026-09-16,71,C,2.67,2.71,2.69,4840,11190,0.28,0.823,CL,NYMEX,snap-20260721-cl,CL-20260916-71-C-20260721
2026-07-21,CL,2026-09-16,71,P,4.73,4.8,4.77,"6,489",21477,0.28,-0.177,CL,NYMEX,snap-20260721-cl,CL-20260916-71-P-20260721
07/21/2026,CL,20260916,72,C,2.72,2.76,2.74,3457,"11,665",0.2875,0.777,CL,NYMEX,snap-20260721-cl,CL-20260916-72-C-20260721
2026-07-21,CL,09/16/2026,72,P,5.76,5.85,5.8,9675,25653,0.2849,-0.223,CL,NYMEX,snap-20260721-cl,CL-20260916-72-P-20260721
2026-07-21,CL,20260916,73,C,2.77,2.81,2.79,4601,16654,0.2925,0.742,CL,NYMEX,snap-20260721-cl,CL-20260916-73-C-20260721
2026-07-21,CL,2026-09-16,73,P,6.79,6.9,6.84,2610,8776,0.2891,-0.258,CL,NYMEX,snap-20260721-cl,CL-20260916-73-P-20260721
07/21/26,CL,09/16/2026,74,C,2.81,2.86,2.84,1110,4287,0.2975,0.715,CL,NYMEX,snap-20260721-cl,CL-20260916-74-C-20260721
07/21/2026,CL,09/16/2026,74,P,7.82,7.95,7.88,2736,14664,0.2933,-0.285,CL,NYMEX,snap-20260721-cl,CL-20260916-74-P-20260721
07/21/2026,CL,2026-09-16,75,C,2.86,2.91,2.88,612,1801,0.3025,0.693,CL,NYMEX,snap-20260721-cl,CL-20260916-75-C-20260721
2026-07-21,CL,2026-09-16,75,P,8.85,9,8.92,1358,4776,0.2975,-0.307,CL,NYMEX,snap-20260721-cl,CL-20260916-75-P-20260721
20260721,CL,09/16/2026,76,C,2.91,2.96,2.94,897,"2,614",0.3076,0.675,CL,NYMEX,snap-20260721-cl,CL-20260916-76-C-20260721
2026-07-21,CL,20260916,76,P,9.88,10.05,9.96,369,1766,0.30,-0.33,CL,NYMEX,snap-20260721-cl,CL-20260916-76-P-20260721
07/21/2026,CL,09/16/26,77.00,C,2.95,3.01,2.98,381,1622,0.3126,0.661,CL,NYMEX,snap-20260721-cl,CL-20260916-77-C-20260721
2026-07-21,CL,2026-09-16,77,P,10.91,11.1,11,752,2798,0.3058,-0.339,CL,NYMEX,snap-20260721-cl,CL-20260916-77-P-20260721
2026-07-21,CL,2026-09-16,78,C,3,3.05,3.02,783,2183,0.3176,0.648,CL,NYMEX,snap-20260721-cl,CL-20260916-78-C-20260721
20260721,CL,2026-09-16,78,P ,11.94,12.15,12.04,422,1394,0.31,-0.352,CL,NYMEX,snap-20260721-cl,CL-20260916-78-P-20260721
07/21/26,CL,09/16/26,79,C,3.05,3.1,3.08,906,2622,0.3226,0.638,CL,NYMEX,snap-20260721-cl,CL-20260916-79-C-20260721
2026-07-21,CL,09/16/2026,79,P,12.96,13.21,13.08,966,3683,0.3142,-0.362,CL,NYMEX,snap-20260721-cl,CL-20260916-79-P-20260721
2026-07-21,CL,10/14/26,59,C,13.42,13.7,13.56,716,1873,0.3134,0.639,CL,NYMEX,snap-20260721-cl,CL-20261014-59-C-20260721
20260721,CL,2026-10-14,59,P,3.9,3.98,3.94,602,1705,0.3387,-0.361,CL,NYMEX,snap-20260721-cl,CL-20261014-59-P-20260721
2026-07-21,CL,10/14/2026,60,C,12.38,12.64,12.51,393,1007,0.3092,0.65,CL,NYMEX,snap-20260721-cl,CL-20261014-60-C-20260721
07/21/2026,CL,10/14/2026,60.00,P,3.82,3.9,3.86,608,1892,0.332,-0.35,CL,NYMEX,snap-20260721-cl,CL-20261014-60-P-20260721
07/21/2026,CL,2026-10-14,61,C,11.35,11.57,11.46,403,1346,0.3051,0.663,CL,NYMEX,snap-20260721-cl,CL-20261014-61-C-20260721
2026-07-21,CL,2026-10-14,61,P,3.75,3.82,3.78,277,1281,0.3253,-0.337,CL,NYMEX,snap-20260721-cl,CL-20261014-61-P-20260721
2026-07-21,CL,10/14/26,62,C,10.31,10.51,10.41,584,1985,0.3009,0.678,CL,NYMEX,snap-20260721-cl,CL-20261014-62-C-20260721
07/21/2026,CL,10/14/2026,62,P,3.67,3.74,3.7,534,2662,0.3185,-0.322,CL,NYMEX,snap-20260721-cl,CL-20261014-62-P-20260721
07/21/2026,CL,10/14/2026,63,C,9.28,9.45,9.36,286,1221,0.2967,0.697,CL,NYMEX,snap-20260721-cl,CL-20261014-63-C-20260721
2026-07-21,CL,2026-10-14,63,P,3.6,3.66,3.63,742,1919,0.3118,-0.303,CL,NYMEX,snap-20260721-cl,CL-20261014-63-P-20260721
07/21/26,CL,2026-10-14,64,C,8.24,8.39,8.32,2201,9286,0.2925,0.719,CL,NYMEX,snap-20260721-cl,CL-20261014-64-C-20260721
2026-07-21,CL,20261014,64,P,3.52,3.58,3.55,3152,10276,0.3051,-0.281,CL,NYMEX,snap-20260721-cl,CL-20261014-64-P-20260721
07/21/2026,CL,2026-10-14,65,C,7.20,7.33,7.26,5751,18944,0.2883,0.747,CL,NYMEX,snap-20260721-cl,CL-20261014-65-C-20260721
2026-07-21,CL,2026-10-14,65,P,3.44,3.5,3.47,6559,19121,0.2983,-0.253,CL,NYMEX,snap-20260721-cl,CL-20261014-65-P-20260721
2026-07-21,CL,2026-10-14,66,C,6.17,6.27,6.22,8804,37659,0.2842,0.784,CL,NYMEX,snap-20260721-cl,CL-20261014-66-C-20260721
20260721,CL,2026-10-14,66,P,3.37,3.42,3.4,6218,22508,0.29,-0.216,CL,NYMEX,snap-20260721-cl,CL-20261014-66-P-20260721
2026-07-21,CL,2026-10-14,67,C,5.13,5.21,5.17,9180,28936,0.28,0.834,CL,NYMEX,snap-20260721-cl,CL-20261014-67-C-20260721
2026-07-21,CL,10/14/2026,67,P,3.29,3.34,3.32,12949,"69,583",0.2849,-0.166,CL,NYMEX,snap-20260721-cl,CL-20261014-67-P-20260721
2026-07-21,CL,2026-10-14,68,C,4.09,4.15,4.12,14519,36260,0.2758,0.904,CL,NYMEX,snap-20260721-cl,CL-20261014-68-C-20260721
2026-07-21,CL,2026-10-14,68,P,3.21,3.26,3.24,5414,23223,0.2781,-0.096,CL,NYMEX,snap-20260721-cl,CL-20261014-68-P-20260721
2026-07-21,CL,2026-10-14,69,C,3.15,3.2,3.18,9844,29221,0.2725,0.989,CL,NYMEX,snap-20260721-cl,CL-20261014-69-C-20260721
07/21/2026,CL,10/14/2026,69,P,3.24,3.28,3.26,16751,42909,0.2724,-0.011,CL,NYMEX,snap-20260721-cl,CL-20261014-69-P-20260721
20260721,cl,10/14/26,70,C,3.2,3.25,3.22,11495,43163,0.2775,0.889,CL,NYMEX,snap-20260721-cl,CL-20261014-70-C-20260721
2026-07-21,CL,10/14/26,70,P,4.27,4.34,4.3,14478,77655,0.2766,-0.111,CL,NYMEX,snap-20260721-cl,CL-20261014-70-P-20260721
20260721,CL,2026-10-14,71,C,3.26,3.31,3.28,6354,23220,0.2825,0.823,CL,NYMEX,snap-20260721-cl,CL-20261014-71-C-20260721
2026-07-21,CL,2026-10-14,71.00,P,5.31,5.40,5.36,4846,18939,0.28,-0.177,CL,NYMEX,snap-20260721-cl,CL-20261014-71-P-20260721
07/21/26,CL,2026-10-14,72,C,3.32,3.37,3.34,6489,15023,0.2875,0.777,CL,NYMEX,snap-20260721-cl,CL-20261014-72-C-20260721
07/21/2026,CL,2026-10-14,72,P,6.35,6.46,6.4,8438,32082,0.28,-0.223,CL,NYMEX,snap-20260721-cl,CL-20261014-72-P-20260721
07/21/2026,CL,2026-10-14,73,C,3.37,3.43,3.4,2603,11040,0.2925,0.742,CL,NYMEX,snap-20260721-cl,CL-20261014-73-C-20260721
20260721,CL,2026-10-14,73,P,7.39,7.52,7.46,5791,30578,0.2891,-0.258,CL,NYMEX,snap-20260721-cl,CL-20261014-73-P-20260721
07/21/2026,CL,2026-10-14,74,C,3.43,3.49,3.46,2057,7671,0.2975,0.715,CL,NYMEX,snap-20260721-cl,CL-20261014-74-C-20260721
07/21/2026,CL,10/14/26,74,P,8.43,8.58,8.5,2474,13274,0.2933,-0.28,CL,NYMEX,snap-20260721-cl,CL-20261014-74-P-20260721
2026-07-21,CL,2026-10-14,75,C,3.49,3.55,3.52,758,2627,0.3025,0.693,CL,NYMEX,snap-20260721-cl,CL-20261014-75-C-20260721
20260721,CL,2026-10-14,75,P,9.46,9.64,9.55,359,"1,545",0.2975,-0.31,CL,NYMEX,snap-20260721-cl,CL-20261014-75-P-20260721
07/21/2026,cl,2026-10-14,76,C,3.55,3.61,3.58,695,"2,235",0.31,0.675,CL,NYMEX,snap-20260721-cl,CL-20261014-76-C-20260721
07/21/26,CL,10/14/26,76,P,10.5,10.7,10.6,567,1700,0.3016,-0.325,CL,NYMEX,snap-20260721-cl,CL-20261014-76-P-20260721
2026-07-21,CL,2026-10-14,77,C,3.6,3.67,3.63,642,2921,0.3126,0.66,CL,NYMEX,snap-20260721-cl,CL-20261014-77-C-20260721
2026-07-21,CL,2026-10-14,77,P,11.53,11.76,11.64,678,2247,0.3058,-0.339,CL,NYMEX,snap-20260721-cl,CL-20261014-77-P-20260721
2026-07-21,CL,10/14/2026,78,C,3.66,3.73,3.7,676,2434,0.32,0.648,CL,NYMEX,snap-20260721-cl,CL-20261014-78-C-20260721
07/21/2026,CL,20261014,78,P,12.57,12.83,12.7,758,3170,0.31,-0.352,CL,NYMEX,snap-20260721-cl,CL-20261014-78-P-20260721
07/21/2026,CL,2026-10-14,79,C,3.72,3.79,3.76,628,2751,0.3226,0.638,CL,NYMEX,snap-20260721-cl,CL-20261014-79-C-20260721
2026-07-21,CL,20261014,79,P,13.6,13.89,13.74,705,3375,0.3142,-0.362,CL,NYMEX,snap-20260721-cl,CL-20261014-79-P-20260721
2026-07-21,CL,20261118,59,C,14.08,14.41,14.24,328,1231,0.3134,0.639,CL,NYMEX,snap-20260721-cl,CL-20261118-59-C-20260721
07/21/26,CL,20261118,59,P,4.63,4.74,4.69,464,1662,0.3387,-0.361,CL,NYMEX,snap-20260721-cl,CL-20261118-59-P-20260721
2026-07-21,CL,2026-11-18,60,C,13.03,13.34,13.18,420,1347,0.31,0.65,CL,NYMEX,snap-20260721-cl,CL-20261118-60-C-20260721
20260721,CL,2026-11-18,60,P,4.54,4.64,4.59,663,2218,0.332,-0.35,CL,NYMEX,snap-20260721-cl,CL-20261118-60-P-20260721
07/21/2026,CL,2026-11-18,61,C,11.99,12.27,12.13,183,741,0.3051,0.663,CL,NYMEX,snap-20260721-cl,CL-20261118-61-C-20260721
07/21/2026,CL,2026-11-18,61,P,4.45,4.55,4.50,228,1033,0.3253,-0.337,CL,NYMEX,snap-20260721-cl,CL-20261118-61-P-20260721
2026-07-21,CL,2026-11-18,62,C,10.95,11.19,11.07,207,748,0.3009,0.678,CL,NYMEX,snap-20260721-cl,CL-20261118-62-C-20260721
07/21/2026,CL,2026-11-18,62,put,4.36,4.45,4.4,395,1938,0.3185,-0.322,CL,NYMEX,snap-20260721-cl,CL-20261118-62-P-20260721
2026-07-21,CL,11/18/2026,63,C,9.91,10.12,10.02,201,917,0.2967,0.697,CL,NYMEX,snap-20260721-cl,CL-20261118-63-C-20260721
07/21/26,CL,2026-11-18,63,P,4.27,4.36,4.31,282,920,0.3118,-0.303,CL,NYMEX,snap-20260721-cl,CL-20261118-63-P-20260721
2026-07-21,CL,11/18/2026,64,C,8.86,9.05,8.96,1562,4641,0.2925,0.719,CL,NYMEX,snap-20260721-cl,CL-20261118-64-C-20260721
2026-07-21,CL,20261118,64,P,4.17,4.26,4.22,1970,10375,0.3051,-0.281,CL,NYMEX,snap-20260721-cl,CL-20261118-64-P-20260721
2026-07-21,CL,20261118,65,C,7.82,7.98,7.9,4983,17635,0.2883,0.747,CL,NYMEX,snap-20260721-cl,CL-20261118-65-C-20260721
2026-07-21,CL,11/18/2026,65,P,4.08,4.17,4.12,2311,9917,0.2983,-0.25,CL,NYMEX,snap-20260721-cl,CL-20261118-65-P-20260721
2026-07-21,CL,2026-11-18,66,C,6.77,6.91,6.84,5416,14133,0.2842,0.784,CL,NYMEX,snap-20260721-cl,CL-20261118-66-C-20260721
2026-07-21,CL,2026-11-18,66,P,3.99,4.07,4.03,2438,10043,0.2916,-0.216,CL,NYMEX,snap-20260721-cl,CL-20261118-66-P-20260721
07/21/2026,CL,20261118,67,C,5.73,5.84,5.78,8217,37574,0.28,0.834,CL,NYMEX,snap-20260721-cl,CL-20261118-67-C-20260721
20260721,cl,2026-11-18,67,P,3.9,3.98,3.94,5101,13877,0.2849,-0.166,CL,NYMEX,snap-20260721-cl,CL-20261118-67-P-20260721
07/21/2026,CL,2026-11-18,68,C,4.68,4.77,4.72,8980,42593,0.2758,0.904,CL,NYMEX,snap-20260721-cl,CL-20261118-68-C-20260721
2026-07-21,CL,2026-11-18,68.00,P,3.81,3.88,3.84,6409,23407,0.2781,-0.096,CL,NYMEX,snap-20260721-cl,CL-20261118-68-P-20260721
2026-07-21,CL,2026-11-18,69,Call,3.73,3.8,3.76,"11,465",28170,0.2725,0.989,CL,NYMEX,snap-20260721-cl,CL-20261118-69-C-20260721
20260721,CL,2026-11-18,69,P ,3.82,3.89,3.86,"10,127",49000,0.2724,-0.011,CL,NYMEX,snap-20260721-cl,CL-20261118-69-P-20260721
2026-07-21,CL,2026-11-18,70,C,3.8,3.87,3.84,4487,"10,401",0.2775,0.889,CL,NYMEX,snap-20260721-cl,CL-20261118-70-C-20260721
2026-07-21,CL,2026-11-18,70,P,4.87,4.96,4.92,12768,64786,0.2766,-0.111,CL,NYMEX,snap-20260721-cl,CL-20261118-70-P-20260721
2026-07-21,CL,11/18/26,71,C,3.87,3.94,3.9,4729,"16,740",0.2825,0.823,CL,NYMEX,snap-20260721-cl,CL-20261118-71-C-20260721
20260721,CL,20261118,71,P,5.91,6.03,5.97,5818,24227,0.2807,-0.177,CL,NYMEX,snap-20260721-cl,CL-20261118-71-P-20260721
2026-07-21,CL,2026-11-18,72,C,3.94,4.02,3.98,"2,630",9442,0.2875,0.777,CL,NYMEX,snap-20260721-cl,CL-20261118-72-C-20260721
2026-07-21,CL,2026-11-18,72,P,6.96,7.10,7.03,5894,29861,0.2849,-0.223,CL,NYMEX,snap-20260721-cl,CL-20261118-72-P-20260721
07/21/2026,CL,2026-11-18,73,C,4,4.09,4.04,2121,7735,0.2925,0.742,CL,NYMEX,snap-20260721-cl,CL-20261118-73-C-20260721
07/21/2026,CL,2026-11-18,73,P,8.01,8.17,8.09,2914,14999,0.2891,-0.258,CL,NYMEX,snap-20260721-cl,CL-20261118-73-P-20260721
2026-07-21,CL,2026-11-18,74,C,4.07,4.16,4.12,875,3554,0.2975,0.715,CL,NYMEX,snap-20260721-cl,CL-20261118-74-C-20260721
2026-07-21,CL,11/18/2026,74,P,9.05,9.24,9.14,1854,4962,0.29,-0.28,CL,NYMEX,snap-20260721-cl,CL-20261118-74-P-20260721
20260721,CL,2026-11-18,75,C,4.14,4.23,4.19,442,1791,0.3025,0.693,CL,NYMEX,snap-20260721-cl,CL-20261118-75-C-20260721
20260721,CL,11/18/2026,75,P,10.09,10.31,10.2,687,2028,0.2975,-0.307,CL,NYMEX,snap-20260721-cl,CL-20261118-75-P-20260721
20260721,CL,2026-11-18,76,C,4.21,4.3,4.26,391,875,0.3076,0.675,CL,NYMEX,snap-20260721-cl,CL-20261118-76-C-20260721
2026-07-21,CL,11/18/2026,76,P,11.14,11.39,11.26,430,2215,0.3016,-0.33,CL,NYMEX,snap-20260721-cl,CL-20261118-76-P-20260721
20260721,CL,2026-11-18,77,C,4.27,4.37,4.32,212,929,0.31,0.661,CL,NYMEX,snap-20260721-cl,CL-20261118-77-C-20260721
2026-07-21,CL,20261118,77,P,12.18,12.46,12.32,517,1596,0.31,-0.339,CL,NYMEX,snap-20260721-cl,CL-20261118-77-P-20260721
07/21/26,CL,2026-11-18,78,C,4.34,4.44,4.39,457,1152,0.3176,0.648,CL,NYMEX,snap-20260721-cl,CL-20261118-78-C-20260721
07/21/2026,CL,20261118,78,P,13.22,13.53,13.38,250,720,0.31,-0.352,CL,NYMEX,snap-20260721-cl,CL-20261118-78-P-20260721
07/21/26,CL,2026-11-18,79,C,4.41,4.51,4.46,208,857,0.3226,0.638,CL,NYMEX,snap-20260721-cl,CL-20261118-79-C-20260721
2026-07-21,CL,20261118,79,P,14.26,14.61,14.43,312,1444,0.3142,-0.362,CL,NYMEX,snap-20260721-cl,CL-20261118-79-P-20260721
07/22/26,CL,08/19/26,58,C,11.47,11.66,11.56,640,2462,0.3126,0.64,CL,NYMEX,snap-20260722-cl,CL-20260819-58-C-20260722
2026-07-22,CL,08/19/26,58,P,2.19,2.23,2.21,697,3803,0.34,-0.359,CL,NYMEX,snap-20260722-cl,CL-20260819-58-P-20260722
07/22/26,CL,2026-08-19,59,C,10.46,10.62,10.54,465,1576,0.31,0.653,CL,NYMEX,snap-20260722-cl,CL-20260819-59-C-20260722
07/22/26,CL,20260819,59,P,2.15,2.18,2.16,467,2056,0.3305,-0.347,CL,NYMEX,snap-20260722-cl,CL-20260819-59-P-20260722
20260722,CL,2026-08-19,60,C,9.44,9.58,9.51,695,3116,0.3041,0.666,CL,NYMEX,snap-20260722-cl,CL-20260819-60-C-20260722
07/22/26,CL,2026-08-19,60,P,2.10,2.13,2.12,1220,4502,0.3237,-0.33,CL,NYMEX,snap-20260722-cl,CL-20260819-60-P-20260722
2026-07-22,CL,08/19/2026,61,C,8.42,8.54,8.48,632,1451,0.2998,0.683,CL,NYMEX,snap-20260722-cl,CL-20260819-61-C-20260722
07/22/26,CL,2026-08-19,61,P,2.06,2.09,2.08,1023,2954,0.3168,-0.317,CL,NYMEX,snap-20260722-cl,CL-20260819-61-P-20260722
07/22/26,CL,2026-08-19,62,C,7.4,7.51,7.46,691,2466,0.2955,0.70,CL,NYMEX,snap-20260722-cl,CL-20260819-62-C-20260722
07/22/26,CL,08/19/2026,62,P,2.01,2.04,2.02,458,1978,0.3099,-0.298,CL,NYMEX,snap-20260722-cl,CL-20260819-62-P-20260722
2026-07-22,CL,08/19/2026,63,C,6.38,6.47,6.42,3967,10024,0.2913,0.727,CL,NYMEX,snap-20260722-cl,CL-20260819-63-C-20260722
2026-07-22,CL,2026-08-19,63,P,1.97,2,1.98,5340,25296,0.3031,-0.273,CL,NYMEX,snap-20260722-cl,CL-20260819-63-P-20260722
07/22/2026,CL,2026-08-19,64,C,5.37,5.43,5.4,6698,17960,0.287,0.758,CL,NYMEX,snap-20260722-cl,CL-20260819-64-C-20260722
20260722,CL,2026-08-19,64,put,1.93,1.95,1.94,4463,11411,0.2962,-0.242,CL,NYMEX,snap-20260722-cl,CL-20260819-64-P-20260722
20260722,CL,20260819,65,C,4.34,4.4,4.37,15524,"46,169",0.28,0.799,CL,NYMEX,snap-20260722-cl,CL-20260819-65-C-20260722
2026-07-22,CL,08/19/2026,65,P,1.88,1.9,1.89,21371,65836,0.2893,-0.201,CL,NYMEX,snap-20260722-cl,CL-20260819-65-P-20260722
07/22/2026,CL,2026-08-19,66,C,3.32,3.36,3.34,"16,554",56629,0.2785,0.856,CL,NYMEX,snap-20260722-cl,CL-20260819-66-C-20260722
20260722,CL,20260819,66.00,P,1.84,1.86,1.85,20821,53265,0.2824,-0.144,CL,NYMEX,snap-20260722-cl,CL-20260819-66-P-20260722
2026-07-22,CL,20260819,67,C,2.3,2.33,2.32,12074,28485,0.2742,0.939,CL,NYMEX,snap-20260722-cl,CL-20260819-67-C-20260722
2026-07-22,CL,2026-08-19,67,P,1.79,1.81,1.8,11841,43870,0.2756,-0.06,CL,NYMEX,snap-20260722-cl,CL-20260819-67-P-20260722
07/22/2026,CL,2026-08-19,68,C,1.79,1.81,1.8,17707,57480,0.2745,0.943,CL,NYMEX,snap-20260722-cl,CL-20260819-68-C-20260722
20260722,CL,2026-08-19,68,P,2.26,2.29,2.28,24626,129593,0.274,-0.057,CL,NYMEX,snap-20260722-cl,CL-20260819-68-P-20260722
2026-07-22,CL,2026-08-19,69,C,1.82,1.84,1.83,12312,40549,0.2796,0.859,CL,NYMEX,snap-20260722-cl,CL-20260819-69-C-20260722
2026-07-22,CL,2026-08-19,69,P,3.28,3.32,3.3,11439,47512,0.2783,-0.141,CL,NYMEX,snap-20260722-cl,CL-20260819-69-P-20260722
07/22/26,CL,20260819,70,C,1.85,1.87,1.86,10268,30651,0.2847,0.801,CL,NYMEX,snap-20260722-cl,CL-20260819-70-C-20260722
2026-07-22,CL,2026-08-19,70,P ,4.3,4.36,4.33,"20,231",53326,0.2826,-0.199,CL,NYMEX,snap-20260722-cl,CL-20260819-70-P-20260722
2026-07-22,CL,2026-08-19,71,C,1.89,1.91,1.9,7847,25198,0.2898,0.76,CL,NYMEX,snap-20260722-cl,CL-20260819-71-C-20260722
2026-07-22,cl,2026-08-19,71,P,5.32,5.39,5.36,9178,47435,0.2868,-0.241,CL,NYMEX,snap-20260722-cl,CL-20260819-71-P-20260722
2026-07-22,CL,20260819,72,C,1.92,1.94,1.93,4240,19590,0.2949,0.728,CL,NYMEX,snap-20260722-cl,CL-20260819-72-C-20260722
2026-07-22,CL,08/19/2026,72,P,6.34,6.43,6.38,3258,12897,0.2911,-0.272,CL,NYMEX,snap-20260722-cl,CL-20260819-72-P-20260722
07/22/2026,CL,2026-08-19,73.00,C,1.95,1.98,1.96,728,2080,0.3,0.70,CL,NYMEX,snap-20260722-cl,CL-20260819-73-C-20260722
2026-07-22,CL,2026-08-19,73,P,7.36,7.46,7.41,833,3851,0.2954,-0.297,CL,NYMEX,snap-20260722-cl,CL-20260819-73-P-20260722
20260722,CL,08/19/2026,74,Call,1.98,2.01,1.99,"1,015",2273,0.3052,0.683,CL,NYMEX,snap-20260722-cl,CL-20260819-74-C-20260722
2026-07-22,CL,08/19/2026,74,P,8.38,8.50,8.44,918,4669,0.2996,-0.317,CL,NYMEX,snap-20260722-cl,CL-20260819-74-P-20260722
2026-07-22,CL,20260819,75,C,2.02,2.05,2.04,633,2064,0.3103,0.667,CL,NYMEX,snap-20260722-cl,CL-20260819-75-C-20260722
07/22/2026,cl,2026-08-19,75,Put,9.4,9.54,9.47,521,2033,0.3039,-0.333,CL,NYMEX,snap-20260722-cl,CL-20260819-75-P-20260722
20260722,CL,08/19/2026,76,C,2.05,2.08,2.06,762,3578,0.32,0.653,CL,NYMEX,snap-20260722-cl,CL-20260819-76-C-20260722
2026-07-22,CL,08/19/2026,76,P,10.42,10.58,10.5,752,3564,0.3082,-0.347,CL,NYMEX,snap-20260722-cl,CL-20260819-76-P-20260722
2026-07-22,CL,2026-08-19,77,C,2.08,2.11,2.09,914,2132,0.3205,0.642,CL,NYMEX,snap-20260722-cl,CL-20260819-77-C-20260722
2026-07-22,cl,2026-08-19,77,P,11.43,11.62,11.52,383,1046,0.31,-0.36,CL,NYMEX,snap-20260722-cl,CL-20260819-77-P-20260722
07/22/26,CL,20260819,78,C,2.11,2.15,2.13,1084,4186,0.3256,0.632,CL,NYMEX,snap-20260722-cl,CL-20260819-78-C-20260722
2026-07-22,CL,20260819,78,P,12.45,12.66,12.56,500,1995,0.3167,-0.37,CL,NYMEX,snap-20260722-cl,CL-20260819-78-P-20260722
2026-07-22,CL,2026-09-16,58,C,12.3,12.53,12.42,833,3314,0.3126,0.641,CL,NYMEX,snap-20260722-cl,CL-20260916-58-C-20260722
2026-07-22,CL,2026-09-16,58,P,3.09,3.15,3.12,967,3289,0.3374,-0.359,CL,NYMEX,snap-20260722-cl,CL-20260916-58-P-20260722
07/22/2026,CL,2026-09-16,59,C,11.27,11.47,11.37,458,1740,0.3083,0.653,CL,NYMEX,snap-20260722-cl,CL-20260916-59-C-20260722
20260722,CL,2026-09-16,59,P,3.03,3.09,3.06,677,1982,0.3305,-0.347,CL,NYMEX,snap-20260722-cl,CL-20260916-59-P-20260722
2026-07-22,CL,2026-09-16,60,C,10.25,10.42,10.34,513,1365,0.3041,0.666,CL,NYMEX,snap-20260722-cl,CL-20260916-60-C-20260722
2026-07-22,cl,2026-09-16,60,P,2.97,3.02,3,437,1822,0.3237,-0.334,CL,NYMEX,snap-20260722-cl,CL-20260916-60-P-20260722
2026-07-22,CL,20260916,61.00,C,9.22,9.37,9.3,917,4094,0.2998,0.683,CL,NYMEX,snap-20260722-cl,CL-20260916-61-C-20260722
20260722,CL,20260916,61,P,2.91,2.96,2.94,486,1599,0.3168,-0.317,CL,NYMEX,snap-20260722-cl,CL-20260916-61-P-20260722
2026-07-22,CL,2026-09-16,62,C,8.19,8.32,8.25,330,1232,0.2955,0.702,CL,NYMEX,snap-20260722-cl,CL-20260916-62-C-20260722
2026-07-22,CL,20260916,62,P,2.85,2.89,2.87,"1,014","3,529",0.3099,-0.30,CL,NYMEX,snap-20260722-cl,CL-20260916-62-P-20260722
2026-07-22,CL,2026-09-16,63,C,7.16,7.27,7.22,3719,10643,0.2913,0.73,CL,NYMEX,snap-20260722-cl,CL-20260916-63-C-20260722
2026-07-22,CL,2026-09-16,63,put,2.78,2.83,2.8,4063,14813,0.3031,-0.273,CL,NYMEX,snap-20260722-cl,CL-20260916-63-P-20260722
07/22/2026,cl,20260916,64,C,6.13,6.22,6.18,7532,29461,0.287,0.758,CL,NYMEX,snap-20260722-cl,CL-20260916-64-C-20260722
2026-07-22,CL,09/16/2026,64,P,2.72,2.76,2.74,8655,40003,0.2962,-0.242,CL,NYMEX,snap-20260722-cl,CL-20260916-64-P-20260722
2026-07-22,cl,2026-09-16,65,C,5.1,5.17,5.14,10945,40056,0.2827,0.799,CL,NYMEX,snap-20260722-cl,CL-20260916-65-C-20260722
2026-07-22,CL,09/16/2026,65,P,2.66,2.7,2.68,12799,53230,0.2893,-0.201,CL,NYMEX,snap-20260722-cl,CL-20260916-65-P-20260722
2026-07-22,CL,2026-09-16,66,C,4.07,4.13,4.1,12383,53639,0.2785,0.856,CL,NYMEX,snap-20260722-cl,CL-20260916-66-C-20260722
2026-07-22,CL,2026-09-16,66,P,2.6,2.63,2.62,6670,25119,0.2824,-0.14,CL,NYMEX,snap-20260722-cl,CL-20260916-66-P-20260722
07/22/26,CL,2026-09-16,67.00,C,3.04,3.08,3.06,13186,50164,0.2742,0.939,CL,NYMEX,snap-20260722-cl,CL-20260916-67-C-20260722
07/22/2026,CL,2026-09-16,67,P,2.53,2.57,2.55,20716,70027,0.2756,-0.061,CL,NYMEX,snap-20260722-cl,CL-20260916-67-P-20260722
2026-07-22,CL,2026-09-16,68,C,2.52,2.56,2.54,15567,42719,0.2745,0.943,CL,NYMEX,snap-20260722-cl,CL-20260916-68-C-20260722
2026-07-22,CL,20260916,68.00,P,3.00,3.04,3.02,8060,"22,096",0.274,-0.057,CL,NYMEX,snap-20260722-cl,CL-20260916-68-P-20260722
07/22/2026,CL,09/16/2026,69,C,2.57,2.61,2.59,13106,29517,0.2796,0.859,CL,NYMEX,snap-20260722-cl,CL-20260916-69-C-20260722
07/22/2026,cl,09/16/2026,69,P,4.03,4.08,4.05,6658,31394,0.2783,-0.141,CL,NYMEX,snap-20260722-cl,CL-20260916-69-P-20260722
20260722,CL,2026-09-16,70,C,2.62,2.65,2.64,13691,35110,0.2847,0.801,CL,NYMEX,snap-20260722-cl,CL-20260916-70-C-20260722
07/22/2026,CL,2026-09-16,70,P,5.06,5.13,5.09,8552,29901,0.2826,-0.199,CL,NYMEX,snap-20260722-cl,CL-20260916-70-P-20260722
07/22/2026,CL,2026-09-16,71.00,C,2.66,2.7,2.68,5621,21221,0.2898,0.759,CL,NYMEX,snap-20260722-cl,CL-20260916-71-C-20260722
20260722,CL,2026-09-16,71,P,6.09,6.18,6.14,9859,41427,0.2868,-0.241,CL,NYMEX,snap-20260722-cl,CL-20260916-71-P-20260722
2026-07-22,CL,2026-09-16,72,C,2.71,2.75,2.73,1652,6415,0.2949,0.728,CL,NYMEX,snap-20260722-cl,CL-20260916-72-C-20260722
2026-07-22,cl,09/16/26,72.00,P,7.12,7.23,7.18,2132,10218,0.2911,-0.272,CL,NYMEX,snap-20260722-cl,CL-20260916-72-P-20260722
07/22/26,CL,2026-09-16,73,C,2.76,2.80,2.78,654,2376,0.30,0.703,CL,NYMEX,snap-20260722-cl,CL-20260916-73-C-20260722
2026-07-22,CL,09/16/26,73,P,8.15,8.28,8.22,668,2898,0.2954,-0.297,CL,NYMEX,snap-20260722-cl,CL-20260916-73-P-20260722
2026-07-22,CL,20260916,74,C,2.8,2.85,2.82,841,3181,0.3052,0.683,CL,NYMEX,snap-20260722-cl,CL-20260916-74-C-20260722
2026-07-22,cl,2026-09-16,74,P,9.18,9.33,9.25,983,2590,0.2996,-0.317,CL,NYMEX,snap-20260722-cl,CL-20260916-74-P-20260722
20260722,CL,2026-09-16,75,C,2.85,2.9,2.88,1046,4541,0.3103,0.667,CL,NYMEX,snap-20260722-cl,CL-20260916-75-C-20260722
2026-07-22,CL,2026-09-16,75,P,10.21,10.38,10.3,1022,"5,111",0.3039,-0.333,CL,NYMEX,snap-20260722-cl,CL-20260916-75-P-20260722
07/22/2026,CL,2026-09-16,76.00,C,2.89,2.95,2.92,693,2564,0.3154,0.653,CL,NYMEX,snap-20260722-cl,CL-20260916-76-C-20260722
07/22/2026,CL,2026-09-16,76,P,11.23,11.43,11.33,483,2228,0.3082,-0.347,CL,NYMEX,snap-20260722-cl,CL-20260916-76-P-20260722
07/22/26,CL,2026-09-16,77,C,2.94,2.99,2.96,733,3172,0.3205,0.642,CL,NYMEX,snap-20260722-cl,CL-20260916-77-C-20260722
07/22/2026,CL,09/16/2026,77,P,12.26,12.49,12.38,515,1658,0.3124,-0.358,CL,NYMEX,snap-20260722-cl,CL-20260916-77-P-20260722
07/22/2026,CL,09/16/2026,77,P,12.26,12.49,12.38,515,1658,0.3124,-0.358,CL,NYMEX,snap-20260722-cl-retry,CL-20260916-77-P-20260722
2026-07-22,CL,2026-09-16,78.00,C,2.99,3.04,3.02,464,1292,0.3256,0.632,CL,NYMEX,snap-20260722-cl,CL-20260916-78-C-20260722
07/22/2026,CL,2026-09-16,78,P,13.28,13.54,13.41,599,2833,0.3167,-0.368,CL,NYMEX,snap-20260722-cl,CL-20260916-78-P-20260722
07/22/2026,CL,2026-10-14,58,C,12.93,13.2,13.06,584,2286,0.3126,0.641,CL,NYMEX,snap-20260722-cl,CL-20261014-58-C-20260722
07/22/2026,CL,20261014,58,P ,3.79,3.86,3.82,346,1328,0.34,-0.359,CL,NYMEX,snap-20260722-cl,CL-20261014-58-P-20260722
20260722,CL,2026-10-14,59,C,11.9,12.14,12.02,391,1253,0.3083,0.653,CL,NYMEX,snap-20260722-cl,CL-20261014-59-C-20260722
2026-07-22,CL,10/14/2026,59,P,3.71,3.78,3.74,752,3414,0.3305,-0.35,CL,NYMEX,snap-20260722-cl,CL-20261014-59-P-20260722
2026-07-22,CL,2026-10-14,60,C,10.86,11.07,10.96,771,3648,0.3041,0.666,CL,NYMEX,snap-20260722-cl,CL-20261014-60-C-20260722
07/22/26,CL,20261014,60,P,3.63,3.71,3.67,1071,"3,823",0.3237,-0.334,CL,NYMEX,snap-20260722-cl,CL-20261014-60-P-20260722
2026-07-22,CL,2026-10-14,61,C,9.83,10.01,9.92,301,1293,0.2998,0.683,CL,NYMEX,snap-20260722-cl,CL-20261014-61-C-20260722
07/22/2026,CL,10/14/26,61,P,3.56,3.63,3.59,670,3174,0.3168,-0.317,CL,NYMEX,snap-20260722-cl,CL-20261014-61-P-20260722
20260722,CL,2026-10-14,62,C,8.79,8.95,8.87,764,2394,0.2955,0.702,CL,NYMEX,snap-20260722-cl,CL-20261014-62-C-20260722
07/22/26,CL,2026-10-14,62,P,3.48,3.55,3.51,521,2054,0.3099,-0.298,CL,NYMEX,snap-20260722-cl,CL-20261014-62-P-20260722
2026-07-22,CL,2026-10-14,63,C,7.75,7.89,7.82,3879,9474,0.2913,0.727,CL,NYMEX,snap-20260722-cl,CL-20261014-63-C-20260722
2026-07-22,CL,10/14/2026,63,P ,3.41,3.47,3.44,2578,13971,0.3031,-0.273,CL,NYMEX,snap-20260722-cl,CL-20261014-63-P-20260722
2026-07-22,CL,10/14/2026,63,P ,3.41,3.47,3.44,2578,13971,0.3031,-0.273,CL,NYMEX,snap-20260722-cl-retry,CL-20261014-63-P-20260722
07/22/26,CL,2026-10-14,64,Call,6.72,6.83,6.78,2602,7586,0.287,0.758,CL,NYMEX,snap-20260722-cl,CL-20261014-64-C-20260722
2026-07-22,CL,2026-10-14,64,P,3.33,3.39,3.36,2720,8087,0.2962,-0.242,CL,NYMEX,snap-20260722-cl,CL-20261014-64-P-20260722
20260722,CL,2026-10-14,65,Call,5.68,5.77,5.72,4438,19333,0.2827,0.799,CL,NYMEX,snap-20260722-cl,CL-20261014-65-C-20260722
07/22/26,CL,10/14/26,65,P,3.25,3.31,3.28,14546,38369,0.2893,-0.201,CL,NYMEX,snap-20260722-cl,CL-20261014-65-P-20260722
2026-07-22,CL,20261014,66,C,4.64,4.71,4.68,10288,30196,0.2785,0.856,CL,NYMEX,snap-20260722-cl,CL-20261014-66-C-20260722
07/22/26,CL,2026-10-14,66,P,3.18,3.23,3.2,6051,30047,0.2824,-0.144,CL,NYMEX,snap-20260722-cl,CL-20261014-66-P-20260722
2026-07-22,CL,20261014,67.00,C,3.6,3.66,3.63,5197,23433,0.2742,0.939,CL,NYMEX,snap-20260722-cl,CL-20261014-67-C-20260722
07/22/2026,CL,2026-10-14,67,P,3.1,3.15,3.12,13282,39386,0.2756,-0.061,CL,NYMEX,snap-20260722-cl,CL-20261014-67-P-20260722
2026-07-22,CL,2026-10-14,68,C,3.09,3.14,3.12,16045,67323,0.2745,0.943,CL,NYMEX,snap-20260722-cl,CL-20261014-68-C-20260722
2026-07-22,CL,2026-10-14,68,P,3.56,3.61,3.58,17482,"90,784",0.274,-0.057,CL,NYMEX,snap-20260722-cl,CL-20261014-68-P-20260722
2026-07-22,cl,20261014,69,C,3.14,3.19,3.16,6822,29534,0.2796,0.859,CL,NYMEX,snap-20260722-cl,CL-20261014-69-C-20260722
07/22/26,CL,2026-10-14,69,put,4.6,4.67,4.63,13341,"58,668",0.2783,-0.141,CL,NYMEX,snap-20260722-cl,CL-20261014-69-P-20260722
20260722,CL,2026-10-14,70,C,3.2,3.25,3.22,7970,33029,0.2847,0.801,CL,NYMEX,snap-20260722-cl,CL-20261014-70-C-20260722
2026-07-22,CL,10/14/2026,70,put,5.64,5.73,5.68,12228,38199,0.2826,-0.199,CL,NYMEX,snap-20260722-cl,CL-20261014-70-P-20260722
07/22/2026,CL,2026-10-14,71,C,3.26,3.31,3.28,4705,14870,0.2898,0.759,CL,NYMEX,snap-20260722-cl,CL-20261014-71-C-20260722
2026-07-22,CL,2026-10-14,71,P,6.67,6.79,6.73,"5,733",21211,0.2868,-0.241,CL,NYMEX,snap-20260722-cl,CL-20261014-71-P-20260722
07/22/2026,CL,2026-10-14,72,C,3.31,3.37,3.34,1885,6413,0.2949,0.728,CL,NYMEX,snap-20260722-cl,CL-20261014-72-C-20260722
2026-07-22,CL,10/14/2026,72,P,7.71,7.85,7.78,1722,8282,0.2911,-0.272,CL,NYMEX,snap-20260722-cl,CL-20261014-72-P-20260722
2026-07-22,CL,2026-10-14,73,C,3.37,3.43,3.40,688,1979,0.3,0.703,CL,NYMEX,snap-20260722-cl,CL-20261014-73-C-20260722
20260722,CL,10/14/2026,73,P,8.75,8.91,8.83,532,2367,0.2954,-0.297,CL,NYMEX,snap-20260722-cl,CL-20261014-73-P-20260722
2026-07-22,CL,2026-10-14,74,C,3.43,3.49,3.46,709,1604,0.3052,0.683,CL,NYMEX,snap-20260722-cl,CL-20261014-74-C-20260722
07/22/26,CL,10/14/2026,74,P,9.78,9.97,9.88,685,3428,0.2996,-0.317,CL,NYMEX,snap-20260722-cl,CL-20261014-74-P-20260722
2026-07-22,CL,2026-10-14,75,C,3.48,3.55,3.51,570,2189,0.3103,0.667,CL,NYMEX,snap-20260722-cl,CL-20261014-75-C-20260722
2026-07-22,CL,2026-10-14,75.00,P,10.82,11.03,10.92,523,2223,0.3039,-0.333,CL,NYMEX,snap-20260722-cl,CL-20261014-75-P-20260722
07/22/26,CL,2026-10-14,76,C,3.54,3.61,3.58,509,1545,0.3154,0.653,CL,NYMEX,snap-20260722-cl,CL-20261014-76-C-20260722
07/22/2026,CL,2026-10-14,76.00,P,11.85,12.09,11.97,644,2039,0.3082,-0.347,CL,NYMEX,snap-20260722-cl,CL-20261014-76-P-20260722
2026-07-22,CL,20261014,77,C,3.6,3.67,3.63,555,1434,0.3205,0.642,CL,NYMEX,snap-20260722-cl,CL-20261014-77-C-20260722
2026-07-22,CL,10/14/2026,77,P,12.89,13.16,13.02,791,2278,0.3124,-0.358,CL,NYMEX,snap-20260722-cl,CL-20261014-77-P-20260722
2026-07-22,CL,2026-10-14,78,C,3.65,3.73,3.69,635,2217,0.3256,0.632,CL,NYMEX,snap-20260722-cl,CL-20261014-78-C-20260722
2026-07-22,CL,10/14/2026,78,P,13.92,14.22,14.07,426,2297,0.3167,-0.368,CL,NYMEX,snap-20260722-cl,CL-20261014-78-P-20260722
2026-07-22,CL,2026-11-18,58,C,13.58,13.9,13.74,207,675,0.3126,0.641,CL,NYMEX,snap-20260722-cl,CL-20261118-58-C-20260722
07/22/26,CL,11/18/2026,58,P,4.5,4.61,4.55,216,583,0.3374,-0.359,CL,NYMEX,snap-20260722-cl,CL-20261118-58-P-20260722
2026-07-22,CL,2026-11-18,59,C,12.54,12.83,12.68,299,1273,0.3083,0.653,CL,NYMEX,snap-20260722-cl,CL-20261118-59-C-20260722
20260722,CL,2026-11-18,59,P,4.41,4.51,4.46,334,1262,0.3305,-0.347,CL,NYMEX,snap-20260722-cl,CL-20261118-59-P-20260722
07/22/2026,CL,2026-11-18,60,C,11.49,11.75,11.62,408,1544,0.3041,0.666,CL,NYMEX,snap-20260722-cl,CL-20261118-60-C-20260722
20260722,CL,2026-11-18,60,put,4.32,4.42,4.37,710,2916,0.3237,-0.334,CL,NYMEX,snap-20260722-cl,CL-20261118-60-P-20260722
2026-07-22,CL,11/18/2026,61,C,10.45,10.68,10.56,191,845,0.2998,0.683,CL,NYMEX,snap-20260722-cl,CL-20261118-61-C-20260722
20260722,CL,11/18/26,61,P,4.23,4.32,4.28,295,1124,0.3168,-0.317,CL,NYMEX,snap-20260722-cl,CL-20261118-61-P-20260722
2026-07-22,CL,2026-11-18,62,C,9.41,9.61,9.51,374,918,0.2955,0.702,CL,NYMEX,snap-20260722-cl,CL-20261118-62-C-20260722
07/22/26,CL,2026-11-18,62,P,4.14,4.23,4.19,257,1283,0.3099,-0.298,CL,NYMEX,snap-20260722-cl,CL-20261118-62-P-20260722
2026-07-22,CL,2026-11-18,63,C,8.36,8.54,8.45,2566,10565,0.2913,0.727,CL,NYMEX,snap-20260722-cl,CL-20261118-63-C-20260722
2026-07-22,CL,20261118,63,P,4.05,4.13,4.09,1061,2873,0.3031,-0.273,CL,NYMEX,snap-20260722-cl,CL-20261118-63-P-20260722
2026-07-22,CL,2026-11-18,64,C,7.32,7.47,7.39,2363,10778,0.287,0.758,CL,NYMEX,snap-20260722-cl,CL-20261118-64-C-20260722
07/22/26,CL,2026-11-18,64,P,3.96,4.04,4,1788,7068,0.2962,-0.242,CL,NYMEX,snap-20260722-cl,CL-20261118-64-P-20260722
2026-07-22,CL,11/18/2026,65,C,6.27,6.40,6.34,"3,159",11520,0.2827,0.799,CL,NYMEX,snap-20260722-cl,CL-20261118-65-C-20260722
2026-07-22,CL,20261118,65,P,3.87,3.94,3.9,3955,19930,0.2893,-0.20,CL,NYMEX,snap-20260722-cl,CL-20261118-65-P-20260722
2026-07-22,CL,11/18/2026,66,Call,5.23,5.33,5.28,6398,"29,997",0.2785,0.856,CL,NYMEX,snap-20260722-cl,CL-20261118-66-C-20260722
2026-07-22,CL,2026-11-18,66,P,3.78,3.85,3.82,8720,40480,0.2824,-0.144,CL,NYMEX,snap-20260722-cl,CL-20261118-66-P-20260722
2026-07-22,CL,11/18/2026,67,C,4.18,4.26,4.22,7297,17065,0.2742,0.939,CL,NYMEX,snap-20260722-cl,CL-20261118-67-C-20260722
20260722,cl,11/18/2026,67,P,3.68,3.75,3.72,12361,63409,0.2756,-0.061,CL,NYMEX,snap-20260722-cl,CL-20261118-67-P-20260722
2026-07-22,CL,20261118,68.00,C,3.67,3.74,3.7,9219,31557,0.2745,0.94,CL,NYMEX,snap-20260722-cl,CL-20261118-68-C-20260722
2026-07-22,cl,2026-11-18,68,P,4.14,4.22,4.18,10391,39328,0.274,-0.057,CL,NYMEX,snap-20260722-cl,CL-20261118-68-P-20260722
2026-07-22,CL,2026-11-18,69,C,3.74,3.81,3.78,3111,13849,0.28,0.859,CL,NYMEX,snap-20260722-cl,CL-20261118-69-C-20260722
07/22/26,CL,2026-11-18,69,P,5.19,5.28,5.24,3246,16734,0.2783,-0.141,CL,NYMEX,snap-20260722-cl,CL-20261118-69-P-20260722
2026-07-22,CL,11/18/26,70,C,3.8,3.88,3.84,4160,9970,0.28,0.801,CL,NYMEX,snap-20260722-cl,CL-20261118-70-C-20260722
2026-07-22,CL,2026-11-18,70,put,6.23,6.35,6.29,8711,25930,0.2826,-0.199,CL,NYMEX,snap-20260722-cl,CL-20261118-70-P-20260722
20260722,CL,11/18/2026,71,C,3.87,3.95,3.91,4151,18171,0.2898,0.759,CL,NYMEX,snap-20260722-cl,CL-20261118-71-C-20260722
20260722,CL,11/18/2026,71,P,7.28,7.42,7.35,1860,7411,0.2868,-0.241,CL,NYMEX,snap-20260722-cl,CL-20261118-71-P-20260722
2026-07-22,CL,2026-11-18,72,C,3.94,4.02,3.98,1843,5199,0.2949,0.728,CL,NYMEX,snap-20260722-cl,CL-20261118-72-C-20260722
07/22/26,CL,20261118,72,P,8.32,8.49,8.41,"2,728",9613,0.2911,-0.27,CL,NYMEX,snap-20260722-cl,CL-20261118-72-P-20260722
2026-07-22,CL,2026-11-18,73,C,4.01,4.09,4.05,620,2124,0.3,0.703,CL,NYMEX,snap-20260722-cl,CL-20261118-73-C-20260722
2026-07-22,CL,11/18/2026,73,P,9.37,9.57,9.47,297,951,0.2954,-0.297,CL,NYMEX,snap-20260722-cl,CL-20261118-73-P-20260722
07/22/2026,CL,11/18/2026,74,C,4.07,4.16,4.12,243,1132,0.31,0.683,CL,NYMEX,snap-20260722-cl,CL-20261118-74-C-20260722
20260722,CL,20261118,74,P,10.41,10.64,10.52,246,689,0.2996,-0.317,CL,NYMEX,snap-20260722-cl,CL-20261118-74-P-20260722
2026-07-22,CL,2026-11-18,75,C,4.14,4.23,4.19,397,1497,0.3103,0.667,CL,NYMEX,snap-20260722-cl,CL-20261118-75-C-20260722
2026-07-22,CL,20261118,75,P,11.45,11.71,11.58,357,1140,0.3039,-0.333,CL,NYMEX,snap-20260722-cl,CL-20261118-75-P-20260722
2026-07-22,CL,11/18/26,76,C,4.21,4.3,4.26,207,756,0.3154,0.65,CL,NYMEX,snap-20260722-cl,CL-20261118-76-C-20260722
2026-07-22,CL,2026-11-18,76,P,12.49,12.78,12.64,180,981,0.31,-0.347,CL,NYMEX,snap-20260722-cl,CL-20261118-76-P-20260722
2026-07-22,cl,20261118,77,C,4.27,4.38,4.32,235,817,0.3205,0.642,CL,NYMEX,snap-20260722-cl,CL-20261118-77-C-20260722
2026-07-22,CL,11/18/26,77,P,13.53,13.86,13.7,286,1269,0.3124,-0.358,CL,NYMEX,snap-20260722-cl,CL-20261118-77-P-20260722
07/22/2026,CL,2026-11-18,78,Call,4.34,4.45,4.39,412,1432,0.3256,0.632,CL,NYMEX,snap-20260722-cl,CL-20261118-78-C-20260722
07/22/2026,CL,2026-11-18,78,P,14.58,14.93,14.75,314,1351,0.3167,-0.368,CL,NYMEX,snap-20260722-cl,CL-20261118-78-P-20260722
2026-07-23,CL,2026-08-19,59,C,12.32,12.52,12.42,482,2242,0.3149,0.636,CL,NYMEX,snap-20260723-cl,CL-20260819-59-C-20260723
07/23/26,CL,2026-08-19,59,P,2.23,2.27,2.25,453,1792,0.3412,-0.364,CL,NYMEX,snap-20260723-cl,CL-20260819-59-P-20260723
2026-07-23,CL,08/19/2026,60,C,11.3,11.48,11.39,1227,4694,0.3108,0.646,CL,NYMEX,snap-20260723-cl,CL-20260819-60-C-20260723
20260723,CL,2026-08-19,60,P,2.19,2.23,2.21,907,4580,0.3345,-0.354,CL,NYMEX,snap-20260723-cl,CL-20260819-60-P-20260723
2026-07-23,CL,2026-08-19,61.00,C,10.29,10.44,10.36,809,2598,0.3066,0.658,CL,NYMEX,snap-20260723-cl,CL-20260819-61-C-20260723
2026-07-23,CL,20260819,61,P,2.15,2.18,2.16,808,4248,0.3278,-0.342,CL,NYMEX,snap-20260723-cl,CL-20260819-61-P-20260723
07/23/2026,CL,08/19/26,62.00,C,9.27,9.4,9.34,939,3947,0.3025,0.672,CL,NYMEX,snap-20260723-cl,CL-20260819-62-C-20260723
07/23/2026,CL,2026-08-19,62,P,2.10,2.13,2.12,635,1831,0.3211,-0.328,CL,NYMEX,snap-20260723-cl,CL-20260819-62-P-20260723
07/23/2026,CL,2026-08-19,63,C,8.25,8.37,8.31,747,1746,0.2983,0.689,CL,NYMEX,snap-20260723-cl,CL-20260819-63-C-20260723
2026-07-23,CL,2026-08-19,63,P,2.06,2.09,2.08,1240,"6,727",0.3144,-0.311,CL,NYMEX,snap-20260723-cl,CL-20260819-63-P-20260723
07/23/26,CL,2026-08-19,64,C,7.23,7.33,7.28,2051,6014,0.2942,0.71,CL,NYMEX,snap-20260723-cl,CL-20260819-64-C-20260723
2026-07-23,CL,2026-08-19,64,P,2.02,2.04,2.03,1960,7711,0.3077,-0.29,CL,NYMEX,snap-20260723-cl,CL-20260819-64-P-20260723
2026-07-23,CL,2026-08-19,65,C,6.21,6.29,6.25,3940,15033,0.29,0.735,CL,NYMEX,snap-20260723-cl,CL-20260819-65-C-20260723
2026-07-23,CL,08/19/26,65,P,1.97,2,1.98,6898,35739,0.301,-0.265,CL,NYMEX,snap-20260723-cl,CL-20260819-65-P-20260723
20260723,CL,2026-08-19,66,Call,5.2,5.26,5.23,6560,27206,0.29,0.768,CL,NYMEX,snap-20260723-cl,CL-20260819-66-C-20260723
2026-07-23,CL,2026-08-19,66,P,1.93,1.95,1.94,12537,52113,0.2944,-0.232,CL,NYMEX,snap-20260723-cl,CL-20260819-66-P-20260723
2026-07-23,CL,2026-08-19,67,C,4.18,4.22,4.2,10334,25070,0.2817,0.811,CL,NYMEX,snap-20260723-cl,CL-20260819-67-C-20260723
20260723,CL,08/19/2026,67,put,1.89,1.91,1.9,8402,44299,0.2877,-0.189,CL,NYMEX,snap-20260723-cl,CL-20260819-67-P-20260723
2026-07-23,CL,08/19/2026,68,C,3.15,3.19,3.17,9865,33013,0.2776,0.871,CL,NYMEX,snap-20260723-cl,CL-20260819-68-C-20260723
07/23/26,cl,2026-08-19,68,P,1.84,1.86,1.85,11998,41273,0.281,-0.129,CL,NYMEX,snap-20260723-cl,CL-20260819-68-P-20260723
2026-07-23,CL,2026-08-19,69,C,2.13,2.16,2.14,11532,38897,0.2734,0.959,CL,NYMEX,snap-20260723-cl,CL-20260819-69-C-20260723
07/23/26,CL,2026-08-19,69,put,1.8,1.82,1.81,23296,96404,0.2743,-0.041,CL,NYMEX,snap-20260723-cl,CL-20260819-69-P-20260723
07/23/2026,CL,2026-08-19,70,C,1.81,1.83,1.82,10634,40883,0.2753,0.927,CL,NYMEX,snap-20260723-cl,CL-20260819-70-C-20260723
2026-07-23,CL,08/19/26,70,P,2.46,2.49,2.48,24830,97908,0.27,-0.073,CL,NYMEX,snap-20260723-cl,CL-20260819-70-P-20260723
07/23/2026,CL,08/19/26,71,C,1.84,1.86,1.85,17044,47589,0.28,0.849,CL,NYMEX,snap-20260723-cl,CL-20260819-71-C-20260723
2026-07-23,CL,08/19/2026,71,P,3.48,3.52,3.5,7731,22451,0.2789,-0.151,CL,NYMEX,snap-20260723-cl,CL-20260819-71-P-20260723
2026-07-23,cl,08/19/2026,72,C,1.87,1.89,1.88,9841,43147,0.2853,0.796,CL,NYMEX,snap-20260723-cl,CL-20260819-72-C-20260723
2026-07-23,CL,2026-08-19,72,P,4.5,4.55,4.52,"6,168",27708,0.283,-0.204,CL,NYMEX,snap-20260723-cl,CL-20260819-72-P-20260723
07/23/26,CL,20260819,73,C,1.9,1.93,1.92,7223,28838,0.2902,0.756,CL,NYMEX,snap-20260723-cl,CL-20260819-73-C-20260723
2026-07-23,CL,08/19/26,73,P,5.52,5.59,5.56,4510,24162,0.2872,-0.244,CL,NYMEX,snap-20260723-cl,CL-20260819-73-P-20260723
07/23/2026,CL,2026-08-19,74,C,1.94,1.96,1.95,3075,12055,0.2952,0.726,CL,NYMEX,snap-20260723-cl,CL-20260819-74-C-20260723
2026-07-23,CL,08/19/26,74,P,6.54,6.63,6.58,2349,8423,0.2914,-0.274,CL,NYMEX,snap-20260723-cl,CL-20260819-74-P-20260723
2026-07-23,cl,20260819,75,C,1.97,1.99,1.98,1569,5198,0.3002,0.702,CL,NYMEX,snap-20260723-cl,CL-20260819-75-C-20260723
2026-07-23,CL,20260819,75,P,7.56,7.66,7.61,1024,3558,0.2955,-0.298,CL,NYMEX,snap-20260723-cl,CL-20260819-75-P-20260723
07/23/2026,CL,20260819,76,C,2.00,2.03,2.01,802,2442,0.3052,0.683,CL,NYMEX,snap-20260723-cl,CL-20260819-76-C-20260723
2026-07-23,cl,20260819,76,P,8.58,8.7,8.64,645,"2,577",0.2997,-0.32,CL,NYMEX,snap-20260723-cl,CL-20260819-76-P-20260723
07/23/2026,CL,2026-08-19,77,C,2.03,2.06,2.04,801,2700,0.3102,0.667,CL,NYMEX,snap-20260723-cl,CL-20260819-77-C-20260723
2026-07-23,CL,08/19/2026,77,put,9.59,9.74,9.66,997,3115,0.3038,-0.333,CL,NYMEX,snap-20260723-cl,CL-20260819-77-P-20260723
2026-07-23,CL,2026-08-19,78.00,Call,2.06,2.1,2.08,742,2599,0.3152,0.654,CL,NYMEX,snap-20260723-cl,CL-20260819-78-C-20260723
07/23/2026,CL,2026-08-19,78,P,10.61,10.77,10.69,595,3221,0.308,-0.346,CL,NYMEX,snap-20260723-cl,CL-20260819-78-P-20260723
2026-07-23,CL,2026-08-19,79,C,2.1,2.13,2.12,1044,2871,0.3201,0.643,CL,NYMEX,snap-20260723-cl,CL-20260819-79-C-20260723
2026-07-23,CL,2026-08-19,79,P,11.63,11.81,11.72,967,3548,0.3121,-0.357,CL,NYMEX,snap-20260723-cl,CL-20260819-79-P-20260723
2026-07-23,CL,2026-09-16,59,C,13.18,13.43,13.3,917,4394,0.3149,0.64,CL,NYMEX,snap-20260723-cl,CL-20260916-59-C-20260723
2026-07-23,CL,09/16/2026,59,P,3.18,3.24,3.21,452,1242,0.3412,-0.364,CL,NYMEX,snap-20260723-cl,CL-20260916-59-P-20260723
2026-07-23,CL,09/16/26,60,C,12.16,12.38,12.27,614,1757,0.31,0.646,CL,NYMEX,snap-20260723-cl,CL-20260916-60-C-20260723
2026-07-23,CL,09/16/2026,60,P,3.12,3.18,3.15,820,2798,0.3345,-0.354,CL,NYMEX,snap-20260723-cl,CL-20260916-60-P-20260723
2026-07-23,CL,09/16/2026,61,Call,11.13,11.33,11.23,463,1867,0.3066,0.658,CL,NYMEX,snap-20260723-cl,CL-20260916-61-C-20260723
07/23/2026,CL,2026-09-16,61,P,3.06,3.12,3.09,794,4375,0.3278,-0.342,CL,NYMEX,snap-20260723-cl,CL-20260916-61-P-20260723
07/23/26,CL,20260916,62,C,10.1,10.28,10.19,580,2025,0.3025,0.672,CL,NYMEX,snap-20260723-cl,CL-20260916-62-C-20260723
20260723,CL,2026-09-16,62,P,3,3.05,3.02,430,2004,0.3211,-0.328,CL,NYMEX,snap-20260723-cl,CL-20260916-62-P-20260723
2026-07-23,CL,2026-09-16,63,Call,9.08,9.22,9.15,912,3576,0.2983,0.689,CL,NYMEX,snap-20260723-cl,CL-20260916-63-C-20260723
2026-07-23,CL,2026-09-16,63,P,2.94,2.99,2.96,748,3687,0.31,-0.311,CL,NYMEX,snap-20260723-cl,CL-20260916-63-P-20260723
2026-07-23,CL,2026-09-16,64,Call,8.05,8.17,8.11,1995,4393,0.2942,0.71,CL,NYMEX,snap-20260723-cl,CL-20260916-64-C-20260723
2026-07-23,CL,2026-09-16,64,P,2.88,2.92,2.9,2275,"6,432",0.3077,-0.29,CL,NYMEX,snap-20260723-cl,CL-20260916-64-P-20260723
2026-07-23,CL,2026-09-16,65,C,7.02,7.13,7.07,6212,17980,0.29,0.735,CL,NYMEX,snap-20260723-cl,CL-20260916-65-C-20260723
2026-07-23,CL,09/16/26,65,Put,2.81,2.86,2.84,5791,30683,0.301,-0.265,CL,NYMEX,snap-20260723-cl,CL-20260916-65-P-20260723
20260723,CL,2026-09-16,66.00,C,5.99,6.08,6.04,8356,30033,0.2859,0.768,CL,NYMEX,snap-20260723-cl,CL-20260916-66-C-20260723
20260723,CL,20260916,66,P,2.75,2.79,2.77,3963,21425,0.2944,-0.232,CL,NYMEX,snap-20260723-cl,CL-20260916-66-P-20260723
07/23/2026,CL,2026-09-16,67,C,4.96,5.03,5,6943,16321,0.2817,0.811,CL,NYMEX,snap-20260723-cl,CL-20260916-67-C-20260723
20260723,CL,2026-09-16,67,P,2.69,2.73,2.71,8654,31964,0.2877,-0.189,CL,NYMEX,snap-20260723-cl,CL-20260916-67-P-20260723
07/23/26,CL,20260916,68,C,3.93,3.98,3.96,15816,64465,0.2776,0.871,CL,NYMEX,snap-20260723-cl,CL-20260916-68-C-20260723
07/23/2026,CL,2026-09-16,68,P,2.63,2.66,2.64,10436,27633,0.281,-0.129,CL,NYMEX,snap-20260723-cl,CL-20260916-68-P-20260723
07/23/2026,CL,2026-09-16,69.00,C,2.9,2.93,2.92,13820,48406,0.2734,0.959,CL,NYMEX,snap-20260723-cl,CL-20260916-69-C-20260723
2026-07-23,CL,2026-09-16,69,P,2.57,2.6,2.58,15738,60127,0.2743,-0.041,CL,NYMEX,snap-20260723-cl,CL-20260916-69-P-20260723
2026-07-23,CL,2026-09-16,70,C,2.58,2.61,2.59,11845,35460,0.2753,0.927,CL,NYMEX,snap-20260723-cl,CL-20260916-70-C-20260723
2026-07-23,CL,2026-09-16,70,P,3.23,3.27,3.25,"22,749",122070,0.2747,-0.073,CL,NYMEX,snap-20260723-cl,CL-20260916-70-P-20260723
20260723,CL,2026-09-16,71,C,2.62,2.66,2.64,7368,21948,0.2803,0.85,CL,NYMEX,snap-20260723-cl,CL-20260916-71-C-20260723
20260723,CL,20260916,71,P ,4.26,4.32,4.29,9563,41609,0.2789,-0.151,CL,NYMEX,snap-20260723-cl,CL-20260916-71-P-20260723
07/23/2026,CL,2026-09-16,72,C,2.67,2.71,2.69,6711,16602,0.2853,0.80,CL,NYMEX,snap-20260723-cl,CL-20260916-72-C-20260723
07/23/2026,CL,09/16/2026,72.00,P,5.29,5.36,5.32,11082,38518,0.283,-0.204,CL,NYMEX,snap-20260723-cl,CL-20260916-72-P-20260723
07/23/2026,CL,2026-09-16,73,C,2.71,2.75,2.73,7266,21479,0.2902,0.756,CL,NYMEX,snap-20260723-cl,CL-20260916-73-C-20260723
20260723,CL,20260916,73,P,6.32,6.41,6.36,3100,12557,0.2872,-0.244,CL,NYMEX,snap-20260723-cl,CL-20260916-73-P-20260723
2026-07-23,CL,2026-09-16,74,C,2.76,2.8,2.78,4678,12630,0.2952,0.726,CL,NYMEX,snap-20260723-cl,CL-20260916-74-C-20260723
20260723,CL,09/16/26,74,P,7.35,7.46,7.4,4422,12712,0.2914,-0.274,CL,NYMEX,snap-20260723-cl,CL-20260916-74-P-20260723
20260723,CL,09/16/26,75,C,2.81,2.85,2.83,1317,3068,0.30,0.702,CL,NYMEX,snap-20260723-cl,CL-20260916-75-C-20260723
2026-07-23,CL,09/16/2026,75,P,8.38,8.51,8.44,814,3929,0.2955,-0.298,CL,NYMEX,snap-20260723-cl,CL-20260916-75-P-20260723
2026-07-23,CL,2026-09-16,76.00,Call,2.85,2.9,2.88,769,2955,0.3052,0.683,CL,NYMEX,snap-20260723-cl,CL-20260916-76-C-20260723
2026-07-23,CL,2026-09-16,76,P,9.41,9.56,9.48,686,2619,0.2997,-0.317,CL,NYMEX,snap-20260723-cl,CL-20260916-76-P-20260723
07/23/26,CL,09/16/2026,77,C,2.9,2.95,2.92,864,2525,0.3102,0.67,CL,NYMEX,snap-20260723-cl,CL-20260916-77-C-20260723
2026-07-23,CL,09/16/2026,77,put,10.43,10.61,10.52,321,817,0.3038,-0.333,CL,NYMEX,snap-20260723-cl,CL-20260916-77-P-20260723
2026-07-23,CL,20260916,78,C,2.94,3.00,2.97,469,2022,0.3152,0.654,CL,NYMEX,snap-20260723-cl,CL-20260916-78-C-20260723
2026-07-23,CL,2026-09-16,78,P,11.46,11.66,11.56,960,2995,0.308,-0.346,CL,NYMEX,snap-20260723-cl,CL-20260916-78-P-20260723
07/23/2026,CL,2026-09-16,79,C,2.99,3.04,3.02,427,1421,0.3201,0.643,CL,NYMEX,snap-20260723-cl,CL-20260916-79-C-20260723
20260723,CL,09/16/2026,79,Put,12.49,12.71,12.6,950,4252,0.3121,-0.357,CL,NYMEX,snap-20260723-cl,CL-20260916-79-P-20260723
2026-07-23,CL,10/14/26,59,C,13.84,14.13,13.98,375,1262,0.3149,0.636,CL,NYMEX,snap-20260723-cl,CL-20261014-59-C-20260723
2026-07-23,cl,10/14/2026,59,P,3.91,3.99,3.95,534,1636,0.34,-0.364,CL,NYMEX,snap-20260723-cl,CL-20261014-59-P-20260723
2026-07-23,CL,20261014,60,C,12.81,13.07,12.94,722,3078,0.3108,0.646,CL,NYMEX,snap-20260723-cl,CL-20261014-60-C-20260723
20260723,CL,2026-10-14,60,P,3.83,3.91,3.87,632,1712,0.3345,-0.354,CL,NYMEX,snap-20260723-cl,CL-20261014-60-P-20260723
07/23/26,CL,10/14/2026,61.00,C,11.77,12.01,11.89,286,792,0.3066,0.658,CL,NYMEX,snap-20260723-cl,CL-20261014-61-C-20260723
07/23/2026,CL,10/14/2026,61,P,3.76,3.83,3.8,516,1860,0.3278,-0.342,CL,NYMEX,snap-20260723-cl,CL-20261014-61-P-20260723
20260723,CL,2026-10-14,62,C,10.74,10.94,10.84,459,1151,0.3025,0.672,CL,NYMEX,snap-20260723-cl,CL-20261014-62-C-20260723
07/23/2026,CL,10/14/26,62,P,3.68,3.75,3.72,295,1007,0.3211,-0.328,CL,NYMEX,snap-20260723-cl,CL-20261014-62-P-20260723
2026-07-23,CL,2026-10-14,63,C,9.7,9.88,9.79,627,1740,0.2983,0.689,CL,NYMEX,snap-20260723-cl,CL-20261014-63-C-20260723
2026-07-23,CL,2026-10-14,63,P,3.61,3.67,3.64,282,"1,255",0.3144,-0.311,CL,NYMEX,snap-20260723-cl,CL-20261014-63-P-20260723
07/23/2026,cl,20261014,64,C,8.67,8.82,8.75,1214,3416,0.2942,0.71,CL,NYMEX,snap-20260723-cl,CL-20261014-64-C-20260723
07/23/2026,CL,2026-10-14,64,P,3.53,3.59,3.56,1189,5599,0.31,-0.29,CL,NYMEX,snap-20260723-cl,CL-20261014-64-P-20260723
2026-07-23,CL,2026-10-14,65,Call,7.63,7.76,7.7,"3,063",10751,0.29,0.735,CL,NYMEX,snap-20260723-cl,CL-20261014-65-C-20260723
07/23/2026,CL,2026-10-14,65,P,3.45,3.51,3.48,4184,18566,0.301,-0.265,CL,NYMEX,snap-20260723-cl,CL-20261014-65-P-20260723
2026-07-23,CL,10/14/2026,66,C,6.59,6.7,6.64,4569,12156,0.2859,0.768,CL,NYMEX,snap-20260723-cl,CL-20261014-66-C-20260723
2026-07-23,CL,10/14/2026,66,P,3.38,3.44,3.41,5305,"21,255",0.2944,-0.232,CL,NYMEX,snap-20260723-cl,CL-20261014-66-P-20260723
20260723,cl,2026-10-14,67,C,5.55,5.65,5.6,6939,25193,0.2817,0.811,CL,NYMEX,snap-20260723-cl,CL-20261014-67-C-20260723
2026-07-23,CL,20261014,67,P,3.3,3.36,3.33,9516,41408,0.29,-0.189,CL,NYMEX,snap-20260723-cl,CL-20261014-67-P-20260723
07/23/2026,CL,2026-10-14,68,C,4.52,4.59,4.55,"5,843","23,273",0.2776,0.871,CL,NYMEX,snap-20260723-cl,CL-20261014-68-C-20260723
07/23/2026,CL,2026-10-14,68,P,3.23,3.28,3.26,13061,51408,0.281,-0.129,CL,NYMEX,snap-20260723-cl,CL-20261014-68-P-20260723
07/23/2026,CL,2026-10-14,69,C,3.48,3.53,3.5,"6,024",13867,0.2734,0.959,CL,NYMEX,snap-20260723-cl,CL-20261014-69-C-20260723
07/23/26,CL,2026-10-14,69,P,3.15,3.2,3.18,7901,35442,0.27,-0.041,CL,NYMEX,snap-20260723-cl,CL-20261014-69-P-20260723
2026-07-23,CL,20261014,70,C,3.16,3.21,3.18,11100,33353,0.2753,0.927,CL,NYMEX,snap-20260723-cl,CL-20261014-70-C-20260723
2026-07-23,cl,10/14/26,70,P,3.81,3.87,3.84,16933,87422,0.2747,-0.073,CL,NYMEX,snap-20260723-cl,CL-20261014-70-P-20260723
2026-07-23,CL,2026-10-14,71,C,3.22,3.27,3.24,9678,25978,0.2803,0.849,CL,NYMEX,snap-20260723-cl,CL-20261014-71-C-20260723
07/23/2026,CL,2026-10-14,71.00,P,4.85,4.93,4.89,8115,38369,0.28,-0.151,CL,NYMEX,snap-20260723-cl,CL-20261014-71-P-20260723
07/23/26,CL,2026-10-14,72,C,3.27,3.33,3.3,9290,31817,0.2853,0.796,CL,NYMEX,snap-20260723-cl,CL-20261014-72-C-20260723
2026-07-23,CL,2026-10-14,72,P,5.89,5.98,5.94,10732,"39,583",0.283,-0.204,CL,NYMEX,snap-20260723-cl,CL-20261014-72-P-20260723
2026-07-23,CL,20261014,73,C,3.33,3.39,3.36,6810,30681,0.2902,0.76,CL,NYMEX,snap-20260723-cl,CL-20261014-73-C-20260723
2026-07-23,CL,2026-10-14,73.00,P,6.92,7.04,6.98,"2,935","8,485",0.2872,-0.244,CL,NYMEX,snap-20260723-cl,CL-20261014-73-P-20260723
07/23/2026,CL,20261014,74,C,3.39,3.45,3.42,1795,3997,0.2952,0.726,CL,NYMEX,snap-20260723-cl,CL-20261014-74-C-20260723
2026-07-23,CL,20261014,74,P,7.96,8.1,8.03,1525,4820,0.29,-0.274,CL,NYMEX,snap-20260723-cl,CL-20261014-74-P-20260723
2026-07-23,CL,2026-10-14,75,C,3.44,3.51,3.47,587,2433,0.3002,0.702,CL,NYMEX,snap-20260723-cl,CL-20261014-75-C-20260723
2026-07-23,CL,2026-10-14,75,P,9,9.16,9.08,642,"2,897",0.2955,-0.298,CL,NYMEX,snap-20260723-cl,CL-20261014-75-P-20260723
07/23/2026,CL,2026-10-14,76,Call,3.5,3.57,3.54,740,1723,0.3052,0.683,CL,NYMEX,snap-20260723-cl,CL-20261014-76-C-20260723
20260723,CL,2026-10-14,76,P,10.03,10.22,10.12,555,1483,0.2997,-0.317,CL,NYMEX,snap-20260723-cl,CL-20261014-76-P-20260723
2026-07-23,CL,2026-10-14,77,C,3.55,3.62,3.58,636,1536,0.3102,0.667,CL,NYMEX,snap-20260723-cl,CL-20261014-77-C-20260723
07/23/2026,CL,2026-10-14,77,P,11.07,11.28,11.18,542,2959,0.3038,-0.333,CL,NYMEX,snap-20260723-cl,CL-20261014-77-P-20260723
07/23/2026,CL,10/14/2026,78,C,3.61,3.68,3.64,717,2581,0.3152,0.654,CL,NYMEX,snap-20260723-cl,CL-20261014-78-C-20260723
2026-07-23,CL,2026-10-14,78.00,P,12.1,12.35,12.22,816,3088,0.308,-0.346,CL,NYMEX,snap-20260723-cl,CL-20261014-78-P-20260723
07/23/2026,CL,2026-10-14,79,C,3.67,3.74,3.7,357,"1,643",0.3201,0.643,CL,NYMEX,snap-20260723-cl,CL-20261014-79-C-20260723
07/23/2026,CL,20261014,79,Put,13.14,13.41,13.28,274,1053,0.3121,-0.357,CL,NYMEX,snap-20260723-cl,CL-20261014-79-P-20260723
20260723,CL,2026-11-18,59,C,14.51,14.86,14.68,518,1321,0.3149,0.636,CL,NYMEX,snap-20260723-cl,CL-20261118-59-C-20260723
2026-07-23,CL,20261118,59,P,4.65,4.76,4.7,540,2118,0.3412,-0.364,CL,NYMEX,snap-20260723-cl,CL-20261118-59-P-20260723
2026-07-23,CL,2026-11-18,60,C,13.47,13.79,13.63,454,1746,0.3108,0.646,CL,NYMEX,snap-20260723-cl,CL-20261118-60-C-20260723
2026-07-23,CL,2026-11-18,60,P,4.56,4.67,4.62,310,933,0.3345,-0.354,CL,NYMEX,snap-20260723-cl,CL-20261118-60-P-20260723
20260723,CL,20261118,61,C,12.43,12.71,12.57,183,869,0.3066,0.658,CL,NYMEX,snap-20260723-cl,CL-20261118-61-C-20260723
2026-07-23,CL,11/18/2026,61,P,4.47,4.57,4.52,208,585,0.3278,-0.342,CL,NYMEX,snap-20260723-cl,CL-20261118-61-P-20260723
2026-07-23,CL,2026-11-18,62,C,11.39,11.64,11.52,165,576,0.3025,0.672,CL,NYMEX,snap-20260723-cl,CL-20261118-62-C-20260723
2026-07-23,CL,2026-11-18,62,P,4.38,4.48,4.43,211,741,0.3211,-0.328,CL,NYMEX,snap-20260723-cl,CL-20261118-62-P-20260723
2026-07-23,CL,11/18/2026,63,C,10.34,10.57,10.46,309,1397,0.2983,0.69,CL,NYMEX,snap-20260723-cl,CL-20261118-63-C-20260723
20260723,CL,2026-11-18,63,P,4.29,4.39,4.34,435,1974,0.3144,-0.311,CL,NYMEX,snap-20260723-cl,CL-20261118-63-P-20260723
07/23/2026,CL,2026-11-18,64,C,9.3,9.5,9.4,634,2817,0.2942,0.71,CL,NYMEX,snap-20260723-cl,CL-20261118-64-C-20260723
2026-07-23,CL,20261118,64,P,4.2,4.29,4.24,1360,5685,0.31,-0.29,CL,NYMEX,snap-20260723-cl,CL-20261118-64-P-20260723
2026-07-23,CL,2026-11-18,65,C,8.26,8.43,8.34,1542,3717,0.29,0.735,CL,NYMEX,snap-20260723-cl,CL-20261118-65-C-20260723
2026-07-23,CL,2026-11-18,65,P,4.11,4.2,4.16,"2,576",7660,0.301,-0.27,CL,NYMEX,snap-20260723-cl,CL-20261118-65-P-20260723
07/23/2026,cl,2026-11-18,66,C,7.21,7.36,7.28,2298,5750,0.2859,0.768,CL,NYMEX,snap-20260723-cl,CL-20261118-66-C-20260723
07/23/2026,CL,11/18/2026,66,P,4.02,4.1,4.06,"5,397",21866,0.29,-0.232,CL,NYMEX,snap-20260723-cl,CL-20261118-66-P-20260723
2026-07-23,CL,2026-11-18,67.00,Call,6.17,6.29,6.23,2383,7418,0.28,0.811,CL,NYMEX,snap-20260723-cl,CL-20261118-67-C-20260723
2026-07-23,CL,11/18/2026,67,P,3.93,4.01,3.97,2854,10983,0.29,-0.189,CL,NYMEX,snap-20260723-cl,CL-20261118-67-P-20260723
2026-07-23,CL,11/18/2026,68,C,5.12,5.22,5.17,3974,18970,0.2776,0.871,CL,NYMEX,snap-20260723-cl,CL-20261118-68-C-20260723
2026-07-23,cl,20261118,68,P,3.84,3.91,3.88,4874,20656,0.281,-0.129,CL,NYMEX,snap-20260723-cl,CL-20261118-68-P-20260723
07/23/2026,CL,2026-11-18,69,Call,4.08,4.15,4.12,"8,865",36264,0.2734,0.959,CL,NYMEX,snap-20260723-cl,CL-20261118-69-C-20260723
2026-07-23,CL,2026-11-18,69.00,put,3.75,3.82,3.78,8066,40758,0.2743,-0.041,CL,NYMEX,snap-20260723-cl,CL-20261118-69-P-20260723
20260723,CL,11/18/2026,70,C,3.76,3.83,3.8,13055,41117,0.2753,0.927,CL,NYMEX,snap-20260723-cl,CL-20261118-70-C-20260723
2026-07-23,CL,2026-11-18,70,P,4.41,4.49,4.45,14514,62559,0.2747,-0.073,CL,NYMEX,snap-20260723-cl,CL-20261118-70-P-20260723
07/23/26,CL,2026-11-18,71,C,3.83,3.9,3.86,6515,"24,764",0.2803,0.849,CL,NYMEX,snap-20260723-cl,CL-20261118-71-C-20260723
07/23/2026,CL,11/18/26,71,P,5.46,5.56,5.51,5370,14040,0.2789,-0.151,CL,NYMEX,snap-20260723-cl,CL-20261118-71-P-20260723
20260723,CL,11/18/2026,72,Call,3.9,3.97,3.94,2686,10121,0.29,0.796,CL,NYMEX,snap-20260723-cl,CL-20261118-72-C-20260723
20260723,CL,20261118,72,P,6.5,6.63,6.56,6695,35072,0.283,-0.204,CL,NYMEX,snap-20260723-cl,CL-20261118-72-P-20260723
2026-07-23,CL,2026-11-18,73,C,3.97,4.04,4,3113,9170,0.2902,0.756,CL,NYMEX,snap-20260723-cl,CL-20261118-73-C-20260723
2026-07-23,CL,2026-11-18,73,P,7.55,7.7,7.62,3501,"11,538",0.2872,-0.244,CL,NYMEX,snap-20260723-cl,CL-20261118-73-P-20260723
07/23/2026,CL,2026-11-18,74,C,4.03,4.12,4.08,1502,6199,0.2952,0.726,CL,NYMEX,snap-20260723-cl,CL-20261118-74-C-20260723
2026-07-23,CL,2026-11-18,74,P,8.59,8.77,8.68,1876,7316,0.29,-0.274,CL,NYMEX,snap-20260723-cl,CL-20261118-74-P-20260723
20260723,CL,20261118,75,Call,4.1,4.19,4.14,425,1918,0.3002,0.702,CL,NYMEX,snap-20260723-cl,CL-20261118-75-C-20260723
2026-07-23,CL,2026-11-18,75,P ,9.63,9.84,9.73,868,2650,0.2955,-0.298,CL,NYMEX,snap-20260723-cl,CL-20261118-75-P-20260723
2026-07-23,CL,2026-11-18,76,C,4.17,4.26,4.22,297,798,0.3052,0.683,CL,NYMEX,snap-20260723-cl,CL-20261118-76-C-20260723
2026-07-23,cl,2026-11-18,76,P,10.68,10.91,10.8,320,1283,0.2997,-0.32,CL,NYMEX,snap-20260723-cl,CL-20261118-76-P-20260723
2026-07-23,CL,11/18/2026,77,C,4.23,4.33,4.28,283,737,0.3102,0.667,CL,NYMEX,snap-20260723-cl,CL-20261118-77-C-20260723
2026-07-23,CL,11/18/26,77,P,11.72,11.98,11.85,221,770,0.3038,-0.333,CL,NYMEX,snap-20260723-cl,CL-20261118-77-P-20260723
2026-07-23,CL,2026-11-18,78,C,4.3,4.4,4.35,511,1465,0.3152,0.654,CL,NYMEX,snap-20260723-cl,CL-20261118-78-C-20260723
2026-07-23,CL,11/18/2026,78,P,12.76,13.06,12.91,179,657,0.308,-0.346,CL,NYMEX,snap-20260723-cl,CL-20261118-78-P-20260723
20260723,CL,2026-11-18,79,Call,4.37,4.47,4.42,438,1567,0.3201,0.643,CL,NYMEX,snap-20260723-cl,CL-20261118-79-C-20260723
07/23/2026,CL,2026-11-18,79,P,13.8,14.13,13.96,356,1446,0.3121,-0.357,CL,NYMEX,snap-20260723-cl,CL-20261118-79-P-20260723
2026-07-24,CL,2026-08-19,61,C,12.43,12.63,12.53,972,3848,0.3141,0.638,CL,NYMEX,snap-20260724-cl,CL-20260819-61-C-20260724
2026-07-24,CL,2026-08-19,61,Put,2.25,2.29,2.27,572,3148,0.3398,-0.362,CL,NYMEX,snap-20260724-cl,CL-20260819-61-P-20260724
2026-07-24,CL,2026-08-19,62,C,11.41,11.59,11.5,945,4041,0.31,0.648,CL,NYMEX,snap-20260724-cl,CL-20260819-62-C-20260724
20260724,CL,2026-08-19,62,P,2.21,2.24,2.22,752,3297,0.3333,-0.352,CL,NYMEX,snap-20260724-cl,CL-20260819-62-P-20260724
07/24/2026,CL,2026-08-19,63,C,10.39,10.55,10.47,818,2012,0.306,0.66,CL,NYMEX,snap-20260724-cl,CL-20260819-63-C-20260724
2026-07-24,CL,2026-08-19,63,P,2.16,2.2,2.18,560,2828,0.3268,-0.34,CL,NYMEX,snap-20260724-cl,CL-20260819-63-P-20260724
2026-07-24,CL,2026-08-19,64,C,9.38,9.51,9.44,981,4634,0.30,0.674,CL,NYMEX,snap-20260724-cl,CL-20260819-64-C-20260724
2026-07-24,CL,08/19/2026,64.00,P,2.12,2.15,2.13,1205,5070,0.3203,-0.326,CL,NYMEX,snap-20260724-cl,CL-20260819-64-P-20260724
07/24/2026,CL,2026-08-19,65,Call,8.36,8.48,8.42,769,3204,0.2979,0.691,CL,NYMEX,snap-20260724-cl,CL-20260819-65-C-20260724
2026-07-24,CL,2026-08-19,65,P,2.08,2.11,2.09,1053,5546,0.3138,-0.309,CL,NYMEX,snap-20260724-cl,CL-20260819-65-P-20260724
2026-07-24,CL,08/19/2026,66,C,7.34,7.44,7.39,"2,603","5,899",0.29,0.711,CL,NYMEX,snap-20260724-cl,CL-20260819-66-C-20260724
20260724,CL,2026-08-19,66,Put,2.04,2.06,2.05,2153,9332,0.3073,-0.289,CL,NYMEX,snap-20260724-cl,CL-20260819-66-P-20260724
2026-07-24,cl,2026-08-19,67,C,6.32,6.4,6.36,6377,"27,882",0.2899,0.736,CL,NYMEX,snap-20260724-cl,CL-20260819-67-C-20260724
2026-07-24,CL,20260819,67,Put,1.99,2.02,2,4244,18792,0.3008,-0.264,CL,NYMEX,snap-20260724-cl,CL-20260819-67-P-20260724
2026-07-24,CL,2026-08-19,68.00,C,5.3,5.37,5.34,10532,24232,0.2858,0.768,CL,NYMEX,snap-20260724-cl,CL-20260819-68-C-20260724
2026-07-24,CL,20260819,68.00,P,1.95,1.98,1.96,5503,21919,0.2943,-0.232,CL,NYMEX,snap-20260724-cl,CL-20260819-68-P-20260724
07/24/2026,CL,08/19/2026,69,C,4.29,4.34,4.31,10717,25101,0.28,0.81,CL,NYMEX,snap-20260724-cl,CL-20260819-69-C-20260724
07/24/26,CL,2026-08-19,69,P,1.91,1.93,1.92,17771,71629,0.2878,-0.19,CL,NYMEX,snap-20260724-cl,CL-20260819-69-P-20260724
2026-07-24,cl,2026-08-19,70,Call,3.27,3.3,3.28,19678,89201,0.2778,0.868,CL,NYMEX,snap-20260724-cl,CL-20260819-70-C-20260724
2026-07-24,CL,20260819,70,P,1.87,1.89,1.88,15676,68544,0.2813,-0.132,CL,NYMEX,snap-20260724-cl,CL-20260819-70-P-20260724
07/24/2026,CL,08/19/2026,71,C,2.24,2.27,2.25,8146,32774,0.2737,0.951,CL,NYMEX,snap-20260724-cl,CL-20260819-71-C-20260724
2026-07-24,CL,20260819,71,P,1.82,1.84,1.83,20895,54727,0.2748,-0.049,CL,NYMEX,snap-20260724-cl,CL-20260819-71-P-20260724
2026-07-24,CL,20260819,72,C,1.82,1.84,1.83,21629,58901,0.27,0.937,CL,NYMEX,snap-20260724-cl,CL-20260819-72-C-20260724
2026-07-24,CL,2026-08-19,72,P,2.39,2.41,2.4,24271,96024,0.27,-0.063,CL,NYMEX,snap-20260724-cl,CL-20260819-72-P-20260724
07/24/2026,CL,08/19/2026,73,Call,1.86,1.88,1.87,8292,21000,0.2796,0.858,CL,NYMEX,snap-20260724-cl,CL-20260819-73-C-20260724
2026-07-24,CL,2026-08-19,73,put,3.41,3.45,3.43,8643,26736,0.2783,-0.142,CL,NYMEX,snap-20260724-cl,CL-20260819-73-P-20260724
2026-07-24,CL,2026-08-19,74,C,1.89,1.91,1.9,12468,37994,0.2844,0.803,CL,NYMEX,snap-20260724-cl,CL-20260819-74-C-20260724
20260724,CL,2026-08-19,74,P,4.43,4.48,4.46,15806,46548,0.2824,-0.197,CL,NYMEX,snap-20260724-cl,CL-20260819-74-P-20260724
07/24/2026,CL,20260819,75,C,1.92,1.94,1.93,7987,36978,0.2893,0.763,CL,NYMEX,snap-20260724-cl,CL-20260819-75-C-20260724
07/24/26,cl,08/19/2026,75,P,5.45,5.51,5.48,13339,34916,0.29,-0.237,CL,NYMEX,snap-20260724-cl,CL-20260819-75-P-20260724
20260724,CL,2026-08-19,76,C,1.95,1.97,1.96,4573,10199,0.2941,0.732,CL,NYMEX,snap-20260724-cl,CL-20260819-76-C-20260724
2026-07-24,CL,2026-08-19,76,P,6.47,6.55,6.51,4225,19016,0.2904,-0.268,CL,NYMEX,snap-20260724-cl,CL-20260819-76-P-20260724
07/24/2026,CL,08/19/2026,77,C,1.98,2.01,1.99,981,"2,596",0.2989,0.708,CL,NYMEX,snap-20260724-cl,CL-20260819-77-C-20260724
20260724,CL,08/19/2026,77,P,7.48,7.58,7.53,1622,5606,0.2945,-0.292,CL,NYMEX,snap-20260724-cl,CL-20260819-77-P-20260724
2026-07-24,CL,08/19/2026,78,C,2.01,2.04,2.02,644,2475,0.30,0.688,CL,NYMEX,snap-20260724-cl,CL-20260819-78-C-20260724
07/24/2026,CL,08/19/26,78,P,8.50,8.62,8.56,1206,5816,0.2985,-0.312,CL,NYMEX,snap-20260724-cl,CL-20260819-78-P-20260724
2026-07-24,CL,08/19/26,79,C,2.04,2.07,2.05,675,2389,0.3086,0.672,CL,NYMEX,snap-20260724-cl,CL-20260819-79-C-20260724
2026-07-24,CL,2026-08-19,79,P,9.52,9.66,9.59,986,3227,0.30,-0.328,CL,NYMEX,snap-20260724-cl,CL-20260819-79-P-20260724
2026-07-24,CL,2026-08-19,80,C,2.08,2.11,2.09,787,2811,0.3135,0.658,CL,NYMEX,snap-20260724-cl,CL-20260819-80-C-20260724
2026-07-24,CL,2026-08-19,80,P,10.54,10.69,10.61,596,2549,0.3066,-0.342,CL,NYMEX,snap-20260724-cl,CL-20260819-80-P-20260724
20260724,CL,2026-08-19,81,C,2.11,2.14,2.12,462,1213,0.3183,0.647,CL,NYMEX,snap-20260724-cl,CL-20260819-81-C-20260724
07/24/2026,CL,2026-08-19,81,P,11.55,11.73,11.64,730,3514,0.3106,-0.353,CL,NYMEX,snap-20260724-cl,CL-20260819-81-P-20260724
07/24/2026,CL,09/16/2026,61,Call,13.33,13.57,13.45,548,2325,0.3141,0.638,CL,NYMEX,snap-20260724-cl,CL-20260916-61-C-20260724
20260724,CL,2026-09-16,61,P,3.24,3.30,3.27,730,4026,0.3398,-0.362,CL,NYMEX,snap-20260724-cl,CL-20260916-61-P-20260724
2026-07-24,CL,09/16/26,62,C,12.3,12.52,12.41,738,1967,0.31,0.648,CL,NYMEX,snap-20260724-cl,CL-20260916-62-C-20260724
07/24/2026,CL,2026-09-16,62,P,3.18,3.23,3.2,647,2671,0.3333,-0.352,CL,NYMEX,snap-20260724-cl,CL-20260916-62-P-20260724
2026-07-24,CL,20260916,63,Call,11.27,11.47,11.37,303,850,0.306,0.66,CL,NYMEX,snap-20260724-cl,CL-20260916-63-C-20260724
2026-07-24,CL,09/16/2026,63,P,3.12,3.17,3.14,660,3471,0.3268,-0.34,CL,NYMEX,snap-20260724-cl,CL-20260916-63-P-20260724
2026-07-24,cl,09/16/2026,64,C,10.25,10.42,10.34,513,2459,0.302,0.674,CL,NYMEX,snap-20260724-cl,CL-20260916-64-C-20260724
2026-07-24,CL,2026-09-16,64,P,3.05,3.11,3.08,588,2884,0.3203,-0.326,CL,NYMEX,snap-20260724-cl,CL-20260916-64-P-20260724
2026-07-24,CL,2026-09-16,65,C,9.22,9.37,9.3,714,3239,0.2979,0.691,CL,NYMEX,snap-20260724-cl,CL-20260916-65-C-20260724
20260724,CL,09/16/26,65,P,2.99,3.04,3.02,591,1877,0.3138,-0.309,CL,NYMEX,snap-20260724-cl,CL-20260916-65-P-20260724
20260724,CL,09/16/26,66,C,8.19,8.32,8.25,2055,8512,0.2939,0.711,CL,NYMEX,snap-20260724-cl,CL-20260916-66-C-20260724
2026-07-24,CL,2026-09-16,66,put,2.93,2.98,2.96,2819,"10,987",0.3073,-0.289,CL,NYMEX,snap-20260724-cl,CL-20260916-66-P-20260724
2026-07-24,CL,20260916,67,C,7.16,7.27,7.22,3932,10012,0.2899,0.736,CL,NYMEX,snap-20260724-cl,CL-20260916-67-C-20260724
2026-07-24,CL,2026-09-16,67,P,2.87,2.91,2.89,4447,21066,0.3008,-0.264,CL,NYMEX,snap-20260724-cl,CL-20260916-67-P-20260724
07/24/2026,CL,2026-09-16,68,C,6.13,6.22,6.18,4635,19008,0.2858,0.768,CL,NYMEX,snap-20260724-cl,CL-20260916-68-C-20260724
07/24/26,CL,09/16/2026,68,P,2.81,2.85,2.83,10731,54917,0.2943,-0.232,CL,NYMEX,snap-20260724-cl,CL-20260916-68-P-20260724
20260724,cl,09/16/2026,69,Call,5.1,5.18,5.14,9450,33796,0.2818,0.81,CL,NYMEX,snap-20260724-cl,CL-20260916-69-C-20260724
2026-07-24,CL,2026-09-16,69,P,2.75,2.79,2.77,14775,47553,0.2878,-0.19,CL,NYMEX,snap-20260724-cl,CL-20260916-69-P-20260724
2026-07-24,CL,20260916,70.00,C,4.07,4.13,4.1,18887,68454,0.2778,0.868,CL,NYMEX,snap-20260724-cl,CL-20260916-70-C-20260724
2026-07-24,CL,20260916,70,P,2.69,2.72,2.70,8440,33328,0.2813,-0.132,CL,NYMEX,snap-20260724-cl,CL-20260916-70-P-20260724
07/24/2026,CL,2026-09-16,71,Call,3.04,3.08,3.06,"15,653",60427,0.2737,0.951,CL,NYMEX,snap-20260724-cl,CL-20260916-71-C-20260724
2026-07-24,CL,2026-09-16,71,P,2.63,2.66,2.64,"11,864",34538,0.2748,-0.049,CL,NYMEX,snap-20260724-cl,CL-20260916-71-P-20260724
2026-07-24,CL,20260916,72,Call,2.63,2.66,2.64,17846,69759,0.2748,0.937,CL,NYMEX,snap-20260724-cl,CL-20260916-72-C-20260724
2026-07-24,CL,20260916,72,P,3.19,3.23,3.21,21380,"97,653",0.27,-0.063,CL,NYMEX,snap-20260724-cl,CL-20260916-72-P-20260724
07/24/2026,CL,20260916,73,C,2.67,2.71,2.69,8220,32635,0.2796,0.858,CL,NYMEX,snap-20260724-cl,CL-20260916-73-C-20260724
2026-07-24,CL,09/16/2026,73,P,4.22,4.27,4.24,16306,65959,0.2783,-0.142,CL,NYMEX,snap-20260724-cl,CL-20260916-73-P-20260724
07/24/2026,CL,2026-09-16,74,C,2.72,2.75,2.74,5020,11444,0.2844,0.803,CL,NYMEX,snap-20260724-cl,CL-20260916-74-C-20260724
2026-07-24,CL,2026-09-16,74,P,5.25,5.32,5.28,"5,841",18112,0.2824,-0.197,CL,NYMEX,snap-20260724-cl,CL-20260916-74-P-20260724
2026-07-24,CL,2026-09-16,75,C,2.76,2.8,2.78,8818,39851,0.2893,0.763,CL,NYMEX,snap-20260724-cl,CL-20260916-75-C-20260724
2026-07-24,CL,2026-09-16,75,P,6.28,6.37,6.32,10072,52611,0.2864,-0.237,CL,NYMEX,snap-20260724-cl,CL-20260916-75-P-20260724
07/24/26,CL,2026-09-16,76,C,2.81,2.85,2.83,"2,167",8748,0.2941,0.732,CL,NYMEX,snap-20260724-cl,CL-20260916-76-C-20260724
2026-07-24,cl,2026-09-16,76,Put,7.31,7.42,7.36,3652,16890,0.2904,-0.268,CL,NYMEX,snap-20260724-cl,CL-20260916-76-P-20260724
2026-07-24,CL,2026-09-16,77,C,2.85,2.9,2.88,1485,4228,0.2989,0.71,CL,NYMEX,snap-20260724-cl,CL-20260916-77-C-20260724
2026-07-24,CL,2026-09-16,77,P,8.34,8.47,8.41,789,2407,0.2945,-0.292,CL,NYMEX,snap-20260724-cl,CL-20260916-77-P-20260724
07/24/26,CL,09/16/26,78,C,2.9,2.94,2.92,396,"1,607",0.3038,0.688,CL,NYMEX,snap-20260724-cl,CL-20260916-78-C-20260724
2026-07-24,CL,2026-09-16,78,P,9.36,9.52,9.44,809,2087,0.2985,-0.312,CL,NYMEX,snap-20260724-cl,CL-20260916-78-P-20260724
2026-07-24,CL,09/16/2026,79,C,2.94,2.99,2.96,633,2362,0.3086,0.672,CL,NYMEX,snap-20260724-cl,CL-20260916-79-C-20260724
07/24/2026,CL,20260916,79,P,10.39,10.57,10.48,369,1373,0.3025,-0.328,CL,NYMEX,snap-20260724-cl,CL-20260916-79-P-20260724
2026-07-24,CL,20260916,80,C,2.99,3.04,3.02,1220,3650,0.3135,0.658,CL,NYMEX,snap-20260724-cl,CL-20260916-80-C-20260724
07/24/2026,CL,2026-09-16,80,P,11.42,11.62,11.52,1181,4078,0.31,-0.342,CL,NYMEX,snap-20260724-cl,CL-20260916-80-P-20260724
20260724,CL,2026-09-16,81,C,3.03,3.09,3.06,529,1490,0.3183,0.647,CL,NYMEX,snap-20260724-cl,CL-20260916-81-C-20260724
20260724,CL,2026-09-16,81,put,12.44,12.67,12.56,870,4335,0.3106,-0.353,CL,NYMEX,snap-20260724-cl,CL-20260916-81-P-20260724
07/24/2026,CL,10/14/2026,61,C,14.01,14.3,14.16,703,3342,0.3141,0.64,CL,NYMEX,snap-20260724-cl,CL-20261014-61-C-20260724
2026-07-24,CL,10/14/26,61,P,3.98,4.07,4.02,489,1641,0.3398,-0.362,CL,NYMEX,snap-20260724-cl,CL-20261014-61-P-20260724
2026-07-24,CL,10/14/2026,62,C,12.97,13.24,13.1,416,1500,0.31,0.648,CL,NYMEX,snap-20260724-cl,CL-20261014-62-C-20260724
2026-07-24,CL,2026-10-14,62,P,3.91,3.99,3.95,655,2772,0.3333,-0.352,CL,NYMEX,snap-20260724-cl,CL-20261014-62-P-20260724
2026-07-24,CL,2026-10-14,63,C,11.94,12.17,12.06,657,2807,0.306,0.66,CL,NYMEX,snap-20260724-cl,CL-20261014-63-C-20260724
07/24/2026,CL,2026-10-14,63,P,3.83,3.91,3.87,500,2669,0.3268,-0.34,CL,NYMEX,snap-20260724-cl,CL-20261014-63-P-20260724
2026-07-24,CL,2026-10-14,64,C,10.9,11.11,11,345,1159,0.302,0.674,CL,NYMEX,snap-20260724-cl,CL-20261014-64-C-20260724
2026-07-24,CL,10/14/2026,64.00,put,3.76,3.83,3.8,687,2970,0.3203,-0.326,CL,NYMEX,snap-20260724-cl,CL-20261014-64-P-20260724
2026-07-24,CL,2026-10-14,65,C,9.87,10.05,9.96,839,2845,0.2979,0.69,CL,NYMEX,snap-20260724-cl,CL-20261014-65-C-20260724
2026-07-24,CL,2026-10-14,65,P ,3.68,3.75,3.72,696,1794,0.3138,-0.309,CL,NYMEX,snap-20260724-cl,CL-20261014-65-P-20260724
2026-07-24,CL,2026-10-14,66,Call,8.83,8.99,8.91,1605,"7,097",0.2939,0.711,CL,NYMEX,snap-20260724-cl,CL-20261014-66-C-20260724
2026-07-24,CL,10/14/2026,66,P,3.61,3.67,3.64,2067,7758,0.3073,-0.289,CL,NYMEX,snap-20260724-cl,CL-20261014-66-P-20260724
20260724,CL,20261014,67,C,7.80,7.93,7.86,2127,4813,0.2899,0.736,CL,NYMEX,snap-20260724-cl,CL-20261014-67-C-20260724
20260724,CL,2026-10-14,67,P,3.53,3.59,3.56,2681,12503,0.3008,-0.26,CL,NYMEX,snap-20260724-cl,CL-20261014-67-P-20260724
2026-07-24,CL,20261014,68.00,C,6.76,6.87,6.81,4921,11978,0.2858,0.768,CL,NYMEX,snap-20260724-cl,CL-20261014-68-C-20260724
2026-07-24,CL,2026-10-14,68,P,3.46,3.52,3.49,2991,16115,0.2943,-0.232,CL,NYMEX,snap-20260724-cl,CL-20261014-68-P-20260724
07/24/2026,CL,10/14/2026,69,C,5.72,5.82,5.77,6664,18170,0.2818,0.81,CL,NYMEX,snap-20260724-cl,CL-20261014-69-C-20260724
2026-07-24,CL,2026-10-14,69,put,3.38,3.44,3.41,6347,24113,0.2878,-0.19,CL,NYMEX,snap-20260724-cl,CL-20261014-69-P-20260724
07/24/26,cl,2026-10-14,70,C,4.68,4.76,4.72,17268,"47,085",0.2778,0.868,CL,NYMEX,snap-20260724-cl,CL-20261014-70-C-20260724
2026-07-24,CL,10/14/2026,70,P,3.31,3.36,3.34,16595,82757,0.2813,-0.132,CL,NYMEX,snap-20260724-cl,CL-20261014-70-P-20260724
2026-07-24,CL,2026-10-14,71,C,3.65,3.7,3.68,"15,183",36298,0.2737,0.951,CL,NYMEX,snap-20260724-cl,CL-20261014-71-C-20260724
2026-07-24,CL,20261014,71,P,3.23,3.28,3.26,8599,28785,0.2748,-0.049,CL,NYMEX,snap-20260724-cl,CL-20261014-71-P-20260724
20260724,CL,2026-10-14,72,C,3.23,3.28,3.26,6091,26477,0.2748,0.937,CL,NYMEX,snap-20260724-cl,CL-20261014-72-C-20260724
07/24/2026,CL,2026-10-14,72,put,3.79,3.85,3.82,7416,40927,0.2743,-0.063,CL,NYMEX,snap-20260724-cl,CL-20261014-72-P-20260724
07/24/2026,CL,2026-10-14,73,C,3.29,3.34,3.32,7229,19334,0.2796,0.858,CL,NYMEX,snap-20260724-cl,CL-20261014-73-C-20260724
07/24/2026,CL,2026-10-14,73,P,4.83,4.91,4.87,10188,53948,0.2783,-0.142,CL,NYMEX,snap-20260724-cl,CL-20261014-73-P-20260724
2026-07-24,CL,2026-10-14,74,C,3.34,3.4,3.37,7079,31430,0.2844,0.803,CL,NYMEX,snap-20260724-cl,CL-20261014-74-C-20260724
2026-07-24,CL,2026-10-14,74,P,5.87,5.96,5.92,4676,17627,0.2824,-0.197,CL,NYMEX,snap-20260724-cl,CL-20261014-74-P-20260724
2026-07-24,cl,2026-10-14,75,Call,3.4,3.46,3.43,8609,19881,0.2893,0.763,CL,NYMEX,snap-20260724-cl,CL-20261014-75-C-20260724
20260724,CL,20261014,75.00,P,6.91,7.02,6.96,6771,18580,0.2864,-0.237,CL,NYMEX,snap-20260724-cl,CL-20261014-75-P-20260724
2026-07-24,CL,10/14/26,76,C,3.45,3.52,3.48,3915,13459,0.2941,0.73,CL,NYMEX,snap-20260724-cl,CL-20261014-76-C-20260724
07/24/2026,CL,2026-10-14,76,P,7.94,8.08,8.01,2207,11814,0.2904,-0.268,CL,NYMEX,snap-20260724-cl,CL-20261014-76-P-20260724
2026-07-24,CL,10/14/2026,77,C,3.51,3.57,3.54,920,3613,0.2989,0.708,CL,NYMEX,snap-20260724-cl,CL-20261014-77-C-20260724
07/24/2026,CL,2026-10-14,77,P,8.98,9.14,9.06,"1,824",7569,0.2945,-0.292,CL,NYMEX,snap-20260724-cl,CL-20261014-77-P-20260724
07/24/26,CL,2026-10-14,78,C,3.57,3.63,3.6,614,1423,0.3038,0.688,CL,NYMEX,snap-20260724-cl,CL-20261014-78-C-20260724
2026-07-24,CL,2026-10-14,78.00,P,10.01,10.2,10.1,635,1800,0.2985,-0.31,CL,NYMEX,snap-20260724-cl,CL-20261014-78-P-20260724
2026-07-24,CL,2026-10-14,79,C,3.62,3.69,3.66,613,2790,0.3086,0.672,CL,NYMEX,snap-20260724-cl,CL-20261014-79-C-20260724
07/24/2026,CL,2026-10-14,79.00,P,11.05,11.26,11.16,355,1890,0.30,-0.328,CL,NYMEX,snap-20260724-cl,CL-20261014-79-P-20260724
2026-07-24,CL,2026-10-14,80.00,C,3.68,3.75,3.72,961,3218,0.3135,0.658,CL,NYMEX,snap-20260724-cl,CL-20261014-80-C-20260724
07/24/2026,CL,10/14/2026,80,put,12.08,12.32,12.2,1112,4940,0.3066,-0.342,CL,NYMEX,snap-20260724-cl,CL-20261014-80-P-20260724
2026-07-24,CL,2026-10-14,81.00,Call,3.73,3.81,3.77,437,"1,682",0.3183,0.65,CL,NYMEX,snap-20260724-cl,CL-20261014-81-C-20260724
2026-07-24,CL,10/14/2026,81,P,13.12,13.38,13.25,443,1216,0.3106,-0.353,CL,NYMEX,snap-20260724-cl,CL-20261014-81-P-20260724
2026-07-24,CL,2026-11-18,61,C,14.7,15.05,14.88,406,1661,0.3141,0.638,CL,NYMEX,snap-20260724-cl,CL-20261118-61-C-20260724
20260724,cl,11/18/2026,61,P,4.75,4.87,4.81,386,1852,0.3398,-0.362,CL,NYMEX,snap-20260724-cl,CL-20261118-61-P-20260724
2026-07-24,CL,2026-11-18,62,C,13.66,13.98,13.82,313,1320,0.31,0.648,CL,NYMEX,snap-20260724-cl,CL-20261118-62-C-20260724
2026-07-24,CL,11/18/2026,62,P,4.66,4.77,4.72,377,1095,0.3333,-0.352,CL,NYMEX,snap-20260724-cl,CL-20261118-62-P-20260724
2026-07-24,CL,2026-11-18,63.00,Call,12.62,12.9,12.76,265,1054,0.306,0.66,CL,NYMEX,snap-20260724-cl,CL-20261118-63-C-20260724
2026-07-24,CL,2026-11-18,63,P,4.57,4.68,4.62,501,2536,0.3268,-0.34,CL,NYMEX,snap-20260724-cl,CL-20261118-63-P-20260724
2026-07-24,cl,2026-11-18,64,C,11.58,11.83,11.7,172,527,0.302,0.674,CL,NYMEX,snap-20260724-cl,CL-20261118-64-C-20260724
2026-07-24,CL,20261118,64.00,P,4.48,4.58,4.53,371,1480,0.3203,-0.326,CL,NYMEX,snap-20260724-cl,CL-20261118-64-P-20260724
2026-07-24,CL,2026-11-18,65,C,10.53,10.76,10.64,352,802,0.2979,0.691,CL,NYMEX,snap-20260724-cl,CL-20261118-65-C-20260724
2026-07-24,CL,2026-11-18,65,P,4.39,4.49,4.44,316,1105,0.31,-0.309,CL,NYMEX,snap-20260724-cl,CL-20261118-65-P-20260724
20260724,CL,20261118,66,C,9.49,9.69,9.59,553,2308,0.2939,0.711,CL,NYMEX,snap-20260724-cl,CL-20261118-66-C-20260724
07/24/2026,CL,11/18/26,66,P,4.3,4.39,4.34,1057,3723,0.3073,-0.29,CL,NYMEX,snap-20260724-cl,CL-20261118-66-P-20260724
2026-07-24,CL,2026-11-18,67,C,8.45,8.62,8.54,"1,197","5,282",0.2899,0.736,CL,NYMEX,snap-20260724-cl,CL-20261118-67-C-20260724
2026-07-24,cl,2026-11-18,67,P,4.21,4.3,4.26,2639,9169,0.3008,-0.264,CL,NYMEX,snap-20260724-cl,CL-20261118-67-P-20260724
2026-07-24,CL,11/18/2026,68,C,7.4,7.55,7.48,4530,17282,0.2858,0.768,CL,NYMEX,snap-20260724-cl,CL-20261118-68-C-20260724
20260724,cl,2026-11-18,68,put,4.12,4.21,4.16,5284,18589,0.2943,-0.232,CL,NYMEX,snap-20260724-cl,CL-20261118-68-P-20260724
2026-07-24,CL,20261118,69,C,6.36,6.48,6.42,2383,11247,0.2818,0.81,CL,NYMEX,snap-20260724-cl,CL-20261118-69-C-20260724
07/24/2026,CL,11/18/2026,69,P,4.03,4.11,4.07,5213,23608,0.2878,-0.19,CL,NYMEX,snap-20260724-cl,CL-20261118-69-P-20260724
2026-07-24,CL,2026-11-18,70,C,5.31,5.41,5.36,5493,25725,0.2778,0.868,CL,NYMEX,snap-20260724-cl,CL-20261118-70-C-20260724
2026-07-24,CL,2026-11-18,70,P,3.94,4.02,3.98,5429,19437,0.2813,-0.132,CL,NYMEX,snap-20260724-cl,CL-20261118-70-P-20260724
07/24/2026,CL,11/18/2026,71.00,C,4.27,4.34,4.3,5107,23660,0.2737,0.95,CL,NYMEX,snap-20260724-cl,CL-20261118-71-C-20260724
2026-07-24,CL,2026-11-18,71,P,3.85,3.92,3.88,7339,27331,0.2748,-0.049,CL,NYMEX,snap-20260724-cl,CL-20261118-71-P-20260724
2026-07-24,CL,2026-11-18,72.00,C,3.85,3.92,3.88,3593,13586,0.2748,0.937,CL,NYMEX,snap-20260724-cl,CL-20261118-72-C-20260724
2026-07-24,CL,2026-11-18,72,P,4.41,4.49,4.45,6237,16901,0.2743,-0.063,CL,NYMEX,snap-20260724-cl,CL-20261118-72-P-20260724
2026-07-24,CL,2026-11-18,73,C,3.92,3.99,3.96,8574,31830,0.28,0.86,CL,NYMEX,snap-20260724-cl,CL-20261118-73-C-20260724
2026-07-24,CL,11/18/2026,73,P,5.46,5.56,5.51,6727,27972,0.2783,-0.14,CL,NYMEX,snap-20260724-cl,CL-20261118-73-P-20260724
07/24/26,CL,2026-11-18,74,C,3.99,4.06,4.02,2395,11072,0.2844,0.803,CL,NYMEX,snap-20260724-cl,CL-20261118-74-C-20260724
07/24/2026,CL,11/18/2026,74,P,6.5,6.63,6.56,6471,27521,0.2824,-0.197,CL,NYMEX,snap-20260724-cl,CL-20261118-74-P-20260724
07/24/2026,CL,11/18/2026,75,C,4.05,4.13,4.09,3993,12450,0.2893,0.763,CL,NYMEX,snap-20260724-cl,CL-20261118-75-C-20260724
2026-07-24,CL,11/18/2026,75,P,7.55,7.7,7.62,2468,9464,0.2864,-0.237,CL,NYMEX,snap-20260724-cl,CL-20261118-75-P-20260724
07/24/26,CL,2026-11-18,76,C,4.12,4.21,4.16,2611,8559,0.2941,0.732,CL,NYMEX,snap-20260724-cl,CL-20261118-76-C-20260724
2026-07-24,CL,2026-11-18,76,P,8.59,8.77,8.68,3478,12163,0.2904,-0.268,CL,NYMEX,snap-20260724-cl,CL-20261118-76-P-20260724
20260724,CL,20261118,77,C,4.19,4.28,4.24,582,2304,0.30,0.708,CL,NYMEX,snap-20260724-cl,CL-20261118-77-C-20260724
07/24/2026,CL,20261118,77,P,9.64,9.84,9.74,812,"3,793",0.2945,-0.29,CL,NYMEX,snap-20260724-cl,CL-20261118-77-P-20260724
20260724,cl,11/18/2026,78,C,4.25,4.35,4.3,185,536,0.3038,0.688,CL,NYMEX,snap-20260724-cl,CL-20261118-78-C-20260724
07/24/2026,CL,11/18/2026,78,P,10.68,10.91,10.8,297,1099,0.2985,-0.312,CL,NYMEX,snap-20260724-cl,CL-20261118-78-P-20260724
07/24/2026,CL,11/18/2026,79,C,4.32,4.42,4.37,263,749,0.31,0.672,CL,NYMEX,snap-20260724-cl,CL-20261118-79-C-20260724
2026-07-24,CL,2026-11-18,79,P,11.72,11.98,11.85,238,981,0.3025,-0.328,CL,NYMEX,snap-20260724-cl,CL-20261118-79-P-20260724
2026-07-24,CL,11/18/2026,80.00,C,4.39,4.49,4.44,566,1794,0.3135,0.658,CL,NYMEX,snap-20260724-cl,CL-20261118-80-C-20260724
2026-07-24,CL,11/18/2026,80,P,12.76,13.05,12.9,282,761,0.3066,-0.342,CL,NYMEX,snap-20260724-cl,CL-20261118-80-P-20260724
20260724,CL,11/18/2026,81,C,4.45,4.56,4.5,326,736,0.3183,0.647,CL,NYMEX,snap-20260724-cl,CL-20261118-81-C-20260724
2026-07-24,CL,11/18/2026,81.00,P,13.8,14.13,13.96,293,867,0.3106,-0.353,CL,NYMEX,snap-20260724-cl,CL-20261118-81-P-20260724
2026-07-27,CL,2026-08-19,59,C,11.38,11.56,11.47,399,908,0.3123,0.642,CL,NYMEX,snap-20260727-cl,CL-20260819-59-C-20260727
07/27/2026,CL,08/19/26,59,P,2.01,2.05,2.03,483,1396,0.3369,-0.358,CL,NYMEX,snap-20260727-cl,CL-20260819-59-P-20260727
07/27/26,CL,08/19/26,60,C,10.37,10.52,10.44,"1,014",3469,0.3081,0.654,CL,NYMEX,snap-20260727-cl,CL-20260819-60-C-20260727
2026-07-27,CL,2026-08-19,60,P,1.97,2,1.98,637,2199,0.3301,-0.346,CL,NYMEX,snap-20260727-cl,CL-20260819-60-P-20260727
07/27/2026,CL,08/19/26,61,Call,9.35,9.49,9.42,620,2874,0.3039,0.667,CL,NYMEX,snap-20260727-cl,CL-20260819-61-C-20260727
2026-07-27,cl,2026-08-19,61,P,1.93,1.96,1.94,540,2792,0.32,-0.333,CL,NYMEX,snap-20260727-cl,CL-20260819-61-P-20260727
2026-07-27,CL,20260819,62,C,8.34,8.45,8.39,944,4043,0.2997,0.68,CL,NYMEX,snap-20260727-cl,CL-20260819-62-C-20260727
20260727,CL,2026-08-19,62,P,1.89,1.92,1.9,931,2936,0.3166,-0.317,CL,NYMEX,snap-20260727-cl,CL-20260819-62-P-20260727
2026-07-27,CL,2026-08-19,63,C,7.32,7.42,7.37,914,3325,0.2955,0.703,CL,NYMEX,snap-20260727-cl,CL-20260819-63-C-20260727
07/27/26,CL,2026-08-19,63,P,1.85,1.88,1.86,645,3387,0.3098,-0.297,CL,NYMEX,snap-20260727-cl,CL-20260819-63-P-20260727
07/27/2026,CL,2026-08-19,64,C,6.31,6.39,6.35,4741,12832,0.29,0.727,CL,NYMEX,snap-20260727-cl,CL-20260819-64-C-20260727
2026-07-27,CL,2026-08-19,64,P,1.81,1.84,1.82,4812,18639,0.30,-0.273,CL,NYMEX,snap-20260727-cl,CL-20260819-64-P-20260727
07/27/2026,CL,2026-08-19,65.00,C,5.29,5.35,5.32,6015,28732,0.2871,0.757,CL,NYMEX,snap-20260727-cl,CL-20260819-65-C-20260727
2026-07-27,CL,2026-08-19,65,P,1.77,1.80,1.78,15428,83602,0.2963,-0.243,CL,NYMEX,snap-20260727-cl,CL-20260819-65-P-20260727
07/27/26,cl,2026-08-19,66.00,C,4.27,4.32,4.3,12777,35699,0.2829,0.798,CL,NYMEX,snap-20260727-cl,CL-20260819-66-C-20260727
2026-07-27,CL,2026-08-19,66,P,1.73,1.75,1.74,14474,61829,0.2895,-0.202,CL,NYMEX,snap-20260727-cl,CL-20260819-66-P-20260727
07/27/26,CL,08/19/2026,67,C,3.25,3.29,3.27,14649,39202,0.2787,0.853,CL,NYMEX,snap-20260727-cl,CL-20260819-67-C-20260727
20260727,CL,2026-08-19,67,P,1.69,1.71,1.7,12952,38396,0.2828,-0.147,CL,NYMEX,snap-20260727-cl,CL-20260819-67-P-20260727
2026-07-27,CL,20260819,68,Call,2.23,2.26,2.24,24232,"101,912",0.2745,0.933,CL,NYMEX,snap-20260727-cl,CL-20260819-68-C-20260727
07/27/2026,CL,2026-08-19,68,P,1.65,1.67,1.66,11172,38738,0.276,-0.07,CL,NYMEX,snap-20260727-cl,CL-20260819-68-P-20260727
20260727,CL,2026-08-19,69,Call,1.64,1.66,1.65,"19,805",64691,0.2741,0.951,CL,NYMEX,snap-20260727-cl,CL-20260819-69-C-20260727
2026-07-27,CL,08/19/2026,69,P ,2.05,2.07,2.06,"20,221",78836,0.2737,-0.049,CL,NYMEX,snap-20260727-cl,CL-20260819-69-P-20260727
20260727,CL,2026-08-19,70,C,1.67,1.69,1.68,13681,48757,0.2791,0.865,CL,NYMEX,snap-20260727-cl,CL-20260819-70-C-20260727
2026-07-27,CL,2026-08-19,70,P,3.07,3.1,3.08,30308,141426,0.2779,-0.135,CL,NYMEX,snap-20260727-cl,CL-20260819-70-P-20260727
20260727,CL,20260819,71,C,1.7,1.72,1.71,6343,28501,0.2841,0.806,CL,NYMEX,snap-20260727-cl,CL-20260819-71-C-20260727
2026-07-27,CL,2026-08-19,71,P,4.09,4.13,4.11,13296,54686,0.2821,-0.194,CL,NYMEX,snap-20260727-cl,CL-20260819-71-P-20260727
07/27/26,CL,2026-08-19,72,C,1.73,1.75,1.74,6649,25579,0.2892,0.76,CL,NYMEX,snap-20260727-cl,CL-20260819-72-C-20260727
2026-07-27,CL,2026-08-19,72,P,5.1,5.17,5.14,"8,506",41119,0.2863,-0.24,CL,NYMEX,snap-20260727-cl,CL-20260819-72-P-20260727
2026-07-27,CL,2026-08-19,73,C,1.76,1.78,1.77,2418,7755,0.2942,0.732,CL,NYMEX,snap-20260727-cl,CL-20260819-73-C-20260727
20260727,CL,2026-08-19,73,P,6.12,6.2,6.16,4953,25510,0.2905,-0.268,CL,NYMEX,snap-20260727-cl,CL-20260819-73-P-20260727
20260727,CL,2026-08-19,74,C,1.79,1.82,1.8,1158,4908,0.2993,0.707,CL,NYMEX,snap-20260727-cl,CL-20260819-74-C-20260727
20260727,CL,2026-08-19,74,P,7.14,7.23,7.18,1520,7004,0.2947,-0.293,CL,NYMEX,snap-20260727-cl,CL-20260819-74-P-20260727
2026-07-27,CL,2026-08-19,75,C,1.82,1.85,1.84,795,2493,0.3043,0.686,CL,NYMEX,snap-20260727-cl,CL-20260819-75-C-20260727
2026-07-27,CL,20260819,75,P,8.16,8.27,8.22,899,4107,0.2989,-0.314,CL,NYMEX,snap-20260727-cl,CL-20260819-75-P-20260727
2026-07-27,CL,08/19/2026,76,C,1.85,1.88,1.86,1073,2578,0.3093,0.67,CL,NYMEX,snap-20260727-cl,CL-20260819-76-C-20260727
07/27/2026,CL,2026-08-19,76,P,9.17,9.3,9.23,1217,5618,0.3031,-0.33,CL,NYMEX,snap-20260727-cl,CL-20260819-76-P-20260727
2026-07-27,CL,20260819,77,C,1.88,1.91,1.9,805,2345,0.3144,0.656,CL,NYMEX,snap-20260727-cl,CL-20260819-77-C-20260727
2026-07-27,CL,2026-08-19,77,P,10.19,10.34,10.26,616,2579,0.3073,-0.344,CL,NYMEX,snap-20260727-cl,CL-20260819-77-P-20260727
07/27/26,CL,2026-08-19,78,C,1.91,1.94,1.92,576,2247,0.3194,0.644,CL,NYMEX,snap-20260727-cl,CL-20260819-78-C-20260727
2026-07-27,CL,2026-08-19,78,P,11.2,11.37,11.28,1095,"4,772",0.3115,-0.356,CL,NYMEX,snap-20260727-cl,CL-20260819-78-P-20260727
07/27/26,cl,08/19/26,79,C,1.94,1.97,1.96,407,1820,0.3245,0.634,CL,NYMEX,snap-20260727-cl,CL-20260819-79-C-20260727
2026-07-27,CL,2026-08-19,79,P,12.21,12.41,12.31,820,4163,0.3157,-0.366,CL,NYMEX,snap-20260727-cl,CL-20260819-79-P-20260727
2026-07-27,CL,09/16/2026,59,C,12.28,12.5,12.39,392,1406,0.3123,0.642,CL,NYMEX,snap-20260727-cl,CL-20260916-59-C-20260727
2026-07-27,cl,2026-09-16,59,P,3.00,3.05,3.02,981,2996,0.3369,-0.358,CL,NYMEX,snap-20260727-cl,CL-20260916-59-P-20260727
07/27/26,CL,09/16/2026,60,C,11.26,11.45,11.36,818,2925,0.3081,0.654,CL,NYMEX,snap-20260727-cl,CL-20260916-60-C-20260727
2026-07-27,CL,2026-09-16,60,P,2.94,2.99,2.96,445,2292,0.3301,-0.346,CL,NYMEX,snap-20260727-cl,CL-20260916-60-P-20260727
20260727,CL,09/16/26,61,C,10.23,10.40,10.32,868,3091,0.3039,0.667,CL,NYMEX,snap-20260727-cl,CL-20260916-61-C-20260727
07/27/26,CL,2026-09-16,61,P,2.88,2.93,2.9,482,2230,0.3233,-0.333,CL,NYMEX,snap-20260727-cl,CL-20260916-61-P-20260727
20260727,cl,09/16/2026,62,C,9.2,9.35,9.27,654,2797,0.30,0.68,CL,NYMEX,snap-20260727-cl,CL-20260916-62-C-20260727
07/27/2026,CL,2026-09-16,62,P,2.82,2.86,2.84,630,2117,0.3166,-0.317,CL,NYMEX,snap-20260727-cl,CL-20260916-62-P-20260727
07/27/2026,CL,2026-09-16,63,C,8.18,8.31,8.25,515,2018,0.2955,0.703,CL,NYMEX,snap-20260727-cl,CL-20260916-63-C-20260727
20260727,CL,2026-09-16,63,P,2.76,2.8,2.78,642,3509,0.3098,-0.297,CL,NYMEX,snap-20260727-cl,CL-20260916-63-P-20260727
20260727,CL,2026-09-16,64,C,7.15,7.26,7.2,2053,5589,0.2913,0.727,CL,NYMEX,snap-20260727-cl,CL-20260916-64-C-20260727
07/27/2026,CL,2026-09-16,64,P,2.7,2.74,2.72,5561,15295,0.3031,-0.273,CL,NYMEX,snap-20260727-cl,CL-20260916-64-P-20260727
07/27/2026,CL,09/16/26,65,C,6.12,6.21,6.16,7933,19208,0.2871,0.76,CL,NYMEX,snap-20260727-cl,CL-20260916-65-C-20260727
07/27/2026,CL,2026-09-16,65,P,2.64,2.68,2.66,10721,42928,0.2963,-0.243,CL,NYMEX,snap-20260727-cl,CL-20260916-65-P-20260727
20260727,CL,20260916,66.00,C,5.09,5.16,5.12,7481,34626,0.2829,0.798,CL,NYMEX,snap-20260727-cl,CL-20260916-66-C-20260727
07/27/26,CL,09/16/26,66,P,2.58,2.62,2.6,9149,35998,0.2895,-0.202,CL,NYMEX,snap-20260727-cl,CL-20260916-66-P-20260727
07/27/2026,CL,09/16/26,67,C,4.06,4.12,4.09,16287,49948,0.2787,0.853,CL,NYMEX,snap-20260727-cl,CL-20260916-67-C-20260727
2026-07-27,CL,09/16/2026,67,P,2.52,2.55,2.54,7240,34519,0.2828,-0.147,CL,NYMEX,snap-20260727-cl,CL-20260916-67-P-20260727
2026-07-27,CL,09/16/26,68,Call,3.03,3.07,3.05,20545,75666,0.2745,0.933,CL,NYMEX,snap-20260727-cl,CL-20260916-68-C-20260727
2026-07-27,CL,2026-09-16,68,P,2.46,2.49,2.48,17469,93145,0.276,-0.067,CL,NYMEX,snap-20260727-cl,CL-20260916-68-P-20260727
07/27/26,cl,20260916,69,C,2.44,2.47,2.46,17731,47518,0.27,0.951,CL,NYMEX,snap-20260727-cl,CL-20260916-69-C-20260727
07/27/26,CL,2026-09-16,69,P,2.85,2.88,2.86,16700,90599,0.2737,-0.049,CL,NYMEX,snap-20260727-cl,CL-20260916-69-P-20260727
20260727,CL,2026-09-16,70,C,2.49,2.52,2.5,15382,62379,0.2791,0.86,CL,NYMEX,snap-20260727-cl,CL-20260916-70-C-20260727
07/27/2026,CL,09/16/2026,70,P,3.88,3.93,3.9,13036,61155,0.2779,-0.135,CL,NYMEX,snap-20260727-cl,CL-20260916-70-P-20260727
2026-07-27,CL,2026-09-16,71,Call,2.53,2.57,2.55,7666,31262,0.28,0.806,CL,NYMEX,snap-20260727-cl,CL-20260916-71-C-20260727
07/27/2026,CL,2026-09-16,71,P,4.91,4.98,4.94,7415,22249,0.2821,-0.194,CL,NYMEX,snap-20260727-cl,CL-20260916-71-P-20260727
2026-07-27,CL,2026-09-16,72,C,2.58,2.61,2.59,6485,20558,0.2892,0.764,CL,NYMEX,snap-20260727-cl,CL-20260916-72-C-20260727
2026-07-27,CL,09/16/26,72,P,5.94,6.02,5.98,5556,24587,0.2863,-0.236,CL,NYMEX,snap-20260727-cl,CL-20260916-72-P-20260727
2026-07-27,CL,09/16/26,73,C,2.62,2.66,2.64,3672,11094,0.2942,0.732,CL,NYMEX,snap-20260727-cl,CL-20260916-73-C-20260727
2026-07-27,CL,20260916,73,P,6.96,7.07,7.02,2119,6831,0.2905,-0.268,CL,NYMEX,snap-20260727-cl,CL-20260916-73-P-20260727
2026-07-27,CL,2026-09-16,74,C,2.66,2.71,2.68,941,2612,0.2993,0.707,CL,NYMEX,snap-20260727-cl,CL-20260916-74-C-20260727
20260727,CL,20260916,74,P,7.99,8.12,8.06,1374,5301,0.2947,-0.293,CL,NYMEX,snap-20260727-cl,CL-20260916-74-P-20260727
2026-07-27,CL,2026-09-16,75,Call,2.71,2.75,2.73,530,1927,0.3043,0.686,CL,NYMEX,snap-20260727-cl,CL-20260916-75-C-20260727
07/27/2026,CL,09/16/2026,75,P,9.02,9.17,9.09,1256,4344,0.2989,-0.31,CL,NYMEX,snap-20260727-cl,CL-20260916-75-P-20260727
20260727,CL,09/16/26,76,C,2.75,2.8,2.78,339,1613,0.3093,0.67,CL,NYMEX,snap-20260727-cl,CL-20260916-76-C-20260727
20260727,cl,09/16/2026,76,P,10.05,10.21,10.13,1044,4104,0.30,-0.33,CL,NYMEX,snap-20260727-cl,CL-20260916-76-P-20260727
2026-07-27,CL,20260916,77,Call,2.8,2.85,2.82,543,1788,0.3144,0.656,CL,NYMEX,snap-20260727-cl,CL-20260916-77-C-20260727
2026-07-27,CL,2026-09-16,77,P,11.07,11.26,11.16,983,4731,0.3073,-0.344,CL,NYMEX,snap-20260727-cl,CL-20260916-77-P-20260727
20260727,CL,09/16/2026,78,C,2.84,2.89,2.86,743,2031,0.3194,0.644,CL,NYMEX,snap-20260727-cl,CL-20260916-78-C-20260727
2026-07-27,CL,2026-09-16,78,P,12.1,12.31,12.2,1015,2654,0.3115,-0.356,CL,NYMEX,snap-20260727-cl,CL-20260916-78-P-20260727
07/27/26,cl,2026-09-16,79.00,C,2.88,2.94,2.91,300,757,0.3245,0.634,CL,NYMEX,snap-20260727-cl,CL-20260916-79-C-20260727
20260727,CL,2026-09-16,79.00,P,13.12,13.36,13.24,540,2606,0.3157,-0.366,CL,NYMEX,snap-20260727-cl,CL-20260916-79-P-20260727
20260727,CL,2026-10-14,59,C,12.95,13.21,13.08,685,2502,0.3123,0.642,CL,NYMEX,snap-20260727-cl,CL-20261014-59-C-20260727
2026-07-27,CL,2026-10-14,59,P ,3.72,3.8,3.76,834,2945,0.3369,-0.358,CL,NYMEX,snap-20260727-cl,CL-20261014-59-P-20260727
07/27/26,cl,10/14/2026,60,C,11.91,12.15,12.03,503,1743,0.3081,0.654,CL,NYMEX,snap-20260727-cl,CL-20261014-60-C-20260727
2026-07-27,CL,2026-10-14,60.00,P,3.65,3.72,3.68,456,"1,362",0.3301,-0.346,CL,NYMEX,snap-20260727-cl,CL-20261014-60-P-20260727
20260727,CL,2026-10-14,61,C,10.88,11.09,10.98,286,1255,0.3039,0.667,CL,NYMEX,snap-20260727-cl,CL-20261014-61-C-20260727
2026-07-27,CL,10/14/2026,61,P,3.58,3.65,3.62,603,2984,0.3233,-0.333,CL,NYMEX,snap-20260727-cl,CL-20261014-61-P-20260727
2026-07-27,CL,2026-10-14,62,C,9.85,10.03,9.94,316,1353,0.2997,0.683,CL,NYMEX,snap-20260727-cl,CL-20261014-62-C-20260727
07/27/2026,CL,2026-10-14,62,P,3.5,3.57,3.54,740,3760,0.3166,-0.317,CL,NYMEX,snap-20260727-cl,CL-20261014-62-P-20260727
07/27/2026,CL,10/14/2026,63,Call,8.81,8.97,8.89,281,1077,0.2955,0.703,CL,NYMEX,snap-20260727-cl,CL-20261014-63-C-20260727
07/27/2026,CL,2026-10-14,63,P,3.43,3.49,3.46,341,1841,0.3098,-0.297,CL,NYMEX,snap-20260727-cl,CL-20261014-63-P-20260727
2026-07-27,CL,2026-10-14,64,Call,7.78,7.91,7.84,2590,9419,0.2913,0.727,CL,NYMEX,snap-20260727-cl,CL-20261014-64-C-20260727
07/27/2026,CL,20261014,64,put,3.36,3.41,3.38,4112,16889,0.3031,-0.273,CL,NYMEX,snap-20260727-cl,CL-20261014-64-P-20260727
20260727,CL,2026-10-14,65.00,C,6.74,6.85,6.8,4484,12143,0.2871,0.757,CL,NYMEX,snap-20260727-cl,CL-20261014-65-C-20260727
2026-07-27,CL,10/14/2026,65,P,3.28,3.34,3.31,7463,"41,141",0.2963,-0.243,CL,NYMEX,snap-20260727-cl,CL-20261014-65-P-20260727
07/27/26,CL,2026-10-14,66,C,5.70,5.8,5.75,10303,26307,0.28,0.80,CL,NYMEX,snap-20260727-cl,CL-20261014-66-C-20260727
2026-07-27,CL,10/14/2026,66,P,3.21,3.26,3.24,11383,40922,0.2895,-0.202,CL,NYMEX,snap-20260727-cl,CL-20261014-66-P-20260727
07/27/2026,cl,2026-10-14,67,C,4.67,4.74,4.7,6365,23702,0.2787,0.853,CL,NYMEX,snap-20260727-cl,CL-20261014-67-C-20260727
07/27/2026,CL,2026-10-14,67,P ,3.13,3.18,3.16,5631,27400,0.2828,-0.147,CL,NYMEX,snap-20260727-cl,CL-20261014-67-P-20260727
07/27/2026,CL,10/14/26,68,C,3.63,3.68,3.66,9936,23523,0.2745,0.933,CL,NYMEX,snap-20260727-cl,CL-20261014-68-C-20260727
07/27/2026,CL,2026-10-14,68,P,3.06,3.11,3.08,14407,47982,0.28,-0.067,CL,NYMEX,snap-20260727-cl,CL-20261014-68-P-20260727
07/27/2026,CL,2026-10-14,69,C,3.04,3.08,3.06,9203,29851,0.2741,0.951,CL,NYMEX,snap-20260727-cl,CL-20261014-69-C-20260727
07/27/2026,CL,10/14/2026,69,P ,3.44,3.49,3.46,"12,775",58421,0.2737,-0.049,CL,NYMEX,snap-20260727-cl,CL-20261014-69-P-20260727
2026-07-27,CL,2026-10-14,70,C,3.09,3.14,3.12,18538,67563,0.2791,0.865,CL,NYMEX,snap-20260727-cl,CL-20261014-70-C-20260727
2026-07-27,CL,2026-10-14,70,Put,4.48,4.55,4.52,"10,213",51012,0.2779,-0.135,CL,NYMEX,snap-20260727-cl,CL-20261014-70-P-20260727
2026-07-27,CL,10/14/26,71.00,C,3.15,3.2,3.18,9660,38615,0.2841,0.806,CL,NYMEX,snap-20260727-cl,CL-20261014-71-C-20260727
20260727,CL,10/14/2026,71,P,5.52,5.61,5.56,3948,11017,0.2821,-0.194,CL,NYMEX,snap-20260727-cl,CL-20261014-71-P-20260727
20260727,CL,20261014,72,C,3.2,3.26,3.23,2473,11655,0.2892,0.764,CL,NYMEX,snap-20260727-cl,CL-20261014-72-C-20260727
2026-07-27,CL,10/14/2026,72,P,6.55,6.66,6.6,3328,17745,0.2863,-0.236,CL,NYMEX,snap-20260727-cl,CL-20261014-72-P-20260727
07/27/2026,CL,2026-10-14,73,C,3.26,3.31,3.28,2255,8933,0.2942,0.73,CL,NYMEX,snap-20260727-cl,CL-20261014-73-C-20260727
2026-07-27,CL,2026-10-14,73,P,7.59,7.72,7.65,4688,18135,0.29,-0.268,CL,NYMEX,snap-20260727-cl,CL-20261014-73-P-20260727
2026-07-27,cl,2026-10-14,74,C,3.31,3.37,3.34,1373,4100,0.2993,0.707,CL,NYMEX,snap-20260727-cl,CL-20261014-74-C-20260727
2026-07-27,CL,2026-10-14,74,P,8.62,8.78,8.7,591,1738,0.2947,-0.293,CL,NYMEX,snap-20260727-cl,CL-20261014-74-P-20260727
07/27/2026,CL,2026-10-14,75,C,3.37,3.43,3.4,912,3006,0.3043,0.686,CL,NYMEX,snap-20260727-cl,CL-20261014-75-C-20260727
2026-07-27,CL,20261014,75,P,9.66,9.84,9.75,745,3948,0.2989,-0.314,CL,NYMEX,snap-20260727-cl,CL-20261014-75-P-20260727
2026-07-27,cl,2026-10-14,76.00,C,3.42,3.49,3.46,489,2142,0.3093,0.67,CL,NYMEX,snap-20260727-cl,CL-20261014-76-C-20260727
20260727,CL,2026-10-14,76,P,10.69,10.9,10.8,701,3461,0.3031,-0.33,CL,NYMEX,snap-20260727-cl,CL-20261014-76-P-20260727
2026-07-27,cl,10/14/26,77,C,3.48,3.55,3.51,760,2509,0.3144,0.656,CL,NYMEX,snap-20260727-cl,CL-20261014-77-C-20260727
20260727,CL,20261014,77,P,11.73,11.96,11.84,596,2103,0.3073,-0.344,CL,NYMEX,snap-20260727-cl,CL-20261014-77-P-20260727
2026-07-27,CL,2026-10-14,78,C,3.53,3.6,3.56,347,1287,0.3194,0.644,CL,NYMEX,snap-20260727-cl,CL-20261014-78-C-20260727
2026-07-27,CL,2026-10-14,78,P,12.76,13.02,12.89,411,1737,0.3115,-0.356,CL,NYMEX,snap-20260727-cl,CL-20261014-78-P-20260727
2026-07-27,CL,10/14/26,79,C,3.59,3.66,3.62,667,2752,0.3245,0.634,CL,NYMEX,snap-20260727-cl,CL-20261014-79-C-20260727
2026-07-27,CL,2026-10-14,79,P,13.79,14.08,13.93,689,3381,0.3157,-0.37,CL,NYMEX,snap-20260727-cl,CL-20261014-79-P-20260727
20260727,CL,2026-11-18,59,C,13.62,13.94,13.78,371,1325,0.3123,0.642,CL,NYMEX,snap-20260727-cl,CL-20261118-59-C-20260727
20260727,CL,2026-11-18,59,P,4.47,4.57,4.52,564,1712,0.3369,-0.358,CL,NYMEX,snap-20260727-cl,CL-20261118-59-P-20260727
2026-07-27,CL,2026-11-18,60,C,12.58,12.87,12.72,523,1583,0.3081,0.654,CL,NYMEX,snap-20260727-cl,CL-20261118-60-C-20260727
2026-07-27,CL,11/18/26,60,Put,4.38,4.48,4.43,558,2140,0.3301,-0.346,CL,NYMEX,snap-20260727-cl,CL-20261118-60-P-20260727
07/27/2026,CL,11/18/26,61,C,11.54,11.79,11.66,446,1141,0.3039,0.67,CL,NYMEX,snap-20260727-cl,CL-20261118-61-C-20260727
20260727,CL,11/18/2026,61,P,4.29,4.39,4.34,262,974,0.3233,-0.333,CL,NYMEX,snap-20260727-cl,CL-20261118-61-P-20260727
07/27/26,cl,2026-11-18,62,C,10.5,10.72,10.61,242,1011,0.2997,0.683,CL,NYMEX,snap-20260727-cl,CL-20261118-62-C-20260727
2026-07-27,CL,2026-11-18,62,P,4.2,4.29,4.24,570,1633,0.3166,-0.32,CL,NYMEX,snap-20260727-cl,CL-20261118-62-P-20260727
2026-07-27,CL,2026-11-18,63,C,9.45,9.65,9.55,582,2749,0.2955,0.703,CL,NYMEX,snap-20260727-cl,CL-20261118-63-C-20260727
20260727,CL,2026-11-18,63,P,4.11,4.2,4.16,436,2099,0.3098,-0.297,CL,NYMEX,snap-20260727-cl,CL-20261118-63-P-20260727
2026-07-27,CL,11/18/2026,64,C,8.41,8.58,8.5,1695,6143,0.2913,0.727,CL,NYMEX,snap-20260727-cl,CL-20261118-64-C-20260727
2026-07-27,CL,2026-11-18,64,P,4.02,4.11,4.06,1933,6851,0.3031,-0.273,CL,NYMEX,snap-20260727-cl,CL-20261118-64-P-20260727
07/27/2026,CL,11/18/2026,65,C,7.37,7.51,7.44,2683,11579,0.2871,0.757,CL,NYMEX,snap-20260727-cl,CL-20261118-65-C-20260727
2026-07-27,CL,2026-11-18,65,P,3.94,4.01,3.97,6018,30038,0.2963,-0.243,CL,NYMEX,snap-20260727-cl,CL-20261118-65-P-20260727
07/27/26,CL,11/18/2026,66,C,6.32,6.45,6.38,6090,13474,0.2829,0.798,CL,NYMEX,snap-20260727-cl,CL-20261118-66-C-20260727
07/27/2026,CL,2026-11-18,66,Put,3.85,3.92,3.88,3538,17545,0.2895,-0.202,CL,NYMEX,snap-20260727-cl,CL-20261118-66-P-20260727
07/27/2026,CL,11/18/2026,67,C,5.28,5.38,5.33,6000,19186,0.2787,0.853,CL,NYMEX,snap-20260727-cl,CL-20261118-67-C-20260727
2026-07-27,CL,2026-11-18,67,P,3.76,3.83,3.8,"5,129",24192,0.2828,-0.147,CL,NYMEX,snap-20260727-cl,CL-20261118-67-P-20260727
2026-07-27,CL,2026-11-18,68,C,4.23,4.31,4.27,9580,42035,0.2745,0.933,CL,NYMEX,snap-20260727-cl,CL-20261118-68-C-20260727
2026-07-27,CL,2026-11-18,68,P,3.67,3.74,3.7,8811,30750,0.276,-0.067,CL,NYMEX,snap-20260727-cl,CL-20261118-68-P-20260727
2026-07-27,CL,20261118,69,C,3.64,3.71,3.68,6793,17485,0.2741,0.951,CL,NYMEX,snap-20260727-cl,CL-20261118-69-C-20260727
2026-07-27,CL,20261118,69,P,4.05,4.12,4.08,11736,57757,0.2737,-0.049,CL,NYMEX,snap-20260727-cl,CL-20261118-69-P-20260727
2026-07-27,CL,2026-11-18,70,C,3.71,3.78,3.74,8807,36515,0.2791,0.865,CL,NYMEX,snap-20260727-cl,CL-20261118-70-C-20260727
2026-07-27,CL,11/18/2026,70,P,5.09,5.19,5.14,12247,44964,0.2779,-0.135,CL,NYMEX,snap-20260727-cl,CL-20261118-70-P-20260727
2026-07-27,CL,2026-11-18,71,C,3.78,3.85,3.82,2976,12930,0.2841,0.806,CL,NYMEX,snap-20260727-cl,CL-20261118-71-C-20260727
2026-07-27,CL,2026-11-18,71,P,6.14,6.25,6.2,7724,21499,0.2821,-0.194,CL,NYMEX,snap-20260727-cl,CL-20261118-71-P-20260727
07/27/2026,CL,2026-11-18,72,C,3.84,3.92,3.88,5153,"24,042",0.2892,0.764,CL,NYMEX,snap-20260727-cl,CL-20261118-72-C-20260727
2026-07-27,CL,20261118,72,Put,7.18,7.32,7.25,"2,518",9849,0.2863,-0.236,CL,NYMEX,snap-20260727-cl,CL-20261118-72-P-20260727
2026-07-27,CL,2026-11-18,73,C,3.91,3.99,3.95,2558,6710,0.2942,0.732,CL,NYMEX,snap-20260727-cl,CL-20261118-73-C-20260727
07/27/2026,CL,11/18/2026,73,P,8.22,8.39,8.3,3450,12685,0.2905,-0.268,CL,NYMEX,snap-20260727-cl,CL-20261118-73-P-20260727
2026-07-27,CL,2026-11-18,74,C,3.97,4.06,4.01,607,2818,0.2993,0.707,CL,NYMEX,snap-20260727-cl,CL-20261118-74-C-20260727
07/27/26,CL,2026-11-18,74,P,9.27,9.46,9.36,437,1221,0.2947,-0.293,CL,NYMEX,snap-20260727-cl,CL-20261118-74-P-20260727
2026-07-27,CL,11/18/26,75,C,4.04,4.13,4.08,550,1796,0.3043,0.686,CL,NYMEX,snap-20260727-cl,CL-20261118-75-C-20260727
2026-07-27,CL,11/18/2026,75,P ,10.31,10.53,10.42,784,3876,0.30,-0.31,CL,NYMEX,snap-20260727-cl,CL-20261118-75-P-20260727
2026-07-27,cl,2026-11-18,76.00,C,4.1,4.2,4.15,456,2059,0.3093,0.67,CL,NYMEX,snap-20260727-cl,CL-20261118-76-C-20260727
2026-07-27,CL,2026-11-18,76,P,11.35,11.6,11.48,399,1448,0.3031,-0.33,CL,NYMEX,snap-20260727-cl,CL-20261118-76-P-20260727
07/27/26,CL,11/18/2026,77,C,4.17,4.27,4.22,438,1690,0.3144,0.656,CL,NYMEX,snap-20260727-cl,CL-20261118-77-C-20260727
20260727,CL,2026-11-18,77,P,12.39,12.67,12.53,553,2595,0.3073,-0.344,CL,NYMEX,snap-20260727-cl,CL-20261118-77-P-20260727
2026-07-27,CL,11/18/2026,78,C,4.24,4.33,4.28,476,2128,0.3194,0.644,CL,NYMEX,snap-20260727-cl,CL-20261118-78-C-20260727
07/27/2026,CL,2026-11-18,78,P,13.43,13.75,13.59,340,1179,0.3115,-0.356,CL,NYMEX,snap-20260727-cl,CL-20261118-78-P-20260727
2026-07-27,CL,20261118,79,C,4.3,4.4,4.35,496,1375,0.3245,0.634,CL,NYMEX,snap-20260727-cl,CL-20261118-79-C-20260727
2026-07-27,CL,2026-11-18,79,P,14.47,14.82,14.64,254,1138,0.3157,-0.37,CL,NYMEX,snap-20260727-cl,CL-20261118-79-P-20260727
07/28/26,CL,20260819,57,C,11.28,11.46,11.37,1021,3043,0.3134,0.64,CL,NYMEX,snap-20260728-cl,CL-20260819-57-C-20260728
07/28/2026,CL,2026-08-19,57,P,1.92,1.95,1.94,1160,3567,0.3388,-0.361,CL,NYMEX,snap-20260728-cl,CL-20260819-57-P-20260728
07/28/26,CL,08/19/26,58,C,10.27,10.43,10.35,605,2585,0.3091,0.651,CL,NYMEX,snap-20260728-cl,CL-20260819-58-C-20260728
07/28/2026,CL,2026-08-19,58,P,1.88,1.91,1.9,1037,4656,0.3318,-0.349,CL,NYMEX,snap-20260728-cl,CL-20260819-58-P-20260728
2026-07-28,CL,08/19/2026,59,C,9.26,9.39,9.32,903,2238,0.3048,0.664,CL,NYMEX,snap-20260728-cl,CL-20260819-59-C-20260728
2026-07-28,CL,08/19/2026,59,P,1.84,1.87,1.86,792,3419,0.3248,-0.336,CL,NYMEX,snap-20260728-cl,CL-20260819-59-P-20260728
2026-07-28,CL,08/19/2026,60,Call,8.24,8.36,8.3,482,2067,0.3005,0.68,CL,NYMEX,snap-20260728-cl,CL-20260819-60-C-20260728
2026-07-28,CL,2026-08-19,60,P,1.81,1.83,1.82,1713,8746,0.3179,-0.32,CL,NYMEX,snap-20260728-cl,CL-20260819-60-P-20260728
07/28/2026,CL,2026-08-19,61,C,7.23,7.32,7.28,771,3142,0.2961,0.699,CL,NYMEX,snap-20260728-cl,CL-20260819-61-C-20260728
2026-07-28,CL,20260819,61,P,1.77,1.79,1.78,452,1496,0.3109,-0.301,CL,NYMEX,snap-20260728-cl,CL-20260819-61-P-20260728
07/28/2026,CL,08/19/2026,62,C,6.21,6.29,6.25,3479,14376,0.2918,0.72,CL,NYMEX,snap-20260728-cl,CL-20260819-62-C-20260728
2026-07-28,CL,2026-08-19,62,P,1.73,1.75,1.74,2116,9305,0.3039,-0.277,CL,NYMEX,snap-20260728-cl,CL-20260819-62-P-20260728
2026-07-28,CL,2026-08-19,63,Call,5.19,5.26,5.22,7632,22715,0.2875,0.754,CL,NYMEX,snap-20260728-cl,CL-20260819-63-C-20260728
2026-07-28,CL,08/19/2026,63.00,put,1.69,1.71,1.70,3968,17695,0.2969,-0.246,CL,NYMEX,snap-20260728-cl,CL-20260819-63-P-20260728
2026-07-28,CL,20260819,64,C,4.18,4.22,4.2,11273,32899,0.2832,0.795,CL,NYMEX,snap-20260728-cl,CL-20260819-64-C-20260728
07/28/2026,CL,08/19/2026,64,P,1.65,1.67,1.66,8155,"39,660",0.29,-0.205,CL,NYMEX,snap-20260728-cl,CL-20260819-64-P-20260728
07/28/2026,CL,2026-08-19,65,C,3.16,3.19,3.18,22575,76754,0.2788,0.85,CL,NYMEX,snap-20260728-cl,CL-20260819-65-C-20260728
2026-07-28,CL,08/19/2026,65,P,1.61,1.63,1.62,18889,94667,0.283,-0.15,CL,NYMEX,snap-20260728-cl,CL-20260819-65-P-20260728
07/28/2026,CL,2026-08-19,66,C,2.14,2.16,2.15,20937,77397,0.2745,0.93,CL,NYMEX,snap-20260728-cl,CL-20260819-66-C-20260728
20260728,CL,2026-08-19,66,P,1.57,1.59,1.58,8961,48224,0.276,-0.068,CL,NYMEX,snap-20260728-cl,CL-20260819-66-P-20260728
2026-07-28,CL,2026-08-19,67,C,1.56,1.58,1.57,8084,28562,0.2742,0.95,CL,NYMEX,snap-20260728-cl,CL-20260819-67-C-20260728
2026-07-28,CL,20260819,67.00,P,1.98,2.00,1.99,19376,83937,0.2738,-0.051,CL,NYMEX,snap-20260728-cl,CL-20260819-67-P-20260728
07/28/2026,CL,2026-08-19,68,C,1.59,1.61,1.6,8066,38513,0.2794,0.861,CL,NYMEX,snap-20260728-cl,CL-20260819-68-C-20260728
07/28/26,CL,08/19/26,68,P,3,3.03,3.01,16795,"52,477",0.2781,-0.139,CL,NYMEX,snap-20260728-cl,CL-20260819-68-P-20260728
2026-07-28,CL,2026-08-19,69,C,1.62,1.64,1.63,6354,19975,0.2846,0.802,CL,NYMEX,snap-20260728-cl,CL-20260819-69-C-20260728
20260728,CL,2026-08-19,69,P,4.01,4.06,4.04,15275,45692,0.2825,-0.198,CL,NYMEX,snap-20260728-cl,CL-20260819-69-P-20260728
2026-07-28,CL,08/19/2026,70,C,1.65,1.67,1.66,13464,64166,0.29,0.76,CL,NYMEX,snap-20260728-cl,CL-20260819-70-C-20260728
07/28/2026,CL,08/19/26,70,P,5.03,5.09,5.06,10029,42270,0.2868,-0.24,CL,NYMEX,snap-20260728-cl,CL-20260819-70-P-20260728
2026-07-28,CL,08/19/2026,71,C,1.68,1.7,1.69,2158,5845,0.2949,0.728,CL,NYMEX,snap-20260728-cl,CL-20260819-71-C-20260728
07/28/2026,CL,2026-08-19,71.00,P ,6.05,6.12,6.08,2950,15812,0.2911,-0.272,CL,NYMEX,snap-20260728-cl,CL-20260819-71-P-20260728
2026-07-28,CL,20260819,72,C,1.71,1.73,1.72,767,3165,0.3001,0.703,CL,NYMEX,snap-20260728-cl,CL-20260819-72-C-20260728
07/28/26,CL,2026-08-19,72,Put,7.06,7.16,7.11,551,2996,0.2954,-0.297,CL,NYMEX,snap-20260728-cl,CL-20260819-72-P-20260728
07/28/2026,CL,2026-08-19,73,C,1.73,1.76,1.74,945,2627,0.3053,0.683,CL,NYMEX,snap-20260728-cl,CL-20260819-73-C-20260728
07/28/26,CL,08/19/2026,73,P,8.08,8.19,8.14,467,1888,0.2998,-0.317,CL,NYMEX,snap-20260728-cl,CL-20260819-73-P-20260728
07/28/26,CL,08/19/2026,74,C,1.76,1.79,1.78,588,1519,0.3105,0.666,CL,NYMEX,snap-20260728-cl,CL-20260819-74-C-20260728
20260728,CL,2026-08-19,74,P,9.09,9.23,9.16,446,2165,0.3041,-0.334,CL,NYMEX,snap-20260728-cl,CL-20260819-74-P-20260728
20260728,CL,2026-08-19,75,C,1.79,1.82,1.8,480,2178,0.3157,0.65,CL,NYMEX,snap-20260728-cl,CL-20260819-75-C-20260728
07/28/2026,CL,20260819,75,P,10.11,10.26,10.18,702,2405,0.3084,-0.347,CL,NYMEX,snap-20260728-cl,CL-20260819-75-P-20260728
2026-07-28,CL,2026-08-19,76,C,1.82,1.85,1.84,470,1491,0.3209,0.641,CL,NYMEX,snap-20260728-cl,CL-20260819-76-C-20260728
2026-07-28,CL,2026-08-19,76.00,P,11.12,11.3,11.21,564,"1,573",0.3127,-0.359,CL,NYMEX,snap-20260728-cl,CL-20260819-76-P-20260728
07/28/26,CL,2026-08-19,77,C,1.85,1.88,1.86,461,2081,0.3261,0.631,CL,NYMEX,snap-20260728-cl,CL-20260819-77-C-20260728
07/28/26,CL,2026-08-19,77,P,12.14,12.33,12.24,1038,5067,0.3171,-0.369,CL,NYMEX,snap-20260728-cl,CL-20260819-77-P-20260728
2026-07-28,CL,09/16/2026,57,C,12.17,12.39,12.28,328,"1,278",0.3134,0.639,CL,NYMEX,snap-20260728-cl,CL-20260916-57-C-20260728
20260728,CL,2026-09-16,57,P,2.9,2.95,2.92,621,2711,0.3388,-0.361,CL,NYMEX,snap-20260728-cl,CL-20260916-57-P-20260728
2026-07-28,CL,2026-09-16,58,C,11.15,11.34,11.24,330,1398,0.31,0.651,CL,NYMEX,snap-20260728-cl,CL-20260916-58-C-20260728
07/28/2026,CL,20260916,58,P,2.84,2.89,2.86,869,2232,0.3318,-0.349,CL,NYMEX,snap-20260728-cl,CL-20260916-58-P-20260728
2026-07-28,CL,20260916,59,Call,10.12,10.29,10.2,764,2037,0.3048,0.664,CL,NYMEX,snap-20260728-cl,CL-20260916-59-C-20260728
2026-07-28,CL,09/16/26,59,P,2.78,2.82,2.8,652,2123,0.3248,-0.336,CL,NYMEX,snap-20260728-cl,CL-20260916-59-P-20260728
2026-07-28,CL,09/16/2026,60,C,9.1,9.25,9.18,767,2220,0.3005,0.68,CL,NYMEX,snap-20260728-cl,CL-20260916-60-C-20260728
2026-07-28,CL,2026-09-16,60,P,2.72,2.76,2.74,1369,4174,0.3179,-0.32,CL,NYMEX,snap-20260728-cl,CL-20260916-60-P-20260728
07/28/26,CL,2026-09-16,61.00,C,8.07,8.2,8.14,509,"1,588",0.2961,0.699,CL,NYMEX,snap-20260728-cl,CL-20260916-61-C-20260728
2026-07-28,CL,20260916,61,P,2.66,2.7,2.68,1050,5284,0.3109,-0.301,CL,NYMEX,snap-20260728-cl,CL-20260916-61-P-20260728
07/28/26,CL,2026-09-16,62,C,7.04,7.15,7.1,2154,5874,0.2918,0.723,CL,NYMEX,snap-20260728-cl,CL-20260916-62-C-20260728
20260728,CL,2026-09-16,62,P,2.6,2.64,2.62,3332,"16,392",0.3039,-0.277,CL,NYMEX,snap-20260728-cl,CL-20260916-62-P-20260728
2026-07-28,CL,20260916,63,C,6.02,6.1,6.06,3594,12466,0.2875,0.754,CL,NYMEX,snap-20260728-cl,CL-20260916-63-C-20260728
2026-07-28,CL,2026-09-16,63,P,2.54,2.58,2.56,5967,"21,356",0.2969,-0.246,CL,NYMEX,snap-20260728-cl,CL-20260916-63-P-20260728
07/28/2026,CL,20260916,64,C,4.99,5.06,5.02,4550,19705,0.2832,0.795,CL,NYMEX,snap-20260728-cl,CL-20260916-64-C-20260728
07/28/2026,CL,20260916,64,P,2.48,2.52,2.5,13246,47658,0.29,-0.205,CL,NYMEX,snap-20260728-cl,CL-20260916-64-P-20260728
2026-07-28,CL,20260916,65,C,3.96,4.01,3.98,22398,93296,0.2788,0.85,CL,NYMEX,snap-20260728-cl,CL-20260916-65-C-20260728
2026-07-28,CL,09/16/26,65,P,2.42,2.46,2.44,12356,35988,0.283,-0.15,CL,NYMEX,snap-20260728-cl,CL-20260916-65-P-20260728
20260728,CL,20260916,66,C,2.93,2.97,2.95,11661,51776,0.2745,0.932,CL,NYMEX,snap-20260728-cl,CL-20260916-66-C-20260728
07/28/2026,CL,09/16/2026,66,P,2.37,2.4,2.38,10069,33492,0.276,-0.068,CL,NYMEX,snap-20260728-cl,CL-20260916-66-P-20260728
2026-07-28,CL,09/16/26,67.00,C,2.35,2.38,2.37,"10,446",44751,0.2742,0.95,CL,NYMEX,snap-20260728-cl,CL-20260916-67-C-20260728
07/28/26,CL,2026-09-16,67.00,P,2.76,2.8,2.78,12556,37245,0.2738,-0.051,CL,NYMEX,snap-20260728-cl,CL-20260916-67-P-20260728
2026-07-28,CL,2026-09-16,68,C,2.39,2.43,2.41,7294,26454,0.2794,0.861,CL,NYMEX,snap-20260728-cl,CL-20260916-68-C-20260728
2026-07-28,CL,2026-09-16,68,P ,3.79,3.84,3.82,14997,70367,0.2781,-0.139,CL,NYMEX,snap-20260728-cl,CL-20260916-68-P-20260728
07/28/26,CL,2026-09-16,69,C,2.44,2.47,2.46,10250,43762,0.2846,0.802,CL,NYMEX,snap-20260728-cl,CL-20260916-69-C-20260728
2026-07-28,CL,2026-09-16,69,P ,4.82,4.89,4.86,6414,19997,0.2825,-0.198,CL,NYMEX,snap-20260728-cl,CL-20260916-69-P-20260728
2026-07-28,CL,2026-09-16,70,Call,2.48,2.52,2.5,11343,27913,0.2898,0.76,CL,NYMEX,snap-20260728-cl,CL-20260916-70-C-20260728
2026-07-28,CL,20260916,70,P,5.85,5.94,5.9,10382,36670,0.2868,-0.24,CL,NYMEX,snap-20260728-cl,CL-20260916-70-P-20260728
2026-07-28,CL,09/16/2026,71,C,2.52,2.56,2.54,2154,8139,0.2949,0.728,CL,NYMEX,snap-20260728-cl,CL-20260916-71-C-20260728
2026-07-28,CL,20260916,71,Put,6.88,6.98,6.93,5806,"21,252",0.2911,-0.272,CL,NYMEX,snap-20260728-cl,CL-20260916-71-P-20260728
2026-07-28,CL,2026-09-16,72,C,2.57,2.61,2.59,972,2159,0.3001,0.703,CL,NYMEX,snap-20260728-cl,CL-20260916-72-C-20260728
2026-07-28,CL,2026-09-16,72.00,P,7.91,8.03,7.97,1080,5149,0.2954,-0.297,CL,NYMEX,snap-20260728-cl,CL-20260916-72-P-20260728
2026-07-28,cl,2026-09-16,73,C,2.61,2.65,2.63,509,1654,0.3053,0.683,CL,NYMEX,snap-20260728-cl,CL-20260916-73-C-20260728
07/28/2026,cl,2026-09-16,73,P,8.93,9.08,9,595,1580,0.2998,-0.317,CL,NYMEX,snap-20260728-cl,CL-20260916-73-P-20260728
07/28/26,CL,09/16/2026,74,C,2.66,2.7,2.68,905,"2,427",0.3105,0.666,CL,NYMEX,snap-20260728-cl,CL-20260916-74-C-20260728
20260728,CL,2026-09-16,74,Put,9.96,10.13,10.05,414,2027,0.3041,-0.334,CL,NYMEX,snap-20260728-cl,CL-20260916-74-P-20260728
07/28/2026,CL,2026-09-16,75,C,2.7,2.75,2.72,1150,3065,0.3157,0.653,CL,NYMEX,snap-20260728-cl,CL-20260916-75-C-20260728
07/28/2026,CL,2026-09-16,75,P,10.98,11.18,11.08,495,2242,0.3084,-0.347,CL,NYMEX,snap-20260728-cl,CL-20260916-75-P-20260728
20260728,CL,09/16/2026,76,C,2.74,2.79,2.76,589,1712,0.3209,0.641,CL,NYMEX,snap-20260728-cl,CL-20260916-76-C-20260728
07/28/2026,CL,09/16/26,76,P,12.01,12.23,12.12,743,3419,0.3127,-0.36,CL,NYMEX,snap-20260728-cl,CL-20260916-76-P-20260728
2026-07-28,CL,2026-09-16,77,C,2.79,2.84,2.82,603,2763,0.3261,0.631,CL,NYMEX,snap-20260728-cl,CL-20260916-77-C-20260728
07/28/2026,CL,2026-09-16,77,P,13.03,13.28,13.16,358,1159,0.32,-0.369,CL,NYMEX,snap-20260728-cl,CL-20260916-77-P-20260728
2026-07-28,CL,10/14/26,57,C,12.83,13.09,12.96,366,1362,0.3134,0.639,CL,NYMEX,snap-20260728-cl,CL-20261014-57-C-20260728
07/28/2026,CL,10/14/26,57,P,3.61,3.69,3.65,417,1721,0.3388,-0.361,CL,NYMEX,snap-20260728-cl,CL-20261014-57-P-20260728
2026-07-28,CL,2026-10-14,58,C,11.79,12.03,11.91,714,1779,0.3091,0.651,CL,NYMEX,snap-20260728-cl,CL-20261014-58-C-20260728
07/28/2026,CL,2026-10-14,58,P,3.54,3.61,3.58,405,1621,0.3318,-0.349,CL,NYMEX,snap-20260728-cl,CL-20261014-58-P-20260728
07/28/2026,CL,2026-10-14,59,C,10.76,10.97,10.86,630,2369,0.3048,0.664,CL,NYMEX,snap-20260728-cl,CL-20261014-59-C-20260728
07/28/2026,CL,10/14/26,59,P,3.47,3.53,3.5,432,1195,0.3248,-0.336,CL,NYMEX,snap-20260728-cl,CL-20261014-59-P-20260728
2026-07-28,CL,20261014,60,C,9.73,9.91,9.82,610,"1,366",0.3005,0.68,CL,NYMEX,snap-20260728-cl,CL-20261014-60-C-20260728
2026-07-28,CL,2026-10-14,60,P,3.39,3.46,3.42,1152,3050,0.3179,-0.32,CL,NYMEX,snap-20260728-cl,CL-20261014-60-P-20260728
2026-07-28,CL,20261014,61,C,8.69,8.85,8.77,533,2033,0.30,0.699,CL,NYMEX,snap-20260728-cl,CL-20261014-61-C-20260728
2026-07-28,CL,20261014,61,C,8.69,8.85,8.77,533,2033,0.30,0.699,CL,NYMEX,snap-20260728-cl-retry,CL-20261014-61-C-20260728
07/28/2026,CL,10/14/2026,61,P,3.32,3.38,3.35,394,"1,410",0.3109,-0.301,CL,NYMEX,snap-20260728-cl,CL-20261014-61-P-20260728
2026-07-28,CL,20261014,62,Call,7.66,7.79,7.72,3131,11935,0.2918,0.723,CL,NYMEX,snap-20260728-cl,CL-20261014-62-C-20260728
2026-07-28,cl,10/14/2026,62,P,3.25,3.3,3.28,3267,11722,0.3039,-0.277,CL,NYMEX,snap-20260728-cl,CL-20261014-62-P-20260728
2026-07-28,CL,2026-10-14,63,C,6.62,6.73,6.68,5322,21021,0.2875,0.754,CL,NYMEX,snap-20260728-cl,CL-20261014-63-C-20260728
2026-07-28,CL,10/14/26,63,P,3.17,3.23,3.2,6428,"25,211",0.2969,-0.246,CL,NYMEX,snap-20260728-cl,CL-20261014-63-P-20260728
2026-07-28,CL,20261014,64,C,5.59,5.68,5.64,9291,30035,0.2832,0.795,CL,NYMEX,snap-20260728-cl,CL-20261014-64-C-20260728
2026-07-28,cl,10/14/2026,64,P,3.1,3.15,3.12,8627,47041,0.29,-0.205,CL,NYMEX,snap-20260728-cl,CL-20261014-64-P-20260728
2026-07-28,CL,2026-10-14,65,C,4.55,4.62,4.58,14085,66025,0.2788,0.85,CL,NYMEX,snap-20260728-cl,CL-20261014-65-C-20260728
07/28/2026,CL,20261014,65,Put,3.03,3.07,3.05,7240,26089,0.283,-0.15,CL,NYMEX,snap-20260728-cl,CL-20261014-65-P-20260728
07/28/26,CL,2026-10-14,66,C,3.51,3.56,3.54,"11,435",30777,0.2745,0.932,CL,NYMEX,snap-20260728-cl,CL-20261014-66-C-20260728
2026-07-28,CL,2026-10-14,66,P,2.95,3,2.98,6840,26807,0.276,-0.068,CL,NYMEX,snap-20260728-cl,CL-20261014-66-P-20260728
20260728,CL,2026-10-14,67,C,2.93,2.98,2.96,"6,006",25968,0.2742,0.949,CL,NYMEX,snap-20260728-cl,CL-20261014-67-C-20260728
20260728,CL,2026-10-14,67,C,2.93,2.98,2.96,"6,006",25968,0.2742,0.949,CL,NYMEX,snap-20260728-cl-retry,CL-20261014-67-C-20260728
2026-07-28,CL,20261014,67,P,3.34,3.39,3.36,7533,23294,0.2738,-0.051,CL,NYMEX,snap-20260728-cl,CL-20261014-67-P-20260728
2026-07-28,CL,2026-10-14,68,C,2.99,3.03,3.01,12146,35331,0.2794,0.861,CL,NYMEX,snap-20260728-cl,CL-20261014-68-C-20260728
2026-07-28,CL,2026-10-14,68,C,2.99,3.03,3.01,12146,35331,0.2794,0.861,CL,NYMEX,snap-20260728-cl-retry,CL-20261014-68-C-20260728
20260728,CL,10/14/2026,68,P,4.38,4.45,4.42,9126,43623,0.2781,-0.139,CL,NYMEX,snap-20260728-cl,CL-20261014-68-P-20260728
07/28/26,CL,2026-10-14,69,C,3.04,3.09,3.06,8949,28221,0.2846,0.802,CL,NYMEX,snap-20260728-cl,CL-20261014-69-C-20260728
2026-07-28,CL,10/14/2026,69,P,5.42,5.51,5.46,8021,31210,0.2825,-0.198,CL,NYMEX,snap-20260728-cl,CL-20261014-69-P-20260728
2026-07-28,CL,20261014,70,C,3.1,3.15,3.12,9981,"37,676",0.2898,0.76,CL,NYMEX,snap-20260728-cl,CL-20261014-70-C-20260728
2026-07-28,CL,2026-10-14,70,P,6.46,6.56,6.51,7901,25062,0.2868,-0.24,CL,NYMEX,snap-20260728-cl,CL-20261014-70-P-20260728
2026-07-28,cl,2026-10-14,71,C,3.15,3.2,3.18,2291,5591,0.2949,0.728,CL,NYMEX,snap-20260728-cl,CL-20261014-71-C-20260728
20260728,CL,20261014,71,P,7.49,7.62,7.56,"2,628",9910,0.2911,-0.272,CL,NYMEX,snap-20260728-cl,CL-20261014-71-P-20260728
20260728,CL,2026-10-14,72.00,C,3.2,3.26,3.23,493,2312,0.30,0.70,CL,NYMEX,snap-20260728-cl,CL-20261014-72-C-20260728
07/28/2026,CL,2026-10-14,72,Put,8.53,8.68,8.6,723,1900,0.2954,-0.297,CL,NYMEX,snap-20260728-cl,CL-20261014-72-P-20260728
07/28/26,CL,10/14/2026,73,C,3.26,3.32,3.29,732,1878,0.3053,0.683,CL,NYMEX,snap-20260728-cl,CL-20261014-73-C-20260728
2026-07-28,CL,2026-10-14,73,P,9.56,9.74,9.65,283,870,0.2998,-0.317,CL,NYMEX,snap-20260728-cl,CL-20261014-73-P-20260728
07/28/2026,CL,20261014,74,C,3.31,3.38,3.34,544,1342,0.3105,0.666,CL,NYMEX,snap-20260728-cl,CL-20261014-74-C-20260728
07/28/2026,CL,2026-10-14,74,P,10.59,10.8,10.70,844,4354,0.3041,-0.334,CL,NYMEX,snap-20260728-cl,CL-20261014-74-P-20260728
07/28/2026,CL,10/14/26,75,C,3.37,3.43,3.4,569,2102,0.3157,0.653,CL,NYMEX,snap-20260728-cl,CL-20261014-75-C-20260728
20260728,CL,10/14/2026,75,P,11.63,11.86,11.74,844,"4,427",0.3084,-0.347,CL,NYMEX,snap-20260728-cl,CL-20261014-75-P-20260728
2026-07-28,CL,10/14/26,76,Call,3.42,3.49,3.46,760,2585,0.3209,0.641,CL,NYMEX,snap-20260728-cl,CL-20261014-76-C-20260728
2026-07-28,CL,20261014,76.00,P,12.66,12.92,12.79,433,2307,0.3127,-0.36,CL,NYMEX,snap-20260728-cl,CL-20261014-76-P-20260728
07/28/2026,CL,2026-10-14,77,C,3.48,3.55,3.51,631,2219,0.3261,0.631,CL,NYMEX,snap-20260728-cl,CL-20261014-77-C-20260728
20260728,CL,10/14/2026,77,P,13.69,13.98,13.84,843,2923,0.3171,-0.369,CL,NYMEX,snap-20260728-cl,CL-20261014-77-P-20260728
07/28/2026,CL,2026-11-18,57,C,13.49,13.8,13.64,410,1967,0.3134,0.639,CL,NYMEX,snap-20260728-cl,CL-20261118-57-C-20260728
2026-07-28,CL,2026-11-18,57,P,4.34,4.44,4.39,487,1880,0.3388,-0.361,CL,NYMEX,snap-20260728-cl,CL-20261118-57-P-20260728
2026-07-28,cl,2026-11-18,58,C,12.45,12.73,12.59,176,796,0.3091,0.651,CL,NYMEX,snap-20260728-cl,CL-20261118-58-C-20260728
2026-07-28,CL,11/18/2026,58,P,4.25,4.35,4.3,482,2229,0.3318,-0.349,CL,NYMEX,snap-20260728-cl,CL-20261118-58-P-20260728
2026-07-28,CL,11/18/2026,59,C,11.41,11.66,11.54,332,956,0.3048,0.664,CL,NYMEX,snap-20260728-cl,CL-20261118-59-C-20260728
2026-07-28,CL,20261118,59,P,4.17,4.26,4.22,515,"2,103",0.3248,-0.34,CL,NYMEX,snap-20260728-cl,CL-20261118-59-P-20260728
07/28/2026,cl,11/18/2026,60,C,10.36,10.59,10.48,355,1305,0.3005,0.68,CL,NYMEX,snap-20260728-cl,CL-20261118-60-C-20260728
07/28/26,CL,2026-11-18,60.00,P,4.08,4.17,4.12,780,2277,0.3179,-0.32,CL,NYMEX,snap-20260728-cl,CL-20261118-60-P-20260728
07/28/2026,CL,2026-11-18,61,C,9.32,9.52,9.42,327,1531,0.2961,0.699,CL,NYMEX,snap-20260728-cl,CL-20261118-61-C-20260728
2026-07-28,CL,11/18/2026,61,P,3.99,4.07,4.03,611,2020,0.3109,-0.301,CL,NYMEX,snap-20260728-cl,CL-20261118-61-P-20260728
20260728,CL,2026-11-18,62,Call,8.28,8.45,8.36,"1,635",3685,0.2918,0.723,CL,NYMEX,snap-20260728-cl,CL-20261118-62-C-20260728
2026-07-28,CL,2026-11-18,62,P,3.9,3.98,3.94,2500,6582,0.3039,-0.277,CL,NYMEX,snap-20260728-cl,CL-20261118-62-P-20260728
2026-07-28,CL,11/18/26,63,C,7.24,7.38,7.31,"4,794",16077,0.2875,0.754,CL,NYMEX,snap-20260728-cl,CL-20261118-63-C-20260728
2026-07-28,CL,2026-11-18,63,P,3.81,3.89,3.85,3648,19513,0.2969,-0.246,CL,NYMEX,snap-20260728-cl,CL-20261118-63-P-20260728
07/28/2026,CL,2026-11-18,64,C,6.19,6.31,6.25,4686,13634,0.2832,0.795,CL,NYMEX,snap-20260728-cl,CL-20261118-64-C-20260728
07/28/26,CL,2026-11-18,64,P,3.72,3.80,3.76,"3,327",9720,0.29,-0.205,CL,NYMEX,snap-20260728-cl,CL-20261118-64-P-20260728
2026-07-28,CL,11/18/2026,65,C,5.15,5.24,5.2,4862,17862,0.2788,0.85,CL,NYMEX,snap-20260728-cl,CL-20261118-65-C-20260728
2026-07-28,cl,11/18/2026,65,P,3.64,3.7,3.67,5513,26899,0.283,-0.15,CL,NYMEX,snap-20260728-cl,CL-20261118-65-P-20260728
20260728,cl,2026-11-18,66,C,4.1,4.18,4.14,10073,40695,0.2745,0.932,CL,NYMEX,snap-20260728-cl,CL-20261118-66-C-20260728
2026-07-28,CL,20261118,66,P,3.55,3.61,3.58,11308,53157,0.276,-0.068,CL,NYMEX,snap-20260728-cl,CL-20261118-66-P-20260728
2026-07-28,CL,2026-11-18,67,C,3.52,3.59,3.55,7268,27073,0.2742,0.95,CL,NYMEX,snap-20260728-cl,CL-20261118-67-C-20260728
07/28/2026,cl,2026-11-18,67,P,3.94,4.01,3.97,9179,40792,0.2738,-0.051,CL,NYMEX,snap-20260728-cl,CL-20261118-67-P-20260728
2026-07-28,CL,2026-11-18,68,C,3.59,3.66,3.62,"7,431",22984,0.2794,0.86,CL,NYMEX,snap-20260728-cl,CL-20261118-68-C-20260728
07/28/26,CL,11/18/2026,68,P,4.98,5.07,5.02,7553,26855,0.2781,-0.139,CL,NYMEX,snap-20260728-cl,CL-20261118-68-P-20260728
2026-07-28,CL,2026-11-18,69,C,3.65,3.72,3.68,4262,11943,0.2846,0.802,CL,NYMEX,snap-20260728-cl,CL-20261118-69-C-20260728
20260728,cl,11/18/2026,69,P,6.03,6.14,6.08,2913,"8,128",0.2825,-0.198,CL,NYMEX,snap-20260728-cl,CL-20261118-69-P-20260728
20260728,CL,2026-11-18,70,C,3.72,3.79,3.76,3015,10313,0.2898,0.76,CL,NYMEX,snap-20260728-cl,CL-20261118-70-C-20260728
2026-07-28,CL,2026-11-18,70,P,7.07,7.21,7.14,4870,13652,0.2868,-0.24,CL,NYMEX,snap-20260728-cl,CL-20261118-70-P-20260728
2026-07-28,CL,2026-11-18,71,C,3.79,3.86,3.82,2776,12374,0.2949,0.728,CL,NYMEX,snap-20260728-cl,CL-20261118-71-C-20260728
2026-07-28,CL,2026-11-18,71,P,8.11,8.28,8.2,2685,7360,0.2911,-0.272,CL,NYMEX,snap-20260728-cl,CL-20261118-71-P-20260728
07/28/2026,CL,2026-11-18,72,C,3.85,3.93,3.89,648,1510,0.3001,0.703,CL,NYMEX,snap-20260728-cl,CL-20261118-72-C-20260728
07/28/2026,CL,20261118,72,P,9.16,9.35,9.25,385,1538,0.2954,-0.297,CL,NYMEX,snap-20260728-cl,CL-20261118-72-P-20260728
20260728,CL,2026-11-18,73,C,3.92,4,3.96,192,491,0.3053,0.683,CL,NYMEX,snap-20260728-cl,CL-20261118-73-C-20260728
2026-07-28,CL,2026-11-18,73,P,10.2,10.42,10.31,369,1308,0.2998,-0.317,CL,NYMEX,snap-20260728-cl,CL-20261118-73-P-20260728
07/28/2026,CL,11/18/2026,74,C,3.98,4.07,4.02,398,1245,0.3105,0.666,CL,NYMEX,snap-20260728-cl,CL-20261118-74-C-20260728
20260728,CL,11/18/26,74,Put,11.24,11.49,11.36,617,2510,0.3041,-0.334,CL,NYMEX,snap-20260728-cl,CL-20261118-74-P-20260728
2026-07-28,CL,11/18/2026,75,Call,4.05,4.14,4.09,353,1067,0.3157,0.65,CL,NYMEX,snap-20260728-cl,CL-20261118-75-C-20260728
07/28/2026,CL,11/18/2026,75,P,12.28,12.56,12.42,403,2171,0.3084,-0.347,CL,NYMEX,snap-20260728-cl,CL-20261118-75-P-20260728
07/28/26,CL,11/18/2026,76,C,4.11,4.21,4.16,531,2221,0.3209,0.641,CL,NYMEX,snap-20260728-cl,CL-20261118-76-C-20260728
07/28/2026,cl,20261118,76,P,13.32,13.63,13.48,474,2524,0.3127,-0.359,CL,NYMEX,snap-20260728-cl,CL-20261118-76-P-20260728
2026-07-28,CL,2026-11-18,77,Call,4.18,4.28,4.23,294,1074,0.3261,0.631,CL,NYMEX,snap-20260728-cl,CL-20261118-77-C-20260728
20260728,CL,2026-11-18,77,Put,14.36,14.7,14.53,364,1881,0.3171,-0.369,CL,NYMEX,snap-20260728-cl,CL-20261118-77-P-20260728
2026-07-29,CL,2026-08-19,58,C,11.35,11.53,11.44,428,1166,0.3131,0.64,CL,NYMEX,snap-20260729-cl,CL-20260819-58-C-20260729
2026-07-29,CL,20260819,58,Put,1.91,1.94,1.92,843,3952,0.3382,-0.36,CL,NYMEX,snap-20260729-cl,CL-20260819-58-P-20260729
2026-07-29,CL,20260819,59,C,10.34,10.49,10.42,622,1697,0.3089,0.651,CL,NYMEX,snap-20260729-cl,CL-20260819-59-C-20260729
07/29/26,CL,2026-08-19,59,P,1.87,1.9,1.88,563,2478,0.3314,-0.349,CL,NYMEX,snap-20260729-cl,CL-20260819-59-P-20260729
07/29/26,CL,08/19/2026,60,C,9.32,9.46,9.39,1388,3508,0.3046,0.665,CL,NYMEX,snap-20260729-cl,CL-20260819-60-C-20260729
2026-07-29,CL,08/19/2026,60,P,1.83,1.86,1.85,837,4493,0.3245,-0.335,CL,NYMEX,snap-20260729-cl,CL-20260819-60-P-20260729
2026-07-29,CL,2026-08-19,61,C,8.31,8.42,8.36,1057,3800,0.30,0.68,CL,NYMEX,snap-20260729-cl,CL-20260819-61-C-20260729
2026-07-29,CL,2026-08-19,61,P,1.79,1.82,1.8,1131,6005,0.3177,-0.32,CL,NYMEX,snap-20260729-cl,CL-20260819-61-P-20260729
2026-07-29,CL,2026-08-19,62.00,C,7.29,7.39,7.34,923,3767,0.2961,0.7,CL,NYMEX,snap-20260729-cl,CL-20260819-62-C-20260729
2026-07-29,CL,2026-08-19,62,P,1.75,1.78,1.76,879,4241,0.3108,-0.3,CL,NYMEX,snap-20260729-cl,CL-20260819-62-P-20260729
2026-07-29,CL,2026-08-19,63,C,6.28,6.36,6.32,3488,11923,0.2918,0.723,CL,NYMEX,snap-20260729-cl,CL-20260819-63-C-20260729
2026-07-29,CL,2026-08-19,63,P ,1.72,1.74,1.73,4238,16398,0.304,-0.277,CL,NYMEX,snap-20260729-cl,CL-20260819-63-P-20260729
2026-07-29,CL,2026-08-19,64,C,5.26,5.33,5.3,4738,14708,0.2876,0.753,CL,NYMEX,snap-20260729-cl,CL-20260819-64-C-20260729
2026-07-29,cl,08/19/2026,64,P,1.68,1.7,1.69,3833,19315,0.2971,-0.247,CL,NYMEX,snap-20260729-cl,CL-20260819-64-P-20260729
2026-07-29,CL,2026-08-19,65,Call,4.25,4.29,4.27,"12,520",50145,0.2833,0.793,CL,NYMEX,snap-20260729-cl,CL-20260819-65-C-20260729
2026-07-29,CL,2026-08-19,65,P,1.64,1.66,1.65,7885,24529,0.2902,-0.207,CL,NYMEX,snap-20260729-cl,CL-20260819-65-P-20260729
07/29/26,CL,2026-08-19,66,C,3.23,3.26,3.24,17726,44723,0.2791,0.847,CL,NYMEX,snap-20260729-cl,CL-20260819-66-C-20260729
2026-07-29,CL,2026-08-19,66,P,1.6,1.62,1.61,7043,38260,0.2834,-0.153,CL,NYMEX,snap-20260729-cl,CL-20260819-66-P-20260729
2026-07-29,CL,08/19/2026,67,C,2.21,2.23,2.22,13730,42880,0.27,0.93,CL,NYMEX,snap-20260729-cl,CL-20260819-67-C-20260729
2026-07-29,CL,08/19/26,67.00,P,1.56,1.58,1.57,26437,117312,0.2765,-0.075,CL,NYMEX,snap-20260729-cl,CL-20260819-67-P-20260729
2026-07-29,CL,08/19/2026,68,C,1.55,1.56,1.56,20953,86512,0.2737,0.959,CL,NYMEX,snap-20260729-cl,CL-20260819-68-C-20260729
2026-07-29,CL,2026-08-19,68,P,1.88,1.9,1.89,26620,76901,0.2734,-0.041,CL,NYMEX,snap-20260729-cl,CL-20260819-68-P-20260729
07/29/2026,CL,2026-08-19,69,C,1.58,1.59,1.58,9306,33540,0.2788,0.869,CL,NYMEX,snap-20260729-cl,CL-20260819-69-C-20260729
2026-07-29,CL,2026-08-19,69,P,2.9,2.93,2.92,10394,42656,0.2777,-0.131,CL,NYMEX,snap-20260729-cl,CL-20260819-69-P-20260729
2026-07-29,CL,08/19/2026,70,C,1.6,1.62,1.61,12360,56499,0.284,0.808,CL,NYMEX,snap-20260729-cl,CL-20260819-70-C-20260729
2026-07-29,CL,2026-08-19,70,P,3.92,3.96,3.94,13791,36490,0.28,-0.192,CL,NYMEX,snap-20260729-cl,CL-20260819-70-P-20260729
2026-07-29,CL,08/19/26,71,Call,1.63,1.65,1.64,"6,779",18311,0.2891,0.765,CL,NYMEX,snap-20260729-cl,CL-20260819-71-C-20260729
07/29/2026,CL,2026-08-19,71,P,4.94,4.99,4.96,5990,27853,0.2862,-0.235,CL,NYMEX,snap-20260729-cl,CL-20260819-71-P-20260729
2026-07-29,CL,2026-08-19,72,Call,1.66,1.68,1.67,4715,16800,0.2942,0.732,CL,NYMEX,snap-20260729-cl,CL-20260819-72-C-20260729
2026-07-29,CL,2026-08-19,72,P,5.95,6.03,5.99,7092,"31,623",0.2905,-0.268,CL,NYMEX,snap-20260729-cl,CL-20260819-72-P-20260729
2026-07-29,CL,2026-08-19,73,Call,1.69,1.71,1.7,1512,4887,0.2993,0.707,CL,NYMEX,snap-20260729-cl,CL-20260819-73-C-20260729
2026-07-29,CL,2026-08-19,73,P,6.97,7.06,7.02,2134,11407,0.2947,-0.293,CL,NYMEX,snap-20260729-cl,CL-20260819-73-P-20260729
07/29/2026,CL,2026-08-19,74,C,1.72,1.74,1.73,589,2528,0.3044,0.686,CL,NYMEX,snap-20260729-cl,CL-20260819-74-C-20260729
2026-07-29,CL,2026-08-19,74,P,7.98,8.09,8.04,1159,"3,892",0.299,-0.314,CL,NYMEX,snap-20260729-cl,CL-20260819-74-P-20260729
2026-07-29,CL,2026-08-19,75,C,1.75,1.77,1.76,1354,6471,0.3095,0.669,CL,NYMEX,snap-20260729-cl,CL-20260819-75-C-20260729
07/29/2026,CL,2026-08-19,75,P ,9.00,9.13,9.07,545,1866,0.3032,-0.331,CL,NYMEX,snap-20260729-cl,CL-20260819-75-P-20260729
2026-07-29,CL,2026-08-19,76,C,1.77,1.8,1.78,380,1303,0.31,0.655,CL,NYMEX,snap-20260729-cl,CL-20260819-76-C-20260729
2026-07-29,CL,08/19/2026,76,P,10.01,10.16,10.09,1050,2678,0.3075,-0.345,CL,NYMEX,snap-20260729-cl,CL-20260819-76-P-20260729
20260729,cl,20260819,77,C,1.8,1.83,1.82,729,2089,0.3197,0.643,CL,NYMEX,snap-20260729-cl,CL-20260819-77-C-20260729
2026-07-29,cl,2026-08-19,77,P,11.03,11.2,11.11,1130,"3,466",0.3118,-0.357,CL,NYMEX,snap-20260729-cl,CL-20260819-77-P-20260729
07/29/26,CL,08/19/2026,78,C,1.83,1.86,1.85,848,2822,0.3248,0.633,CL,NYMEX,snap-20260729-cl,CL-20260819-78-C-20260729
2026-07-29,CL,20260819,78,P,12.04,12.23,12.14,760,3916,0.316,-0.367,CL,NYMEX,snap-20260729-cl,CL-20260819-78-P-20260729
20260729,CL,09/16/2026,58,C,12.27,12.49,12.38,946,3030,0.3131,0.64,CL,NYMEX,snap-20260729-cl,CL-20260916-58-C-20260729
2026-07-29,CL,2026-09-16,58,P,2.91,2.96,2.94,428,1551,0.34,-0.36,CL,NYMEX,snap-20260729-cl,CL-20260916-58-P-20260729
2026-07-29,CL,20260916,59,C,11.24,11.44,11.34,462,"1,106",0.31,0.651,CL,NYMEX,snap-20260729-cl,CL-20260916-59-C-20260729
2026-07-29,CL,2026-09-16,59,P,2.85,2.9,2.88,776,3581,0.3314,-0.349,CL,NYMEX,snap-20260729-cl,CL-20260916-59-P-20260729
2026-07-29,CL,2026-09-16,60,C,10.22,10.39,10.3,1287,5356,0.3046,0.665,CL,NYMEX,snap-20260729-cl,CL-20260916-60-C-20260729
07/29/2026,CL,20260916,60,P,2.79,2.84,2.82,553,2425,0.3245,-0.335,CL,NYMEX,snap-20260729-cl,CL-20260916-60-P-20260729
07/29/2026,CL,09/16/2026,61.00,C,9.19,9.34,9.26,340,1437,0.3003,0.68,CL,NYMEX,snap-20260729-cl,CL-20260916-61-C-20260729
2026-07-29,CL,09/16/2026,61,P,2.73,2.78,2.76,953,2475,0.3177,-0.32,CL,NYMEX,snap-20260729-cl,CL-20260916-61-P-20260729
07/29/2026,CL,20260916,62,C,8.17,8.29,8.23,792,3561,0.2961,0.7,CL,NYMEX,snap-20260729-cl,CL-20260916-62-C-20260729
07/29/2026,CL,09/16/2026,62,P,2.68,2.72,2.7,454,2293,0.3108,-0.3,CL,NYMEX,snap-20260729-cl,CL-20260916-62-P-20260729
07/29/26,CL,2026-09-16,63,C,7.14,7.25,7.2,2502,9669,0.2918,0.723,CL,NYMEX,snap-20260729-cl,CL-20260916-63-C-20260729
2026-07-29,CL,09/16/26,63.00,P,2.62,2.66,2.64,3794,20047,0.304,-0.277,CL,NYMEX,snap-20260729-cl,CL-20260916-63-P-20260729
2026-07-29,CL,2026-09-16,64,C,6.11,6.2,6.16,"8,402",36329,0.2876,0.753,CL,NYMEX,snap-20260729-cl,CL-20260916-64-C-20260729
07/29/2026,CL,2026-09-16,64.00,P,2.56,2.6,2.58,6067,20614,0.2971,-0.247,CL,NYMEX,snap-20260729-cl,CL-20260916-64-P-20260729
2026-07-29,CL,2026-09-16,65,C,5.08,5.15,5.12,11263,45639,0.2833,0.793,CL,NYMEX,snap-20260729-cl,CL-20260916-65-C-20260729
2026-07-29,CL,09/16/26,65,P,2.5,2.54,2.52,17170,85770,0.2902,-0.207,CL,NYMEX,snap-20260729-cl,CL-20260916-65-P-20260729
07/29/2026,CL,2026-09-16,66,C,4.05,4.11,4.08,12201,34379,0.2791,0.847,CL,NYMEX,snap-20260729-cl,CL-20260916-66-C-20260729
2026-07-29,CL,2026-09-16,66.00,P,2.44,2.47,2.46,12903,34948,0.2834,-0.153,CL,NYMEX,snap-20260729-cl,CL-20260916-66-P-20260729
2026-07-29,CL,2026-09-16,66.00,P,2.44,2.47,2.46,12903,34948,0.2834,-0.153,CL,NYMEX,snap-20260729-cl-retry,CL-20260916-66-P-20260729
07/29/2026,CL,20260916,67,Call,3.03,3.06,3.04,17402,64276,0.2748,0.925,CL,NYMEX,snap-20260729-cl,CL-20260916-67-C-20260729
2026-07-29,CL,2026-09-16,67,P,2.38,2.41,2.40,10774,43461,0.2765,-0.075,CL,NYMEX,snap-20260729-cl,CL-20260916-67-P-20260729
20260729,CL,2026-09-16,68,C,2.36,2.39,2.38,"14,167",50776,0.2737,0.959,CL,NYMEX,snap-20260729-cl,CL-20260916-68-C-20260729
20260729,CL,2026-09-16,68.00,P,2.7,2.73,2.72,11121,51484,0.2734,-0.041,CL,NYMEX,snap-20260729-cl,CL-20260916-68-P-20260729
2026-07-29,CL,2026-09-16,69,C,2.4,2.44,2.42,15519,54140,0.2788,0.869,CL,NYMEX,snap-20260729-cl,CL-20260916-69-C-20260729
2026-07-29,CL,2026-09-16,69,P,3.73,3.77,3.75,10896,30884,0.2777,-0.131,CL,NYMEX,snap-20260729-cl,CL-20260916-69-P-20260729
2026-07-29,CL,09/16/2026,70,Call,2.45,2.48,2.46,16846,60746,0.284,0.808,CL,NYMEX,snap-20260729-cl,CL-20260916-70-C-20260729
07/29/2026,CL,20260916,70,P,4.75,4.82,4.78,14790,62898,0.282,-0.192,CL,NYMEX,snap-20260729-cl,CL-20260916-70-P-20260729
2026-07-29,CL,09/16/2026,71,C,2.49,2.53,2.51,3300,"15,409",0.2891,0.765,CL,NYMEX,snap-20260729-cl,CL-20260916-71-C-20260729
20260729,CL,20260916,71,P,5.78,5.86,5.82,7642,33357,0.2862,-0.235,CL,NYMEX,snap-20260729-cl,CL-20260916-71-P-20260729
07/29/2026,CL,09/16/26,72.00,C,2.53,2.57,2.55,4824,19159,0.2942,0.732,CL,NYMEX,snap-20260729-cl,CL-20260916-72-C-20260729
2026-07-29,CL,09/16/2026,72,P,6.81,6.91,6.86,2116,10355,0.2905,-0.268,CL,NYMEX,snap-20260729-cl,CL-20260916-72-P-20260729
2026-07-29,CL,2026-09-16,73,Call,2.58,2.62,2.6,723,2283,0.2993,0.71,CL,NYMEX,snap-20260729-cl,CL-20260916-73-C-20260729
2026-07-29,CL,2026-09-16,73.00,P,7.84,7.96,7.9,2021,5847,0.2947,-0.293,CL,NYMEX,snap-20260729-cl,CL-20260916-73-P-20260729
2026-07-29,cl,2026-09-16,74,C,2.62,2.66,2.64,741,2573,0.3044,0.686,CL,NYMEX,snap-20260729-cl,CL-20260916-74-C-20260729
2026-07-29,CL,2026-09-16,74,P,8.86,9,8.93,780,2392,0.299,-0.314,CL,NYMEX,snap-20260729-cl,CL-20260916-74-P-20260729
07/29/26,CL,2026-09-16,75,C,2.66,2.71,2.68,1248,5315,0.3095,0.669,CL,NYMEX,snap-20260729-cl,CL-20260916-75-C-20260729
2026-07-29,CL,2026-09-16,75,P,9.89,10.05,9.97,565,1461,0.3032,-0.33,CL,NYMEX,snap-20260729-cl,CL-20260916-75-P-20260729
07/29/26,CL,2026-09-16,76,C,2.71,2.75,2.73,652,1771,0.3146,0.655,CL,NYMEX,snap-20260729-cl,CL-20260916-76-C-20260729
20260729,CL,20260916,76,P,10.91,11.1,11,"1,029",3746,0.31,-0.345,CL,NYMEX,snap-20260729-cl,CL-20260916-76-P-20260729
2026-07-29,CL,20260916,77,C,2.75,2.8,2.78,740,3276,0.3197,0.643,CL,NYMEX,snap-20260729-cl,CL-20260916-77-C-20260729
07/29/2026,CL,09/16/2026,77.00,P,11.94,12.15,12.04,873,"3,894",0.3118,-0.357,CL,NYMEX,snap-20260729-cl,CL-20260916-77-P-20260729
2026-07-29,CL,20260916,78,C,2.79,2.84,2.82,849,4032,0.3248,0.633,CL,NYMEX,snap-20260729-cl,CL-20260916-78-C-20260729
20260729,CL,09/16/2026,78,P,12.96,13.2,13.08,571,2507,0.316,-0.367,CL,NYMEX,snap-20260729-cl,CL-20260916-78-P-20260729
07/29/26,CL,2026-10-14,58,C,12.93,13.2,13.06,691,2454,0.3131,0.64,CL,NYMEX,snap-20260729-cl,CL-20261014-58-C-20260729
2026-07-29,CL,2026-10-14,58,P,3.64,3.72,3.68,340,1223,0.3382,-0.36,CL,NYMEX,snap-20260729-cl,CL-20261014-58-P-20260729
20260729,CL,10/14/2026,59,C,11.9,12.14,12.02,554,1224,0.3089,0.651,CL,NYMEX,snap-20260729-cl,CL-20261014-59-C-20260729
07/29/2026,CL,2026-10-14,59,P,3.57,3.64,3.6,399,1972,0.3314,-0.349,CL,NYMEX,snap-20260729-cl,CL-20261014-59-P-20260729
07/29/26,CL,10/14/26,60,C,10.87,11.08,10.98,969,3361,0.3046,0.665,CL,NYMEX,snap-20260729-cl,CL-20261014-60-C-20260729
20260729,CL,2026-10-14,60,P,3.5,3.56,3.53,571,2165,0.3245,-0.335,CL,NYMEX,snap-20260729-cl,CL-20261014-60-P-20260729
20260729,CL,2026-10-14,61,C,9.84,10.02,9.93,624,1930,0.3003,0.68,CL,NYMEX,snap-20260729-cl,CL-20261014-61-C-20260729
07/29/2026,CL,10/14/26,61,P,3.42,3.49,3.46,864,3150,0.3177,-0.32,CL,NYMEX,snap-20260729-cl,CL-20261014-61-P-20260729
2026-07-29,CL,10/14/2026,62,C,8.8,8.96,8.88,347,1043,0.2961,0.7,CL,NYMEX,snap-20260729-cl,CL-20261014-62-C-20260729
2026-07-29,CL,2026-10-14,62,P,3.35,3.41,3.38,302,1197,0.3108,-0.3,CL,NYMEX,snap-20260729-cl,CL-20261014-62-P-20260729
20260729,CL,10/14/26,63,C,7.77,7.9,7.84,"2,443",9295,0.2918,0.723,CL,NYMEX,snap-20260729-cl,CL-20261014-63-C-20260729
07/29/26,CL,20261014,63,P ,3.28,3.33,3.3,3003,10976,0.304,-0.277,CL,NYMEX,snap-20260729-cl,CL-20261014-63-P-20260729
2026-07-29,CL,10/14/2026,64,Call,6.73,6.84,6.78,2447,9866,0.2876,0.753,CL,NYMEX,snap-20260729-cl,CL-20261014-64-C-20260729
2026-07-29,CL,2026-10-14,64,P,3.2,3.26,3.23,4501,22298,0.30,-0.247,CL,NYMEX,snap-20260729-cl,CL-20261014-64-P-20260729
2026-07-29,CL,10/14/2026,65,C,5.70,5.79,5.74,13189,33534,0.2833,0.793,CL,NYMEX,snap-20260729-cl,CL-20261014-65-C-20260729
2026-07-29,CL,2026-10-14,65,P,3.13,3.18,3.16,6408,18731,0.2902,-0.207,CL,NYMEX,snap-20260729-cl,CL-20261014-65-P-20260729
2026-07-29,CL,2026-10-14,66,C,4.66,4.73,4.7,13040,40945,0.2791,0.847,CL,NYMEX,snap-20260729-cl,CL-20261014-66-C-20260729
2026-07-29,CL,2026-10-14,66,P,3.06,3.11,3.08,8673,43866,0.2834,-0.153,CL,NYMEX,snap-20260729-cl,CL-20261014-66-P-20260729
20260729,CL,2026-10-14,67,C,3.62,3.68,3.65,10700,36851,0.2748,0.925,CL,NYMEX,snap-20260729-cl,CL-20261014-67-C-20260729
07/29/26,CL,2026-10-14,67,P,2.99,3.03,3.01,6929,22765,0.2765,-0.075,CL,NYMEX,snap-20260729-cl,CL-20261014-67-P-20260729
2026-07-29,CL,10/14/2026,68.00,C,2.96,3,2.98,5527,23750,0.2737,0.959,CL,NYMEX,snap-20260729-cl,CL-20261014-68-C-20260729
2026-07-29,cl,10/14/26,68,Put,3.29,3.34,3.32,"7,820",40995,0.2734,-0.041,CL,NYMEX,snap-20260729-cl,CL-20261014-68-P-20260729
2026-07-29,CL,10/14/26,69,Call,3.01,3.06,3.04,8853,21846,0.2788,0.869,CL,NYMEX,snap-20260729-cl,CL-20261014-69-C-20260729
20260729,CL,10/14/2026,69,P,4.33,4.39,4.36,10629,39165,0.28,-0.131,CL,NYMEX,snap-20260729-cl,CL-20261014-69-P-20260729
07/29/26,CL,2026-10-14,70,C,3.06,3.11,3.08,13693,30711,0.284,0.808,CL,NYMEX,snap-20260729-cl,CL-20261014-70-C-20260729
2026-07-29,CL,10/14/2026,70,P,5.36,5.45,5.4,8218,27656,0.282,-0.192,CL,NYMEX,snap-20260729-cl,CL-20261014-70-P-20260729
2026-07-29,CL,2026-10-14,71,Call,3.12,3.17,3.14,7580,32779,0.2891,0.765,CL,NYMEX,snap-20260729-cl,CL-20261014-71-C-20260729
2026-07-29,CL,2026-10-14,71,P ,6.4,6.51,6.46,3986,12928,0.2862,-0.23,CL,NYMEX,snap-20260729-cl,CL-20261014-71-P-20260729
2026-07-29,CL,2026-10-14,72,C,3.17,3.23,3.2,2434,11490,0.2942,0.732,CL,NYMEX,snap-20260729-cl,CL-20261014-72-C-20260729
2026-07-29,CL,20261014,72,P,7.44,7.56,7.50,4916,14650,0.29,-0.268,CL,NYMEX,snap-20260729-cl,CL-20261014-72-P-20260729
07/29/26,CL,10/14/26,73,C,3.23,3.28,3.26,980,3712,0.2993,0.707,CL,NYMEX,snap-20260729-cl,CL-20261014-73-C-20260729
07/29/26,CL,20261014,73,P ,8.47,8.62,8.54,1237,"3,400",0.2947,-0.293,CL,NYMEX,snap-20260729-cl,CL-20261014-73-P-20260729
07/29/26,CL,10/14/26,74,C,3.28,3.34,3.31,496,2119,0.3044,0.686,CL,NYMEX,snap-20260729-cl,CL-20261014-74-C-20260729
2026-07-29,CL,2026-10-14,74,P,9.5,9.68,9.59,799,3725,0.299,-0.314,CL,NYMEX,snap-20260729-cl,CL-20261014-74-P-20260729
2026-07-29,CL,2026-10-14,75.00,C,3.33,3.4,3.36,895,2173,0.3095,0.669,CL,NYMEX,snap-20260729-cl,CL-20261014-75-C-20260729
2026-07-29,CL,2026-10-14,75,P,10.54,10.74,10.64,1146,3699,0.3032,-0.331,CL,NYMEX,snap-20260729-cl,CL-20261014-75-P-20260729
20260729,CL,2026-10-14,76.00,C,3.39,3.45,3.42,304,819,0.3146,0.655,CL,NYMEX,snap-20260729-cl,CL-20261014-76-C-20260729
2026-07-29,CL,2026-10-14,76,P,11.57,11.8,11.68,571,2559,0.3075,-0.345,CL,NYMEX,snap-20260729-cl,CL-20261014-76-P-20260729
20260729,CL,10/14/2026,77,C,3.44,3.51,3.47,741,3540,0.3197,0.643,CL,NYMEX,snap-20260729-cl,CL-20261014-77-C-20260729
20260729,CL,10/14/2026,77,P,12.6,12.86,12.73,687,3403,0.3118,-0.357,CL,NYMEX,snap-20260729-cl,CL-20261014-77-P-20260729
07/29/2026,CL,10/14/26,78,C,3.5,3.57,3.54,765,3229,0.3248,0.633,CL,NYMEX,snap-20260729-cl,CL-20261014-78-C-20260729
2026-07-29,CL,2026-10-14,78,P,13.64,13.92,13.78,772,2765,0.316,-0.367,CL,NYMEX,snap-20260729-cl,CL-20261014-78-P-20260729
07/29/2026,CL,2026-11-18,58,C,13.61,13.93,13.77,473,1493,0.3131,0.64,CL,NYMEX,snap-20260729-cl,CL-20261118-58-C-20260729
07/29/2026,CL,11/18/2026,58,P,4.39,4.49,4.44,291,813,0.3382,-0.36,CL,NYMEX,snap-20260729-cl,CL-20261118-58-P-20260729
2026-07-29,CL,2026-11-18,59,C,12.57,12.85,12.71,516,2085,0.3089,0.651,CL,NYMEX,snap-20260729-cl,CL-20261118-59-C-20260729
2026-07-29,CL,11/18/2026,59,P,4.3,4.4,4.35,370,1276,0.3314,-0.349,CL,NYMEX,snap-20260729-cl,CL-20261118-59-P-20260729
07/29/2026,CL,2026-11-18,60,C,11.53,11.78,11.66,391,1481,0.3046,0.665,CL,NYMEX,snap-20260729-cl,CL-20261118-60-C-20260729
2026-07-29,CL,2026-11-18,60,P,4.21,4.3,4.26,720,2482,0.3245,-0.34,CL,NYMEX,snap-20260729-cl,CL-20261118-60-P-20260729
2026-07-29,CL,2026-11-18,61,C,10.49,10.71,10.6,204,882,0.3003,0.68,CL,NYMEX,snap-20260729-cl,CL-20261118-61-C-20260729
2026-07-29,CL,11/18/2026,61,P,4.12,4.21,4.16,198,1015,0.3177,-0.32,CL,NYMEX,snap-20260729-cl,CL-20261118-61-P-20260729
07/29/2026,CL,2026-11-18,62,C,9.45,9.64,9.54,247,1030,0.30,0.7,CL,NYMEX,snap-20260729-cl,CL-20261118-62-C-20260729
2026-07-29,CL,2026-11-18,62,P,4.04,4.12,4.08,474,2349,0.3108,-0.3,CL,NYMEX,snap-20260729-cl,CL-20261118-62-P-20260729
07/29/2026,CL,2026-11-18,63,C,8.4,8.57,8.48,845,3354,0.2918,0.723,CL,NYMEX,snap-20260729-cl,CL-20261118-63-C-20260729
07/29/26,CL,20261118,63,P,3.95,4.03,3.99,1699,8960,0.304,-0.277,CL,NYMEX,snap-20260729-cl,CL-20261118-63-P-20260729
07/29/2026,CL,2026-11-18,64,C,7.36,7.5,7.43,2594,12084,0.2876,0.753,CL,NYMEX,snap-20260729-cl,CL-20261118-64-C-20260729
2026-07-29,CL,11/18/26,64,P,3.86,3.94,3.9,3755,11840,0.30,-0.247,CL,NYMEX,snap-20260729-cl,CL-20261118-64-P-20260729
2026-07-29,CL,2026-11-18,65,C,6.32,6.44,6.38,6640,14737,0.2833,0.793,CL,NYMEX,snap-20260729-cl,CL-20261118-65-C-20260729
2026-07-29,cl,11/18/2026,65,P,3.77,3.84,3.8,7660,37963,0.2902,-0.207,CL,NYMEX,snap-20260729-cl,CL-20261118-65-P-20260729
07/29/2026,CL,20261118,66,C,5.27,5.37,5.32,9251,40835,0.2791,0.847,CL,NYMEX,snap-20260729-cl,CL-20261118-66-C-20260729
07/29/2026,CL,20261118,66,P,3.68,3.75,3.72,6316,28317,0.2834,-0.153,CL,NYMEX,snap-20260729-cl,CL-20261118-66-P-20260729
20260729,CL,11/18/2026,67,C,4.23,4.3,4.27,11236,25179,0.2748,0.925,CL,NYMEX,snap-20260729-cl,CL-20261118-67-C-20260729
2026-07-29,CL,2026-11-18,67,put,3.6,3.66,3.63,6146,24006,0.2765,-0.07,CL,NYMEX,snap-20260729-cl,CL-20261118-67-P-20260729
07/29/2026,CL,20261118,68,C,3.56,3.62,3.59,10640,49409,0.2737,0.959,CL,NYMEX,snap-20260729-cl,CL-20261118-68-C-20260729
07/29/2026,CL,2026-11-18,68.00,P,3.89,3.96,3.92,10870,37346,0.2734,-0.041,CL,NYMEX,snap-20260729-cl,CL-20261118-68-P-20260729
20260729,CL,2026-11-18,69,C,3.62,3.69,3.66,8997,30989,0.2788,0.869,CL,NYMEX,snap-20260729-cl,CL-20261118-69-C-20260729
07/29/26,CL,11/18/26,69,Put,4.94,5.03,4.98,"4,548",15695,0.2777,-0.131,CL,NYMEX,snap-20260729-cl,CL-20261118-69-P-20260729
2026-07-29,CL,2026-11-18,70,C,3.69,3.76,3.72,7198,30242,0.28,0.808,CL,NYMEX,snap-20260729-cl,CL-20261118-70-C-20260729
2026-07-29,CL,2026-11-18,70,P,5.98,6.10,6.04,5656,19397,0.282,-0.192,CL,NYMEX,snap-20260729-cl,CL-20261118-70-P-20260729
2026-07-29,CL,20261118,71,C,3.76,3.83,3.80,2584,8809,0.2891,0.77,CL,NYMEX,snap-20260729-cl,CL-20261118-71-C-20260729
07/29/2026,CL,11/18/2026,71,P,7.03,7.16,7.1,"3,013",8862,0.2862,-0.235,CL,NYMEX,snap-20260729-cl,CL-20261118-71-P-20260729
2026-07-29,CL,11/18/2026,72,C,3.82,3.9,3.86,3019,9852,0.29,0.732,CL,NYMEX,snap-20260729-cl,CL-20261118-72-C-20260729
2026-07-29,CL,2026-11-18,72,P,8.07,8.23,8.15,2664,6858,0.2905,-0.268,CL,NYMEX,snap-20260729-cl,CL-20261118-72-P-20260729
2026-07-29,CL,11/18/26,73.00,C,3.89,3.97,3.93,923,3862,0.2993,0.707,CL,NYMEX,snap-20260729-cl,CL-20261118-73-C-20260729
20260729,CL,2026-11-18,73,P,9.11,9.3,9.2,968,4673,0.2947,-0.293,CL,NYMEX,snap-20260729-cl,CL-20261118-73-P-20260729
20260729,CL,20261118,74.00,C,3.95,4.03,3.99,270,597,0.3044,0.686,CL,NYMEX,snap-20260729-cl,CL-20261118-74-C-20260729
07/29/26,CL,2026-11-18,74,P,10.15,10.37,10.26,380,1755,0.299,-0.314,CL,NYMEX,snap-20260729-cl,CL-20261118-74-P-20260729
2026-07-29,CL,2026-11-18,75,C,4.02,4.1,4.06,514,1480,0.3095,0.669,CL,NYMEX,snap-20260729-cl,CL-20261118-75-C-20260729
07/29/26,CL,2026-11-18,75,P,11.2,11.44,11.32,461,2328,0.3032,-0.33,CL,NYMEX,snap-20260729-cl,CL-20261118-75-P-20260729
07/29/2026,CL,11/18/26,76,C,4.08,4.17,4.12,185,822,0.3146,0.655,CL,NYMEX,snap-20260729-cl,CL-20261118-76-C-20260729
07/29/2026,CL,2026-11-18,76,P,12.24,12.51,12.38,580,1850,0.3075,-0.345,CL,NYMEX,snap-20260729-cl,CL-20261118-76-P-20260729
2026-07-29,CL,2026-11-18,77,C,4.15,4.24,4.2,495,1833,0.3197,0.643,CL,NYMEX,snap-20260729-cl,CL-20261118-77-C-20260729
2026-07-29,cl,2026-11-18,77,P,13.28,13.58,13.43,319,867,0.3118,-0.357,CL,NYMEX,snap-20260729-cl,CL-20261118-77-P-20260729
20260729,CL,20261118,78,C,4.21,4.31,4.26,400,1392,0.3248,0.633,CL,NYMEX,snap-20260729-cl,CL-20261118-78-C-20260729
07/29/26,CL,20261118,78,P,14.32,14.66,14.49,340,990,0.32,-0.37,CL,NYMEX,snap-20260729-cl,CL-20261118-78-P-20260729
2026-07-30,CL,20260819,56,C,11.49,11.67,11.58,751,1866,0.3152,0.635,CL,NYMEX,snap-20260730-cl,CL-20260819-56-C-20260730
2026-07-30,CL,2026-08-19,56,P,1.83,1.86,1.85,1077,"5,697",0.3416,-0.365,CL,NYMEX,snap-20260730-cl,CL-20260819-56-P-20260730
07/30/2026,CL,2026-08-19,57,C,10.48,10.64,10.56,1124,5057,0.3108,0.646,CL,NYMEX,snap-20260730-cl,CL-20260819-57-C-20260730
07/30/2026,CL,2026-08-19,57,P,1.79,1.82,1.8,978,3610,0.3345,-0.354,CL,NYMEX,snap-20260730-cl,CL-20260819-57-P-20260730
07/30/2026,CL,20260819,58,C,9.47,9.60,9.54,1054,4054,0.3064,0.659,CL,NYMEX,snap-20260730-cl,CL-20260819-58-C-20260730
2026-07-30,CL,2026-08-19,58,P,1.75,1.78,1.76,859,4650,0.3275,-0.341,CL,NYMEX,snap-20260730-cl,CL-20260819-58-P-20260730
2026-07-30,CL,2026-08-19,59,C,8.45,8.57,8.51,863,3920,0.3021,0.674,CL,NYMEX,snap-20260730-cl,CL-20260819-59-C-20260730
2026-07-30,CL,2026-08-19,59,P,1.72,1.74,1.73,509,2804,0.3205,-0.326,CL,NYMEX,snap-20260730-cl,CL-20260819-59-P-20260730
2026-07-30,CL,2026-08-19,60,C,7.44,7.54,7.49,1209,3008,0.2977,0.692,CL,NYMEX,snap-20260730-cl,CL-20260819-60-C-20260730
2026-07-30,CL,20260819,60,P,1.68,1.70,1.69,1659,5187,0.3134,-0.308,CL,NYMEX,snap-20260730-cl,CL-20260819-60-P-20260730
2026-07-30,CL,2026-08-19,61,C,6.42,6.5,6.46,1831,7036,0.2933,0.714,CL,NYMEX,snap-20260730-cl,CL-20260819-61-C-20260730
2026-07-30,CL,08/19/2026,61,P ,1.64,1.66,1.65,2065,"5,226",0.3064,-0.286,CL,NYMEX,snap-20260730-cl,CL-20260819-61-P-20260730
20260730,CL,20260819,62,C,5.41,5.47,5.44,7555,29363,0.289,0.743,CL,NYMEX,snap-20260730-cl,CL-20260819-62-C-20260730
20260730,CL,2026-08-19,62,P,1.61,1.63,1.62,4705,21636,0.2993,-0.257,CL,NYMEX,snap-20260730-cl,CL-20260819-62-P-20260730
20260730,CL,20260819,63,C,4.39,4.44,4.42,13267,34512,0.2846,0.78,CL,NYMEX,snap-20260730-cl,CL-20260819-63-C-20260730
2026-07-30,CL,20260819,63,put,1.57,1.59,1.58,"9,845",25340,0.2923,-0.22,CL,NYMEX,snap-20260730-cl,CL-20260819-63-P-20260730
20260730,CL,08/19/26,64,C,3.37,3.41,3.39,8134,37310,0.2802,0.83,CL,NYMEX,snap-20260730-cl,CL-20260819-64-C-20260730
2026-07-30,CL,08/19/2026,64,P,1.53,1.55,1.54,"19,803",66750,0.2852,-0.17,CL,NYMEX,snap-20260730-cl,CL-20260819-64-P-20260730
2026-07-30,cl,2026-08-19,65,C,2.36,2.38,2.37,"10,280","38,370",0.2758,0.903,CL,NYMEX,snap-20260730-cl,CL-20260819-65-C-20260730
2026-07-30,cl,2026-08-19,65,P,1.49,1.51,1.5,25012,76361,0.2782,-0.097,CL,NYMEX,snap-20260730-cl,CL-20260819-65-P-20260730
2026-07-30,CL,20260819,66,C,1.46,1.48,1.47,18450,"65,510",0.2726,0.984,CL,NYMEX,snap-20260730-cl,CL-20260819-66-C-20260730
2026-07-30,CL,2026-08-19,66,P,1.58,1.6,1.59,23970,107489,0.2725,-0.02,CL,NYMEX,snap-20260730-cl,CL-20260819-66-P-20260730
07/30/2026,CL,20260819,67,C,1.49,1.51,1.5,12770,41983,0.2779,0.883,CL,NYMEX,snap-20260730-cl,CL-20260819-67-C-20260730
20260730,CL,20260819,67,P,2.6,2.63,2.62,17060,69355,0.2769,-0.117,CL,NYMEX,snap-20260730-cl,CL-20260819-67-P-20260730
2026-07-30,CL,20260819,68,C,1.52,1.54,1.53,17031,73156,0.2831,0.817,CL,NYMEX,snap-20260730-cl,CL-20260819-68-C-20260730
2026-07-30,CL,08/19/2026,68,P,3.62,3.66,3.64,13172,39319,0.2813,-0.183,CL,NYMEX,snap-20260730-cl,CL-20260819-68-P-20260730
07/30/2026,cl,2026-08-19,69,C,1.55,1.57,1.56,10209,47802,0.2884,0.77,CL,NYMEX,snap-20260730-cl,CL-20260819-69-C-20260730
20260730,CL,20260819,69,P,4.63,4.69,4.66,"7,954",35226,0.2856,-0.23,CL,NYMEX,snap-20260730-cl,CL-20260819-69-P-20260730
2026-07-30,CL,2026-08-19,70,C,1.58,1.59,1.58,5926,26660,0.2936,0.735,CL,NYMEX,snap-20260730-cl,CL-20260819-70-C-20260730
20260730,CL,08/19/26,70.00,P,5.65,5.72,5.68,4329,17395,0.29,-0.265,CL,NYMEX,snap-20260730-cl,CL-20260819-70-P-20260730
2026-07-30,CL,08/19/26,71,C,1.6,1.62,1.61,893,2719,0.2989,0.708,CL,NYMEX,snap-20260730-cl,CL-20260819-71-C-20260730
2026-07-30,CL,2026-08-19,71,P,6.67,6.75,6.71,994,4655,0.2944,-0.292,CL,NYMEX,snap-20260730-cl,CL-20260819-71-P-20260730
2026-07-30,CL,20260819,72,Call,1.63,1.65,1.64,613,2073,0.3041,0.687,CL,NYMEX,snap-20260730-cl,CL-20260819-72-C-20260730
2026-07-30,CL,08/19/2026,72,P,7.68,7.78,7.73,695,2911,0.2988,-0.313,CL,NYMEX,snap-20260730-cl,CL-20260819-72-P-20260730
2026-07-30,CL,08/19/2026,73,C,1.66,1.68,1.67,841,3244,0.3094,0.67,CL,NYMEX,snap-20260730-cl,CL-20260819-73-C-20260730
2026-07-30,CL,2026-08-19,73,P,8.69,8.82,8.75,547,1993,0.3031,-0.33,CL,NYMEX,snap-20260730-cl,CL-20260819-73-P-20260730
2026-07-30,CL,2026-08-19,73,P,8.69,8.82,8.75,547,1993,0.3031,-0.33,CL,NYMEX,snap-20260730-cl-retry,CL-20260819-73-P-20260730
07/30/26,CL,2026-08-19,74,C,1.69,1.71,1.7,479,1398,0.3146,0.655,CL,NYMEX,snap-20260730-cl,CL-20260819-74-C-20260730
07/30/26,CL,08/19/2026,74.00,P,9.71,9.85,9.78,439,2164,0.3075,-0.345,CL,NYMEX,snap-20260730-cl,CL-20260819-74-P-20260730
07/30/26,CL,2026-08-19,75,Call,1.71,1.74,1.72,774,2060,0.3198,0.643,CL,NYMEX,snap-20260730-cl,CL-20260819-75-C-20260730
2026-07-30,CL,08/19/2026,75,P,10.72,10.89,10.8,1690,6786,0.3119,-0.357,CL,NYMEX,snap-20260730-cl,CL-20260819-75-P-20260730
2026-07-30,CL,2026-08-19,76,C,1.74,1.77,1.75,972,3425,0.3251,0.633,CL,NYMEX,snap-20260730-cl,CL-20260819-76-C-20260730
07/30/2026,CL,2026-08-19,76,P,11.73,11.92,11.82,426,1204,0.3162,-0.367,CL,NYMEX,snap-20260730-cl,CL-20260819-76-P-20260730
2026-07-30,CL,2026-09-16,56,C,12.4,12.63,12.52,902,3897,0.3152,0.635,CL,NYMEX,snap-20260730-cl,CL-20260916-56-C-20260730
2026-07-30,CL,2026-09-16,56,Put,2.83,2.88,2.86,646,2413,0.3416,-0.365,CL,NYMEX,snap-20260730-cl,CL-20260916-56-P-20260730
20260730,CL,20260916,57,C,11.38,11.58,11.48,383,1145,0.3108,0.65,CL,NYMEX,snap-20260730-cl,CL-20260916-57-C-20260730
20260730,CL,2026-09-16,57,P,2.77,2.82,2.8,504,2118,0.3345,-0.354,CL,NYMEX,snap-20260730-cl,CL-20260916-57-P-20260730
2026-07-30,CL,2026-09-16,58,Call,10.35,10.53,10.44,684,1704,0.3064,0.659,CL,NYMEX,snap-20260730-cl,CL-20260916-58-C-20260730
2026-07-30,CL,2026-09-16,58,P,2.72,2.76,2.74,501,2019,0.3275,-0.341,CL,NYMEX,snap-20260730-cl,CL-20260916-58-P-20260730
07/30/2026,cl,2026-09-16,59,C,9.33,9.48,9.41,318,752,0.3021,0.674,CL,NYMEX,snap-20260730-cl,CL-20260916-59-C-20260730
2026-07-30,CL,09/16/2026,59,P,2.66,2.7,2.68,863,3044,0.3205,-0.326,CL,NYMEX,snap-20260730-cl,CL-20260916-59-P-20260730
2026-07-30,CL,2026-09-16,60,C,8.30,8.43,8.36,805,2663,0.30,0.692,CL,NYMEX,snap-20260730-cl,CL-20260916-60-C-20260730
20260730,CL,2026-09-16,60.00,P,2.6,2.64,2.62,939,4413,0.3134,-0.31,CL,NYMEX,snap-20260730-cl,CL-20260916-60-P-20260730
07/30/26,CL,2026-09-16,61,C,7.28,7.39,7.34,1164,3049,0.2933,0.714,CL,NYMEX,snap-20260730-cl,CL-20260916-61-C-20260730
2026-07-30,CL,2026-09-16,61,P,2.54,2.58,2.56,2960,8739,0.3064,-0.286,CL,NYMEX,snap-20260730-cl,CL-20260916-61-P-20260730
20260730,CL,2026-09-16,62,C,6.25,6.34,6.3,"3,910",10018,0.289,0.743,CL,NYMEX,snap-20260730-cl,CL-20260916-62-C-20260730
2026-07-30,CL,09/16/2026,62,P ,2.48,2.52,2.5,6366,34650,0.30,-0.257,CL,NYMEX,snap-20260730-cl,CL-20260916-62-P-20260730
2026-07-30,CL,09/16/2026,63,C,5.22,5.3,5.26,"10,409",42962,0.2846,0.78,CL,NYMEX,snap-20260730-cl,CL-20260916-63-C-20260730
2026-07-30,CL,09/16/2026,63,C,5.22,5.3,5.26,"10,409",42962,0.2846,0.78,CL,NYMEX,snap-20260730-cl-retry,CL-20260916-63-C-20260730
07/30/2026,CL,20260916,63,P,2.43,2.46,2.45,12160,34311,0.2923,-0.22,CL,NYMEX,snap-20260730-cl,CL-20260916-63-P-20260730
2026-07-30,CL,09/16/2026,64,C,4.2,4.25,4.22,8458,27292,0.2802,0.83,CL,NYMEX,snap-20260730-cl,CL-20260916-64-C-20260730
07/30/2026,CL,2026-09-16,64,P,2.37,2.4,2.38,11370,57752,0.2852,-0.17,CL,NYMEX,snap-20260730-cl,CL-20260916-64-P-20260730
07/30/2026,CL,2026-09-16,65,C,3.17,3.21,3.19,16163,47557,0.2758,0.903,CL,NYMEX,snap-20260730-cl,CL-20260916-65-C-20260730
2026-07-30,cl,09/16/2026,65,P ,2.31,2.34,2.32,11785,"63,554",0.2782,-0.097,CL,NYMEX,snap-20260730-cl,CL-20260916-65-P-20260730
20260730,CL,20260916,66,C,2.27,2.29,2.28,12515,42892,0.2726,0.984,CL,NYMEX,snap-20260730-cl,CL-20260916-66-C-20260730
2026-07-30,CL,2026-09-16,66,P,2.38,2.41,2.4,11079,"39,739",0.2725,-0.02,CL,NYMEX,snap-20260730-cl,CL-20260916-66-P-20260730
07/30/26,CL,09/16/2026,67,Call,2.31,2.34,2.32,6552,30361,0.2779,0.883,CL,NYMEX,snap-20260730-cl,CL-20260916-67-C-20260730
2026-07-30,CL,09/16/2026,67.00,P,3.41,3.46,3.44,11705,57806,0.2769,-0.117,CL,NYMEX,snap-20260730-cl,CL-20260916-67-P-20260730
2026-07-30,CL,2026-09-16,68,C,2.35,2.38,2.37,5689,23067,0.2831,0.817,CL,NYMEX,snap-20260730-cl,CL-20260916-68-C-20260730
2026-07-30,CL,09/16/2026,68,P,4.44,4.50,4.47,"11,127",37096,0.2813,-0.183,CL,NYMEX,snap-20260730-cl,CL-20260916-68-P-20260730
2026-07-30,CL,2026-09-16,69,C,2.39,2.43,2.41,10014,41421,0.2884,0.77,CL,NYMEX,snap-20260730-cl,CL-20260916-69-C-20260730
20260730,CL,2026-09-16,69,P,5.47,5.55,5.51,8021,40142,0.29,-0.23,CL,NYMEX,snap-20260730-cl,CL-20260916-69-P-20260730
2026-07-30,CL,09/16/26,70,C,2.44,2.47,2.46,5049,18282,0.2936,0.735,CL,NYMEX,snap-20260730-cl,CL-20260916-70-C-20260730
07/30/2026,CL,2026-09-16,70,P,6.5,6.59,6.54,7962,28192,0.29,-0.265,CL,NYMEX,snap-20260730-cl,CL-20260916-70-P-20260730
2026-07-30,CL,2026-09-16,71,C,2.48,2.52,2.5,1608,7291,0.2989,0.708,CL,NYMEX,snap-20260730-cl,CL-20260916-71-C-20260730
20260730,CL,09/16/2026,71.00,P,7.52,7.64,7.58,"2,356",12015,0.2944,-0.292,CL,NYMEX,snap-20260730-cl,CL-20260916-71-P-20260730
2026-07-30,CL,2026-09-16,72.00,C,2.52,2.56,2.54,769,2837,0.30,0.687,CL,NYMEX,snap-20260730-cl,CL-20260916-72-C-20260730
20260730,CL,2026-09-16,72,P,8.55,8.69,8.62,493,2616,0.2988,-0.313,CL,NYMEX,snap-20260730-cl,CL-20260916-72-P-20260730
2026-07-30,CL,09/16/2026,73,C,2.57,2.61,2.59,597,1370,0.3094,0.67,CL,NYMEX,snap-20260730-cl,CL-20260916-73-C-20260730
2026-07-30,CL,09/16/2026,73,P,9.58,9.73,9.66,937,4339,0.3031,-0.33,CL,NYMEX,snap-20260730-cl,CL-20260916-73-P-20260730
07/30/2026,CL,2026-09-16,74,C,2.61,2.65,2.63,636,2206,0.3146,0.655,CL,NYMEX,snap-20260730-cl,CL-20260916-74-C-20260730
07/30/2026,CL,2026-09-16,74,P,10.6,10.78,10.69,667,3130,0.3075,-0.345,CL,NYMEX,snap-20260730-cl,CL-20260916-74-P-20260730
2026-07-30,CL,2026-09-16,75,C,2.65,2.7,2.68,714,3381,0.3198,0.643,CL,NYMEX,snap-20260730-cl,CL-20260916-75-C-20260730
07/30/2026,CL,09/16/26,75,put,11.62,11.83,11.72,1435,4700,0.3119,-0.357,CL,NYMEX,snap-20260730-cl,CL-20260916-75-P-20260730
07/30/2026,CL,2026-09-16,76,C,2.69,2.74,2.72,666,2911,0.3251,0.633,CL,NYMEX,snap-20260730-cl,CL-20260916-76-C-20260730
07/30/2026,CL,09/16/2026,76.00,P,12.65,12.88,12.76,735,1971,0.3162,-0.367,CL,NYMEX,snap-20260730-cl,CL-20260916-76-P-20260730
20260730,CL,2026-10-14,56,C,13.06,13.33,13.2,542,2340,0.32,0.635,CL,NYMEX,snap-20260730-cl,CL-20261014-56-C-20260730
2026-07-30,CL,20261014,56,P,3.56,3.63,3.59,756,4153,0.3416,-0.365,CL,NYMEX,snap-20260730-cl,CL-20261014-56-P-20260730
07/30/26,CL,2026-10-14,57,C,12.03,12.27,12.15,463,1839,0.3108,0.646,CL,NYMEX,snap-20260730-cl,CL-20261014-57-C-20260730
2026-07-30,CL,2026-10-14,57,put,3.49,3.55,3.52,630,1729,0.3345,-0.354,CL,NYMEX,snap-20260730-cl,CL-20261014-57-P-20260730
2026-07-30,CL,2026-10-14,58,C,11,11.21,11.1,608,2590,0.3064,0.66,CL,NYMEX,snap-20260730-cl,CL-20261014-58-C-20260730
2026-07-30,CL,2026-10-14,58,put,3.41,3.48,3.44,602,2844,0.3275,-0.34,CL,NYMEX,snap-20260730-cl,CL-20261014-58-P-20260730
2026-07-30,CL,2026-10-14,59,C,9.97,10.15,10.06,314,1423,0.3021,0.674,CL,NYMEX,snap-20260730-cl,CL-20261014-59-C-20260730
2026-07-30,CL,10/14/2026,59,P,3.34,3.4,3.37,626,2269,0.3205,-0.33,CL,NYMEX,snap-20260730-cl,CL-20261014-59-P-20260730
2026-07-30,CL,2026-10-14,60,C,8.93,9.09,9.01,339,937,0.2977,0.692,CL,NYMEX,snap-20260730-cl,CL-20261014-60-C-20260730
07/30/2026,CL,2026-10-14,60,P,3.27,3.33,3.3,1186,4662,0.3134,-0.308,CL,NYMEX,snap-20260730-cl,CL-20261014-60-P-20260730
20260730,CL,2026-10-14,61,C,7.9,8.04,7.97,"1,667","5,110",0.2933,0.714,CL,NYMEX,snap-20260730-cl,CL-20261014-61-C-20260730
2026-07-30,CL,10/14/2026,61.00,P,3.2,3.25,3.22,2702,8055,0.3064,-0.286,CL,NYMEX,snap-20260730-cl,CL-20261014-61-P-20260730
2026-07-30,CL,10/14/2026,62,C,6.86,6.98,6.92,4682,17872,0.289,0.743,CL,NYMEX,snap-20260730-cl,CL-20261014-62-C-20260730
2026-07-30,CL,10/14/2026,62,C,6.86,6.98,6.92,4682,17872,0.289,0.743,CL,NYMEX,snap-20260730-cl-retry,CL-20261014-62-C-20260730
20260730,CL,10/14/26,62,P,3.12,3.18,3.15,5760,21953,0.2993,-0.257,CL,NYMEX,snap-20260730-cl,CL-20261014-62-P-20260730
07/30/26,CL,2026-10-14,63,Call,5.83,5.92,5.88,7427,29343,0.28,0.78,CL,NYMEX,snap-20260730-cl,CL-20261014-63-C-20260730
2026-07-30,CL,20261014,63,P,3.05,3.1,3.08,6761,31613,0.2923,-0.22,CL,NYMEX,snap-20260730-cl,CL-20261014-63-P-20260730
2026-07-30,CL,10/14/2026,64,C,4.79,4.87,4.83,4304,17649,0.2802,0.83,CL,NYMEX,snap-20260730-cl,CL-20261014-64-C-20260730
2026-07-30,cl,2026-10-14,64,P,2.98,3.02,3,13427,46075,0.2852,-0.17,CL,NYMEX,snap-20260730-cl,CL-20261014-64-P-20260730
07/30/2026,CL,2026-10-14,65,C,3.75,3.81,3.78,18273,78482,0.2758,0.903,CL,NYMEX,snap-20260730-cl,CL-20261014-65-C-20260730
20260730,CL,2026-10-14,65,P,2.91,2.95,2.93,17707,89812,0.2782,-0.097,CL,NYMEX,snap-20260730-cl,CL-20261014-65-P-20260730
2026-07-30,CL,2026-10-14,66,C,2.85,2.89,2.87,13991,49459,0.27,0.984,CL,NYMEX,snap-20260730-cl,CL-20261014-66-C-20260730
07/30/2026,CL,2026-10-14,66,P ,2.97,3.01,2.99,12084,"54,610",0.2725,-0.016,CL,NYMEX,snap-20260730-cl,CL-20261014-66-P-20260730
2026-07-30,CL,10/14/2026,67,C,2.9,2.95,2.92,10158,38796,0.2779,0.883,CL,NYMEX,snap-20260730-cl,CL-20261014-67-C-20260730
20260730,CL,10/14/26,67,P,4,4.06,4.03,15826,47517,0.2769,-0.117,CL,NYMEX,snap-20260730-cl,CL-20261014-67-P-20260730
07/30/2026,CL,10/14/2026,68,C,2.96,3,2.98,10602,25345,0.2831,0.817,CL,NYMEX,snap-20260730-cl,CL-20261014-68-C-20260730
07/30/26,CL,20261014,68.00,P,5.04,5.12,5.08,6289,23516,0.2813,-0.183,CL,NYMEX,snap-20260730-cl,CL-20261014-68-P-20260730
07/30/2026,CL,10/14/2026,69,C,3.01,3.06,3.04,"4,658",12690,0.29,0.77,CL,NYMEX,snap-20260730-cl,CL-20261014-69-C-20260730
20260730,CL,2026-10-14,69,P,6.08,6.18,6.13,7088,22669,0.2856,-0.23,CL,NYMEX,snap-20260730-cl,CL-20261014-69-P-20260730
07/30/2026,CL,2026-10-14,70.00,C,3.06,3.12,3.09,5456,20293,0.2936,0.735,CL,NYMEX,snap-20260730-cl,CL-20261014-70-C-20260730
07/30/2026,CL,20261014,70,put,7.11,7.23,7.17,7078,"32,366",0.29,-0.27,CL,NYMEX,snap-20260730-cl,CL-20261014-70-P-20260730
2026-07-30,CL,2026-10-14,71,C,3.12,3.17,3.14,1739,4298,0.2989,0.708,CL,NYMEX,snap-20260730-cl,CL-20261014-71-C-20260730
07/30/2026,CL,2026-10-14,71,P,8.15,8.29,8.22,1178,5767,0.2944,-0.292,CL,NYMEX,snap-20260730-cl,CL-20261014-71-P-20260730
2026-07-30,CL,10/14/26,72,C,3.17,3.23,3.2,653,2205,0.3041,0.687,CL,NYMEX,snap-20260730-cl,CL-20261014-72-C-20260730
2026-07-30,CL,2026-10-14,72,put,9.18,9.35,9.26,771,3830,0.2988,-0.313,CL,NYMEX,snap-20260730-cl,CL-20261014-72-P-20260730
2026-07-30,CL,10/14/2026,73,C,3.22,3.29,3.26,382,1184,0.3094,0.67,CL,NYMEX,snap-20260730-cl,CL-20261014-73-C-20260730
20260730,CL,2026-10-14,73,P,10.21,10.41,10.31,420,1523,0.3031,-0.33,CL,NYMEX,snap-20260730-cl,CL-20261014-73-P-20260730
2026-07-30,CL,2026-10-14,74,C,3.28,3.34,3.31,412,1775,0.3146,0.655,CL,NYMEX,snap-20260730-cl,CL-20261014-74-C-20260730
20260730,CL,2026-10-14,74,P,11.25,11.46,11.36,367,1943,0.3075,-0.345,CL,NYMEX,snap-20260730-cl,CL-20261014-74-P-20260730
2026-07-30,CL,20261014,75,C,3.33,3.4,3.36,915,3524,0.3198,0.643,CL,NYMEX,snap-20260730-cl,CL-20261014-75-C-20260730
2026-07-30,CL,20261014,75,P ,12.28,12.52,12.40,1011,4194,0.3119,-0.357,CL,NYMEX,snap-20260730-cl,CL-20261014-75-P-20260730
07/30/2026,CL,2026-10-14,76,C,3.39,3.46,3.42,284,1187,0.3251,0.633,CL,NYMEX,snap-20260730-cl,CL-20261014-76-C-20260730
07/30/26,CL,2026-10-14,76,P,13.31,13.59,13.45,608,2825,0.3162,-0.367,CL,NYMEX,snap-20260730-cl,CL-20261014-76-P-20260730
2026-07-30,CL,11/18/2026,56,C,13.73,14.05,13.89,186,759,0.3152,0.635,CL,NYMEX,snap-20260730-cl,CL-20261118-56-C-20260730
20260730,CL,2026-11-18,56,P,4.29,4.39,4.34,579,2852,0.3416,-0.36,CL,NYMEX,snap-20260730-cl,CL-20261118-56-P-20260730
07/30/2026,CL,2026-11-18,57,C,12.69,12.98,12.84,509,1677,0.3108,0.646,CL,NYMEX,snap-20260730-cl,CL-20261118-57-C-20260730
2026-07-30,CL,2026-11-18,57,P,4.21,4.3,4.26,392,"1,348",0.3345,-0.354,CL,NYMEX,snap-20260730-cl,CL-20261118-57-P-20260730
2026-07-30,CL,11/18/26,58,C,11.65,11.91,11.78,354,1269,0.3064,0.659,CL,NYMEX,snap-20260730-cl,CL-20261118-58-C-20260730
20260730,CL,2026-11-18,58,P,4.12,4.21,4.16,268,846,0.3275,-0.341,CL,NYMEX,snap-20260730-cl,CL-20261118-58-P-20260730
2026-07-30,CL,2026-11-18,59,C,10.61,10.84,10.72,380,1038,0.3021,0.674,CL,NYMEX,snap-20260730-cl,CL-20261118-59-C-20260730
2026-07-30,CL,11/18/2026,59,P,4.03,4.12,4.08,348,1901,0.3205,-0.326,CL,NYMEX,snap-20260730-cl,CL-20261118-59-P-20260730
2026-07-30,CL,2026-11-18,60,C,9.56,9.77,9.66,604,1892,0.2977,0.692,CL,NYMEX,snap-20260730-cl,CL-20261118-60-C-20260730
07/30/26,CL,11/18/26,60,P,3.94,4.03,3.98,486,2331,0.3134,-0.308,CL,NYMEX,snap-20260730-cl,CL-20261118-60-P-20260730
2026-07-30,CL,20261118,61,C,8.52,8.7,8.61,1689,7059,0.2933,0.714,CL,NYMEX,snap-20260730-cl,CL-20261118-61-C-20260730
20260730,CL,2026-11-18,61,P,3.86,3.94,3.9,1722,5459,0.3064,-0.286,CL,NYMEX,snap-20260730-cl,CL-20261118-61-P-20260730
2026-07-30,CL,11/18/2026,62,C,7.48,7.63,7.56,2248,10256,0.289,0.743,CL,NYMEX,snap-20260730-cl,CL-20261118-62-C-20260730
07/30/2026,CL,20261118,62,Put,3.77,3.84,3.8,"3,010",16072,0.2993,-0.257,CL,NYMEX,snap-20260730-cl,CL-20261118-62-P-20260730
2026-07-30,cl,2026-11-18,63,C,6.44,6.56,6.5,5138,16869,0.2846,0.78,CL,NYMEX,snap-20260730-cl,CL-20261118-63-C-20260730
2026-07-30,CL,2026-11-18,63,P,3.68,3.75,3.72,2675,13041,0.2923,-0.22,CL,NYMEX,snap-20260730-cl,CL-20261118-63-P-20260730
07/30/26,CL,20261118,64,C,5.39,5.49,5.44,7658,31426,0.2802,0.83,CL,NYMEX,snap-20260730-cl,CL-20261118-64-C-20260730
20260730,cl,2026-11-18,64,P,3.59,3.66,3.62,8611,42121,0.2852,-0.17,CL,NYMEX,snap-20260730-cl,CL-20261118-64-P-20260730
2026-07-30,cl,2026-11-18,65,C,4.35,4.43,4.39,12333,39986,0.2758,0.903,CL,NYMEX,snap-20260730-cl,CL-20261118-65-C-20260730
2026-07-30,CL,2026-11-18,65.00,P,3.51,3.57,3.54,12417,53083,0.2782,-0.097,CL,NYMEX,snap-20260730-cl,CL-20261118-65-P-20260730
2026-07-30,CL,11/18/2026,66.00,C,3.44,3.50,3.47,12006,40285,0.2726,0.984,CL,NYMEX,snap-20260730-cl,CL-20261118-66-C-20260730
2026-07-30,CL,2026-11-18,66,P,3.55,3.62,3.58,12623,64002,0.2725,-0.016,CL,NYMEX,snap-20260730-cl,CL-20261118-66-P-20260730
2026-07-30,CL,20261118,67,C,3.5,3.57,3.54,7342,31866,0.2779,0.883,CL,NYMEX,snap-20260730-cl,CL-20261118-67-C-20260730
2026-07-30,CL,20261118,67.00,P,4.6,4.68,4.64,3773,17095,0.2769,-0.117,CL,NYMEX,snap-20260730-cl,CL-20261118-67-P-20260730
2026-07-30,CL,2026-11-18,68.00,C,3.57,3.63,3.6,3313,"10,408",0.2831,0.817,CL,NYMEX,snap-20260730-cl,CL-20261118-68-C-20260730
2026-07-30,cl,11/18/2026,68,P,5.64,5.75,5.7,4455,22473,0.2813,-0.183,CL,NYMEX,snap-20260730-cl,CL-20261118-68-P-20260730
2026-07-30,CL,2026-11-18,69,C,3.63,3.7,3.66,"5,564","14,623",0.2884,0.77,CL,NYMEX,snap-20260730-cl,CL-20261118-69-C-20260730
2026-07-30,CL,2026-11-18,69,P,6.69,6.82,6.76,5794,21269,0.2856,-0.23,CL,NYMEX,snap-20260730-cl,CL-20261118-69-P-20260730
07/30/26,CL,11/18/2026,70,C,3.7,3.77,3.74,4230,11829,0.2936,0.735,CL,NYMEX,snap-20260730-cl,CL-20261118-70-C-20260730
2026-07-30,CL,2026-11-18,70,P,7.73,7.88,7.8,1947,5025,0.29,-0.265,CL,NYMEX,snap-20260730-cl,CL-20261118-70-P-20260730
07/30/2026,CL,11/18/2026,71,C,3.76,3.84,3.80,910,4367,0.2989,0.708,CL,NYMEX,snap-20260730-cl,CL-20261118-71-C-20260730
2026-07-30,CL,2026-11-18,71,P,8.77,8.95,8.86,1106,5477,0.2944,-0.292,CL,NYMEX,snap-20260730-cl,CL-20261118-71-P-20260730
20260730,CL,2026-11-18,72,C,3.83,3.91,3.87,381,1426,0.3041,0.687,CL,NYMEX,snap-20260730-cl,CL-20261118-72-C-20260730
2026-07-30,CL,2026-11-18,72,P,9.81,10.02,9.91,599,1710,0.2988,-0.313,CL,NYMEX,snap-20260730-cl,CL-20261118-72-P-20260730
20260730,CL,11/18/26,73,C,3.89,3.98,3.94,363,1046,0.3094,0.67,CL,NYMEX,snap-20260730-cl,CL-20261118-73-C-20260730
20260730,CL,11/18/26,73.00,P,10.86,11.09,10.98,502,1742,0.3031,-0.33,CL,NYMEX,snap-20260730-cl,CL-20261118-73-P-20260730
2026-07-30,CL,2026-11-18,74.00,C,3.96,4.04,4,180,780,0.3146,0.655,CL,NYMEX,snap-20260730-cl,CL-20261118-74-C-20260730
07/30/2026,CL,11/18/2026,74,P,11.9,12.16,12.03,336,1618,0.3075,-0.345,CL,NYMEX,snap-20260730-cl,CL-20261118-74-P-20260730
2026-07-30,CL,2026-11-18,75,C,4.02,4.11,4.06,328,1368,0.3198,0.643,CL,NYMEX,snap-20260730-cl,CL-20261118-75-C-20260730
07/30/26,CL,20261118,75.00,P,12.94,13.23,13.08,766,2622,0.3119,-0.357,CL,NYMEX,snap-20260730-cl,CL-20261118-75-P-20260730
2026-07-30,CL,11/18/26,76,C,4.09,4.18,4.13,529,1634,0.3251,0.633,CL,NYMEX,snap-20260730-cl,CL-20261118-76-C-20260730
20260730,CL,2026-11-18,76,P,13.98,14.31,14.14,380,1794,0.3162,-0.367,CL,NYMEX,snap-20260730-cl,CL-20261118-76-P-20260730
2026-07-31,CL,2026-08-19,55,C,11.92,12.11,12.02,1007,2872,0.3176,0.63,CL,NYMEX,snap-20260731-cl,CL-20260819-55-C-20260731
2026-07-31,CL,08/19/2026,55,P,1.79,1.82,1.8,674,3111,0.3455,-0.37,CL,NYMEX,snap-20260731-cl,CL-20260819-55-P-20260731
20260731,CL,08/19/2026,56,C,10.91,11.08,11,690,2166,0.3132,0.64,CL,NYMEX,snap-20260731-cl,CL-20260819-56-C-20260731
2026-07-31,CL,2026-08-19,56,P,1.75,1.78,1.76,1181,"4,497",0.3384,-0.36,CL,NYMEX,snap-20260731-cl,CL-20260819-56-P-20260731
2026-07-31,CL,2026-08-19,57,C,9.9,10.05,9.98,697,2665,0.3088,0.651,CL,NYMEX,snap-20260731-cl,CL-20260819-57-C-20260731
2026-07-31,CL,2026-08-19,57,P,1.72,1.74,1.73,640,2127,0.3313,-0.35,CL,NYMEX,snap-20260731-cl,CL-20260819-57-P-20260731
20260731,CL,2026-08-19,58,C,8.89,9.01,8.95,937,4294,0.3044,0.665,CL,NYMEX,snap-20260731-cl,CL-20260819-58-C-20260731
07/31/2026,CL,2026-08-19,58,P,1.68,1.7,1.69,965,"2,978",0.3242,-0.335,CL,NYMEX,snap-20260731-cl,CL-20260819-58-P-20260731
2026-07-31,CL,2026-08-19,59,C,7.87,7.98,7.92,909,3571,0.3,0.68,CL,NYMEX,snap-20260731-cl,CL-20260819-59-C-20260731
2026-07-31,CL,08/19/2026,59,P,1.64,1.67,1.65,402,2172,0.3172,-0.318,CL,NYMEX,snap-20260731-cl,CL-20260819-59-P-20260731
07/31/2026,CL,2026-08-19,60,C,6.86,6.95,6.9,1289,4121,0.2956,0.702,CL,NYMEX,snap-20260731-cl,CL-20260819-60-C-20260731
2026-07-31,CL,2026-08-19,60.00,P,1.61,1.63,1.62,767,3830,0.3101,-0.30,CL,NYMEX,snap-20260731-cl,CL-20260819-60-P-20260731
2026-07-31,CL,20260819,61,C,5.84,5.92,5.88,2241,10488,0.2912,0.727,CL,NYMEX,snap-20260731-cl,CL-20260819-61-C-20260731
20260731,CL,2026-08-19,61,P,1.57,1.59,1.58,"2,443",7858,0.303,-0.273,CL,NYMEX,snap-20260731-cl,CL-20260819-61-P-20260731
2026-07-31,CL,2026-08-19,62,C,4.83,4.89,4.86,4252,13907,0.29,0.76,CL,NYMEX,snap-20260731-cl,CL-20260819-62-C-20260731
07/31/2026,CL,08/19/26,62,P,1.54,1.55,1.54,11979,60175,0.2959,-0.24,CL,NYMEX,snap-20260731-cl,CL-20260819-62-P-20260731
2026-07-31,CL,2026-08-19,63,C,3.81,3.86,3.84,14963,60011,0.2824,0.803,CL,NYMEX,snap-20260731-cl,CL-20260819-63-C-20260731
2026-07-31,CL,20260819,63,Put,1.5,1.52,1.51,11357,60707,0.2888,-0.197,CL,NYMEX,snap-20260731-cl,CL-20260819-63-P-20260731
2026-07-31,CL,2026-08-19,64,C,2.8,2.83,2.82,7253,31136,0.278,0.864,CL,NYMEX,snap-20260731-cl,CL-20260819-64-C-20260731
2026-07-31,CL,2026-08-19,64,P,1.46,1.48,1.47,17030,88851,0.2817,-0.136,CL,NYMEX,snap-20260731-cl,CL-20260819-64-P-20260731
2026-07-31,CL,2026-08-19,65,C,1.78,1.8,1.79,13281,61628,0.2736,0.955,CL,NYMEX,snap-20260731-cl,CL-20260819-65-C-20260731
2026-07-31,CL,2026-08-19,65,Put,1.43,1.44,1.44,"25,252",89068,0.2746,-0.045,CL,NYMEX,snap-20260731-cl,CL-20260819-65-P-20260731
2026-07-31,CL,2026-08-19,66,C,1.43,1.44,1.44,21991,71389,0.2754,0.925,CL,NYMEX,snap-20260731-cl,CL-20260819-66-C-20260731
2026-07-31,cl,2026-08-19,66,P,2.06,2.08,2.07,8794,41763,0.2748,-0.075,CL,NYMEX,snap-20260731-cl,CL-20260819-66-P-20260731
2026-07-31,CL,20260819,67,C,1.46,1.47,1.46,14035,43375,0.2807,0.844,CL,NYMEX,snap-20260731-cl,CL-20260819-67-C-20260731
20260731,CL,08/19/2026,67,P,3.08,3.11,3.09,17862,"91,974",0.28,-0.156,CL,NYMEX,snap-20260731-cl,CL-20260819-67-P-20260731
07/31/2026,CL,08/19/2026,68,C,1.48,1.5,1.49,5771,27322,0.286,0.79,CL,NYMEX,snap-20260731-cl,CL-20260819-68-C-20260731
07/31/26,CL,20260819,68,P,4.1,4.14,4.12,11590,46725,0.2836,-0.21,CL,NYMEX,snap-20260731-cl,CL-20260819-68-P-20260731
07/31/2026,CL,2026-08-19,69,Call,1.51,1.53,1.52,9626,33022,0.2912,0.75,CL,NYMEX,snap-20260731-cl,CL-20260819-69-C-20260731
20260731,CL,20260819,69,P,5.11,5.17,5.14,6095,17831,0.288,-0.25,CL,NYMEX,snap-20260731-cl,CL-20260819-69-P-20260731
07/31/26,CL,2026-08-19,70,C,1.54,1.56,1.55,3657,16839,0.2965,0.72,CL,NYMEX,snap-20260731-cl,CL-20260819-70-C-20260731
20260731,CL,08/19/2026,70,P,6.13,6.2,6.16,2476,9732,0.2924,-0.28,CL,NYMEX,snap-20260731-cl,CL-20260819-70-P-20260731
07/31/2026,CL,08/19/2026,71,C,1.57,1.59,1.58,681,1931,0.3018,0.696,CL,NYMEX,snap-20260731-cl,CL-20260819-71-C-20260731
20260731,CL,2026-08-19,71,P,7.14,7.24,7.19,845,2566,0.2969,-0.304,CL,NYMEX,snap-20260731-cl,CL-20260819-71-P-20260731
07/31/26,CL,2026-08-19,72,C,1.59,1.61,1.6,369,1378,0.3071,0.677,CL,NYMEX,snap-20260731-cl,CL-20260819-72-C-20260731
2026-07-31,CL,2026-08-19,72,put,8.16,8.27,8.22,435,2055,0.3013,-0.323,CL,NYMEX,snap-20260731-cl,CL-20260819-72-P-20260731
20260731,CL,20260819,73,C,1.62,1.64,1.63,725,3328,0.3124,0.661,CL,NYMEX,snap-20260731-cl,CL-20260819-73-C-20260731
2026-07-31,CL,08/19/2026,73,P,9.17,9.3,9.23,763,3220,0.3057,-0.339,CL,NYMEX,snap-20260731-cl,CL-20260819-73-P-20260731
2026-07-31,CL,2026-08-19,74,C,1.65,1.67,1.66,964,4229,0.3177,0.648,CL,NYMEX,snap-20260731-cl,CL-20260819-74-C-20260731
20260731,CL,2026-08-19,74,P,10.18,10.33,10.25,959,3287,0.3101,-0.352,CL,NYMEX,snap-20260731-cl,CL-20260819-74-P-20260731
07/31/26,CL,20260819,75,Call,1.67,1.70,1.68,648,2933,0.323,0.637,CL,NYMEX,snap-20260731-cl,CL-20260819-75-C-20260731
2026-07-31,cl,2026-08-19,75,P,11.19,11.37,11.28,996,4983,0.3145,-0.363,CL,NYMEX,snap-20260731-cl,CL-20260819-75-P-20260731
07/31/2026,CL,2026-09-16,55,C,12.85,13.09,12.97,1289,5565,0.3176,0.63,CL,NYMEX,snap-20260731-cl,CL-20260916-55-C-20260731
20260731,CL,2026-09-16,55,P,2.81,2.86,2.84,826,2852,0.3455,-0.37,CL,NYMEX,snap-20260731-cl,CL-20260916-55-P-20260731
2026-07-31,CL,2026-09-16,56,C,11.83,12.04,11.93,728,2635,0.3132,0.64,CL,NYMEX,snap-20260731-cl,CL-20260916-56-C-20260731
20260731,CL,09/16/2026,56,P,2.75,2.80,2.78,456,"1,911",0.3384,-0.36,CL,NYMEX,snap-20260731-cl,CL-20260916-56-P-20260731
2026-07-31,cl,2026-09-16,57,Call,10.8,10.99,10.9,349,1198,0.3088,0.65,CL,NYMEX,snap-20260731-cl,CL-20260916-57-C-20260731
20260731,CL,20260916,57,put,2.7,2.74,2.72,740,2780,0.3313,-0.349,CL,NYMEX,snap-20260731-cl,CL-20260916-57-P-20260731
2026-07-31,CL,2026-09-16,58,C,9.78,9.94,9.86,336,978,0.3044,0.665,CL,NYMEX,snap-20260731-cl,CL-20260916-58-C-20260731
2026-07-31,CL,09/16/2026,58,P,2.64,2.68,2.66,906,3284,0.3242,-0.34,CL,NYMEX,snap-20260731-cl,CL-20260916-58-P-20260731
2026-07-31,CL,20260916,59,C,8.75,8.89,8.82,609,1598,0.3,0.682,CL,NYMEX,snap-20260731-cl,CL-20260916-59-C-20260731
2026-07-31,CL,2026-09-16,59,P,2.58,2.62,2.6,744,2646,0.32,-0.318,CL,NYMEX,snap-20260731-cl,CL-20260916-59-P-20260731
2026-07-31,CL,2026-09-16,60,C,7.73,7.85,7.79,1175,4237,0.2956,0.702,CL,NYMEX,snap-20260731-cl,CL-20260916-60-C-20260731
2026-07-31,CL,2026-09-16,60,P,2.53,2.56,2.54,888,2773,0.3101,-0.298,CL,NYMEX,snap-20260731-cl,CL-20260916-60-P-20260731
2026-07-31,CL,2026-09-16,61,C,6.7,6.80,6.75,4659,12142,0.2912,0.727,CL,NYMEX,snap-20260731-cl,CL-20260916-61-C-20260731
07/31/2026,CL,2026-09-16,61,P,2.47,2.51,2.49,4921,26086,0.303,-0.273,CL,NYMEX,snap-20260731-cl,CL-20260916-61-P-20260731
2026-07-31,CL,09/16/2026,62,Call,5.67,5.75,5.71,4849,16594,0.2868,0.76,CL,NYMEX,snap-20260731-cl,CL-20260916-62-C-20260731
2026-07-31,CL,2026-09-16,62,P,2.41,2.45,2.43,3576,10623,0.30,-0.24,CL,NYMEX,snap-20260731-cl,CL-20260916-62-P-20260731
07/31/2026,CL,2026-09-16,63,C,4.65,4.71,4.68,4553,11487,0.2824,0.803,CL,NYMEX,snap-20260731-cl,CL-20260916-63-C-20260731
07/31/2026,CL,09/16/2026,63,P,2.35,2.39,2.37,5257,26639,0.2888,-0.197,CL,NYMEX,snap-20260731-cl,CL-20260916-63-P-20260731
2026-07-31,CL,20260916,64,C,3.62,3.67,3.64,14367,42789,0.278,0.864,CL,NYMEX,snap-20260731-cl,CL-20260916-64-C-20260731
07/31/2026,CL,09/16/26,64,put,2.3,2.33,2.32,10690,32974,0.2817,-0.136,CL,NYMEX,snap-20260731-cl,CL-20260916-64-P-20260731
07/31/2026,CL,2026-09-16,65,C,2.59,2.62,2.6,20944,84064,0.2736,0.955,CL,NYMEX,snap-20260731-cl,CL-20260916-65-C-20260731
2026-07-31,CL,2026-09-16,65,P,2.24,2.27,2.25,"18,076",90712,0.2746,-0.045,CL,NYMEX,snap-20260731-cl,CL-20260916-65-P-20260731
07/31/2026,CL,2026-09-16,66,C,2.25,2.27,2.26,19979,86517,0.28,0.925,CL,NYMEX,snap-20260731-cl,CL-20260916-66-C-20260731
2026-07-31,CL,09/16/2026,66,P,2.88,2.91,2.9,23367,96705,0.2748,-0.075,CL,NYMEX,snap-20260731-cl,CL-20260916-66-P-20260731
2026-07-31,CL,2026-09-16,67,C,2.29,2.32,2.3,7116,31429,0.2807,0.844,CL,NYMEX,snap-20260731-cl,CL-20260916-67-C-20260731
07/31/26,CL,2026-09-16,67,P,3.91,3.96,3.94,18122,"77,110",0.2792,-0.156,CL,NYMEX,snap-20260731-cl,CL-20260916-67-P-20260731
2026-07-31,CL,09/16/2026,68,C,2.33,2.36,2.34,11459,42135,0.29,0.79,CL,NYMEX,snap-20260731-cl,CL-20260916-68-C-20260731
2026-07-31,CL,09/16/2026,68,P,4.93,5,4.96,9036,24082,0.2836,-0.21,CL,NYMEX,snap-20260731-cl,CL-20260916-68-P-20260731
2026-07-31,CL,2026-09-16,69,C,2.37,2.41,2.39,3058,"9,671",0.2912,0.75,CL,NYMEX,snap-20260731-cl,CL-20260916-69-C-20260731
07/31/26,CL,2026-09-16,69,P,5.96,6.05,6,6152,31228,0.288,-0.25,CL,NYMEX,snap-20260731-cl,CL-20260916-69-P-20260731
2026-07-31,CL,2026-09-16,70.00,Call,2.42,2.45,2.44,1984,9152,0.2965,0.72,CL,NYMEX,snap-20260731-cl,CL-20260916-70-C-20260731
2026-07-31,CL,20260916,70,P,6.99,7.09,7.04,"2,496",11527,0.2924,-0.28,CL,NYMEX,snap-20260731-cl,CL-20260916-70-P-20260731
2026-07-31,CL,2026-09-16,71.00,Call,2.46,2.5,2.48,429,1921,0.3018,0.696,CL,NYMEX,snap-20260731-cl,CL-20260916-71-C-20260731
2026-07-31,CL,2026-09-16,71,P,8.01,8.14,8.07,975,4866,0.2969,-0.304,CL,NYMEX,snap-20260731-cl,CL-20260916-71-P-20260731
20260731,CL,2026-09-16,72,Call,2.5,2.54,2.52,909,2348,0.3071,0.677,CL,NYMEX,snap-20260731-cl,CL-20260916-72-C-20260731
2026-07-31,CL,2026-09-16,72,P ,9.04,9.19,9.11,1090,3839,0.3013,-0.323,CL,NYMEX,snap-20260731-cl,CL-20260916-72-P-20260731
07/31/2026,cl,20260916,73,C,2.54,2.59,2.56,746,3159,0.3124,0.661,CL,NYMEX,snap-20260731-cl,CL-20260916-73-C-20260731
2026-07-31,CL,20260916,73,P,10.06,10.23,10.14,931,4257,0.3057,-0.34,CL,NYMEX,snap-20260731-cl,CL-20260916-73-P-20260731
2026-07-31,CL,09/16/26,74,C,2.59,2.63,2.61,629,2430,0.3177,0.648,CL,NYMEX,snap-20260731-cl,CL-20260916-74-C-20260731
07/31/2026,CL,2026-09-16,74,P,11.09,11.28,11.18,558,1624,0.3101,-0.352,CL,NYMEX,snap-20260731-cl,CL-20260916-74-P-20260731
2026-07-31,CL,20260916,75,C,2.63,2.67,2.65,748,2773,0.323,0.64,CL,NYMEX,snap-20260731-cl,CL-20260916-75-C-20260731
07/31/2026,CL,2026-09-16,75,P,12.11,12.33,12.22,708,2881,0.3145,-0.363,CL,NYMEX,snap-20260731-cl,CL-20260916-75-P-20260731
2026-07-31,CL,10/14/2026,55,C,13.51,13.79,13.65,352,916,0.3176,0.63,CL,NYMEX,snap-20260731-cl,CL-20261014-55-C-20260731
20260731,CL,2026-10-14,55,put,3.55,3.62,3.58,938,3866,0.3455,-0.37,CL,NYMEX,snap-20260731-cl,CL-20261014-55-P-20260731
2026-07-31,CL,2026-10-14,56,C,12.48,12.73,12.6,661,2278,0.3132,0.64,CL,NYMEX,snap-20260731-cl,CL-20261014-56-C-20260731
2026-07-31,CL,2026-10-14,56.00,P,3.47,3.54,3.50,312,1213,0.3384,-0.36,CL,NYMEX,snap-20260731-cl,CL-20261014-56-P-20260731
2026-07-31,CL,2026-10-14,57,C,11.45,11.67,11.56,297,1319,0.3088,0.651,CL,NYMEX,snap-20260731-cl,CL-20261014-57-C-20260731
07/31/26,CL,2026-10-14,57,P,3.4,3.47,3.44,409,1825,0.3313,-0.349,CL,NYMEX,snap-20260731-cl,CL-20261014-57-P-20260731
2026-07-31,CL,2026-10-14,58,C,10.42,10.62,10.52,494,"2,221",0.3044,0.665,CL,NYMEX,snap-20260731-cl,CL-20261014-58-C-20260731
07/31/26,CL,10/14/2026,58.00,P,3.33,3.39,3.36,528,1981,0.32,-0.335,CL,NYMEX,snap-20260731-cl,CL-20261014-58-P-20260731
07/31/2026,CL,10/14/2026,59,C,9.39,9.56,9.48,261,877,0.3,0.682,CL,NYMEX,snap-20260731-cl,CL-20261014-59-C-20260731
07/31/2026,CL,10/14/2026,59,P,3.26,3.32,3.29,876,3631,0.3172,-0.318,CL,NYMEX,snap-20260731-cl,CL-20261014-59-P-20260731
2026-07-31,CL,10/14/2026,60,C,8.35,8.5,8.42,815,2688,0.30,0.702,CL,NYMEX,snap-20260731-cl,CL-20261014-60-C-20260731
20260731,CL,10/14/2026,60,P,3.19,3.24,3.22,542,2170,0.3101,-0.298,CL,NYMEX,snap-20260731-cl,CL-20261014-60-P-20260731
20260731,CL,2026-10-14,61,C,7.32,7.44,7.38,"4,087",14664,0.2912,0.727,CL,NYMEX,snap-20260731-cl,CL-20261014-61-C-20260731
2026-07-31,CL,2026-10-14,61,P,3.11,3.17,3.14,2692,7392,0.303,-0.273,CL,NYMEX,snap-20260731-cl,CL-20261014-61-P-20260731
20260731,cl,20261014,62,C,6.28,6.39,6.34,3972,9063,0.2868,0.76,CL,NYMEX,snap-20260731-cl,CL-20261014-62-C-20260731
07/31/26,CL,10/14/2026,62,P,3.04,3.09,3.06,8310,"26,139",0.2959,-0.24,CL,NYMEX,snap-20260731-cl,CL-20261014-62-P-20260731
2026-07-31,CL,2026-10-14,63,C,5.25,5.33,5.29,3666,13979,0.2824,0.80,CL,NYMEX,snap-20260731-cl,CL-20261014-63-C-20260731
2026-07-31,CL,2026-10-14,63,Put,2.97,3.02,3,11848,55532,0.2888,-0.197,CL,NYMEX,snap-20260731-cl,CL-20261014-63-P-20260731
2026-07-31,CL,10/14/2026,64,Call,4.21,4.27,4.24,9941,45378,0.278,0.864,CL,NYMEX,snap-20260731-cl,CL-20261014-64-C-20260731
20260731,CL,10/14/26,64,P,2.9,2.94,2.92,5272,23788,0.28,-0.136,CL,NYMEX,snap-20260731-cl,CL-20261014-64-P-20260731
2026-07-31,CL,2026-10-14,65,C,3.17,3.22,3.2,17411,64476,0.2736,0.955,CL,NYMEX,snap-20260731-cl,CL-20261014-65-C-20260731
20260731,CL,2026-10-14,65,P,2.83,2.87,2.85,17041,70581,0.2746,-0.045,CL,NYMEX,snap-20260731-cl,CL-20261014-65-P-20260731
20260731,CL,10/14/2026,66,C,2.83,2.88,2.86,12770,53533,0.2754,0.925,CL,NYMEX,snap-20260731-cl,CL-20261014-66-C-20260731
07/31/2026,CL,20261014,66,P,3.46,3.52,3.49,15570,48260,0.2748,-0.075,CL,NYMEX,snap-20260731-cl,CL-20261014-66-P-20260731
2026-07-31,CL,2026-10-14,67,C,2.89,2.93,2.91,12754,49020,0.2807,0.844,CL,NYMEX,snap-20260731-cl,CL-20261014-67-C-20260731
20260731,CL,2026-10-14,67,P,4.5,4.57,4.54,"9,823",30152,0.2792,-0.156,CL,NYMEX,snap-20260731-cl,CL-20261014-67-P-20260731
2026-07-31,CL,2026-10-14,68,C,2.94,2.99,2.96,8056,31803,0.286,0.79,CL,NYMEX,snap-20260731-cl,CL-20261014-68-C-20260731
2026-07-31,CL,2026-10-14,68,C,2.94,2.99,2.96,8056,31803,0.286,0.79,CL,NYMEX,snap-20260731-cl-retry,CL-20261014-68-C-20260731
07/31/2026,CL,10/14/2026,68,P,5.54,5.63,5.58,6339,29473,0.2836,-0.21,CL,NYMEX,snap-20260731-cl,CL-20261014-68-P-20260731
2026-07-31,CL,20261014,69,C,3,3.05,3.02,5208,22465,0.2912,0.75,CL,NYMEX,snap-20260731-cl,CL-20261014-69-C-20260731
07/31/2026,CL,2026-10-14,69.00,P,6.57,6.68,6.62,2490,7681,0.288,-0.25,CL,NYMEX,snap-20260731-cl,CL-20261014-69-P-20260731
07/31/2026,CL,10/14/26,70,C,3.05,3.1,3.08,1503,5756,0.30,0.72,CL,NYMEX,snap-20260731-cl,CL-20261014-70-C-20260731
20260731,CL,20261014,70,P,7.61,7.74,7.68,2121,9607,0.2924,-0.28,CL,NYMEX,snap-20260731-cl,CL-20261014-70-P-20260731
2026-07-31,CL,10/14/2026,71,C,3.1,3.16,3.13,560,2684,0.3018,0.696,CL,NYMEX,snap-20260731-cl,CL-20261014-71-C-20260731
07/31/26,CL,10/14/2026,71,P,8.64,8.8,8.72,384,1891,0.30,-0.304,CL,NYMEX,snap-20260731-cl,CL-20261014-71-P-20260731
2026-07-31,CL,2026-10-14,72,C,3.16,3.21,3.18,609,1680,0.3071,0.677,CL,NYMEX,snap-20260731-cl,CL-20261014-72-C-20260731
07/31/2026,CL,2026-10-14,72,P,9.67,9.85,9.76,479,1955,0.3013,-0.323,CL,NYMEX,snap-20260731-cl,CL-20261014-72-P-20260731
2026-07-31,CL,10/14/2026,73.00,C,3.21,3.27,3.24,720,2035,0.3124,0.66,CL,NYMEX,snap-20260731-cl,CL-20261014-73-C-20260731
2026-07-31,CL,2026-10-14,73,P,10.71,10.91,10.81,441,2305,0.3057,-0.339,CL,NYMEX,snap-20260731-cl,CL-20261014-73-P-20260731
2026-07-31,CL,2026-10-14,74,Call,3.26,3.33,3.3,711,1946,0.3177,0.648,CL,NYMEX,snap-20260731-cl,CL-20261014-74-C-20260731
2026-07-31,CL,2026-10-14,74,P,11.74,11.97,11.86,461,2002,0.3101,-0.35,CL,NYMEX,snap-20260731-cl,CL-20261014-74-P-20260731
07/31/2026,CL,2026-10-14,75,C,3.32,3.38,3.35,1033,4850,0.323,0.637,CL,NYMEX,snap-20260731-cl,CL-20261014-75-C-20260731
07/31/2026,CL,2026-10-14,75,P,12.77,13.03,12.9,952,3186,0.3145,-0.363,CL,NYMEX,snap-20260731-cl,CL-20261014-75-P-20260731
2026-07-31,CL,20261118,55.00,C,14.18,14.52,14.35,493,1876,0.3176,0.63,CL,NYMEX,snap-20260731-cl,CL-20261118-55-C-20260731
07/31/2026,CL,11/18/26,55,P,4.29,4.39,4.34,331,858,0.3455,-0.37,CL,NYMEX,snap-20260731-cl,CL-20261118-55-P-20260731
2026-07-31,CL,11/18/26,56,C,13.14,13.45,13.3,478,1519,0.3132,0.64,CL,NYMEX,snap-20260731-cl,CL-20261118-56-C-20260731
2026-07-31,CL,2026-11-18,56,P,4.2,4.3,4.25,427,2183,0.3384,-0.36,CL,NYMEX,snap-20260731-cl,CL-20261118-56-P-20260731
07/31/2026,CL,2026-11-18,57,C,12.1,12.37,12.24,193,608,0.3088,0.65,CL,NYMEX,snap-20260731-cl,CL-20261118-57-C-20260731
2026-07-31,CL,20261118,57,P,4.11,4.21,4.16,595,1648,0.3313,-0.349,CL,NYMEX,snap-20260731-cl,CL-20261118-57-P-20260731
2026-07-31,CL,2026-11-18,58,C,11.06,11.3,11.18,381,1191,0.3044,0.665,CL,NYMEX,snap-20260731-cl,CL-20261118-58-C-20260731
2026-07-31,CL,2026-11-18,58,P,4.03,4.12,4.08,554,2563,0.3242,-0.335,CL,NYMEX,snap-20260731-cl,CL-20261118-58-P-20260731
20260731,CL,11/18/26,59,C,10.02,10.23,10.12,418,985,0.3,0.682,CL,NYMEX,snap-20260731-cl,CL-20261118-59-C-20260731
07/31/26,CL,2026-11-18,59,P,3.94,4.02,3.98,281,1274,0.32,-0.318,CL,NYMEX,snap-20260731-cl,CL-20261118-59-P-20260731
07/31/26,cl,20261118,60,C,8.98,9.17,9.07,261,951,0.2956,0.702,CL,NYMEX,snap-20260731-cl,CL-20261118-60-C-20260731
20260731,CL,2026-11-18,60,put,3.85,3.93,3.89,543,1810,0.3101,-0.298,CL,NYMEX,snap-20260731-cl,CL-20261118-60-P-20260731
2026-07-31,CL,11/18/2026,61.00,C,7.94,8.1,8.02,2338,9282,0.29,0.727,CL,NYMEX,snap-20260731-cl,CL-20261118-61-C-20260731
07/31/26,CL,2026-11-18,61,P,3.77,3.84,3.8,2316,7103,0.303,-0.273,CL,NYMEX,snap-20260731-cl,CL-20261118-61-P-20260731
20260731,CL,2026-11-18,62,C,6.89,7.03,6.96,1695,5872,0.2868,0.76,CL,NYMEX,snap-20260731-cl,CL-20261118-62-C-20260731
2026-07-31,CL,2026-11-18,62,P,3.68,3.75,3.72,4110,15981,0.2959,-0.24,CL,NYMEX,snap-20260731-cl,CL-20261118-62-P-20260731
07/31/2026,cl,2026-11-18,63,C,5.85,5.96,5.9,6622,31185,0.2824,0.803,CL,NYMEX,snap-20260731-cl,CL-20261118-63-C-20260731
2026-07-31,CL,2026-11-18,63,P,3.59,3.66,3.62,5736,23890,0.2888,-0.197,CL,NYMEX,snap-20260731-cl,CL-20261118-63-P-20260731
2026-07-31,CL,2026-11-18,64,C,4.81,4.89,4.85,10299,25812,0.278,0.864,CL,NYMEX,snap-20260731-cl,CL-20261118-64-C-20260731
20260731,CL,2026-11-18,64,P,3.51,3.57,3.54,5729,17088,0.28,-0.136,CL,NYMEX,snap-20260731-cl,CL-20261118-64-P-20260731
20260731,CL,2026-11-18,65,C,3.76,3.83,3.8,9737,41967,0.2736,0.955,CL,NYMEX,snap-20260731-cl,CL-20261118-65-C-20260731
2026-07-31,CL,2026-11-18,65,P,3.42,3.48,3.45,"12,919",50703,0.2746,-0.045,CL,NYMEX,snap-20260731-cl,CL-20261118-65-P-20260731
07/31/2026,CL,11/18/2026,66,C,3.43,3.49,3.46,4615,15142,0.2754,0.925,CL,NYMEX,snap-20260731-cl,CL-20261118-66-C-20260731
07/31/2026,CL,2026-11-18,66,Put,4.06,4.13,4.09,12671,51974,0.2748,-0.075,CL,NYMEX,snap-20260731-cl,CL-20261118-66-P-20260731
07/31/2026,CL,2026-11-18,67,C,3.49,3.56,3.52,4822,20773,0.2807,0.844,CL,NYMEX,snap-20260731-cl,CL-20261118-67-C-20260731
07/31/2026,CL,20261118,67,P ,5.10,5.19,5.14,9036,38176,0.2792,-0.156,CL,NYMEX,snap-20260731-cl,CL-20261118-67-P-20260731
2026-07-31,CL,2026-11-18,68,Call,3.56,3.62,3.59,6382,24287,0.286,0.79,CL,NYMEX,snap-20260731-cl,CL-20261118-68-C-20260731
20260731,CL,2026-11-18,68,P,6.14,6.26,6.2,5890,16488,0.2836,-0.21,CL,NYMEX,snap-20260731-cl,CL-20261118-68-P-20260731
07/31/2026,CL,2026-11-18,69,C,3.62,3.69,3.66,3456,14024,0.2912,0.75,CL,NYMEX,snap-20260731-cl,CL-20261118-69-C-20260731
07/31/2026,CL,11/18/2026,69,P,7.19,7.33,7.26,2350,12520,0.288,-0.25,CL,NYMEX,snap-20260731-cl,CL-20261118-69-P-20260731
2026-07-31,CL,2026-11-18,70,Call,3.69,3.76,3.72,1346,5089,0.2965,0.72,CL,NYMEX,snap-20260731-cl,CL-20261118-70-C-20260731
2026-07-31,CL,2026-11-18,70,put,8.23,8.4,8.32,1466,6162,0.2924,-0.28,CL,NYMEX,snap-20260731-cl,CL-20261118-70-P-20260731
2026-07-31,CL,2026-11-18,71,C,3.75,3.83,3.79,474,1876,0.3018,0.696,CL,NYMEX,snap-20260731-cl,CL-20261118-71-C-20260731
20260731,CL,2026-11-18,71,P,9.27,9.46,9.36,548,1805,0.2969,-0.304,CL,NYMEX,snap-20260731-cl,CL-20261118-71-P-20260731
20260731,CL,11/18/2026,72.00,C,3.82,3.9,3.86,294,1113,0.3071,0.68,CL,NYMEX,snap-20260731-cl,CL-20261118-72-C-20260731
2026-07-31,CL,2026-11-18,72,P,10.31,10.53,10.42,212,1074,0.3013,-0.323,CL,NYMEX,snap-20260731-cl,CL-20261118-72-P-20260731
20260731,CL,11/18/2026,73,C,3.88,3.97,3.92,305,1220,0.3124,0.661,CL,NYMEX,snap-20260731-cl,CL-20261118-73-C-20260731
2026-07-31,CL,2026-11-18,73,P,11.35,11.6,11.48,609,1923,0.3057,-0.34,CL,NYMEX,snap-20260731-cl,CL-20261118-73-P-20260731
07/31/2026,CL,11/18/2026,74,C,3.94,4.03,3.98,507,1164,0.3177,0.648,CL,NYMEX,snap-20260731-cl,CL-20261118-74-C-20260731
2026-07-31,CL,2026-11-18,74,P,12.39,12.67,12.53,275,1406,0.3101,-0.352,CL,NYMEX,snap-20260731-cl,CL-20261118-74-P-20260731
20260731,CL,2026-11-18,75.00,C,4.01,4.1,4.05,645,2713,0.323,0.64,CL,NYMEX,snap-20260731-cl,CL-20261118-75-C-20260731
2026-07-31,CL,11/18/26,75,P,13.43,13.75,13.59,348,1376,0.3145,-0.363,CL,NYMEX,snap-20260731-cl,CL-20261118-75-P-20260731
2026-08-03,CL,2026-08-19,56,C,10.94,11.11,11.02,609,2047,0.3138,0.64,CL,NYMEX,snap-20260803-cl,CL-20260819-56-C-20260803
20260803,CL,2026-08-19,56,P,1.62,1.64,1.63,991,4788,0.3394,-0.362,CL,NYMEX,snap-20260803-cl,CL-20260819-56-P-20260803
20260803,CL,08/19/2026,57,Call,9.93,10.08,10,572,1716,0.3095,0.65,CL,NYMEX,snap-20260803-cl,CL-20260819-57-C-20260803
2026-08-03,CL,2026-08-19,57,P,1.58,1.61,1.6,1090,4269,0.3323,-0.35,CL,NYMEX,snap-20260803-cl,CL-20260819-57-P-20260803
08/03/2026,CL,2026-08-19,58,C,8.92,9.05,8.98,732,3043,0.3051,0.663,CL,NYMEX,snap-20260803-cl,CL-20260819-58-C-20260803
2026-08-03,cl,2026-08-19,58,P,1.55,1.57,1.56,827,4185,0.3253,-0.337,CL,NYMEX,snap-20260803-cl,CL-20260819-58-P-20260803
2026-08-03,cl,2026-08-19,59,C,7.91,8.02,7.96,1120,3648,0.3007,0.679,CL,NYMEX,snap-20260803-cl,CL-20260819-59-C-20260803
2026-08-03,CL,08/19/2026,59,put,1.52,1.54,1.53,421,1297,0.3182,-0.321,CL,NYMEX,snap-20260803-cl,CL-20260819-59-P-20260803
20260803,CL,2026-08-19,60.00,C,6.9,6.99,6.94,1035,4230,0.2963,0.699,CL,NYMEX,snap-20260803-cl,CL-20260819-60-C-20260803
2026-08-03,CL,2026-08-19,60,P,1.48,1.5,1.49,650,2473,0.3111,-0.301,CL,NYMEX,snap-20260803-cl,CL-20260819-60-P-20260803
20260803,CL,2026-08-19,61,C,5.89,5.96,5.92,3099,11774,0.2919,0.723,CL,NYMEX,snap-20260803-cl,CL-20260819-61-C-20260803
2026-08-03,CL,2026-08-19,61,P ,1.45,1.47,1.46,3776,18374,0.304,-0.277,CL,NYMEX,snap-20260803-cl,CL-20260819-61-P-20260803
2026-08-03,CL,2026-08-19,62,C,4.87,4.93,4.9,10536,35739,0.2875,0.754,CL,NYMEX,snap-20260803-cl,CL-20260819-62-C-20260803
2026-08-03,CL,2026-08-19,62.00,Put,1.42,1.43,1.42,6885,26420,0.30,-0.246,CL,NYMEX,snap-20260803-cl,CL-20260819-62-P-20260803
20260803,CL,2026-08-19,63.00,C,3.86,3.9,3.88,12714,"52,612",0.2831,0.795,CL,NYMEX,snap-20260803-cl,CL-20260819-63-C-20260803
2026-08-03,CL,2026-08-19,63,P,1.38,1.4,1.39,8096,37233,0.2898,-0.205,CL,NYMEX,snap-20260803-cl,CL-20260819-63-P-20260803
2026-08-03,CL,08/19/2026,64,C,2.84,2.87,2.86,19831,57503,0.2787,0.853,CL,NYMEX,snap-20260803-cl,CL-20260819-64-C-20260803
2026-08-03,CL,08/19/2026,64,P,1.35,1.36,1.36,18510,100356,0.28,-0.147,CL,NYMEX,snap-20260803-cl,CL-20260819-64-P-20260803
08/03/2026,CL,2026-08-19,65,C,1.83,1.85,1.84,15083,67207,0.2743,0.938,CL,NYMEX,snap-20260803-cl,CL-20260819-65-C-20260803
08/03/26,CL,08/19/2026,65,P,1.32,1.33,1.33,16831,85526,0.2757,-0.062,CL,NYMEX,snap-20260803-cl,CL-20260819-65-P-20260803
20260803,CL,2026-08-19,66,C,1.31,1.32,1.32,9371,43054,0.2745,0.942,CL,NYMEX,snap-20260803-cl,CL-20260819-66-C-20260803
08/03/2026,CL,2026-08-19,66,P,1.79,1.8,1.8,22276,98990,0.2741,-0.058,CL,NYMEX,snap-20260803-cl,CL-20260819-66-P-20260803
2026-08-03,CL,2026-08-19,67,C,1.34,1.35,1.35,20808,80599,0.2798,0.855,CL,NYMEX,snap-20260803-cl,CL-20260819-67-C-20260803
08/03/2026,CL,2026-08-19,67,P,2.80,2.83,2.82,"15,322",79701,0.2785,-0.145,CL,NYMEX,snap-20260803-cl,CL-20260819-67-P-20260803
2026-08-03,CL,2026-08-19,68,C,1.36,1.38,1.37,14746,66539,0.2851,0.797,CL,NYMEX,snap-20260803-cl,CL-20260819-68-C-20260803
08/03/2026,CL,08/19/2026,68,P,3.82,3.86,3.84,5563,15861,0.2829,-0.20,CL,NYMEX,snap-20260803-cl,CL-20260819-68-P-20260803
2026-08-03,CL,08/19/2026,69,C,1.39,1.4,1.4,10429,27596,0.2904,0.756,CL,NYMEX,snap-20260803-cl,CL-20260819-69-C-20260803
2026-08-03,CL,2026-08-19,69,P,4.83,4.89,4.86,11870,37884,0.2873,-0.244,CL,NYMEX,snap-20260803-cl,CL-20260819-69-P-20260803
20260803,CL,2026-08-19,70,C,1.41,1.43,1.42,3277,7875,0.2956,0.724,CL,NYMEX,snap-20260803-cl,CL-20260819-70-C-20260803
20260803,cl,20260819,70,P,5.85,5.92,5.88,3541,"11,998",0.2917,-0.276,CL,NYMEX,snap-20260803-cl,CL-20260819-70-P-20260803
08/03/2026,CL,20260819,71,C,1.44,1.45,1.44,768,2972,0.30,0.7,CL,NYMEX,snap-20260803-cl,CL-20260819-71-C-20260803
20260803,CL,20260819,71,P,6.86,6.95,6.9,926,4128,0.2961,-0.3,CL,NYMEX,snap-20260803-cl,CL-20260819-71-P-20260803
2026-08-03,CL,2026-08-19,72,C,1.46,1.48,1.47,989,3881,0.3062,0.68,CL,NYMEX,snap-20260803-cl,CL-20260819-72-C-20260803
20260803,CL,2026-08-19,72,P,7.87,7.98,7.92,1011,5305,0.3005,-0.32,CL,NYMEX,snap-20260803-cl,CL-20260819-72-P-20260803
2026-08-03,CL,2026-08-19,73,C,1.48,1.51,1.5,1136,5283,0.3115,0.66,CL,NYMEX,snap-20260803-cl,CL-20260819-73-C-20260803
08/03/2026,CL,08/19/2026,73,P,8.88,9.01,8.94,620,1778,0.3049,-0.336,CL,NYMEX,snap-20260803-cl,CL-20260819-73-P-20260803
20260803,CL,2026-08-19,74,C,1.51,1.53,1.52,993,4354,0.3167,0.65,CL,NYMEX,snap-20260803-cl,CL-20260819-74-C-20260803
2026-08-03,CL,08/19/26,74,P,9.89,10.04,9.96,732,3935,0.3093,-0.35,CL,NYMEX,snap-20260803-cl,CL-20260819-74-P-20260803
2026-08-03,CL,2026-08-19,75,C,1.53,1.56,1.54,724,1924,0.322,0.639,CL,NYMEX,snap-20260803-cl,CL-20260819-75-C-20260803
08/03/2026,CL,20260819,75,P,10.9,11.07,10.98,675,3457,0.3137,-0.361,CL,NYMEX,snap-20260803-cl,CL-20260819-75-P-20260803
2026-08-03,cl,2026-08-19,76,C,1.56,1.58,1.57,632,1536,0.3273,0.629,CL,NYMEX,snap-20260803-cl,CL-20260819-76-C-20260803
2026-08-03,CL,20260819,76,P,11.91,12.1,12,1184,5442,0.3181,-0.371,CL,NYMEX,snap-20260803-cl,CL-20260819-76-P-20260803
20260803,CL,09/16/2026,56,C,11.91,12.12,12.02,394,1575,0.3138,0.64,CL,NYMEX,snap-20260803-cl,CL-20260916-56-C-20260803
08/03/2026,CL,20260916,56,P,2.68,2.73,2.7,618,2534,0.3394,-0.362,CL,NYMEX,snap-20260803-cl,CL-20260916-56-P-20260803
2026-08-03,CL,09/16/26,57,C,10.89,11.08,10.98,964,"4,153",0.3095,0.65,CL,NYMEX,snap-20260803-cl,CL-20260916-57-C-20260803
2026-08-03,CL,2026-09-16,57,Put,2.62,2.67,2.64,402,"1,146",0.3323,-0.35,CL,NYMEX,snap-20260803-cl,CL-20260916-57-P-20260803
2026-08-03,CL,09/16/26,58,C,9.87,10.03,9.95,868,"2,676",0.3051,0.663,CL,NYMEX,snap-20260803-cl,CL-20260916-58-C-20260803
2026-08-03,CL,2026-09-16,58,P,2.57,2.61,2.59,426,1895,0.3253,-0.337,CL,NYMEX,snap-20260803-cl,CL-20260916-58-P-20260803
2026-08-03,CL,2026-09-16,59,C,8.84,8.98,8.91,492,2142,0.3007,0.679,CL,NYMEX,snap-20260803-cl,CL-20260916-59-C-20260803
2026-08-03,CL,2026-09-16,59,C,8.84,8.98,8.91,492,2142,0.3007,0.679,CL,NYMEX,snap-20260803-cl-retry,CL-20260916-59-C-20260803
08/03/26,CL,20260916,59,P,2.51,2.55,2.53,818,2178,0.3182,-0.321,CL,NYMEX,snap-20260803-cl,CL-20260916-59-P-20260803
2026-08-03,CL,2026-09-16,60,C,7.82,7.94,7.88,1166,3144,0.2963,0.699,CL,NYMEX,snap-20260803-cl,CL-20260916-60-C-20260803
20260803,CL,09/16/26,60,P,2.46,2.5,2.48,525,1517,0.3111,-0.301,CL,NYMEX,snap-20260803-cl,CL-20260916-60-P-20260803
2026-08-03,CL,20260916,61,C,6.79,6.89,6.84,2544,5751,0.2919,0.723,CL,NYMEX,snap-20260803-cl,CL-20260916-61-C-20260803
08/03/2026,CL,20260916,61,P,2.4,2.44,2.42,3475,9066,0.304,-0.277,CL,NYMEX,snap-20260803-cl,CL-20260916-61-P-20260803
2026-08-03,CL,2026-09-16,62,C,5.77,5.85,5.81,4663,14431,0.2875,0.754,CL,NYMEX,snap-20260803-cl,CL-20260916-62-C-20260803
08/03/2026,CL,20260916,62,P,2.35,2.38,2.37,7418,25434,0.2969,-0.246,CL,NYMEX,snap-20260803-cl,CL-20260916-62-P-20260803
2026-08-03,CL,09/16/26,63,C,4.74,4.81,4.78,8622,24455,0.2831,0.795,CL,NYMEX,snap-20260803-cl,CL-20260916-63-C-20260803
2026-08-03,CL,2026-09-16,63,P,2.29,2.32,2.3,8327,35614,0.29,-0.20,CL,NYMEX,snap-20260803-cl,CL-20260916-63-P-20260803
2026-08-03,CL,20260916,64,C,3.72,3.76,3.74,"14,158",65719,0.2787,0.853,CL,NYMEX,snap-20260803-cl,CL-20260916-64-C-20260803
08/03/2026,CL,20260916,64.00,P,2.24,2.27,2.25,10796,29077,0.2828,-0.147,CL,NYMEX,snap-20260803-cl,CL-20260916-64-P-20260803
08/03/2026,CL,2026-09-16,65,C,2.69,2.72,2.7,12666,55505,0.2743,0.94,CL,NYMEX,snap-20260803-cl,CL-20260916-65-C-20260803
08/03/2026,CL,2026-09-16,65,P,2.18,2.21,2.2,22548,109457,0.2757,-0.062,CL,NYMEX,snap-20260803-cl,CL-20260916-65-P-20260803
2026-08-03,CL,09/16/2026,66,C,2.17,2.2,2.18,12499,59221,0.2745,0.942,CL,NYMEX,snap-20260803-cl,CL-20260916-66-C-20260803
08/03/26,CL,2026-09-16,66,P,2.65,2.68,2.66,19690,70483,0.2741,-0.058,CL,NYMEX,snap-20260803-cl,CL-20260916-66-P-20260803
2026-08-03,CL,2026-09-16,67,C,2.21,2.24,2.22,12496,32619,0.2798,0.855,CL,NYMEX,snap-20260803-cl,CL-20260916-67-C-20260803
08/03/26,CL,20260916,67,P ,3.67,3.72,3.7,"6,753",17682,0.2785,-0.14,CL,NYMEX,snap-20260803-cl,CL-20260916-67-P-20260803
2026-08-03,CL,09/16/2026,68,C,2.25,2.28,2.26,7178,33502,0.2851,0.80,CL,NYMEX,snap-20260803-cl,CL-20260916-68-C-20260803
2026-08-03,CL,2026-09-16,68,P,4.7,4.76,4.73,7539,33532,0.2829,-0.203,CL,NYMEX,snap-20260803-cl,CL-20260916-68-P-20260803
2026-08-03,CL,09/16/2026,69,C,2.3,2.33,2.32,3694,8152,0.2904,0.756,CL,NYMEX,snap-20260803-cl,CL-20260916-69-C-20260803
2026-08-03,CL,2026-09-16,69,P,5.73,5.81,5.77,5316,23630,0.2873,-0.244,CL,NYMEX,snap-20260803-cl,CL-20260916-69-P-20260803
2026-08-03,CL,2026-09-16,70,C,2.34,2.37,2.36,4504,14657,0.2956,0.724,CL,NYMEX,snap-20260803-cl,CL-20260916-70-C-20260803
2026-08-03,CL,09/16/26,70,P,6.75,6.85,6.8,3214,"16,056",0.29,-0.276,CL,NYMEX,snap-20260803-cl,CL-20260916-70-P-20260803
2026-08-03,CL,20260916,71,C,2.38,2.41,2.4,557,1566,0.3009,0.7,CL,NYMEX,snap-20260803-cl,CL-20260916-71-C-20260803
20260803,CL,09/16/26,71,P,7.78,7.90,7.84,884,3648,0.30,-0.3,CL,NYMEX,snap-20260803-cl,CL-20260916-71-P-20260803
08/03/26,CL,20260916,72,C,2.42,2.46,2.44,433,1673,0.3062,0.68,CL,NYMEX,snap-20260803-cl,CL-20260916-72-C-20260803
2026-08-03,CL,09/16/26,72,put,8.80,8.94,8.87,638,2160,0.3005,-0.32,CL,NYMEX,snap-20260803-cl,CL-20260916-72-P-20260803
2026-08-03,CL,09/16/2026,73,C,2.46,2.5,2.48,336,1212,0.3115,0.664,CL,NYMEX,snap-20260803-cl,CL-20260916-73-C-20260803
2026-08-03,CL,2026-09-16,73,P,9.83,9.99,9.91,719,"3,306",0.3049,-0.336,CL,NYMEX,snap-20260803-cl,CL-20260916-73-P-20260803
2026-08-03,CL,09/16/2026,74,C,2.5,2.54,2.52,342,1499,0.3167,0.65,CL,NYMEX,snap-20260803-cl,CL-20260916-74-C-20260803
2026-08-03,CL,2026-09-16,74,P,10.85,11.03,10.94,1038,3802,0.3093,-0.35,CL,NYMEX,snap-20260803-cl,CL-20260916-74-P-20260803
2026-08-03,CL,2026-09-16,75,Call,2.54,2.59,2.56,554,2522,0.322,0.64,CL,NYMEX,snap-20260803-cl,CL-20260916-75-C-20260803
08/03/2026,CL,09/16/2026,75,P,11.87,12.08,11.98,684,2796,0.3137,-0.361,CL,NYMEX,snap-20260803-cl,CL-20260916-75-P-20260803
2026-08-03,CL,2026-09-16,76,Call,2.58,2.63,2.6,473,1786,0.3273,0.629,CL,NYMEX,snap-20260803-cl,CL-20260916-76-C-20260803
2026-08-03,CL,2026-09-16,76,put,12.89,13.13,13.01,642,"1,966",0.3181,-0.37,CL,NYMEX,snap-20260803-cl,CL-20260916-76-P-20260803
2026-08-03,cl,2026-10-14,56,C,12.59,12.84,12.72,319,1367,0.3138,0.638,CL,NYMEX,snap-20260803-cl,CL-20261014-56-C-20260803
2026-08-03,CL,2026-10-14,56,P,3.42,3.49,3.46,312,951,0.3394,-0.362,CL,NYMEX,snap-20260803-cl,CL-20261014-56-P-20260803
2026-08-03,CL,2026-10-14,57,C,11.56,11.78,11.67,564,2322,0.3095,0.65,CL,NYMEX,snap-20260803-cl,CL-20261014-57-C-20260803
2026-08-03,CL,2026-10-14,57,P,3.35,3.42,3.38,484,1937,0.3323,-0.35,CL,NYMEX,snap-20260803-cl,CL-20261014-57-P-20260803
2026-08-03,CL,10/14/26,58,C,10.53,10.73,10.63,342,953,0.3051,0.663,CL,NYMEX,snap-20260803-cl,CL-20261014-58-C-20260803
20260803,CL,2026-10-14,58,P,3.28,3.34,3.31,590,1557,0.3253,-0.337,CL,NYMEX,snap-20260803-cl,CL-20261014-58-P-20260803
20260803,CL,10/14/26,59,Call,9.5,9.67,9.59,629,2456,0.3007,0.679,CL,NYMEX,snap-20260803-cl,CL-20261014-59-C-20260803
08/03/2026,CL,10/14/2026,59.00,P,3.21,3.27,3.24,831,2750,0.3182,-0.321,CL,NYMEX,snap-20260803-cl,CL-20261014-59-P-20260803
08/03/2026,CL,10/14/26,60,C,8.46,8.61,8.54,986,2841,0.30,0.699,CL,NYMEX,snap-20260803-cl,CL-20261014-60-C-20260803
2026-08-03,cl,2026-10-14,60,P,3.14,3.2,3.17,508,2745,0.3111,-0.301,CL,NYMEX,snap-20260803-cl,CL-20261014-60-P-20260803
08/03/26,CL,10/14/2026,61,C,7.43,7.56,7.49,3674,13874,0.2919,0.723,CL,NYMEX,snap-20260803-cl,CL-20261014-61-C-20260803
2026-08-03,CL,2026-10-14,61,P,3.07,3.12,3.09,2898,14422,0.304,-0.277,CL,NYMEX,snap-20260803-cl,CL-20261014-61-P-20260803
20260803,CL,10/14/2026,62,C,6.4,6.5,6.45,7166,27502,0.29,0.75,CL,NYMEX,snap-20260803-cl,CL-20261014-62-C-20260803
2026-08-03,CL,20261014,62,P,3,3.05,3.02,5118,23358,0.2969,-0.246,CL,NYMEX,snap-20260803-cl,CL-20261014-62-P-20260803
08/03/2026,CL,10/14/2026,63,C,5.36,5.45,5.4,9724,36182,0.28,0.795,CL,NYMEX,snap-20260803-cl,CL-20261014-63-C-20260803
2026-08-03,cl,2026-10-14,63,P,2.93,2.98,2.96,3909,11975,0.2898,-0.205,CL,NYMEX,snap-20260803-cl,CL-20261014-63-P-20260803
2026-08-03,CL,2026-10-14,64,C,4.33,4.39,4.36,5288,12462,0.2787,0.853,CL,NYMEX,snap-20260803-cl,CL-20261014-64-C-20260803
2026-08-03,CL,2026-10-14,64,P,2.86,2.9,2.88,10469,33933,0.28,-0.147,CL,NYMEX,snap-20260803-cl,CL-20261014-64-P-20260803
2026-08-03,CL,2026-10-14,65,Call,3.29,3.34,3.32,16131,63465,0.2743,0.94,CL,NYMEX,snap-20260803-cl,CL-20261014-65-C-20260803
20260803,cl,2026-10-14,65,P,2.79,2.83,2.81,16340,81821,0.2757,-0.062,CL,NYMEX,snap-20260803-cl,CL-20261014-65-P-20260803
20260803,CL,2026-10-14,66,Call,2.78,2.82,2.8,"8,847",40192,0.2745,0.94,CL,NYMEX,snap-20260803-cl,CL-20261014-66-C-20260803
2026-08-03,cl,2026-10-14,66,P,3.25,3.3,3.28,"14,819",77816,0.2741,-0.058,CL,NYMEX,snap-20260803-cl,CL-20261014-66-P-20260803
08/03/26,CL,2026-10-14,67,C,2.83,2.87,2.85,"7,156",15905,0.2798,0.855,CL,NYMEX,snap-20260803-cl,CL-20261014-67-C-20260803
20260803,CL,2026-10-14,67,P,4.28,4.35,4.31,6097,23260,0.2785,-0.145,CL,NYMEX,snap-20260803-cl,CL-20261014-67-P-20260803
2026-08-03,CL,2026-10-14,68,C,2.88,2.93,2.9,5973,18838,0.2851,0.797,CL,NYMEX,snap-20260803-cl,CL-20261014-68-C-20260803
08/03/2026,CL,10/14/2026,68,P,5.32,5.4,5.36,10444,54198,0.2829,-0.203,CL,NYMEX,snap-20260803-cl,CL-20261014-68-P-20260803
2026-08-03,CL,2026-10-14,69.00,C,2.93,2.98,2.96,6523,27914,0.2904,0.756,CL,NYMEX,snap-20260803-cl,CL-20261014-69-C-20260803
08/03/26,CL,20261014,69.00,P,6.35,6.46,6.4,2728,11934,0.2873,-0.244,CL,NYMEX,snap-20260803-cl,CL-20261014-69-P-20260803
2026-08-03,CL,20261014,70,C,2.99,3.04,3.02,"3,282","9,289",0.2956,0.724,CL,NYMEX,snap-20260803-cl,CL-20261014-70-C-20260803
2026-08-03,CL,10/14/2026,70,P,7.39,7.51,7.45,3932,16369,0.2917,-0.276,CL,NYMEX,snap-20260803-cl,CL-20261014-70-P-20260803
2026-08-03,cl,2026-10-14,71,C,3.04,3.09,3.06,583,"1,872",0.3009,0.7,CL,NYMEX,snap-20260803-cl,CL-20261014-71-C-20260803
20260803,CL,2026-10-14,71,P,8.42,8.57,8.50,840,2724,0.30,-0.30,CL,NYMEX,snap-20260803-cl,CL-20261014-71-P-20260803
08/03/2026,CL,2026-10-14,72,Call,3.09,3.15,3.12,642,2558,0.3062,0.68,CL,NYMEX,snap-20260803-cl,CL-20261014-72-C-20260803
2026-08-03,CL,2026-10-14,72,P,9.45,9.63,9.54,771,3596,0.3005,-0.32,CL,NYMEX,snap-20260803-cl,CL-20261014-72-P-20260803
2026-08-03,CL,10/14/2026,73,C,3.14,3.2,3.17,337,1208,0.3115,0.664,CL,NYMEX,snap-20260803-cl,CL-20261014-73-C-20260803
08/03/2026,CL,2026-10-14,73,P,10.49,10.68,10.58,570,1481,0.3049,-0.336,CL,NYMEX,snap-20260803-cl,CL-20261014-73-P-20260803
08/03/2026,CL,2026-10-14,74,C,3.19,3.26,3.22,643,2734,0.3167,0.65,CL,NYMEX,snap-20260803-cl,CL-20261014-74-C-20260803
2026-08-03,CL,2026-10-14,74,P,11.52,11.74,11.63,842,4124,0.3093,-0.35,CL,NYMEX,snap-20260803-cl,CL-20261014-74-P-20260803
20260803,CL,2026-10-14,75,C,3.25,3.31,3.28,787,3336,0.322,0.639,CL,NYMEX,snap-20260803-cl,CL-20261014-75-C-20260803
2026-08-03,CL,20261014,75,P,12.55,12.80,12.68,1117,"5,021",0.3137,-0.361,CL,NYMEX,snap-20260803-cl,CL-20261014-75-P-20260803
2026-08-03,CL,2026-10-14,76.00,C,3.30,3.37,3.34,802,2922,0.3273,0.629,CL,NYMEX,snap-20260803-cl,CL-20261014-76-C-20260803
08/03/2026,CL,20261014,76,P,13.58,13.86,13.72,813,4135,0.3181,-0.371,CL,NYMEX,snap-20260803-cl,CL-20261014-76-P-20260803
08/03/2026,CL,2026-11-18,56,C,13.26,13.57,13.42,383,1598,0.3138,0.638,CL,NYMEX,snap-20260803-cl,CL-20261118-56-C-20260803
08/03/26,CL,2026-11-18,56,P,4.17,4.26,4.22,310,1496,0.3394,-0.362,CL,NYMEX,snap-20260803-cl,CL-20261118-56-P-20260803
2026-08-03,CL,2026-11-18,57,C,12.23,12.5,12.36,322,1217,0.3095,0.65,CL,NYMEX,snap-20260803-cl,CL-20261118-57-C-20260803
2026-08-03,CL,11/18/26,57,P,4.08,4.17,4.12,566,2791,0.3323,-0.35,CL,NYMEX,snap-20260803-cl,CL-20261118-57-P-20260803
2026-08-03,CL,11/18/26,58.00,C,11.19,11.43,11.31,204,830,0.3051,0.66,CL,NYMEX,snap-20260803-cl,CL-20261118-58-C-20260803
2026-08-03,CL,11/18/2026,58,P,3.99,4.08,4.04,479,1214,0.33,-0.337,CL,NYMEX,snap-20260803-cl,CL-20261118-58-P-20260803
2026-08-03,CL,2026-11-18,59,C,10.15,10.36,10.25,268,636,0.3007,0.679,CL,NYMEX,snap-20260803-cl,CL-20261118-59-C-20260803
2026-08-03,cl,11/18/2026,59,P,3.91,3.99,3.95,421,"2,004",0.3182,-0.321,CL,NYMEX,snap-20260803-cl,CL-20261118-59-P-20260803
20260803,CL,2026-11-18,60,Call,9.11,9.29,9.2,380,1151,0.2963,0.699,CL,NYMEX,snap-20260803-cl,CL-20261118-60-C-20260803
2026-08-03,CL,11/18/2026,60,P,3.82,3.9,3.86,398,2028,0.3111,-0.301,CL,NYMEX,snap-20260803-cl,CL-20261118-60-P-20260803
2026-08-03,CL,11/18/2026,61,C,8.06,8.22,8.14,2301,10402,0.2919,0.723,CL,NYMEX,snap-20260803-cl,CL-20261118-61-C-20260803
08/03/26,CL,2026-11-18,61,P,3.74,3.81,3.78,1757,4930,0.304,-0.277,CL,NYMEX,snap-20260803-cl,CL-20261118-61-P-20260803
2026-08-03,CL,2026-11-18,62,C,7.02,7.16,7.09,2256,10741,0.2875,0.754,CL,NYMEX,snap-20260803-cl,CL-20261118-62-C-20260803
08/03/2026,CL,2026-11-18,62,P,3.65,3.72,3.68,2877,14606,0.2969,-0.246,CL,NYMEX,snap-20260803-cl,CL-20261118-62-P-20260803
08/03/26,CL,2026-11-18,63,C,5.98,6.09,6.04,6755,30822,0.2831,0.795,CL,NYMEX,snap-20260803-cl,CL-20261118-63-C-20260803
08/03/26,CL,2026-11-18,63,P,3.57,3.63,3.6,7477,"26,386",0.2898,-0.205,CL,NYMEX,snap-20260803-cl,CL-20261118-63-P-20260803
2026-08-03,CL,2026-11-18,64,C,4.94,5.02,4.98,6996,28658,0.2787,0.853,CL,NYMEX,snap-20260803-cl,CL-20261118-64-C-20260803
08/03/2026,CL,2026-11-18,64,P ,3.48,3.54,3.51,7479,36714,0.2828,-0.147,CL,NYMEX,snap-20260803-cl,CL-20261118-64-P-20260803
2026-08-03,CL,20261118,65,C,3.89,3.96,3.92,6863,32113,0.27,0.938,CL,NYMEX,snap-20260803-cl,CL-20261118-65-C-20260803
2026-08-03,CL,2026-11-18,65,P,3.39,3.45,3.42,17101,58272,0.2757,-0.062,CL,NYMEX,snap-20260803-cl,CL-20261118-65-P-20260803
2026-08-03,CL,11/18/2026,66,C,3.38,3.44,3.41,10550,38117,0.2745,0.942,CL,NYMEX,snap-20260803-cl,CL-20261118-66-C-20260803
20260803,CL,2026-11-18,66,P,3.85,3.92,3.88,12600,32613,0.2741,-0.058,CL,NYMEX,snap-20260803-cl,CL-20261118-66-P-20260803
08/03/26,CL,11/18/2026,67,Call,3.44,3.51,3.47,6884,24801,0.2798,0.85,CL,NYMEX,snap-20260803-cl,CL-20261118-67-C-20260803
2026-08-03,CL,2026-11-18,67,P,4.89,4.98,4.94,"9,821","34,397",0.2785,-0.145,CL,NYMEX,snap-20260803-cl,CL-20261118-67-P-20260803
20260803,CL,11/18/2026,68,C,3.51,3.57,3.54,6679,22061,0.2851,0.797,CL,NYMEX,snap-20260803-cl,CL-20261118-68-C-20260803
08/03/2026,CL,2026-11-18,68,P,5.94,6.05,6,5626,29549,0.2829,-0.203,CL,NYMEX,snap-20260803-cl,CL-20261118-68-P-20260803
08/03/2026,CL,11/18/2026,69,C,3.57,3.64,3.6,5052,12421,0.2904,0.756,CL,NYMEX,snap-20260803-cl,CL-20261118-69-C-20260803
2026-08-03,cl,11/18/26,69,P,6.98,7.11,7.04,4381,19107,0.2873,-0.244,CL,NYMEX,snap-20260803-cl,CL-20261118-69-P-20260803
2026-08-03,cl,11/18/26,69,P,6.98,7.11,7.04,4381,19107,0.2873,-0.244,CL,NYMEX,snap-20260803-cl-retry,CL-20261118-69-P-20260803
20260803,CL,11/18/2026,70,C,3.63,3.71,3.67,3678,10757,0.2956,0.724,CL,NYMEX,snap-20260803-cl,CL-20261118-70-C-20260803
2026-08-03,CL,20261118,70,P,8.02,8.18,8.1,1386,5485,0.2917,-0.276,CL,NYMEX,snap-20260803-cl,CL-20261118-70-P-20260803
20260803,CL,2026-11-18,71,C,3.7,3.77,3.74,251,936,0.3009,0.7,CL,NYMEX,snap-20260803-cl,CL-20261118-71-C-20260803
2026-08-03,CL,20261118,71,P,9.06,9.25,9.16,436,1927,0.2961,-0.3,CL,NYMEX,snap-20260803-cl,CL-20261118-71-P-20260803
2026-08-03,CL,2026-11-18,72,C,3.76,3.84,3.8,256,872,0.3062,0.68,CL,NYMEX,snap-20260803-cl,CL-20261118-72-C-20260803
20260803,CL,2026-11-18,72,P,10.1,10.32,10.21,639,1655,0.30,-0.32,CL,NYMEX,snap-20260803-cl,CL-20261118-72-P-20260803
2026-08-03,CL,2026-11-18,73,C,3.83,3.91,3.87,271,1082,0.3115,0.664,CL,NYMEX,snap-20260803-cl,CL-20261118-73-C-20260803
2026-08-03,CL,2026-11-18,73,Put,11.14,11.39,11.26,249,1156,0.3049,-0.336,CL,NYMEX,snap-20260803-cl,CL-20261118-73-P-20260803
2026-08-03,cl,20261118,74,Call,3.89,3.98,3.94,420,1876,0.3167,0.65,CL,NYMEX,snap-20260803-cl,CL-20261118-74-C-20260803
2026-08-03,CL,11/18/26,74,P,12.18,12.46,12.32,631,2938,0.3093,-0.35,CL,NYMEX,snap-20260803-cl,CL-20261118-74-P-20260803
2026-08-03,CL,2026-11-18,75,C,3.95,4.04,4,531,"2,468",0.322,0.639,CL,NYMEX,snap-20260803-cl,CL-20261118-75-C-20260803
2026-08-03,CL,11/18/2026,75,P,13.22,13.53,13.38,364,1125,0.31,-0.361,CL,NYMEX,snap-20260803-cl,CL-20261118-75-P-20260803
2026-08-03,CL,2026-11-18,76,C,4.02,4.11,4.06,476,1316,0.3273,0.629,CL,NYMEX,snap-20260803-cl,CL-20261118-76-C-20260803
2026-08-03,cl,2026-11-18,76,P,14.26,14.6,14.43,574,3131,0.3181,-0.371,CL,NYMEX,snap-20260803-cl,CL-20261118-76-P-20260803
08/04/26,CL,08/19/26,56,C,11.83,12.02,11.92,1150,4876,0.3172,0.63,CL,NYMEX,snap-20260804-cl,CL-20260819-56-C-20260804
2026-08-04,CL,08/19/26,56,P,1.61,1.64,1.62,845,2655,0.3449,-0.369,CL,NYMEX,snap-20260804-cl,CL-20260819-56-P-20260804
20260804,CL,08/19/26,57,C,10.82,10.99,10.9,544,1589,0.3129,0.641,CL,NYMEX,snap-20260804-cl,CL-20260819-57-C-20260804
20260804,CL,2026-08-19,57.00,P,1.58,1.6,1.59,490,1890,0.3379,-0.36,CL,NYMEX,snap-20260804-cl,CL-20260819-57-P-20260804
08/04/2026,cl,2026-08-19,58,C,9.81,9.96,9.89,622,2143,0.3085,0.652,CL,NYMEX,snap-20260804-cl,CL-20260819-58-C-20260804
08/04/2026,CL,08/19/2026,58.00,P,1.55,1.57,1.56,841,2499,0.3309,-0.348,CL,NYMEX,snap-20260804-cl,CL-20260819-58-P-20260804
2026-08-04,CL,2026-08-19,59,C,8.8,8.92,8.86,"1,020",2450,0.3042,0.666,CL,NYMEX,snap-20260804-cl,CL-20260819-59-C-20260804
2026-08-04,CL,2026-08-19,59,P,1.52,1.54,1.53,1238,3850,0.3239,-0.334,CL,NYMEX,snap-20260804-cl,CL-20260819-59-P-20260804
08/04/2026,cl,20260819,60,Call,7.79,7.89,7.84,1309,5387,0.2999,0.682,CL,NYMEX,snap-20260804-cl,CL-20260819-60-C-20260804
2026-08-04,CL,08/19/2026,60,P,1.48,1.5,1.49,820,4121,0.3169,-0.318,CL,NYMEX,snap-20260804-cl,CL-20260819-60-P-20260804
2026-08-04,CL,2026-08-19,61,C,6.78,6.87,6.82,518,1852,0.2955,0.702,CL,NYMEX,snap-20260804-cl,CL-20260819-61-C-20260804
08/04/2026,CL,2026-08-19,61,P,1.45,1.47,1.46,1155,5145,0.3099,-0.298,CL,NYMEX,snap-20260804-cl,CL-20260819-61-P-20260804
2026-08-04,CL,08/19/2026,62,C,5.77,5.84,5.8,2943,9732,0.2912,0.727,CL,NYMEX,snap-20260804-cl,CL-20260819-62-C-20260804
08/04/2026,CL,2026-08-19,62,P,1.42,1.44,1.43,4236,20110,0.3029,-0.273,CL,NYMEX,snap-20260804-cl,CL-20260819-62-P-20260804
20260804,CL,2026-08-19,63,C,4.76,4.81,4.78,3626,14670,0.2869,0.759,CL,NYMEX,snap-20260804-cl,CL-20260819-63-C-20260804
20260804,CL,08/19/2026,63,P,1.39,1.4,1.40,6343,22011,0.296,-0.241,CL,NYMEX,snap-20260804-cl,CL-20260819-63-P-20260804
08/04/2026,CL,08/19/2026,64,C,3.74,3.78,3.76,13111,57046,0.2825,0.801,CL,NYMEX,snap-20260804-cl,CL-20260819-64-C-20260804
08/04/2026,CL,08/19/2026,64,P,1.35,1.37,1.36,10431,49735,0.289,-0.199,CL,NYMEX,snap-20260804-cl,CL-20260819-64-P-20260804
2026-08-04,CL,2026-08-19,65,Call,2.73,2.76,2.74,13978,48403,0.2782,0.86,CL,NYMEX,snap-20260804-cl,CL-20260819-65-C-20260804
2026-08-04,CL,2026-08-19,65,P,1.32,1.34,1.33,23903,67015,0.282,-0.14,CL,NYMEX,snap-20260804-cl,CL-20260819-65-P-20260804
2026-08-04,CL,20260819,66.00,C,1.71,1.73,1.72,13059,46037,0.27,0.948,CL,NYMEX,snap-20260804-cl,CL-20260819-66-C-20260804
2026-08-04,CL,2026-08-19,66,P ,1.29,1.3,1.3,"29,034",130151,0.275,-0.052,CL,NYMEX,snap-20260804-cl,CL-20260819-66-P-20260804
2026-08-04,CL,2026-08-19,67.00,C,1.29,1.30,1.3,22560,98572,0.275,0.933,CL,NYMEX,snap-20260804-cl,CL-20260819-67-C-20260804
20260804,CL,2026-08-19,67,P,1.85,1.87,1.86,16371,59420,0.2745,-0.067,CL,NYMEX,snap-20260804-cl,CL-20260819-67-P-20260804
2026-08-04,cl,2026-08-19,68,C,1.31,1.33,1.32,6507,15256,0.2802,0.851,CL,NYMEX,snap-20260804-cl,CL-20260819-68-C-20260804
2026-08-04,CL,08/19/2026,68,P,2.87,2.9,2.88,17707,70175,0.2788,-0.149,CL,NYMEX,snap-20260804-cl,CL-20260819-68-P-20260804
08/04/2026,CL,20260819,69,C,1.34,1.35,1.35,12703,"52,898",0.29,0.795,CL,NYMEX,snap-20260804-cl,CL-20260819-69-C-20260804
2026-08-04,CL,08/19/26,69,P,3.88,3.93,3.9,10007,35633,0.2831,-0.205,CL,NYMEX,snap-20260804-cl,CL-20260819-69-P-20260804
08/04/26,CL,08/19/26,70,C,1.36,1.38,1.37,8361,22020,0.2906,0.754,CL,NYMEX,snap-20260804-cl,CL-20260819-70-C-20260804
08/04/2026,CL,20260819,70,P,4.9,4.95,4.93,4980,27140,0.2875,-0.246,CL,NYMEX,snap-20260804-cl,CL-20260819-70-P-20260804
2026-08-04,cl,2026-08-19,71.00,C,1.39,1.4,1.4,2382,7394,0.2958,0.723,CL,NYMEX,snap-20260804-cl,CL-20260819-71-C-20260804
08/04/2026,CL,08/19/2026,71,P,5.91,5.98,5.94,4967,18496,0.2918,-0.277,CL,NYMEX,snap-20260804-cl,CL-20260819-71-P-20260804
20260804,CL,2026-08-19,72.00,C,1.41,1.43,1.42,1103,3779,0.301,0.699,CL,NYMEX,snap-20260804-cl,CL-20260819-72-C-20260804
2026-08-04,CL,2026-08-19,72,P,6.92,7.01,6.96,883,2349,0.2961,-0.30,CL,NYMEX,snap-20260804-cl,CL-20260819-72-P-20260804
20260804,CL,2026-08-19,73,C,1.43,1.45,1.44,942,3046,0.3062,0.68,CL,NYMEX,snap-20260804-cl,CL-20260819-73-C-20260804
2026-08-04,CL,2026-08-19,73,P,7.93,8.04,7.98,855,2515,0.3005,-0.32,CL,NYMEX,snap-20260804-cl,CL-20260819-73-P-20260804
2026-08-04,CL,2026-08-19,74,C,1.46,1.48,1.47,410,1891,0.3114,0.664,CL,NYMEX,snap-20260804-cl,CL-20260819-74-C-20260804
08/04/2026,CL,2026-08-19,74,P,8.94,9.07,9,468,1421,0.3048,-0.34,CL,NYMEX,snap-20260804-cl,CL-20260819-74-P-20260804
2026-08-04,CL,2026-08-19,75,C,1.48,1.5,1.49,616,2127,0.3166,0.651,CL,NYMEX,snap-20260804-cl,CL-20260819-75-C-20260804
20260804,CL,2026-08-19,75.00,P,9.95,10.1,10.02,556,2475,0.3092,-0.349,CL,NYMEX,snap-20260804-cl,CL-20260819-75-P-20260804
2026-08-04,CL,2026-08-19,76,C,1.51,1.53,1.52,519,2000,0.3218,0.639,CL,NYMEX,snap-20260804-cl,CL-20260819-76-C-20260804
08/04/26,cl,20260819,76,P,10.96,11.13,11.05,1140,6228,0.3135,-0.361,CL,NYMEX,snap-20260804-cl,CL-20260819-76-P-20260804
20260804,CL,2026-09-16,56,C,12.85,13.08,12.96,815,2451,0.3172,0.631,CL,NYMEX,snap-20260804-cl,CL-20260916-56-C-20260804
2026-08-04,CL,2026-09-16,56,P,2.73,2.78,2.76,912,3194,0.3449,-0.369,CL,NYMEX,snap-20260804-cl,CL-20260916-56-P-20260804
2026-08-04,CL,2026-09-16,57,C,11.82,12.03,11.92,756,2627,0.31,0.641,CL,NYMEX,snap-20260804-cl,CL-20260916-57-C-20260804
08/04/2026,CL,2026-09-16,57,put,2.67,2.72,2.70,799,3876,0.3379,-0.359,CL,NYMEX,snap-20260804-cl,CL-20260916-57-P-20260804
2026-08-04,CL,2026-09-16,58,C,10.8,10.98,10.89,724,3149,0.3085,0.652,CL,NYMEX,snap-20260804-cl,CL-20260916-58-C-20260804
2026-08-04,CL,2026-09-16,58.00,P,2.62,2.66,2.64,782,2892,0.3309,-0.348,CL,NYMEX,snap-20260804-cl,CL-20260916-58-P-20260804
2026-08-04,CL,2026-09-16,59,C,9.78,9.94,9.86,507,1307,0.3042,0.666,CL,NYMEX,snap-20260804-cl,CL-20260916-59-C-20260804
2026-08-04,CL,2026-09-16,59,P,2.56,2.61,2.58,558,1802,0.3239,-0.334,CL,NYMEX,snap-20260804-cl,CL-20260916-59-P-20260804
08/04/2026,CL,2026-09-16,60,Call,8.75,8.89,8.82,953,3920,0.2999,0.682,CL,NYMEX,snap-20260804-cl,CL-20260916-60-C-20260804
20260804,CL,2026-09-16,60,P,2.51,2.55,2.53,481,1949,0.3169,-0.318,CL,NYMEX,snap-20260804-cl,CL-20260916-60-P-20260804
20260804,CL,2026-09-16,61,C,7.73,7.85,7.79,1067,2993,0.2955,0.702,CL,NYMEX,snap-20260804-cl,CL-20260916-61-C-20260804
2026-08-04,CL,20260916,61,P,2.45,2.49,2.47,598,1798,0.31,-0.298,CL,NYMEX,snap-20260804-cl,CL-20260916-61-P-20260804
2026-08-04,CL,2026-09-16,62,C,6.71,6.8,6.76,3957,"17,563",0.2912,0.727,CL,NYMEX,snap-20260804-cl,CL-20260916-62-C-20260804
2026-08-04,CL,2026-09-16,62,P,2.4,2.43,2.42,5623,26027,0.3029,-0.273,CL,NYMEX,snap-20260804-cl,CL-20260916-62-P-20260804
2026-08-04,cl,2026-09-16,63,C,5.68,5.76,5.72,5946,28097,0.2869,0.759,CL,NYMEX,snap-20260804-cl,CL-20260916-63-C-20260804
20260804,CL,2026-09-16,63,P,2.35,2.38,2.37,6989,25403,0.296,-0.241,CL,NYMEX,snap-20260804-cl,CL-20260916-63-P-20260804
2026-08-04,CL,09/16/26,64,C,4.65,4.72,4.69,4845,18146,0.2825,0.801,CL,NYMEX,snap-20260804-cl,CL-20260916-64-C-20260804
2026-08-04,CL,09/16/26,64,P,2.29,2.32,2.3,8764,42069,0.289,-0.199,CL,NYMEX,snap-20260804-cl,CL-20260916-64-P-20260804
08/04/26,CL,2026-09-16,65,C,3.63,3.67,3.65,21854,57826,0.28,0.86,CL,NYMEX,snap-20260804-cl,CL-20260916-65-C-20260804
08/04/26,cl,2026-09-16,65,P,2.24,2.26,2.25,15572,58069,0.282,-0.14,CL,NYMEX,snap-20260804-cl,CL-20260916-65-P-20260804
08/04/26,CL,09/16/26,66,C,2.6,2.63,2.62,16249,69153,0.2739,0.95,CL,NYMEX,snap-20260804-cl,CL-20260916-66-C-20260804
2026-08-04,CL,20260916,66,P,2.18,2.21,2.2,17785,93286,0.275,-0.052,CL,NYMEX,snap-20260804-cl,CL-20260916-66-P-20260804
08/04/2026,CL,2026-09-16,67,Call,2.18,2.21,2.2,14186,47130,0.275,0.93,CL,NYMEX,snap-20260804-cl,CL-20260916-67-C-20260804
08/04/2026,CL,2026-09-16,67,P,2.74,2.78,2.76,16352,72836,0.2745,-0.067,CL,NYMEX,snap-20260804-cl,CL-20260916-67-P-20260804
2026-08-04,CL,09/16/26,68,C,2.22,2.25,2.24,9267,35050,0.2802,0.851,CL,NYMEX,snap-20260804-cl,CL-20260916-68-C-20260804
2026-08-04,CL,2026-09-16,68,P,3.77,3.82,3.8,14612,53949,0.2788,-0.149,CL,NYMEX,snap-20260804-cl,CL-20260916-68-P-20260804
2026-08-04,CL,2026-09-16,69,Call,2.26,2.29,2.28,6332,16175,0.2854,0.795,CL,NYMEX,snap-20260804-cl,CL-20260916-69-C-20260804
08/04/26,CL,2026-09-16,69,P,4.8,4.86,4.83,6314,33376,0.2831,-0.205,CL,NYMEX,snap-20260804-cl,CL-20260916-69-P-20260804
20260804,CL,20260916,70,C,2.3,2.33,2.32,3786,12963,0.2906,0.754,CL,NYMEX,snap-20260804-cl,CL-20260916-70-C-20260804
08/04/26,CL,2026-09-16,70,P ,5.82,5.9,5.86,4758,18536,0.2875,-0.246,CL,NYMEX,snap-20260804-cl,CL-20260916-70-P-20260804
08/04/26,CL,09/16/2026,71,C,2.34,2.38,2.36,2257,7767,0.2958,0.72,CL,NYMEX,snap-20260804-cl,CL-20260916-71-C-20260804
2026-08-04,CL,09/16/2026,71,P,6.85,6.95,6.9,4639,22150,0.2918,-0.277,CL,NYMEX,snap-20260804-cl,CL-20260916-71-P-20260804
2026-08-04,CL,2026-09-16,72,C,2.38,2.42,2.4,789,1759,0.301,0.699,CL,NYMEX,snap-20260804-cl,CL-20260916-72-C-20260804
2026-08-04,CL,2026-09-16,72,P,7.87,7.99,7.93,768,3079,0.30,-0.301,CL,NYMEX,snap-20260804-cl,CL-20260916-72-P-20260804
20260804,CL,2026-09-16,73,C,2.42,2.46,2.44,929,2764,0.3062,0.68,CL,NYMEX,snap-20260804-cl,CL-20260916-73-C-20260804
08/04/26,CL,2026-09-16,73,P,8.9,9.04,8.97,611,2653,0.3005,-0.32,CL,NYMEX,snap-20260804-cl,CL-20260916-73-P-20260804
08/04/2026,cl,2026-09-16,74,Call,2.46,2.5,2.48,493,1960,0.3114,0.664,CL,NYMEX,snap-20260804-cl,CL-20260916-74-C-20260804
20260804,CL,09/16/26,74,P,9.92,10.08,10,355,"1,711",0.3048,-0.336,CL,NYMEX,snap-20260804-cl,CL-20260916-74-P-20260804
2026-08-04,CL,2026-09-16,75.00,Call,2.51,2.55,2.53,938,3117,0.3166,0.651,CL,NYMEX,snap-20260804-cl,CL-20260916-75-C-20260804
2026-08-04,cl,09/16/26,75,P,10.94,11.13,11.04,480,1673,0.3092,-0.349,CL,NYMEX,snap-20260804-cl,CL-20260916-75-P-20260804
08/04/2026,CL,2026-09-16,76,C,2.55,2.59,2.57,780,3089,0.3218,0.639,CL,NYMEX,snap-20260804-cl,CL-20260916-76-C-20260804
08/04/2026,CL,2026-09-16,76,P,11.97,12.18,12.08,729,3905,0.3135,-0.361,CL,NYMEX,snap-20260804-cl,CL-20260916-76-P-20260804
08/04/26,CL,2026-10-14,56,C,13.54,13.82,13.68,613,2198,0.3172,0.631,CL,NYMEX,snap-20260804-cl,CL-20261014-56-C-20260804
08/04/2026,cl,2026-10-14,56,P,3.5,3.57,3.54,336,1402,0.34,-0.369,CL,NYMEX,snap-20260804-cl,CL-20261014-56-P-20260804
2026-08-04,CL,10/14/2026,57,C,12.51,12.76,12.64,767,1798,0.3129,0.641,CL,NYMEX,snap-20260804-cl,CL-20261014-57-C-20260804
08/04/26,CL,2026-10-14,57,P,3.43,3.50,3.46,795,2828,0.3379,-0.36,CL,NYMEX,snap-20260804-cl,CL-20261014-57-P-20260804
2026-08-04,CL,2026-10-14,58,C,11.48,11.7,11.59,591,2058,0.3085,0.652,CL,NYMEX,snap-20260804-cl,CL-20261014-58-C-20260804
20260804,CL,10/14/2026,58,P,3.36,3.43,3.40,759,2586,0.3309,-0.348,CL,NYMEX,snap-20260804-cl,CL-20261014-58-P-20260804
08/04/2026,CL,2026-10-14,59,C,10.45,10.65,10.55,776,3358,0.3042,0.666,CL,NYMEX,snap-20260804-cl,CL-20261014-59-C-20260804
2026-08-04,CL,10/14/2026,59,P ,3.29,3.35,3.32,325,1130,0.3239,-0.33,CL,NYMEX,snap-20260804-cl,CL-20261014-59-P-20260804
2026-08-04,cl,2026-10-14,60,C,9.42,9.59,9.5,615,2199,0.2999,0.682,CL,NYMEX,snap-20260804-cl,CL-20261014-60-C-20260804
2026-08-04,CL,20261014,60,P,3.22,3.28,3.25,463,2263,0.3169,-0.318,CL,NYMEX,snap-20260804-cl,CL-20261014-60-P-20260804
20260804,CL,2026-10-14,61,C,8.39,8.53,8.46,501,1687,0.2955,0.702,CL,NYMEX,snap-20260804-cl,CL-20261014-61-C-20260804
2026-08-04,cl,2026-10-14,61,P,3.15,3.21,3.18,664,3560,0.3099,-0.298,CL,NYMEX,snap-20260804-cl,CL-20261014-61-P-20260804
2026-08-04,CL,2026-10-14,62,Call,7.35,7.48,7.42,2994,9498,0.2912,0.727,CL,NYMEX,snap-20260804-cl,CL-20261014-62-C-20260804
20260804,CL,2026-10-14,62,P,3.08,3.13,3.1,4390,23176,0.3029,-0.273,CL,NYMEX,snap-20260804-cl,CL-20261014-62-P-20260804
08/04/2026,CL,2026-10-14,63,C,6.32,6.42,6.37,2847,7147,0.2869,0.759,CL,NYMEX,snap-20260804-cl,CL-20261014-63-C-20260804
2026-08-04,CL,2026-10-14,63,P,3.01,3.06,3.04,8501,35131,0.296,-0.241,CL,NYMEX,snap-20260804-cl,CL-20261014-63-P-20260804
2026-08-04,cl,2026-10-14,64.00,Call,5.29,5.37,5.33,7167,29854,0.2825,0.801,CL,NYMEX,snap-20260804-cl,CL-20261014-64-C-20260804
20260804,CL,10/14/2026,64,P,2.94,2.99,2.96,7244,24113,0.29,-0.199,CL,NYMEX,snap-20260804-cl,CL-20261014-64-P-20260804
2026-08-04,CL,10/14/2026,65,C,4.25,4.31,4.28,17589,62643,0.2782,0.86,CL,NYMEX,snap-20260804-cl,CL-20261014-65-C-20260804
08/04/2026,CL,2026-10-14,65,P,2.87,2.91,2.89,"7,104",31234,0.282,-0.14,CL,NYMEX,snap-20260804-cl,CL-20261014-65-P-20260804
08/04/2026,CL,10/14/2026,66,C,3.22,3.26,3.24,12677,52020,0.2739,0.948,CL,NYMEX,snap-20260804-cl,CL-20261014-66-C-20260804
2026-08-04,CL,10/14/2026,66,P,2.8,2.84,2.82,17909,96461,0.275,-0.052,CL,NYMEX,snap-20260804-cl,CL-20261014-66-P-20260804
08/04/2026,CL,2026-10-14,67,C,2.8,2.84,2.82,11057,28977,0.275,0.933,CL,NYMEX,snap-20260804-cl,CL-20261014-67-C-20260804
08/04/26,CL,2026-10-14,67,P,3.36,3.41,3.38,6901,"22,065",0.2745,-0.067,CL,NYMEX,snap-20260804-cl,CL-20261014-67-P-20260804
2026-08-04,CL,10/14/2026,68,C,2.85,2.89,2.87,12513,43595,0.28,0.851,CL,NYMEX,snap-20260804-cl,CL-20261014-68-C-20260804
2026-08-04,CL,20261014,68,P,4.4,4.46,4.43,7138,37031,0.2788,-0.149,CL,NYMEX,snap-20260804-cl,CL-20261014-68-P-20260804
2026-08-04,CL,20261014,69,Call,2.9,2.95,2.92,9901,24861,0.2854,0.795,CL,NYMEX,snap-20260804-cl,CL-20261014-69-C-20260804
20260804,CL,2026-10-14,69,P,5.43,5.52,5.48,11279,28944,0.2831,-0.205,CL,NYMEX,snap-20260804-cl,CL-20261014-69-P-20260804
20260804,CL,10/14/2026,70.00,C,2.96,3,2.98,7591,32120,0.2906,0.754,CL,NYMEX,snap-20260804-cl,CL-20261014-70-C-20260804
08/04/26,CL,2026-10-14,70,P,6.47,6.57,6.52,10651,48008,0.2875,-0.246,CL,NYMEX,snap-20260804-cl,CL-20261014-70-P-20260804
2026-08-04,CL,2026-10-14,71,C,3.01,3.06,3.04,3573,14673,0.2958,0.723,CL,NYMEX,snap-20260804-cl,CL-20261014-71-C-20260804
2026-08-04,CL,2026-10-14,71,Put,7.5,7.63,7.56,1785,7519,0.2918,-0.277,CL,NYMEX,snap-20260804-cl,CL-20261014-71-P-20260804
2026-08-04,CL,10/14/2026,72,C,3.06,3.11,3.08,448,1341,0.301,0.699,CL,NYMEX,snap-20260804-cl,CL-20261014-72-C-20260804
2026-08-04,CL,10/14/2026,72,P,8.53,8.68,8.60,665,2540,0.2961,-0.301,CL,NYMEX,snap-20260804-cl,CL-20261014-72-P-20260804
2026-08-04,CL,2026-10-14,73.00,C,3.11,3.17,3.14,697,1619,0.3062,0.68,CL,NYMEX,snap-20260804-cl,CL-20261014-73-C-20260804
08/04/2026,CL,2026-10-14,73.00,P,9.57,9.74,9.66,486,1426,0.3005,-0.32,CL,NYMEX,snap-20260804-cl,CL-20261014-73-P-20260804
08/04/26,CL,20261014,74,C,3.16,3.22,3.19,641,2059,0.3114,0.664,CL,NYMEX,snap-20260804-cl,CL-20261014-74-C-20260804
20260804,CL,20261014,74,P,10.6,10.79,10.7,784,"3,540",0.3048,-0.336,CL,NYMEX,snap-20260804-cl,CL-20261014-74-P-20260804
20260804,CL,10/14/2026,75,C,3.22,3.28,3.25,676,1837,0.3166,0.651,CL,NYMEX,snap-20260804-cl,CL-20261014-75-C-20260804
08/04/26,CL,10/14/2026,75,P ,11.63,11.85,11.74,842,4607,0.31,-0.349,CL,NYMEX,snap-20260804-cl,CL-20261014-75-P-20260804
08/04/2026,CL,2026-10-14,76,C,3.27,3.33,3.3,296,983,0.3218,0.639,CL,NYMEX,snap-20260804-cl,CL-20261014-76-C-20260804
08/04/2026,CL,2026-10-14,76,P,12.66,12.91,12.78,406,2040,0.3135,-0.361,CL,NYMEX,snap-20260804-cl,CL-20261014-76-P-20260804
2026-08-04,CL,11/18/2026,56,C,14.24,14.57,14.4,533,2212,0.3172,0.63,CL,NYMEX,snap-20260804-cl,CL-20261118-56-C-20260804
2026-08-04,CL,20261118,56,P,4.27,4.37,4.32,303,868,0.3449,-0.369,CL,NYMEX,snap-20260804-cl,CL-20261118-56-P-20260804
2026-08-04,CL,20261118,57,C,13.20,13.5,13.35,519,2369,0.3129,0.641,CL,NYMEX,snap-20260804-cl,CL-20261118-57-C-20260804
2026-08-04,CL,20261118,57,P,4.19,4.28,4.24,303,1398,0.3379,-0.36,CL,NYMEX,snap-20260804-cl,CL-20261118-57-P-20260804
2026-08-04,CL,11/18/26,58,C,12.16,12.43,12.3,288,983,0.3085,0.652,CL,NYMEX,snap-20260804-cl,CL-20261118-58-C-20260804
2026-08-04,CL,20261118,58,P,4.10,4.19,4.14,387,1701,0.3309,-0.348,CL,NYMEX,snap-20260804-cl,CL-20261118-58-P-20260804
2026-08-04,CL,2026-11-18,59,C,11.12,11.36,11.24,520,1772,0.3042,0.666,CL,NYMEX,snap-20260804-cl,CL-20261118-59-C-20260804
2026-08-04,CL,2026-11-18,59,P,4.02,4.1,4.06,295,1459,0.3239,-0.334,CL,NYMEX,snap-20260804-cl,CL-20261118-59-P-20260804
2026-08-04,CL,11/18/26,60,C,10.08,10.29,10.18,410,1872,0.2999,0.68,CL,NYMEX,snap-20260804-cl,CL-20261118-60-C-20260804
2026-08-04,CL,2026-11-18,60,P,3.93,4.01,3.97,366,953,0.3169,-0.318,CL,NYMEX,snap-20260804-cl,CL-20261118-60-P-20260804
08/04/2026,CL,2026-11-18,61,C,9.04,9.22,9.13,350,1343,0.2955,0.702,CL,NYMEX,snap-20260804-cl,CL-20261118-61-C-20260804
08/04/2026,CL,2026-11-18,61,P,3.84,3.92,3.88,441,1417,0.3099,-0.298,CL,NYMEX,snap-20260804-cl,CL-20261118-61-P-20260804
2026-08-04,CL,20261118,62,C,8,8.16,8.08,1621,"5,136",0.2912,0.727,CL,NYMEX,snap-20260804-cl,CL-20261118-62-C-20260804
08/04/2026,cl,2026-11-18,62,P,3.76,3.83,3.8,2226,7353,0.3029,-0.273,CL,NYMEX,snap-20260804-cl,CL-20261118-62-P-20260804
2026-08-04,CL,2026-11-18,63,C,6.96,7.09,7.02,5676,25225,0.2869,0.759,CL,NYMEX,snap-20260804-cl,CL-20261118-63-C-20260804
2026-08-04,CL,11/18/2026,63.00,P,3.67,3.74,3.7,2833,11889,0.296,-0.241,CL,NYMEX,snap-20260804-cl,CL-20261118-63-P-20260804
2026-08-04,CL,20261118,64,C,5.92,6.02,5.97,4841,20968,0.28,0.801,CL,NYMEX,snap-20260804-cl,CL-20261118-64-C-20260804
2026-08-04,CL,2026-11-18,64,P,3.59,3.65,3.62,8291,39102,0.289,-0.199,CL,NYMEX,snap-20260804-cl,CL-20261118-64-P-20260804
2026-08-04,CL,11/18/2026,65.00,C,4.87,4.96,4.92,5088,20184,0.2782,0.86,CL,NYMEX,snap-20260804-cl,CL-20261118-65-C-20260804
2026-08-04,CL,2026-11-18,65,P,3.5,3.56,3.53,8001,37348,0.282,-0.14,CL,NYMEX,snap-20260804-cl,CL-20261118-65-P-20260804
2026-08-04,CL,2026-11-18,66,C,3.83,3.89,3.86,11767,33278,0.2739,0.948,CL,NYMEX,snap-20260804-cl,CL-20261118-66-C-20260804
2026-08-04,CL,2026-11-18,66,P,3.42,3.48,3.45,14716,73579,0.275,-0.052,CL,NYMEX,snap-20260804-cl,CL-20261118-66-P-20260804
2026-08-04,CL,2026-11-18,67,C,3.42,3.47,3.44,"11,731",40757,0.275,0.933,CL,NYMEX,snap-20260804-cl,CL-20261118-67-C-20260804
2026-08-04,cl,20261118,67,P ,3.97,4.04,4.00,8768,24664,0.2745,-0.067,CL,NYMEX,snap-20260804-cl,CL-20261118-67-P-20260804
2026-08-04,CL,11/18/26,68,Call,3.48,3.54,3.51,6802,27007,0.2802,0.851,CL,NYMEX,snap-20260804-cl,CL-20261118-68-C-20260804
08/04/2026,cl,2026-11-18,68,put,5.02,5.11,5.06,8092,33535,0.28,-0.149,CL,NYMEX,snap-20260804-cl,CL-20261118-68-P-20260804
20260804,CL,11/18/2026,69,C,3.54,3.61,3.58,6360,30429,0.2854,0.795,CL,NYMEX,snap-20260804-cl,CL-20261118-69-C-20260804
2026-08-04,CL,2026-11-18,69,P,6.06,6.17,6.12,7782,21441,0.28,-0.205,CL,NYMEX,snap-20260804-cl,CL-20261118-69-P-20260804
2026-08-04,CL,2026-11-18,70,C,3.61,3.68,3.64,3199,12923,0.2906,0.754,CL,NYMEX,snap-20260804-cl,CL-20261118-70-C-20260804
2026-08-04,cl,20261118,70,P,7.1,7.24,7.17,3317,17587,0.2875,-0.246,CL,NYMEX,snap-20260804-cl,CL-20261118-70-P-20260804
2026-08-04,CL,11/18/2026,71,C,3.67,3.74,3.7,1536,7156,0.2958,0.723,CL,NYMEX,snap-20260804-cl,CL-20261118-71-C-20260804
2026-08-04,CL,2026-11-18,71,P,8.15,8.31,8.23,1548,4731,0.2918,-0.277,CL,NYMEX,snap-20260804-cl,CL-20261118-71-P-20260804
2026-08-04,CL,20261118,72,C,3.73,3.81,3.77,286,763,0.301,0.699,CL,NYMEX,snap-20260804-cl,CL-20261118-72-C-20260804
2026-08-04,CL,2026-11-18,72,P,9.19,9.37,9.28,275,1070,0.2961,-0.301,CL,NYMEX,snap-20260804-cl,CL-20261118-72-P-20260804
08/04/26,CL,2026-11-18,73,C,3.8,3.88,3.84,441,1693,0.3062,0.68,CL,NYMEX,snap-20260804-cl,CL-20261118-73-C-20260804
2026-08-04,CL,2026-11-18,73,P,10.23,10.44,10.34,369,1426,0.3005,-0.32,CL,NYMEX,snap-20260804-cl,CL-20261118-73-P-20260804
08/04/2026,CL,2026-11-18,74,C,3.86,3.94,3.90,210,582,0.3114,0.664,CL,NYMEX,snap-20260804-cl,CL-20261118-74-C-20260804
2026-08-04,CL,2026-11-18,74,P,11.27,11.51,11.39,599,1727,0.30,-0.336,CL,NYMEX,snap-20260804-cl,CL-20261118-74-P-20260804
2026-08-04,CL,2026-11-18,75,C,3.92,4.01,3.96,364,1553,0.3166,0.65,CL,NYMEX,snap-20260804-cl,CL-20261118-75-C-20260804
2026-08-04,CL,2026-11-18,75,Put,12.31,12.58,12.44,366,1614,0.3092,-0.349,CL,NYMEX,snap-20260804-cl,CL-20261118-75-P-20260804
08/04/26,CL,2026-11-18,76,C,3.99,4.08,4.04,267,1083,0.3218,0.639,CL,NYMEX,snap-20260804-cl,CL-20261118-76-C-20260804
20260804,cl,11/18/2026,76,P,13.35,13.65,13.5,504,2267,0.3135,-0.361,CL,NYMEX,snap-20260804-cl,CL-20261118-76-P-20260804
20260805,CL,2026-08-19,56,C,11.47,11.65,11.56,969,"4,304",0.3161,0.63,CL,NYMEX,snap-20260805-cl,CL-20260819-56-C-20260805
2026-08-05,CL,08/19/2026,56,P,1.54,1.57,1.56,893,2531,0.34,-0.367,CL,NYMEX,snap-20260805-cl,CL-20260819-56-P-20260805
2026-08-05,CL,08/19/2026,57,C,10.47,10.62,10.54,914,4051,0.3118,0.643,CL,NYMEX,snap-20260805-cl,CL-20260819-57-C-20260805
08/05/26,CL,2026-08-19,57,P,1.51,1.53,1.52,1170,4183,0.3361,-0.357,CL,NYMEX,snap-20260805-cl,CL-20260819-57-P-20260805
08/05/2026,CL,08/19/2026,58,C,9.46,9.59,9.52,463,2148,0.31,0.656,CL,NYMEX,snap-20260805-cl,CL-20260819-58-C-20260805
2026-08-05,CL,2026-08-19,58,P,1.48,1.5,1.49,657,2954,0.329,-0.344,CL,NYMEX,snap-20260805-cl,CL-20260819-58-P-20260805
08/05/2026,cl,2026-08-19,59,C,8.45,8.56,8.5,701,1901,0.3031,0.67,CL,NYMEX,snap-20260805-cl,CL-20260819-59-C-20260805
08/05/26,CL,20260819,59,Put,1.45,1.47,1.46,712,3714,0.32,-0.33,CL,NYMEX,snap-20260805-cl,CL-20260819-59-P-20260805
2026-08-05,CL,2026-08-19,60,C,7.44,7.53,7.48,544,1408,0.2987,0.687,CL,NYMEX,snap-20260805-cl,CL-20260819-60-C-20260805
2026-08-05,CL,08/19/2026,60,P,1.42,1.44,1.43,642,1643,0.315,-0.313,CL,NYMEX,snap-20260805-cl,CL-20260819-60-P-20260805
2026-08-05,CL,20260819,61,C,6.42,6.5,6.46,1221,4201,0.2943,0.709,CL,NYMEX,snap-20260805-cl,CL-20260819-61-C-20260805
2026-08-05,CL,2026-08-19,61,P,1.39,1.4,1.4,1942,9589,0.308,-0.291,CL,NYMEX,snap-20260805-cl,CL-20260819-61-P-20260805
2026-08-05,CL,08/19/2026,62,C,5.41,5.48,5.44,4990,21444,0.29,0.735,CL,NYMEX,snap-20260805-cl,CL-20260819-62-C-20260805
2026-08-05,CL,20260819,62,P,1.36,1.37,1.37,5266,15873,0.30,-0.265,CL,NYMEX,snap-20260805-cl,CL-20260819-62-P-20260805
08/05/26,CL,20260819,63,C,4.4,4.45,4.43,"12,003",57122,0.2856,0.77,CL,NYMEX,snap-20260805-cl,CL-20260819-63-C-20260805
2026-08-05,CL,08/19/2026,63,P,1.33,1.34,1.34,11751,63273,0.29,-0.23,CL,NYMEX,snap-20260805-cl,CL-20260819-63-P-20260805
08/05/26,CL,2026-08-19,64,C,3.39,3.42,3.4,16981,45788,0.2813,0.817,CL,NYMEX,snap-20260805-cl,CL-20260819-64-C-20260805
08/05/26,CL,08/19/2026,64,P ,1.29,1.31,1.3,16644,82763,0.2869,-0.183,CL,NYMEX,snap-20260805-cl,CL-20260819-64-P-20260805
2026-08-05,CL,20260819,65,C,2.37,2.4,2.38,18349,71228,0.28,0.882,CL,NYMEX,snap-20260805-cl,CL-20260819-65-C-20260805
08/05/2026,CL,2026-08-19,65,P,1.26,1.28,1.27,31073,112815,0.2799,-0.118,CL,NYMEX,snap-20260805-cl,CL-20260819-65-P-20260805
08/05/2026,CL,20260819,66,C,1.36,1.37,1.37,22175,80137,0.2726,0.983,CL,NYMEX,snap-20260805-cl,CL-20260819-66-C-20260805
08/05/26,CL,2026-08-19,66.00,P,1.23,1.24,1.23,19602,67390,0.2729,-0.017,CL,NYMEX,snap-20260805-cl,CL-20260819-66-P-20260805
20260805,CL,08/19/2026,67,Call,1.25,1.26,1.25,12490,32532,0.2765,0.904,CL,NYMEX,snap-20260805-cl,CL-20260819-67-C-20260805
2026-08-05,CL,2026-08-19,67,P,2.11,2.13,2.12,24603,130721,0.2758,-0.096,CL,NYMEX,snap-20260805-cl,CL-20260819-67-P-20260805
08/05/26,CL,08/19/26,68,C,1.27,1.28,1.27,11794,45946,0.2818,0.83,CL,NYMEX,snap-20260805-cl,CL-20260819-68-C-20260805
2026-08-05,cl,2026-08-19,68,P,3.12,3.16,3.14,12995,62521,0.2801,-0.169,CL,NYMEX,snap-20260805-cl,CL-20260819-68-P-20260805
08/05/2026,CL,2026-08-19,69.00,Call,1.29,1.31,1.3,4561,17316,0.29,0.781,CL,NYMEX,snap-20260805-cl,CL-20260819-69-C-20260805
20260805,CL,2026-08-19,69,P,4.14,4.18,4.16,12336,"57,342",0.2845,-0.219,CL,NYMEX,snap-20260805-cl,CL-20260819-69-P-20260805
2026-08-05,CL,08/19/2026,70,C,1.32,1.33,1.33,7420,25544,0.2922,0.744,CL,NYMEX,snap-20260805-cl,CL-20260819-70-C-20260805
20260805,CL,20260819,70,P ,5.15,5.21,5.18,13407,70309,0.2889,-0.256,CL,NYMEX,snap-20260805-cl,CL-20260819-70-P-20260805
20260805,CL,2026-08-19,71,C,1.34,1.36,1.35,3567,15830,0.2975,0.715,CL,NYMEX,snap-20260805-cl,CL-20260819-71-C-20260805
20260805,CL,08/19/2026,71,P,6.16,6.24,6.2,2319,10502,0.2932,-0.285,CL,NYMEX,snap-20260805-cl,CL-20260819-71-P-20260805
2026-08-05,cl,08/19/26,72,Call,1.36,1.38,1.37,640,1506,0.3027,0.692,CL,NYMEX,snap-20260805-cl,CL-20260819-72-C-20260805
2026-08-05,CL,08/19/2026,72,P,7.17,7.26,7.22,946,4779,0.2976,-0.31,CL,NYMEX,snap-20260805-cl,CL-20260819-72-P-20260805
20260805,CL,20260819,73,C,1.39,1.41,1.4,444,1568,0.3079,0.674,CL,NYMEX,snap-20260805-cl,CL-20260819-73-C-20260805
08/05/26,CL,08/19/26,73,P,8.18,8.29,8.23,596,2093,0.3019,-0.326,CL,NYMEX,snap-20260805-cl,CL-20260819-73-P-20260805
08/05/26,CL,2026-08-19,74,C,1.41,1.43,1.42,1018,3609,0.3131,0.659,CL,NYMEX,snap-20260805-cl,CL-20260819-74-C-20260805
2026-08-05,CL,2026-08-19,74,P,9.19,9.32,9.25,1137,6113,0.3063,-0.341,CL,NYMEX,snap-20260805-cl,CL-20260819-74-P-20260805
2026-08-05,CL,08/19/2026,75,C,1.43,1.45,1.44,737,2723,0.3184,0.646,CL,NYMEX,snap-20260805-cl,CL-20260819-75-C-20260805
08/05/2026,CL,08/19/2026,75,P,10.2,10.35,10.27,885,4022,0.3106,-0.35,CL,NYMEX,snap-20260805-cl,CL-20260819-75-P-20260805
2026-08-05,CL,08/19/2026,76,C,1.46,1.48,1.47,491,1625,0.3236,0.636,CL,NYMEX,snap-20260805-cl,CL-20260819-76-C-20260805
08/05/2026,CL,2026-08-19,76,P,11.21,11.38,11.3,684,2219,0.315,-0.364,CL,NYMEX,snap-20260805-cl,CL-20260819-76-P-20260805
2026-08-05,cl,2026-09-16,56,C,12.5,12.72,12.61,724,2073,0.3161,0.633,CL,NYMEX,snap-20260805-cl,CL-20260916-56-C-20260805
08/05/2026,CL,2026-09-16,56,P,2.67,2.72,2.70,428,2306,0.3431,-0.367,CL,NYMEX,snap-20260805-cl,CL-20260916-56-P-20260805
2026-08-05,CL,09/16/2026,57,C,11.48,11.68,11.58,661,2424,0.3118,0.643,CL,NYMEX,snap-20260805-cl,CL-20260916-57-C-20260805
2026-08-05,CL,2026-09-16,57,P,2.62,2.66,2.64,929,4276,0.3361,-0.357,CL,NYMEX,snap-20260805-cl,CL-20260916-57-P-20260805
08/05/2026,CL,2026-09-16,58,Call,10.46,10.63,10.55,330,1435,0.3074,0.656,CL,NYMEX,snap-20260805-cl,CL-20260916-58-C-20260805
08/05/26,CL,2026-09-16,58,P,2.56,2.6,2.58,688,3093,0.329,-0.344,CL,NYMEX,snap-20260805-cl,CL-20260916-58-P-20260805
08/05/2026,CL,20260916,59,C,9.43,9.58,9.5,932,3183,0.3031,0.67,CL,NYMEX,snap-20260805-cl,CL-20260916-59-C-20260805
20260805,cl,2026-09-16,59,P ,2.51,2.55,2.53,470,1636,0.322,-0.33,CL,NYMEX,snap-20260805-cl,CL-20260916-59-P-20260805
20260805,CL,09/16/26,60,Call,8.41,8.54,8.48,1001,4720,0.2987,0.687,CL,NYMEX,snap-20260805-cl,CL-20260916-60-C-20260805
2026-08-05,CL,09/16/26,60,P,2.45,2.49,2.47,591,2317,0.315,-0.313,CL,NYMEX,snap-20260805-cl,CL-20260916-60-P-20260805
2026-08-05,CL,2026-09-16,61,C,7.39,7.5,7.44,2111,9755,0.2943,0.709,CL,NYMEX,snap-20260805-cl,CL-20260916-61-C-20260805
08/05/26,CL,2026-09-16,61,P,2.4,2.44,2.42,1079,4034,0.308,-0.291,CL,NYMEX,snap-20260805-cl,CL-20260916-61-P-20260805
2026-08-05,CL,20260916,62,Call,6.36,6.45,6.4,3359,"8,907",0.29,0.735,CL,NYMEX,snap-20260805-cl,CL-20260916-62-C-20260805
08/05/26,CL,2026-09-16,62.00,P,2.35,2.38,2.37,"6,924","37,523",0.301,-0.265,CL,NYMEX,snap-20260805-cl,CL-20260916-62-P-20260805
08/05/2026,CL,2026-09-16,63,C,5.34,5.41,5.38,4159,9374,0.2856,0.77,CL,NYMEX,snap-20260805-cl,CL-20260916-63-C-20260805
2026-08-05,CL,2026-09-16,63,P,2.29,2.32,2.3,7640,36741,0.294,-0.23,CL,NYMEX,snap-20260805-cl,CL-20260916-63-P-20260805
08/05/26,cl,09/16/26,64,C,4.31,4.37,4.34,10626,45353,0.2813,0.817,CL,NYMEX,snap-20260805-cl,CL-20260916-64-C-20260805
20260805,CL,20260916,64,P,2.24,2.27,2.25,"7,067",35103,0.2869,-0.183,CL,NYMEX,snap-20260805-cl,CL-20260916-64-P-20260805
2026-08-05,CL,09/16/26,65,Call,3.28,3.32,3.3,10000,41976,0.2769,0.882,CL,NYMEX,snap-20260805-cl,CL-20260916-65-C-20260805
2026-08-05,CL,20260916,65,P,2.18,2.21,2.2,20515,65786,0.2799,-0.118,CL,NYMEX,snap-20260805-cl,CL-20260916-65-P-20260805
08/05/2026,CL,09/16/26,66,C,2.26,2.28,2.27,8751,19508,0.2726,0.983,CL,NYMEX,snap-20260805-cl,CL-20260916-66-C-20260805
2026-08-05,CL,09/16/2026,66,P,2.13,2.16,2.14,10634,38014,0.2729,-0.017,CL,NYMEX,snap-20260805-cl,CL-20260916-66-P-20260805
2026-08-05,CL,09/16/2026,67,C,2.16,2.18,2.17,6790,19455,0.28,0.904,CL,NYMEX,snap-20260805-cl,CL-20260916-67-C-20260805
2026-08-05,CL,2026-09-16,67,P,3.02,3.05,3.04,20478,58750,0.2758,-0.096,CL,NYMEX,snap-20260805-cl,CL-20260916-67-P-20260805
20260805,CL,2026-09-16,68,C,2.2,2.23,2.21,12897,60958,0.2818,0.831,CL,NYMEX,snap-20260805-cl,CL-20260916-68-C-20260805
08/05/26,CL,09/16/26,68,P,4.04,4.1,4.07,"18,103",63053,0.2801,-0.169,CL,NYMEX,snap-20260805-cl,CL-20260916-68-P-20260805
20260805,CL,09/16/26,69,Call,2.24,2.27,2.25,5585,24226,0.287,0.781,CL,NYMEX,snap-20260805-cl,CL-20260916-69-C-20260805
2026-08-05,CL,2026-09-16,69,P,5.07,5.14,5.11,7931,26580,0.2845,-0.219,CL,NYMEX,snap-20260805-cl,CL-20260916-69-P-20260805
08/05/2026,CL,09/16/2026,70,C,2.28,2.31,2.3,6555,26689,0.29,0.744,CL,NYMEX,snap-20260805-cl,CL-20260916-70-C-20260805
20260805,CL,09/16/2026,70,P,6.10,6.18,6.14,7576,27115,0.2889,-0.256,CL,NYMEX,snap-20260805-cl,CL-20260916-70-P-20260805
08/05/2026,CL,2026-09-16,71,C,2.32,2.35,2.34,3160,11452,0.2975,0.715,CL,NYMEX,snap-20260805-cl,CL-20260916-71-C-20260805
20260805,CL,2026-09-16,71.00,P,7.12,7.22,7.17,3500,14691,0.29,-0.285,CL,NYMEX,snap-20260805-cl,CL-20260916-71-P-20260805
2026-08-05,CL,09/16/2026,72,C,2.36,2.39,2.38,312,726,0.3027,0.692,CL,NYMEX,snap-20260805-cl,CL-20260916-72-C-20260805
20260805,CL,09/16/26,72,P,8.14,8.27,8.2,"1,123",5117,0.2976,-0.308,CL,NYMEX,snap-20260805-cl,CL-20260916-72-P-20260805
08/05/26,CL,09/16/2026,73,C,2.4,2.44,2.42,336,919,0.3079,0.674,CL,NYMEX,snap-20260805-cl,CL-20260916-73-C-20260805
2026-08-05,CL,09/16/26,73,P,9.17,9.31,9.24,607,"3,267",0.3019,-0.326,CL,NYMEX,snap-20260805-cl,CL-20260916-73-P-20260805
08/05/2026,CL,2026-09-16,74,C,2.44,2.48,2.46,467,1701,0.3131,0.659,CL,NYMEX,snap-20260805-cl,CL-20260916-74-C-20260805
2026-08-05,CL,20260916,74,P,10.19,10.36,10.27,692,3157,0.3063,-0.341,CL,NYMEX,snap-20260805-cl,CL-20260916-74-P-20260805
20260805,CL,2026-09-16,75,C,2.48,2.52,2.5,1246,"4,446",0.3184,0.646,CL,NYMEX,snap-20260805-cl,CL-20260916-75-C-20260805
2026-08-05,CL,09/16/2026,75,P,11.21,11.4,11.30,764,3852,0.3106,-0.354,CL,NYMEX,snap-20260805-cl,CL-20260916-75-P-20260805
2026-08-05,CL,20260916,76,C,2.52,2.56,2.54,359,1311,0.3236,0.636,CL,NYMEX,snap-20260805-cl,CL-20260916-76-C-20260805
2026-08-05,CL,2026-09-16,76,P,12.24,12.45,12.34,458,2313,0.315,-0.364,CL,NYMEX,snap-20260805-cl,CL-20260916-76-P-20260805
08/05/2026,CL,2026-10-14,56,C,13.2,13.47,13.34,813,3769,0.3161,0.633,CL,NYMEX,snap-20260805-cl,CL-20261014-56-C-20260805
2026-08-05,CL,10/14/2026,56,P,3.44,3.51,3.47,310,"1,647",0.3431,-0.367,CL,NYMEX,snap-20260805-cl,CL-20261014-56-P-20260805
20260805,CL,2026-10-14,57,C,12.17,12.41,12.29,790,1952,0.3118,0.64,CL,NYMEX,snap-20260805-cl,CL-20261014-57-C-20260805
2026-08-05,CL,2026-10-14,57,P,3.37,3.44,3.4,441,1426,0.3361,-0.357,CL,NYMEX,snap-20260805-cl,CL-20261014-57-P-20260805
2026-08-05,CL,10/14/2026,58,C,11.14,11.35,11.24,661,1990,0.3074,0.656,CL,NYMEX,snap-20260805-cl,CL-20261014-58-C-20260805
20260805,CL,20261014,58,P,3.3,3.37,3.34,719,1889,0.329,-0.344,CL,NYMEX,snap-20260805-cl,CL-20261014-58-P-20260805
2026-08-05,CL,20261014,59,C,10.11,10.29,10.2,335,972,0.30,0.67,CL,NYMEX,snap-20260805-cl,CL-20261014-59-C-20260805
2026-08-05,CL,20261014,59,P,3.23,3.29,3.26,810,3104,0.322,-0.33,CL,NYMEX,snap-20260805-cl,CL-20261014-59-P-20260805
2026-08-05,CL,20261014,59,P,3.23,3.29,3.26,810,3104,0.322,-0.33,CL,NYMEX,snap-20260805-cl-retry,CL-20261014-59-P-20260805
2026-08-05,CL,2026-10-14,60,C,9.08,9.24,9.16,884,3018,0.30,0.687,CL,NYMEX,snap-20260805-cl,CL-20261014-60-C-20260805
2026-08-05,CL,2026-10-14,60,P,3.16,3.22,3.19,1254,6210,0.315,-0.313,CL,NYMEX,snap-20260805-cl,CL-20261014-60-P-20260805
08/05/26,CL,20261014,61,C,8.04,8.18,8.11,674,1820,0.2943,0.709,CL,NYMEX,snap-20260805-cl,CL-20261014-61-C-20260805
08/05/2026,CL,2026-10-14,61,P,3.1,3.15,3.12,1699,8412,0.308,-0.291,CL,NYMEX,snap-20260805-cl,CL-20261014-61-P-20260805
08/05/2026,CL,2026-10-14,62,C,7.01,7.13,7.07,2457,9787,0.29,0.735,CL,NYMEX,snap-20260805-cl,CL-20261014-62-C-20260805
2026-08-05,CL,10/14/26,62,P,3.03,3.08,3.05,2246,8410,0.301,-0.265,CL,NYMEX,snap-20260805-cl,CL-20261014-62-P-20260805
08/05/2026,CL,2026-10-14,63.00,C,5.98,6.07,6.02,7393,18455,0.2856,0.77,CL,NYMEX,snap-20260805-cl,CL-20261014-63-C-20260805
2026-08-05,CL,2026-10-14,63,P,2.96,3,2.98,4214,22553,0.294,-0.23,CL,NYMEX,snap-20260805-cl,CL-20261014-63-P-20260805
2026-08-05,CL,2026-10-14,64,C,4.94,5.02,4.98,10852,50749,0.2813,0.817,CL,NYMEX,snap-20260805-cl,CL-20261014-64-C-20260805
2026-08-05,CL,10/14/26,64,P,2.89,2.93,2.91,5075,"25,883",0.2869,-0.183,CL,NYMEX,snap-20260805-cl,CL-20261014-64-P-20260805
2026-08-05,CL,2026-10-14,65,Call,3.91,3.97,3.94,18889,77754,0.2769,0.882,CL,NYMEX,snap-20260805-cl,CL-20261014-65-C-20260805
08/05/2026,CL,10/14/2026,65,P,2.82,2.86,2.84,19038,85581,0.2799,-0.118,CL,NYMEX,snap-20260805-cl,CL-20261014-65-P-20260805
2026-08-05,CL,2026-10-14,66,Call,2.87,2.91,2.89,15146,"70,700",0.2726,0.98,CL,NYMEX,snap-20260805-cl,CL-20261014-66-C-20260805
2026-08-05,CL,10/14/2026,66,P,2.75,2.79,2.77,"16,434",64410,0.27,-0.017,CL,NYMEX,snap-20260805-cl,CL-20261014-66-P-20260805
2026-08-05,cl,2026-10-14,67,C,2.78,2.82,2.8,15220,39604,0.2765,0.904,CL,NYMEX,snap-20260805-cl,CL-20261014-67-C-20260805
08/05/26,CL,2026-10-14,67,P,3.64,3.69,3.66,16215,68319,0.2758,-0.096,CL,NYMEX,snap-20260805-cl,CL-20261014-67-P-20260805
08/05/26,CL,2026-10-14,67,P,3.64,3.69,3.66,16215,68319,0.2758,-0.096,CL,NYMEX,snap-20260805-cl-retry,CL-20261014-67-P-20260805
2026-08-05,CL,2026-10-14,68,C,2.83,2.88,2.86,6621,24863,0.2818,0.831,CL,NYMEX,snap-20260805-cl,CL-20261014-68-C-20260805
2026-08-05,CL,10/14/2026,68.00,P,4.67,4.74,4.7,"7,594","23,498",0.2801,-0.169,CL,NYMEX,snap-20260805-cl,CL-20261014-68-P-20260805
08/05/2026,CL,2026-10-14,69,C,2.89,2.93,2.91,9137,26086,0.287,0.781,CL,NYMEX,snap-20260805-cl,CL-20261014-69-C-20260805
2026-08-05,CL,10/14/26,69,P,5.71,5.8,5.76,7707,27811,0.2845,-0.219,CL,NYMEX,snap-20260805-cl,CL-20261014-69-P-20260805
08/05/2026,CL,2026-10-14,70,C,2.94,2.99,2.96,4921,17429,0.2922,0.744,CL,NYMEX,snap-20260805-cl,CL-20261014-70-C-20260805
20260805,CL,10/14/2026,70,P,6.74,6.85,6.8,5743,"26,723",0.2889,-0.256,CL,NYMEX,snap-20260805-cl,CL-20261014-70-P-20260805
2026-08-05,CL,10/14/2026,71,Call,2.99,3.04,3.02,2723,12759,0.2975,0.715,CL,NYMEX,snap-20260805-cl,CL-20261014-71-C-20260805
08/05/26,CL,20261014,71.00,P,7.78,7.91,7.84,"2,264","7,045",0.2932,-0.285,CL,NYMEX,snap-20260805-cl,CL-20261014-71-P-20260805
2026-08-05,CL,10/14/2026,72,C,3.04,3.09,3.06,713,2806,0.30,0.692,CL,NYMEX,snap-20260805-cl,CL-20261014-72-C-20260805
2026-08-05,CL,10/14/2026,72,P,8.81,8.96,8.89,723,3697,0.2976,-0.308,CL,NYMEX,snap-20260805-cl,CL-20261014-72-P-20260805
08/05/26,CL,2026-10-14,73,C,3.09,3.15,3.12,782,2301,0.3079,0.674,CL,NYMEX,snap-20260805-cl,CL-20261014-73-C-20260805
20260805,cl,2026-10-14,73,P,9.84,10.02,9.93,810,2432,0.3019,-0.326,CL,NYMEX,snap-20260805-cl,CL-20261014-73-P-20260805
20260805,CL,2026-10-14,74,C,3.14,3.2,3.17,620,1552,0.3131,0.659,CL,NYMEX,snap-20260805-cl,CL-20261014-74-C-20260805
2026-08-05,CL,2026-10-14,74,P,10.87,11.08,10.98,702,2381,0.3063,-0.341,CL,NYMEX,snap-20260805-cl,CL-20261014-74-P-20260805
2026-08-05,CL,2026-10-14,75,C,3.2,3.26,3.23,981,"4,350",0.3184,0.646,CL,NYMEX,snap-20260805-cl,CL-20261014-75-C-20260805
08/05/26,CL,2026-10-14,75,put,11.9,12.13,12.02,1210,5008,0.31,-0.354,CL,NYMEX,snap-20260805-cl,CL-20261014-75-P-20260805
08/05/26,CL,10/14/2026,76,C,3.25,3.31,3.28,643,3076,0.3236,0.636,CL,NYMEX,snap-20260805-cl,CL-20261014-76-C-20260805
08/05/2026,CL,20261014,76,P,12.93,13.19,13.06,562,1489,0.315,-0.364,CL,NYMEX,snap-20260805-cl,CL-20261014-76-P-20260805
20260805,CL,20261118,56,C,13.89,14.22,14.06,472,1266,0.3161,0.633,CL,NYMEX,snap-20260805-cl,CL-20261118-56-C-20260805
20260805,CL,2026-11-18,56.00,P,4.21,4.31,4.26,380,2088,0.34,-0.367,CL,NYMEX,snap-20260805-cl,CL-20261118-56-P-20260805
08/05/2026,CL,11/18/26,57,C,12.86,13.15,13,514,1965,0.3118,0.643,CL,NYMEX,snap-20260805-cl,CL-20261118-57-C-20260805
2026-08-05,CL,2026-11-18,57,P,4.13,4.22,4.18,305,1538,0.3361,-0.36,CL,NYMEX,snap-20260805-cl,CL-20261118-57-P-20260805
2026-08-05,CL,11/18/26,58,C,11.82,12.08,11.95,598,2591,0.3074,0.656,CL,NYMEX,snap-20260805-cl,CL-20261118-58-C-20260805
2026-08-05,cl,2026-11-18,58,P,4.04,4.13,4.08,487,2305,0.329,-0.344,CL,NYMEX,snap-20260805-cl,CL-20261118-58-P-20260805
08/05/2026,CL,2026-11-18,59.00,C,10.78,11.01,10.9,578,2104,0.3031,0.67,CL,NYMEX,snap-20260805-cl,CL-20261118-59-C-20260805
2026-08-05,CL,2026-11-18,59,P,3.96,4.04,4,580,1470,0.322,-0.33,CL,NYMEX,snap-20260805-cl,CL-20261118-59-P-20260805
2026-08-05,CL,2026-11-18,60,C,9.74,9.94,9.84,423,1925,0.2987,0.687,CL,NYMEX,snap-20260805-cl,CL-20261118-60-C-20260805
2026-08-05,CL,11/18/26,60,Put,3.87,3.95,3.91,554,1958,0.315,-0.313,CL,NYMEX,snap-20260805-cl,CL-20261118-60-P-20260805
20260805,CL,2026-11-18,61,C,8.7,8.87,8.78,914,"3,260",0.2943,0.709,CL,NYMEX,snap-20260805-cl,CL-20261118-61-C-20260805
08/05/2026,CL,2026-11-18,61,P,3.79,3.86,3.82,1048,4588,0.308,-0.291,CL,NYMEX,snap-20260805-cl,CL-20261118-61-P-20260805
2026-08-05,CL,20261118,62.00,C,7.66,7.8,7.73,3345,8853,0.29,0.735,CL,NYMEX,snap-20260805-cl,CL-20261118-62-C-20260805
2026-08-05,CL,11/18/2026,62,P,3.7,3.77,3.74,3871,19184,0.301,-0.265,CL,NYMEX,snap-20260805-cl,CL-20261118-62-P-20260805
2026-08-05,CL,2026-11-18,63,C,6.61,6.74,6.68,"5,536",24259,0.2856,0.77,CL,NYMEX,snap-20260805-cl,CL-20261118-63-C-20260805
08/05/2026,CL,11/18/2026,63,P,3.62,3.68,3.65,4556,22868,0.294,-0.23,CL,NYMEX,snap-20260805-cl,CL-20261118-63-P-20260805
08/05/2026,CL,2026-11-18,64,C,5.57,5.67,5.62,5403,16909,0.2813,0.817,CL,NYMEX,snap-20260805-cl,CL-20261118-64-C-20260805
2026-08-05,CL,2026-11-18,64,P,3.53,3.59,3.56,3589,"16,176",0.2869,-0.183,CL,NYMEX,snap-20260805-cl,CL-20261118-64-P-20260805
2026-08-05,CL,11/18/26,65,Call,4.53,4.61,4.57,15635,65754,0.28,0.882,CL,NYMEX,snap-20260805-cl,CL-20261118-65-C-20260805
20260805,CL,11/18/2026,65,P,3.44,3.51,3.47,7999,33167,0.2799,-0.118,CL,NYMEX,snap-20260805-cl,CL-20261118-65-P-20260805
20260805,CL,11/18/2026,65,P,3.44,3.51,3.47,7999,33167,0.2799,-0.118,CL,NYMEX,snap-20260805-cl-retry,CL-20261118-65-P-20260805
2026-08-05,CL,11/18/2026,66,C,3.48,3.54,3.51,11804,48687,0.2726,0.98,CL,NYMEX,snap-20260805-cl,CL-20261118-66-C-20260805
08/05/2026,CL,20261118,66,P,3.36,3.42,3.39,13851,46765,0.2729,-0.017,CL,NYMEX,snap-20260805-cl,CL-20261118-66-P-20260805
2026-08-05,CL,2026-11-18,67,C,3.4,3.46,3.43,4632,18762,0.28,0.904,CL,NYMEX,snap-20260805-cl,CL-20261118-67-C-20260805
2026-08-05,CL,11/18/26,67,P,4.26,4.33,4.30,11193,"54,258",0.2758,-0.096,CL,NYMEX,snap-20260805-cl,CL-20261118-67-P-20260805
2026-08-05,cl,2026-11-18,68,C,3.47,3.53,3.50,5367,18974,0.2818,0.831,CL,NYMEX,snap-20260805-cl,CL-20261118-68-C-20260805
08/05/26,CL,2026-11-18,68,P,5.3,5.4,5.35,3813,20150,0.2801,-0.169,CL,NYMEX,snap-20260805-cl,CL-20261118-68-P-20260805
2026-08-05,CL,2026-11-18,69,C,3.53,3.6,3.56,5603,20642,0.287,0.781,CL,NYMEX,snap-20260805-cl,CL-20261118-69-C-20260805
08/05/26,CL,2026-11-18,69,P,6.34,6.46,6.4,5779,15935,0.2845,-0.219,CL,NYMEX,snap-20260805-cl,CL-20261118-69-P-20260805
20260805,CL,11/18/2026,70,C,3.59,3.66,3.62,3760,11453,0.2922,0.744,CL,NYMEX,snap-20260805-cl,CL-20261118-70-C-20260805
2026-08-05,CL,2026-11-18,70,P,7.38,7.53,7.46,"6,560",24705,0.29,-0.256,CL,NYMEX,snap-20260805-cl,CL-20261118-70-P-20260805
08/05/26,CL,2026-11-18,71,C,3.66,3.73,3.7,1907,7476,0.2975,0.715,CL,NYMEX,snap-20260805-cl,CL-20261118-71-C-20260805
2026-08-05,CL,2026-11-18,71,P,8.43,8.59,8.51,1204,6047,0.2932,-0.285,CL,NYMEX,snap-20260805-cl,CL-20261118-71-P-20260805
2026-08-05,CL,11/18/26,72,C,3.72,3.8,3.76,405,1695,0.30,0.69,CL,NYMEX,snap-20260805-cl,CL-20261118-72-C-20260805
20260805,CL,2026-11-18,72,Put,9.47,9.66,9.57,624,2166,0.2976,-0.31,CL,NYMEX,snap-20260805-cl,CL-20261118-72-P-20260805
2026-08-05,CL,2026-11-18,73,C,3.78,3.86,3.82,490,1994,0.3079,0.674,CL,NYMEX,snap-20260805-cl,CL-20261118-73-C-20260805
2026-08-05,CL,2026-11-18,73,P,10.51,10.73,10.62,493,1713,0.3019,-0.326,CL,NYMEX,snap-20260805-cl,CL-20261118-73-P-20260805
2026-08-05,CL,2026-11-18,74,C,3.85,3.93,3.89,337,854,0.3131,0.659,CL,NYMEX,snap-20260805-cl,CL-20261118-74-C-20260805
2026-08-05,CL,11/18/26,74,P,11.55,11.8,11.68,346,1031,0.3063,-0.341,CL,NYMEX,snap-20260805-cl,CL-20261118-74-P-20260805
2026-08-05,CL,2026-11-18,75,C,3.91,4,3.96,598,2217,0.3184,0.646,CL,NYMEX,snap-20260805-cl,CL-20261118-75-C-20260805
20260805,CL,20261118,75,P,12.59,12.87,12.73,570,2005,0.3106,-0.354,CL,NYMEX,snap-20260805-cl,CL-20261118-75-P-20260805
08/05/2026,CL,11/18/2026,76,C,3.97,4.06,4.01,267,835,0.3236,0.636,CL,NYMEX,snap-20260805-cl,CL-20261118-76-C-20260805
08/05/2026,cl,11/18/2026,76,P,13.62,13.94,13.78,539,1465,0.315,-0.36,CL,NYMEX,snap-20260805-cl,CL-20261118-76-P-20260805
2026-08-06,CL,2026-08-19,56,C,11.55,11.72,11.64,1003,4102,0.3166,0.632,CL,NYMEX,snap-20260806-cl,CL-20260819-56-C-20260806
2026-08-06,CL,2026-08-19,56,P,1.49,1.52,1.5,1246,"5,931",0.3438,-0.368,CL,NYMEX,snap-20260806-cl,CL-20260819-56-P-20260806
08/06/26,cl,20260819,57,C,10.54,10.69,10.61,558,1779,0.3122,0.642,CL,NYMEX,snap-20260806-cl,CL-20260819-57-C-20260806
2026-08-06,CL,20260819,57,P,1.46,1.48,1.47,1114,4255,0.3368,-0.358,CL,NYMEX,snap-20260806-cl,CL-20260819-57-P-20260806
2026-08-06,CL,20260819,57,P,1.46,1.48,1.47,1114,4255,0.3368,-0.358,CL,NYMEX,snap-20260806-cl-retry,CL-20260819-57-P-20260806
2026-08-06,CL,20260819,58,C,9.53,9.66,9.59,913,4247,0.3079,0.654,CL,NYMEX,snap-20260806-cl,CL-20260819-58-C-20260806
2026-08-06,CL,08/19/2026,58,P,1.43,1.45,1.44,1060,5548,0.3298,-0.346,CL,NYMEX,snap-20260806-cl,CL-20260819-58-P-20260806
08/06/26,CL,20260819,59.00,C,8.52,8.64,8.58,1193,3157,0.3035,0.668,CL,NYMEX,snap-20260806-cl,CL-20260819-59-C-20260806
2026-08-06,CL,20260819,59,P,1.4,1.42,1.41,565,1461,0.3228,-0.332,CL,NYMEX,snap-20260806-cl,CL-20260819-59-P-20260806
2026-08-06,CL,08/19/26,60,Call,7.51,7.61,7.56,510,1477,0.2992,0.685,CL,NYMEX,snap-20260806-cl,CL-20260819-60-C-20260806
20260806,CL,2026-08-19,60,P,1.37,1.39,1.38,881,"4,744",0.3158,-0.315,CL,NYMEX,snap-20260806-cl,CL-20260819-60-P-20260806
2026-08-06,CL,08/19/26,61,C,6.5,6.58,6.54,"1,572",5871,0.2948,0.706,CL,NYMEX,snap-20260806-cl,CL-20260819-61-C-20260806
2026-08-06,CL,08/19/2026,61,P,1.34,1.36,1.35,1685,"6,283",0.3088,-0.294,CL,NYMEX,snap-20260806-cl,CL-20260819-61-P-20260806
20260806,CL,2026-08-19,62,Call,5.49,5.55,5.52,3395,10440,0.29,0.732,CL,NYMEX,snap-20260806-cl,CL-20260819-62-C-20260806
2026-08-06,CL,2026-08-19,62,P ,1.31,1.33,1.32,4861,22101,0.3018,-0.268,CL,NYMEX,snap-20260806-cl,CL-20260819-62-P-20260806
20260806,CL,2026-08-19,63,C,4.48,4.53,4.51,5246,13866,0.2861,0.766,CL,NYMEX,snap-20260806-cl,CL-20260819-63-C-20260806
08/06/2026,CL,08/19/2026,63,P,1.28,1.3,1.29,4435,15094,0.2948,-0.234,CL,NYMEX,snap-20260806-cl,CL-20260819-63-P-20260806
2026-08-06,CL,2026-08-19,64,Call,3.46,3.5,3.48,11028,44890,0.2818,0.81,CL,NYMEX,snap-20260806-cl,CL-20260819-64-C-20260806
2026-08-06,CL,20260819,64,P,1.25,1.27,1.26,17179,68633,0.2878,-0.19,CL,NYMEX,snap-20260806-cl,CL-20260819-64-P-20260806
2026-08-06,CL,08/19/2026,65,Call,2.45,2.48,2.46,21728,54071,0.2774,0.873,CL,NYMEX,snap-20260806-cl,CL-20260819-65-C-20260806
08/06/26,CL,20260819,65,P,1.22,1.23,1.22,16946,84905,0.2808,-0.13,CL,NYMEX,snap-20260806-cl,CL-20260819-65-P-20260806
2026-08-06,CL,20260819,66,C,1.44,1.45,1.44,11376,41390,0.2731,0.968,CL,NYMEX,snap-20260806-cl,CL-20260819-66-C-20260806
08/06/26,cl,2026-08-19,66,P,1.19,1.2,1.19,19770,82748,0.2738,-0.032,CL,NYMEX,snap-20260806-cl,CL-20260819-66-P-20260806
2026-08-06,CL,08/19/2026,67,C,1.2,1.21,1.2,14327,32073,0.2759,0.915,CL,NYMEX,snap-20260806-cl,CL-20260819-67-C-20260806
2026-08-06,CL,20260819,67,P,1.95,1.96,1.96,15228,76080,0.2753,-0.085,CL,NYMEX,snap-20260806-cl,CL-20260819-67-P-20260806
08/06/26,CL,2026-08-19,68,C,1.22,1.24,1.23,"11,172",37361,0.2811,0.839,CL,NYMEX,snap-20260806-cl,CL-20260819-68-C-20260806
20260806,CL,08/19/26,68,P,2.96,2.99,2.98,"16,100",86966,0.2796,-0.161,CL,NYMEX,snap-20260806-cl,CL-20260819-68-P-20260806
2026-08-06,CL,08/19/2026,69,C,1.25,1.26,1.25,12287,56612,0.2863,0.786,CL,NYMEX,snap-20260806-cl,CL-20260819-69-C-20260806
20260806,CL,08/19/26,69,P,3.97,4.01,3.99,8743,"26,689",0.284,-0.214,CL,NYMEX,snap-20260806-cl,CL-20260819-69-P-20260806
2026-08-06,CL,2026-08-19,70,C,1.27,1.28,1.27,12583,56478,0.2916,0.748,CL,NYMEX,snap-20260806-cl,CL-20260819-70-C-20260806
2026-08-06,CL,08/19/26,70,P,4.98,5.04,5.01,6331,32955,0.2883,-0.252,CL,NYMEX,snap-20260806-cl,CL-20260819-70-P-20260806
08/06/2026,CL,2026-08-19,71,C,1.29,1.31,1.3,1918,5354,0.2968,0.718,CL,NYMEX,snap-20260806-cl,CL-20260819-71-C-20260806
20260806,CL,2026-08-19,71,P,5.99,6.07,6.03,2421,8466,0.2926,-0.28,CL,NYMEX,snap-20260806-cl,CL-20260819-71-P-20260806
20260806,CL,08/19/2026,72,C,1.31,1.33,1.32,884,4159,0.302,0.695,CL,NYMEX,snap-20260806-cl,CL-20260819-72-C-20260806
2026-08-06,CL,2026-08-19,72.00,P,7.01,7.09,7.05,594,2872,0.30,-0.305,CL,NYMEX,snap-20260806-cl,CL-20260819-72-P-20260806
08/06/2026,CL,20260819,73,C,1.34,1.35,1.35,"1,197",3436,0.3072,0.676,CL,NYMEX,snap-20260806-cl,CL-20260819-73-C-20260806
08/06/2026,CL,08/19/26,73,P,8.02,8.12,8.07,439,2230,0.3013,-0.32,CL,NYMEX,snap-20260806-cl,CL-20260819-73-P-20260806
2026-08-06,CL,2026-08-19,74,C,1.36,1.38,1.37,1003,"3,894",0.3124,0.661,CL,NYMEX,snap-20260806-cl,CL-20260819-74-C-20260806
2026-08-06,CL,08/19/2026,74,P,9.03,9.15,9.09,972,4823,0.3057,-0.34,CL,NYMEX,snap-20260806-cl,CL-20260819-74-P-20260806
2026-08-06,CL,2026-08-19,75.00,C,1.38,1.4,1.39,766,2957,0.3176,0.648,CL,NYMEX,snap-20260806-cl,CL-20260819-75-C-20260806
08/06/2026,CL,08/19/26,75,P,10.03,10.18,10.1,601,2350,0.31,-0.352,CL,NYMEX,snap-20260806-cl,CL-20260819-75-P-20260806
08/06/26,cl,08/19/26,76,C,1.4,1.42,1.41,859,2535,0.3229,0.637,CL,NYMEX,snap-20260806-cl,CL-20260819-76-C-20260806
2026-08-06,CL,08/19/26,76,P,11.04,11.21,11.12,540,2308,0.3144,-0.36,CL,NYMEX,snap-20260806-cl,CL-20260819-76-P-20260806
2026-08-06,CL,20260916,56,C,12.6,12.82,12.71,625,2811,0.3166,0.632,CL,NYMEX,snap-20260806-cl,CL-20260916-56-C-20260806
20260806,CL,09/16/2026,56,P ,2.65,2.7,2.68,1103,2852,0.3438,-0.368,CL,NYMEX,snap-20260806-cl,CL-20260916-56-P-20260806
2026-08-06,CL,09/16/2026,57.00,C,11.58,11.78,11.68,464,1237,0.3122,0.642,CL,NYMEX,snap-20260806-cl,CL-20260916-57-C-20260806
2026-08-06,CL,2026-09-16,57.00,P,2.6,2.64,2.62,622,2775,0.3368,-0.358,CL,NYMEX,snap-20260806-cl,CL-20260916-57-P-20260806
2026-08-06,CL,2026-09-16,58,C,10.56,10.73,10.64,594,1791,0.3079,0.654,CL,NYMEX,snap-20260806-cl,CL-20260916-58-C-20260806
08/06/2026,CL,2026-09-16,58,P,2.54,2.58,2.56,473,1285,0.3298,-0.346,CL,NYMEX,snap-20260806-cl,CL-20260916-58-P-20260806
08/06/26,CL,09/16/2026,59,C,9.53,9.68,9.60,774,2292,0.3035,0.668,CL,NYMEX,snap-20260806-cl,CL-20260916-59-C-20260806
2026-08-06,CL,09/16/2026,59,P,2.49,2.53,2.51,508,1471,0.3228,-0.332,CL,NYMEX,snap-20260806-cl,CL-20260916-59-P-20260806
08/06/2026,cl,2026-09-16,60,Call,8.51,8.64,8.57,993,4398,0.30,0.685,CL,NYMEX,snap-20260806-cl,CL-20260916-60-C-20260806
20260806,cl,2026-09-16,60,P,2.44,2.47,2.46,871,2267,0.32,-0.315,CL,NYMEX,snap-20260806-cl,CL-20260916-60-P-20260806
2026-08-06,cl,09/16/2026,61,C,7.49,7.6,7.54,1121,4828,0.2948,0.706,CL,NYMEX,snap-20260806-cl,CL-20260916-61-C-20260806
2026-08-06,CL,09/16/26,61,P,2.38,2.42,2.4,1208,"3,876",0.3088,-0.294,CL,NYMEX,snap-20260806-cl,CL-20260916-61-P-20260806
2026-08-06,CL,2026-09-16,62,C,6.46,6.55,6.5,1916,5378,0.2905,0.732,CL,NYMEX,snap-20260806-cl,CL-20260916-62-C-20260806
2026-08-06,CL,2026-09-16,62.00,Put,2.33,2.36,2.34,4369,17246,0.3018,-0.268,CL,NYMEX,snap-20260806-cl,CL-20260916-62-P-20260806
2026-08-06,CL,09/16/26,63,C,5.44,5.51,5.48,5447,16328,0.2861,0.766,CL,NYMEX,snap-20260806-cl,CL-20260916-63-C-20260806
2026-08-06,CL,2026-09-16,63.00,P,2.28,2.31,2.3,9534,44156,0.2948,-0.234,CL,NYMEX,snap-20260806-cl,CL-20260916-63-P-20260806
08/06/2026,CL,2026-09-16,64,C,4.41,4.47,4.44,8255,38694,0.2818,0.81,CL,NYMEX,snap-20260806-cl,CL-20260916-64-C-20260806
2026-08-06,CL,09/16/26,64,P,2.22,2.25,2.24,14089,56102,0.2878,-0.19,CL,NYMEX,snap-20260806-cl,CL-20260916-64-P-20260806
08/06/26,CL,09/16/26,65,C,3.39,3.43,3.41,24966,"79,767",0.2774,0.873,CL,NYMEX,snap-20260806-cl,CL-20260916-65-C-20260806
2026-08-06,CL,2026-09-16,65,P,2.17,2.2,2.18,21838,97062,0.2808,-0.127,CL,NYMEX,snap-20260806-cl,CL-20260916-65-P-20260806
2026-08-06,cl,2026-09-16,66,Call,2.36,2.39,2.38,14114,"45,457",0.2731,0.968,CL,NYMEX,snap-20260806-cl,CL-20260916-66-C-20260806
2026-08-06,CL,09/16/26,66,put,2.12,2.14,2.13,15067,52807,0.2738,-0.032,CL,NYMEX,snap-20260806-cl,CL-20260916-66-P-20260806
2026-08-06,CL,09/16/26,66,put,2.12,2.14,2.13,15067,52807,0.2738,-0.032,CL,NYMEX,snap-20260806-cl-retry,CL-20260916-66-P-20260806
08/06/26,CL,09/16/2026,67,C,2.13,2.16,2.14,12337,30630,0.2759,0.915,CL,NYMEX,snap-20260806-cl,CL-20260916-67-C-20260806
08/06/2026,CL,2026-09-16,67,P,2.87,2.91,2.89,"7,833",34661,0.2753,-0.09,CL,NYMEX,snap-20260806-cl,CL-20260916-67-P-20260806
20260806,CL,2026-09-16,68,C,2.17,2.2,2.18,6075,14906,0.2811,0.839,CL,NYMEX,snap-20260806-cl,CL-20260916-68-C-20260806
08/06/2026,CL,09/16/26,68,P,3.9,3.95,3.92,13966,52354,0.28,-0.16,CL,NYMEX,snap-20260806-cl,CL-20260916-68-P-20260806
08/06/2026,CL,20260916,69,C,2.21,2.24,2.22,9247,28431,0.2863,0.786,CL,NYMEX,snap-20260806-cl,CL-20260916-69-C-20260806
20260806,CL,2026-09-16,69,P,4.92,4.99,4.96,6537,23785,0.284,-0.214,CL,NYMEX,snap-20260806-cl,CL-20260916-69-P-20260806
2026-08-06,CL,2026-09-16,70,C,2.25,2.28,2.26,4039,11225,0.2916,0.75,CL,NYMEX,snap-20260806-cl,CL-20260916-70-C-20260806
2026-08-06,CL,2026-09-16,70.00,P,5.95,6.03,5.99,9403,48001,0.2883,-0.252,CL,NYMEX,snap-20260806-cl,CL-20260916-70-P-20260806
2026-08-06,CL,2026-09-16,71,C,2.29,2.32,2.3,2730,7303,0.2968,0.718,CL,NYMEX,snap-20260806-cl,CL-20260916-71-C-20260806
2026-08-06,cl,2026-09-16,71,P,6.97,7.07,7.02,2947,15746,0.2926,-0.282,CL,NYMEX,snap-20260806-cl,CL-20260916-71-P-20260806
2026-08-06,CL,09/16/26,72,C,2.33,2.36,2.34,341,1545,0.302,0.695,CL,NYMEX,snap-20260806-cl,CL-20260916-72-C-20260806
20260806,CL,2026-09-16,72,P,8,8.12,8.06,1060,4048,0.297,-0.305,CL,NYMEX,snap-20260806-cl,CL-20260916-72-P-20260806
2026-08-06,CL,2026-09-16,73,C,2.37,2.41,2.39,526,2087,0.3072,0.676,CL,NYMEX,snap-20260806-cl,CL-20260916-73-C-20260806
2026-08-06,CL,2026-09-16,73,P,9.02,9.16,9.09,480,1231,0.3013,-0.324,CL,NYMEX,snap-20260806-cl,CL-20260916-73-P-20260806
2026-08-06,CL,2026-09-16,74,C,2.41,2.45,2.43,487,2306,0.3124,0.661,CL,NYMEX,snap-20260806-cl,CL-20260916-74-C-20260806
2026-08-06,CL,09/16/2026,74,P,10.04,10.21,10.12,687,2924,0.3057,-0.339,CL,NYMEX,snap-20260806-cl,CL-20260916-74-P-20260806
2026-08-06,CL,09/16/2026,75,C,2.45,2.49,2.47,741,2707,0.3176,0.648,CL,NYMEX,snap-20260806-cl,CL-20260916-75-C-20260806
2026-08-06,CL,20260916,75,P,11.07,11.25,11.16,1065,"4,533",0.31,-0.352,CL,NYMEX,snap-20260806-cl,CL-20260916-75-P-20260806
2026-08-06,CL,20260916,76,C,2.49,2.53,2.51,697,3152,0.32,0.637,CL,NYMEX,snap-20260806-cl,CL-20260916-76-C-20260806
08/06/2026,CL,2026-09-16,76,P,12.09,12.3,12.2,412,1390,0.3144,-0.363,CL,NYMEX,snap-20260806-cl,CL-20260916-76-P-20260806
20260806,CL,10/14/2026,56,C,13.31,13.58,13.44,432,1063,0.3166,0.63,CL,NYMEX,snap-20260806-cl,CL-20261014-56-C-20260806
2026-08-06,CL,2026-10-14,56,P,3.43,3.5,3.46,497,2717,0.3438,-0.368,CL,NYMEX,snap-20260806-cl,CL-20261014-56-P-20260806
2026-08-06,CL,10/14/2026,57,C,12.28,12.52,12.4,745,2152,0.3122,0.642,CL,NYMEX,snap-20260806-cl,CL-20261014-57-C-20260806
08/06/2026,CL,2026-10-14,57,P ,3.36,3.43,3.4,771,3471,0.3368,-0.358,CL,NYMEX,snap-20260806-cl,CL-20261014-57-P-20260806
2026-08-06,CL,2026-10-14,58.00,C,11.25,11.46,11.36,704,2796,0.3079,0.654,CL,NYMEX,snap-20260806-cl,CL-20261014-58-C-20260806
20260806,CL,20261014,58,P,3.29,3.36,3.32,748,4005,0.3298,-0.35,CL,NYMEX,snap-20260806-cl,CL-20261014-58-P-20260806
08/06/2026,CL,20261014,59,Call,10.22,10.4,10.31,379,1434,0.3035,0.668,CL,NYMEX,snap-20260806-cl,CL-20261014-59-C-20260806
2026-08-06,cl,10/14/2026,59,P,3.22,3.28,3.25,493,1714,0.3228,-0.332,CL,NYMEX,snap-20260806-cl,CL-20261014-59-P-20260806
08/06/26,CL,2026-10-14,60,C,9.18,9.35,9.26,405,1426,0.2992,0.685,CL,NYMEX,snap-20260806-cl,CL-20261014-60-C-20260806
08/06/26,CL,10/14/26,60,P,3.16,3.21,3.18,622,2096,0.3158,-0.315,CL,NYMEX,snap-20260806-cl,CL-20261014-60-P-20260806
2026-08-06,CL,10/14/2026,61,C,8.15,8.29,8.22,934,3102,0.2948,0.706,CL,NYMEX,snap-20260806-cl,CL-20261014-61-C-20260806
2026-08-06,CL,2026-10-14,61,P,3.09,3.14,3.12,913,4584,0.3088,-0.294,CL,NYMEX,snap-20260806-cl,CL-20261014-61-P-20260806
2026-08-06,CL,2026-10-14,61,P,3.09,3.14,3.12,913,4584,0.3088,-0.294,CL,NYMEX,snap-20260806-cl-retry,CL-20261014-61-P-20260806
2026-08-06,CL,2026-10-14,62,C,7.12,7.24,7.18,3051,7128,0.2905,0.732,CL,NYMEX,snap-20260806-cl,CL-20261014-62-C-20260806
2026-08-06,cl,2026-10-14,62,P,3.02,3.07,3.04,5526,15616,0.3018,-0.268,CL,NYMEX,snap-20260806-cl,CL-20261014-62-P-20260806
08/06/26,CL,2026-10-14,63,C,6.09,6.18,6.14,5188,"14,347",0.2861,0.766,CL,NYMEX,snap-20260806-cl,CL-20261014-63-C-20260806
2026-08-06,CL,2026-10-14,63.00,P,2.95,3,2.98,9224,46194,0.29,-0.234,CL,NYMEX,snap-20260806-cl,CL-20261014-63-P-20260806
2026-08-06,CL,10/14/26,64,C,5.05,5.13,5.09,11311,51506,0.2818,0.81,CL,NYMEX,snap-20260806-cl,CL-20261014-64-C-20260806
20260806,CL,10/14/2026,64,P,2.88,2.92,2.9,11476,"48,667",0.2878,-0.19,CL,NYMEX,snap-20260806-cl,CL-20261014-64-P-20260806
20260806,CL,2026-10-14,65,C,4.02,4.08,4.05,10613,38261,0.2774,0.873,CL,NYMEX,snap-20260806-cl,CL-20261014-65-C-20260806
2026-08-06,CL,2026-10-14,65,P,2.81,2.85,2.83,19408,49145,0.2808,-0.127,CL,NYMEX,snap-20260806-cl,CL-20261014-65-P-20260806
08/06/26,CL,2026-10-14,66,C,2.98,3.02,3,9997,29845,0.27,0.968,CL,NYMEX,snap-20260806-cl,CL-20261014-66-C-20260806
2026-08-06,CL,2026-10-14,66,P,2.74,2.78,2.76,14387,75895,0.2738,-0.032,CL,NYMEX,snap-20260806-cl,CL-20261014-66-P-20260806
2026-08-06,CL,2026-10-14,67,Call,2.76,2.8,2.78,7914,29985,0.2759,0.92,CL,NYMEX,snap-20260806-cl,CL-20261014-67-C-20260806
08/06/2026,CL,10/14/26,67,P,3.5,3.55,3.52,17441,58930,0.2753,-0.085,CL,NYMEX,snap-20260806-cl,CL-20261014-67-P-20260806
08/06/2026,CL,10/14/2026,68,Call,2.81,2.86,2.84,12155,"58,002",0.2811,0.839,CL,NYMEX,snap-20260806-cl,CL-20261014-68-C-20260806
20260806,CL,2026-10-14,68,P,4.54,4.6,4.57,8868,37046,0.2796,-0.161,CL,NYMEX,snap-20260806-cl,CL-20261014-68-P-20260806
08/06/2026,CL,2026-10-14,69,C,2.86,2.91,2.88,4512,17460,0.2863,0.786,CL,NYMEX,snap-20260806-cl,CL-20261014-69-C-20260806
08/06/2026,CL,10/14/2026,69,P,5.57,5.66,5.62,10022,"31,093",0.284,-0.214,CL,NYMEX,snap-20260806-cl,CL-20261014-69-P-20260806
2026-08-06,CL,20261014,70,C,2.92,2.96,2.94,4462,13428,0.2916,0.748,CL,NYMEX,snap-20260806-cl,CL-20261014-70-C-20260806
2026-08-06,cl,20261014,70,P,6.6,6.71,6.65,"6,970",37256,0.2883,-0.252,CL,NYMEX,snap-20260806-cl,CL-20261014-70-P-20260806
20260806,CL,2026-10-14,71,C,2.97,3.02,3,2355,6880,0.2968,0.718,CL,NYMEX,snap-20260806-cl,CL-20261014-71-C-20260806
2026-08-06,cl,10/14/26,71,P,7.64,7.76,7.70,2478,11560,0.29,-0.282,CL,NYMEX,snap-20260806-cl,CL-20261014-71-P-20260806
2026-08-06,CL,2026-10-14,72,C,3.02,3.07,3.04,319,1456,0.302,0.695,CL,NYMEX,snap-20260806-cl,CL-20261014-72-C-20260806
20260806,CL,2026-10-14,72,P ,8.67,8.82,8.75,847,2186,0.297,-0.305,CL,NYMEX,snap-20260806-cl,CL-20261014-72-P-20260806
2026-08-06,CL,20261014,73,C,3.07,3.12,3.09,610,2754,0.3072,0.676,CL,NYMEX,snap-20260806-cl,CL-20261014-73-C-20260806
2026-08-06,CL,10/14/26,73,P ,9.7,9.88,9.79,724,1934,0.3013,-0.324,CL,NYMEX,snap-20260806-cl,CL-20261014-73-P-20260806
08/06/2026,CL,10/14/26,74,C,3.12,3.18,3.15,296,1404,0.3124,0.661,CL,NYMEX,snap-20260806-cl,CL-20261014-74-C-20260806
2026-08-06,CL,2026-10-14,74,P,10.73,10.93,10.83,779,3254,0.3057,-0.339,CL,NYMEX,snap-20260806-cl,CL-20261014-74-P-20260806
2026-08-06,CL,2026-10-14,75,Call,3.17,3.23,3.2,716,2670,0.3176,0.648,CL,NYMEX,snap-20260806-cl,CL-20261014-75-C-20260806
2026-08-06,CL,2026-10-14,75,P,11.76,11.99,11.88,950,2994,0.31,-0.352,CL,NYMEX,snap-20260806-cl,CL-20261014-75-P-20260806
20260806,CL,2026-10-14,76,Call,3.22,3.29,3.26,445,2009,0.3229,0.637,CL,NYMEX,snap-20260806-cl,CL-20261014-76-C-20260806
2026-08-06,cl,2026-10-14,76,P,12.79,13.05,12.92,442,1148,0.3144,-0.363,CL,NYMEX,snap-20260806-cl,CL-20261014-76-P-20260806
08/06/2026,CL,20261118,56.00,C,14.01,14.33,14.17,284,751,0.3166,0.632,CL,NYMEX,snap-20260806-cl,CL-20261118-56-C-20260806
2026-08-06,CL,2026-11-18,56,P ,4.21,4.3,4.26,579,2229,0.3438,-0.368,CL,NYMEX,snap-20260806-cl,CL-20261118-56-P-20260806
2026-08-06,CL,2026-11-18,57,C,12.97,13.26,13.12,480,1058,0.3122,0.642,CL,NYMEX,snap-20260806-cl,CL-20261118-57-C-20260806
08/06/2026,CL,2026-11-18,57.00,P,4.12,4.21,4.16,505,1578,0.34,-0.358,CL,NYMEX,snap-20260806-cl,CL-20261118-57-P-20260806
2026-08-06,CL,2026-11-18,58,C,11.93,12.19,12.06,496,1934,0.3079,0.654,CL,NYMEX,snap-20260806-cl,CL-20261118-58-C-20260806
08/06/26,CL,2026-11-18,58,P,4.04,4.13,4.08,262,1408,0.3298,-0.346,CL,NYMEX,snap-20260806-cl,CL-20261118-58-P-20260806
08/06/2026,CL,2026-11-18,59,C,10.89,11.12,11,480,1112,0.3035,0.668,CL,NYMEX,snap-20260806-cl,CL-20261118-59-C-20260806
2026-08-06,CL,11/18/2026,59,P,3.95,4.04,4,434,1813,0.3228,-0.332,CL,NYMEX,snap-20260806-cl,CL-20261118-59-P-20260806
2026-08-06,CL,11/18/26,60,C,9.85,10.05,9.95,311,779,0.30,0.69,CL,NYMEX,snap-20260806-cl,CL-20261118-60-C-20260806
2026-08-06,CL,2026-11-18,60,P,3.87,3.95,3.91,890,4026,0.32,-0.315,CL,NYMEX,snap-20260806-cl,CL-20261118-60-P-20260806
2026-08-06,CL,2026-11-18,61,C,8.81,8.99,8.9,1058,3289,0.2948,0.706,CL,NYMEX,snap-20260806-cl,CL-20261118-61-C-20260806
2026-08-06,cl,11/18/26,61,Put,3.78,3.86,3.82,392,1027,0.3088,-0.294,CL,NYMEX,snap-20260806-cl,CL-20261118-61-P-20260806
2026-08-06,CL,2026-11-18,62,C,7.77,7.92,7.84,1561,"5,866",0.2905,0.732,CL,NYMEX,snap-20260806-cl,CL-20261118-62-C-20260806
2026-08-06,CL,20261118,62,P,3.7,3.77,3.74,3905,10947,0.3018,-0.268,CL,NYMEX,snap-20260806-cl,CL-20261118-62-P-20260806
08/06/2026,CL,11/18/2026,63,C,6.73,6.85,6.79,3220,11999,0.2861,0.766,CL,NYMEX,snap-20260806-cl,CL-20261118-63-C-20260806
2026-08-06,CL,11/18/26,63,P,3.61,3.68,3.64,6782,18639,0.2948,-0.234,CL,NYMEX,snap-20260806-cl,CL-20261118-63-P-20260806
20260806,CL,11/18/2026,64,C,5.69,5.79,5.74,3755,10379,0.2818,0.81,CL,NYMEX,snap-20260806-cl,CL-20261118-64-C-20260806
20260806,CL,20261118,64,P,3.53,3.59,3.56,8469,26722,0.2878,-0.19,CL,NYMEX,snap-20260806-cl,CL-20261118-64-P-20260806
2026-08-06,CL,11/18/2026,65,C,4.64,4.72,4.68,6863,15402,0.2774,0.873,CL,NYMEX,snap-20260806-cl,CL-20261118-65-C-20260806
20260806,CL,2026-11-18,65,P,3.44,3.51,3.47,5349,21719,0.2808,-0.127,CL,NYMEX,snap-20260806-cl,CL-20261118-65-P-20260806
08/06/2026,CL,2026-11-18,66,C,3.6,3.66,3.63,4949,"22,087",0.2731,0.968,CL,NYMEX,snap-20260806-cl,CL-20261118-66-C-20260806
2026-08-06,CL,20261118,66,P,3.36,3.42,3.39,12367,39814,0.2738,-0.032,CL,NYMEX,snap-20260806-cl,CL-20261118-66-P-20260806
2026-08-06,CL,11/18/2026,67,C,3.39,3.44,3.42,9604,31670,0.2759,0.915,CL,NYMEX,snap-20260806-cl,CL-20261118-67-C-20260806
20260806,CL,2026-11-18,67,P,4.12,4.19,4.16,9712,37911,0.2753,-0.085,CL,NYMEX,snap-20260806-cl,CL-20261118-67-P-20260806
2026-08-06,CL,2026-11-18,68,C,3.45,3.51,3.48,4579,17873,0.2811,0.839,CL,NYMEX,snap-20260806-cl,CL-20261118-68-C-20260806
20260806,CL,2026-11-18,68,Put,5.16,5.26,5.21,10591,42597,0.2796,-0.161,CL,NYMEX,snap-20260806-cl,CL-20261118-68-P-20260806
2026-08-06,CL,2026-11-18,69,C,3.51,3.58,3.54,5110,23472,0.2863,0.786,CL,NYMEX,snap-20260806-cl,CL-20261118-69-C-20260806
2026-08-06,CL,2026-11-18,69,P,6.21,6.32,6.26,6932,26611,0.28,-0.214,CL,NYMEX,snap-20260806-cl,CL-20261118-69-P-20260806
2026-08-06,CL,2026-11-18,70,C,3.57,3.64,3.6,2554,9566,0.2916,0.748,CL,NYMEX,snap-20260806-cl,CL-20261118-70-C-20260806
2026-08-06,CL,2026-11-18,70,P,7.25,7.39,7.32,3347,17259,0.2883,-0.252,CL,NYMEX,snap-20260806-cl,CL-20261118-70-P-20260806
2026-08-06,CL,2026-11-18,71,C,3.64,3.71,3.68,1880,8400,0.2968,0.718,CL,NYMEX,snap-20260806-cl,CL-20261118-71-C-20260806
08/06/2026,CL,2026-11-18,71,P,8.29,8.45,8.37,828,2768,0.2926,-0.282,CL,NYMEX,snap-20260806-cl,CL-20261118-71-P-20260806
08/06/2026,CL,11/18/2026,72,C,3.7,3.78,3.74,250,1196,0.302,0.69,CL,NYMEX,snap-20260806-cl,CL-20261118-72-C-20260806
2026-08-06,CL,2026-11-18,72,P,9.33,9.52,9.42,673,2486,0.297,-0.305,CL,NYMEX,snap-20260806-cl,CL-20261118-72-P-20260806
20260806,CL,11/18/2026,73,C,3.76,3.84,3.8,586,"1,674",0.3072,0.676,CL,NYMEX,snap-20260806-cl,CL-20261118-73-C-20260806
2026-08-06,CL,11/18/26,73,P,10.37,10.59,10.48,605,1638,0.3013,-0.324,CL,NYMEX,snap-20260806-cl,CL-20261118-73-P-20260806
2026-08-06,CL,11/18/26,74,C,3.83,3.91,3.87,285,847,0.3124,0.661,CL,NYMEX,snap-20260806-cl,CL-20261118-74-C-20260806
08/06/2026,CL,2026-11-18,74,P,11.41,11.66,11.54,602,2503,0.3057,-0.339,CL,NYMEX,snap-20260806-cl,CL-20261118-74-P-20260806
08/06/2026,CL,2026-11-18,75,C,3.89,3.97,3.93,773,1947,0.3176,0.648,CL,NYMEX,snap-20260806-cl,CL-20261118-75-C-20260806
2026-08-06,CL,2026-11-18,75,P,12.45,12.73,12.59,332,945,0.31,-0.352,CL,NYMEX,snap-20260806-cl,CL-20261118-75-P-20260806
2026-08-06,CL,2026-11-18,76,C,3.95,4.04,4,359,1437,0.32,0.637,CL,NYMEX,snap-20260806-cl,CL-20261118-76-C-20260806
2026-08-06,CL,11/18/2026,76,P ,13.49,13.8,13.64,321,982,0.3144,-0.363,CL,NYMEX,snap-20260806-cl,CL-20261118-76-P-20260806
2026-08-07,CL,08/19/2026,55,C,11.42,11.6,11.51,916,4309,0.3171,0.631,CL,NYMEX,snap-20260807-cl,CL-20260819-55-C-20260807
2026-08-07,CL,2026-08-19,55,put,1.41,1.44,1.42,785,3947,0.3446,-0.369,CL,NYMEX,snap-20260807-cl,CL-20260819-55-P-20260807
2026-08-07,CL,08/19/2026,56,Call,10.42,10.57,10.5,1201,5048,0.31,0.641,CL,NYMEX,snap-20260807-cl,CL-20260819-56-C-20260807
2026-08-07,CL,2026-08-19,56,P,1.39,1.41,1.4,1015,4396,0.3375,-0.359,CL,NYMEX,snap-20260807-cl,CL-20260819-56-P-20260807
20260807,CL,2026-08-19,57,C,9.41,9.54,9.48,534,2002,0.3082,0.653,CL,NYMEX,snap-20260807-cl,CL-20260819-57-C-20260807
08/07/2026,cl,2026-08-19,57,P,1.36,1.38,1.37,1148,"3,982",0.3304,-0.347,CL,NYMEX,snap-20260807-cl,CL-20260819-57-P-20260807
2026-08-07,CL,2026-08-19,58,Call,8.4,8.51,8.46,1016,3094,0.3038,0.667,CL,NYMEX,snap-20260807-cl,CL-20260819-58-C-20260807
20260807,CL,2026-08-19,58,P,1.33,1.35,1.34,"1,339",4333,0.3232,-0.33,CL,NYMEX,snap-20260807-cl,CL-20260819-58-P-20260807
2026-08-07,CL,2026-08-19,59,C,7.39,7.49,7.44,382,"1,358",0.2994,0.684,CL,NYMEX,snap-20260807-cl,CL-20260819-59-C-20260807
2026-08-07,CL,2026-08-19,59,P,1.3,1.32,1.31,687,3210,0.3161,-0.316,CL,NYMEX,snap-20260807-cl,CL-20260819-59-P-20260807
08/07/2026,CL,08/19/2026,60,C,6.38,6.46,6.42,"2,377",10096,0.295,0.705,CL,NYMEX,snap-20260807-cl,CL-20260819-60-C-20260807
20260807,CL,08/19/2026,60,P,1.27,1.29,1.28,1536,7781,0.309,-0.295,CL,NYMEX,snap-20260807-cl,CL-20260819-60-P-20260807
20260807,CL,2026-08-19,61.00,C,5.37,5.43,5.4,2425,"8,311",0.2906,0.732,CL,NYMEX,snap-20260807-cl,CL-20260819-61-C-20260807
2026-08-07,cl,2026-08-19,61,P,1.24,1.26,1.25,6336,18180,0.3019,-0.268,CL,NYMEX,snap-20260807-cl,CL-20260819-61-P-20260807
2026-08-07,CL,08/19/2026,62,C,4.36,4.41,4.38,4730,14298,0.2861,0.77,CL,NYMEX,snap-20260807-cl,CL-20260819-62-C-20260807
2026-08-07,CL,08/19/2026,62,P,1.21,1.23,1.22,11444,61476,0.2948,-0.235,CL,NYMEX,snap-20260807-cl,CL-20260819-62-P-20260807
20260807,CL,20260819,63,C,3.35,3.38,3.36,6162,25822,0.2817,0.81,CL,NYMEX,snap-20260807-cl,CL-20260819-63-C-20260807
08/07/2026,CL,2026-08-19,63,P,1.18,1.2,1.19,14346,76886,0.29,-0.189,CL,NYMEX,snap-20260807-cl,CL-20260819-63-P-20260807
2026-08-07,CL,2026-08-19,64,C,2.34,2.36,2.35,21863,"76,412",0.28,0.876,CL,NYMEX,snap-20260807-cl,CL-20260819-64-C-20260807
2026-08-07,CL,2026-08-19,64,P,1.16,1.17,1.16,18764,93186,0.2805,-0.124,CL,NYMEX,snap-20260807-cl,CL-20260819-64-P-20260807
2026-08-07,CL,2026-08-19,65,Call,1.32,1.34,1.33,23085,73593,0.2729,0.974,CL,NYMEX,snap-20260807-cl,CL-20260819-65-C-20260807
2026-08-07,CL,2026-08-19,65,P,1.13,1.14,1.13,20036,54843,0.27,-0.026,CL,NYMEX,snap-20260807-cl,CL-20260819-65-P-20260807
2026-08-07,CL,2026-08-19,66,C,1.14,1.15,1.14,9888,24785,0.2762,0.91,CL,NYMEX,snap-20260807-cl,CL-20260819-66-C-20260807
2026-08-07,CL,08/19/2026,66,P,1.93,1.95,1.94,12393,42694,0.2755,-0.09,CL,NYMEX,snap-20260807-cl,CL-20260819-66-P-20260807
08/07/2026,cl,08/19/26,67,C,1.16,1.17,1.16,9846,42635,0.2815,0.834,CL,NYMEX,snap-20260807-cl,CL-20260819-67-C-20260807
2026-08-07,CL,2026-08-19,67,P,2.94,2.97,2.96,"19,970",106789,0.28,-0.166,CL,NYMEX,snap-20260807-cl,CL-20260819-67-P-20260807
08/07/2026,CL,2026-08-19,68,C,1.18,1.19,1.18,13154,53664,0.2868,0.782,CL,NYMEX,snap-20260807-cl,CL-20260819-68-C-20260807
08/07/2026,CL,2026-08-19,68,P,3.96,4,3.98,4995,23146,0.2844,-0.218,CL,NYMEX,snap-20260807-cl,CL-20260819-68-P-20260807
2026-08-07,CL,2026-08-19,69,C,1.2,1.22,1.21,7993,23049,0.2921,0.74,CL,NYMEX,snap-20260807-cl,CL-20260819-69-C-20260807
2026-08-07,cl,2026-08-19,69.00,P,4.97,5.02,4.99,7558,28950,0.2888,-0.256,CL,NYMEX,snap-20260807-cl,CL-20260819-69-P-20260807
2026-08-07,CL,2026-08-19,70,C,1.22,1.24,1.23,1884,5619,0.2974,0.715,CL,NYMEX,snap-20260807-cl,CL-20260819-70-C-20260807
2026-08-07,CL,20260819,70,put,5.98,6.05,6.02,5260,27604,0.29,-0.285,CL,NYMEX,snap-20260807-cl,CL-20260819-70-P-20260807
2026-08-07,CL,2026-08-19,71,C,1.24,1.26,1.25,454,1004,0.3027,0.692,CL,NYMEX,snap-20260807-cl,CL-20260819-71-C-20260807
2026-08-07,CL,2026-08-19,71,P,6.99,7.08,7.04,614,1802,0.2976,-0.308,CL,NYMEX,snap-20260807-cl,CL-20260819-71-P-20260807
20260807,CL,08/19/2026,72,C,1.27,1.28,1.27,670,1953,0.308,0.674,CL,NYMEX,snap-20260807-cl,CL-20260819-72-C-20260807
08/07/26,cl,2026-08-19,72,P,8,8.1,8.05,1027,5543,0.302,-0.326,CL,NYMEX,snap-20260807-cl,CL-20260819-72-P-20260807
2026-08-07,cl,2026-08-19,73,C,1.29,1.31,1.3,792,2991,0.3133,0.659,CL,NYMEX,snap-20260807-cl,CL-20260819-73-C-20260807
20260807,CL,08/19/26,73,P,9.01,9.13,9.07,1008,3339,0.3065,-0.341,CL,NYMEX,snap-20260807-cl,CL-20260819-73-P-20260807
2026-08-07,CL,2026-08-19,74.00,C,1.31,1.33,1.32,632,2778,0.3186,0.646,CL,NYMEX,snap-20260807-cl,CL-20260819-74-C-20260807
08/07/2026,CL,2026-08-19,74,P,10.01,10.16,10.09,1133,4333,0.3109,-0.354,CL,NYMEX,snap-20260807-cl,CL-20260819-74-P-20260807
20260807,CL,2026-08-19,75,Call,1.33,1.35,1.34,1543,3759,0.3239,0.635,CL,NYMEX,snap-20260807-cl,CL-20260819-75-C-20260807
20260807,CL,2026-08-19,75,P,11.02,11.19,11.1,1749,4631,0.3153,-0.365,CL,NYMEX,snap-20260807-cl,CL-20260819-75-P-20260807
08/07/2026,CL,20260916,55,C,12.48,12.71,12.6,712,2652,0.3171,0.63,CL,NYMEX,snap-20260807-cl,CL-20260916-55-C-20260807
2026-08-07,CL,2026-09-16,55,P,2.58,2.63,2.6,688,3075,0.3446,-0.369,CL,NYMEX,snap-20260807-cl,CL-20260916-55-P-20260807
2026-08-07,CL,2026-09-16,56,C,11.46,11.66,11.56,654,2826,0.3126,0.641,CL,NYMEX,snap-20260807-cl,CL-20260916-56-C-20260807
2026-08-07,CL,20260916,56.00,Put,2.53,2.57,2.55,574,2674,0.3375,-0.359,CL,NYMEX,snap-20260807-cl,CL-20260916-56-P-20260807
2026-08-07,CL,09/16/26,57,C,10.44,10.61,10.52,832,2532,0.3082,0.653,CL,NYMEX,snap-20260807-cl,CL-20260916-57-C-20260807
2026-08-07,CL,20260916,57,P,2.48,2.52,2.5,913,2437,0.3304,-0.35,CL,NYMEX,snap-20260807-cl,CL-20260916-57-P-20260807
08/07/26,CL,2026-09-16,58.00,C,9.42,9.57,9.5,793,2949,0.3038,0.667,CL,NYMEX,snap-20260807-cl,CL-20260916-58-C-20260807
2026-08-07,CL,2026-09-16,58,P,2.42,2.46,2.44,501,1983,0.3232,-0.333,CL,NYMEX,snap-20260807-cl,CL-20260916-58-P-20260807
08/07/26,CL,09/16/2026,59,C,8.4,8.53,8.46,881,2621,0.2994,0.684,CL,NYMEX,snap-20260807-cl,CL-20260916-59-C-20260807
20260807,CL,2026-09-16,59,P,2.37,2.41,2.39,492,"2,480",0.32,-0.316,CL,NYMEX,snap-20260807-cl,CL-20260916-59-P-20260807
08/07/2026,CL,2026-09-16,60,C,7.37,7.48,7.42,1600,"6,883",0.295,0.705,CL,NYMEX,snap-20260807-cl,CL-20260916-60-C-20260807
08/07/26,CL,2026-09-16,60,Put,2.32,2.35,2.34,1412,3763,0.309,-0.295,CL,NYMEX,snap-20260807-cl,CL-20260916-60-P-20260807
2026-08-07,CL,2026-09-16,61,C,6.35,6.44,6.4,3135,7907,0.2906,0.732,CL,NYMEX,snap-20260807-cl,CL-20260916-61-C-20260807
20260807,CL,2026-09-16,61,P,2.26,2.3,2.28,6544,34305,0.3019,-0.268,CL,NYMEX,snap-20260807-cl,CL-20260916-61-P-20260807
20260807,CL,2026-09-16,62,Call,5.33,5.40,5.36,3848,11272,0.2861,0.765,CL,NYMEX,snap-20260807-cl,CL-20260916-62-C-20260807
08/07/2026,CL,2026-09-16,62,P ,2.21,2.24,2.22,8052,29707,0.2948,-0.235,CL,NYMEX,snap-20260807-cl,CL-20260916-62-P-20260807
2026-08-07,CL,2026-09-16,63,Call,4.3,4.36,4.33,5475,25274,0.2817,0.811,CL,NYMEX,snap-20260807-cl,CL-20260916-63-C-20260807
08/07/26,CL,2026-09-16,63,P,2.16,2.19,2.17,12829,41417,0.2877,-0.189,CL,NYMEX,snap-20260807-cl,CL-20260916-63-P-20260807
2026-08-07,CL,2026-09-16,64,C,3.27,3.31,3.29,17959,51776,0.2773,0.876,CL,NYMEX,snap-20260807-cl,CL-20260916-64-C-20260807
2026-08-07,CL,09/16/26,64,P,2.11,2.13,2.12,15311,65105,0.28,-0.124,CL,NYMEX,snap-20260807-cl,CL-20260916-64-P-20260807
08/07/2026,CL,2026-09-16,65,C,2.25,2.27,2.26,16761,57895,0.2729,0.974,CL,NYMEX,snap-20260807-cl,CL-20260916-65-C-20260807
2026-08-07,CL,20260916,65,P,2.05,2.08,2.06,30179,77833,0.2734,-0.026,CL,NYMEX,snap-20260807-cl,CL-20260916-65-P-20260807
20260807,cl,09/16/2026,66,Call,2.07,2.1,2.08,8355,31297,0.2762,0.91,CL,NYMEX,snap-20260807-cl,CL-20260916-66-C-20260807
08/07/2026,CL,2026-09-16,66.00,P,2.86,2.9,2.88,12112,53149,0.2755,-0.09,CL,NYMEX,snap-20260807-cl,CL-20260916-66-P-20260807
08/07/2026,CL,2026-09-16,67,C,2.11,2.14,2.12,6977,18595,0.2815,0.834,CL,NYMEX,snap-20260807-cl,CL-20260916-67-C-20260807
2026-08-07,CL,2026-09-16,67,P,3.89,3.94,3.92,8113,21570,0.28,-0.166,CL,NYMEX,snap-20260807-cl,CL-20260916-67-P-20260807
2026-08-07,CL,2026-09-16,68,C,2.15,2.18,2.16,4470,13516,0.2868,0.782,CL,NYMEX,snap-20260807-cl,CL-20260916-68-C-20260807
2026-08-07,CL,20260916,68,P,4.92,4.98,4.95,12088,59865,0.2844,-0.218,CL,NYMEX,snap-20260807-cl,CL-20260916-68-P-20260807
2026-08-07,cl,2026-09-16,69.00,C,2.19,2.22,2.2,4671,10466,0.2921,0.744,CL,NYMEX,snap-20260807-cl,CL-20260916-69-C-20260807
2026-08-07,cl,09/16/2026,69,P,5.94,6.02,5.98,5164,20586,0.2888,-0.256,CL,NYMEX,snap-20260807-cl,CL-20260916-69-P-20260807
20260807,CL,2026-09-16,70,C,2.23,2.26,2.24,1929,"4,846",0.2974,0.715,CL,NYMEX,snap-20260807-cl,CL-20260916-70-C-20260807
20260807,CL,2026-09-16,70,P,6.96,7.07,7.02,2087,6161,0.2932,-0.285,CL,NYMEX,snap-20260807-cl,CL-20260916-70-P-20260807
2026-08-07,CL,2026-09-16,71,C,2.27,2.3,2.28,823,"2,257",0.3027,0.692,CL,NYMEX,snap-20260807-cl,CL-20260916-71-C-20260807
08/07/2026,CL,2026-09-16,71,P,7.99,8.11,8.05,512,2737,0.2976,-0.308,CL,NYMEX,snap-20260807-cl,CL-20260916-71-P-20260807
2026-08-07,CL,2026-09-16,72,Call,2.31,2.35,2.33,461,1929,0.308,0.674,CL,NYMEX,snap-20260807-cl,CL-20260916-72-C-20260807
2026-08-07,CL,20260916,72,P,9.01,9.15,9.08,427,2328,0.302,-0.326,CL,NYMEX,snap-20260807-cl,CL-20260916-72-P-20260807
2026-08-07,CL,20260916,73,C,2.35,2.39,2.37,671,2995,0.3133,0.659,CL,NYMEX,snap-20260807-cl,CL-20260916-73-C-20260807
2026-08-07,CL,09/16/26,73,P,10.03,10.2,10.11,372,1054,0.3065,-0.341,CL,NYMEX,snap-20260807-cl,CL-20260916-73-P-20260807
20260807,CL,2026-09-16,74,C,2.39,2.43,2.41,554,2647,0.3186,0.646,CL,NYMEX,snap-20260807-cl,CL-20260916-74-C-20260807
2026-08-07,CL,2026-09-16,74,P,11.06,11.24,11.15,995,2940,0.3109,-0.354,CL,NYMEX,snap-20260807-cl,CL-20260916-74-P-20260807
2026-08-07,CL,2026-09-16,75,Call,2.43,2.47,2.45,524,1755,0.3239,0.635,CL,NYMEX,snap-20260807-cl,CL-20260916-75-C-20260807
08/07/26,CL,20260916,75,P,12.08,12.29,12.18,882,"3,347",0.3153,-0.365,CL,NYMEX,snap-20260807-cl,CL-20260916-75-P-20260807
20260807,CL,10/14/2026,55,C,13.19,13.46,13.32,452,1162,0.3171,0.631,CL,NYMEX,snap-20260807-cl,CL-20261014-55-C-20260807
2026-08-07,CL,2026-10-14,55,P,3.36,3.43,3.4,1112,4640,0.34,-0.369,CL,NYMEX,snap-20260807-cl,CL-20261014-55-P-20260807
08/07/26,CL,2026-10-14,56,Call,12.16,12.4,12.28,291,1130,0.3126,0.641,CL,NYMEX,snap-20260807-cl,CL-20261014-56-C-20260807
2026-08-07,cl,2026-10-14,56,put,3.29,3.36,3.32,875,4408,0.34,-0.359,CL,NYMEX,snap-20260807-cl,CL-20261014-56-P-20260807
2026-08-07,CL,2026-10-14,57,C,11.13,11.34,11.24,611,2773,0.3082,0.65,CL,NYMEX,snap-20260807-cl,CL-20261014-57-C-20260807
2026-08-07,CL,2026-10-14,57,P,3.22,3.28,3.25,697,1917,0.3304,-0.347,CL,NYMEX,snap-20260807-cl,CL-20261014-57-P-20260807
2026-08-07,CL,20261014,58,C,10.1,10.28,10.19,275,"1,274",0.3038,0.67,CL,NYMEX,snap-20260807-cl,CL-20261014-58-C-20260807
08/07/2026,CL,20261014,58,put,3.16,3.21,3.18,782,2465,0.3232,-0.333,CL,NYMEX,snap-20260807-cl,CL-20261014-58-P-20260807
20260807,CL,2026-10-14,59,Call,9.07,9.23,9.15,586,2007,0.2994,0.684,CL,NYMEX,snap-20260807-cl,CL-20261014-59-C-20260807
2026-08-07,CL,2026-10-14,59,P,3.09,3.14,3.12,763,3472,0.3161,-0.316,CL,NYMEX,snap-20260807-cl,CL-20261014-59-P-20260807
2026-08-07,cl,10/14/2026,60,C,8.04,8.17,8.1,800,2534,0.295,0.705,CL,NYMEX,snap-20260807-cl,CL-20261014-60-C-20260807
2026-08-07,cl,20261014,60,P,3.02,3.07,3.04,1760,9361,0.309,-0.295,CL,NYMEX,snap-20260807-cl,CL-20261014-60-P-20260807
08/07/2026,CL,2026-10-14,61,C,7,7.12,7.06,3575,11439,0.2906,0.732,CL,NYMEX,snap-20260807-cl,CL-20261014-61-C-20260807
08/07/26,CL,10/14/2026,61,P,2.95,3,2.98,1973,8130,0.3019,-0.268,CL,NYMEX,snap-20260807-cl,CL-20261014-61-P-20260807
2026-08-07,CL,2026-10-14,62,C,5.97,6.07,6.02,7777,35540,0.2861,0.765,CL,NYMEX,snap-20260807-cl,CL-20261014-62-C-20260807
2026-08-07,CL,2026-10-14,62,P ,2.88,2.93,2.9,8986,33507,0.2948,-0.235,CL,NYMEX,snap-20260807-cl,CL-20261014-62-P-20260807
2026-08-07,CL,2026-10-14,63,C,4.94,5.01,4.97,6633,24828,0.2817,0.811,CL,NYMEX,snap-20260807-cl,CL-20261014-63-C-20260807
2026-08-07,CL,2026-10-14,63,P,2.81,2.85,2.83,8226,36932,0.2877,-0.189,CL,NYMEX,snap-20260807-cl,CL-20261014-63-P-20260807
2026-08-07,CL,10/14/26,64,C,3.9,3.96,3.93,11407,38405,0.2773,0.876,CL,NYMEX,snap-20260807-cl,CL-20261014-64-C-20260807
2026-08-07,CL,2026-10-14,64,P,2.74,2.78,2.76,6041,24688,0.2805,-0.124,CL,NYMEX,snap-20260807-cl,CL-20261014-64-P-20260807
2026-08-07,CL,10/14/2026,65,C,2.87,2.91,2.89,17282,52024,0.27,0.974,CL,NYMEX,snap-20260807-cl,CL-20261014-65-C-20260807
08/07/2026,CL,10/14/26,65,P,2.67,2.71,2.69,13546,64061,0.2734,-0.026,CL,NYMEX,snap-20260807-cl,CL-20261014-65-P-20260807
20260807,CL,2026-10-14,66,C,2.7,2.74,2.72,7318,32530,0.28,0.91,CL,NYMEX,snap-20260807-cl,CL-20261014-66-C-20260807
2026-08-07,CL,10/14/26,66,P,3.49,3.54,3.52,18917,80119,0.28,-0.09,CL,NYMEX,snap-20260807-cl,CL-20261014-66-P-20260807
20260807,CL,2026-10-14,67,C,2.75,2.79,2.77,11512,42728,0.2815,0.834,CL,NYMEX,snap-20260807-cl,CL-20261014-67-C-20260807
2026-08-07,CL,20261014,67,P,4.52,4.59,4.55,7292,31967,0.28,-0.17,CL,NYMEX,snap-20260807-cl,CL-20261014-67-P-20260807
2026-08-07,CL,10/14/2026,68,C,2.8,2.85,2.82,9404,"42,997",0.2868,0.782,CL,NYMEX,snap-20260807-cl,CL-20261014-68-C-20260807
08/07/2026,CL,2026-10-14,68,P,5.56,5.64,5.6,4469,15096,0.2844,-0.22,CL,NYMEX,snap-20260807-cl,CL-20261014-68-P-20260807
2026-08-07,CL,20261014,69,C,2.85,2.9,2.88,5755,24439,0.2921,0.744,CL,NYMEX,snap-20260807-cl,CL-20261014-69-C-20260807
08/07/26,CL,2026-10-14,69,P,6.59,6.7,6.64,6276,33912,0.2888,-0.256,CL,NYMEX,snap-20260807-cl,CL-20261014-69-P-20260807
20260807,CL,20261014,70,C,2.91,2.95,2.93,2227,8520,0.2974,0.715,CL,NYMEX,snap-20260807-cl,CL-20261014-70-C-20260807
2026-08-07,CL,10/14/2026,70,P,7.62,7.75,7.68,1583,6958,0.2932,-0.285,CL,NYMEX,snap-20260807-cl,CL-20261014-70-P-20260807
08/07/26,CL,10/14/2026,71,C,2.96,3.01,2.98,756,3423,0.3027,0.692,CL,NYMEX,snap-20260807-cl,CL-20261014-71-C-20260807
08/07/2026,CL,2026-10-14,71,P,8.66,8.81,8.73,498,1532,0.2976,-0.308,CL,NYMEX,snap-20260807-cl,CL-20261014-71-P-20260807
2026-08-07,CL,20261014,72.00,C,3.01,3.06,3.04,806,3815,0.308,0.674,CL,NYMEX,snap-20260807-cl,CL-20261014-72-C-20260807
2026-08-07,CL,10/14/26,72,P,9.69,9.86,9.77,926,5104,0.302,-0.326,CL,NYMEX,snap-20260807-cl,CL-20261014-72-P-20260807
2026-08-07,CL,10/14/26,73,Call,3.06,3.11,3.08,490,1320,0.3133,0.659,CL,NYMEX,snap-20260807-cl,CL-20261014-73-C-20260807
20260807,CL,10/14/26,73,P,10.72,10.92,10.82,441,1195,0.3065,-0.341,CL,NYMEX,snap-20260807-cl,CL-20261014-73-P-20260807
20260807,CL,10/14/2026,74,C,3.11,3.17,3.14,471,1768,0.3186,0.646,CL,NYMEX,snap-20260807-cl,CL-20261014-74-C-20260807
2026-08-07,CL,2026-10-14,74,P,11.75,11.98,11.86,605,2846,0.3109,-0.354,CL,NYMEX,snap-20260807-cl,CL-20261014-74-P-20260807
20260807,CL,20261014,75,C,3.16,3.22,3.19,1134,4993,0.3239,0.635,CL,NYMEX,snap-20260807-cl,CL-20261014-75-C-20260807
08/07/2026,CL,2026-10-14,75,P,12.78,13.03,12.9,780,3435,0.3153,-0.365,CL,NYMEX,snap-20260807-cl,CL-20261014-75-P-20260807
08/07/26,CL,20261118,55.00,C,13.88,14.2,14.04,827,2550,0.3171,0.631,CL,NYMEX,snap-20260807-cl,CL-20261118-55-C-20260807
08/07/26,CL,11/18/26,55,P,4.13,4.22,4.18,683,3751,0.3446,-0.369,CL,NYMEX,snap-20260807-cl,CL-20261118-55-P-20260807
2026-08-07,CL,2026-11-18,56,C,12.85,13.13,12.99,379,1591,0.3126,0.641,CL,NYMEX,snap-20260807-cl,CL-20261118-56-C-20260807
2026-08-07,CL,20261118,56,P,4.05,4.14,4.09,293,"1,213",0.3375,-0.359,CL,NYMEX,snap-20260807-cl,CL-20261118-56-P-20260807
08/07/2026,CL,2026-11-18,57,C,11.81,12.07,11.94,266,634,0.3082,0.653,CL,NYMEX,snap-20260807-cl,CL-20261118-57-C-20260807
2026-08-07,CL,2026-11-18,57,P,3.96,4.05,4,245,740,0.3304,-0.347,CL,NYMEX,snap-20260807-cl,CL-20261118-57-P-20260807
2026-08-07,CL,2026-11-18,58,C,10.77,11,10.88,327,1243,0.3038,0.667,CL,NYMEX,snap-20260807-cl,CL-20261118-58-C-20260807
2026-08-07,CL,20261118,58.00,P,3.88,3.96,3.92,268,1356,0.3232,-0.33,CL,NYMEX,snap-20260807-cl,CL-20261118-58-P-20260807
2026-08-07,CL,11/18/26,59,C,9.73,9.93,9.83,453,2073,0.2994,0.684,CL,NYMEX,snap-20260807-cl,CL-20261118-59-C-20260807
2026-08-07,CL,11/18/2026,59,P,3.79,3.87,3.83,301,1299,0.3161,-0.316,CL,NYMEX,snap-20260807-cl,CL-20261118-59-P-20260807
2026-08-07,CL,2026-11-18,60,Call,8.69,8.86,8.77,806,3497,0.295,0.705,CL,NYMEX,snap-20260807-cl,CL-20261118-60-C-20260807
2026-08-07,CL,2026-11-18,60,P,3.71,3.78,3.74,1525,"6,279",0.309,-0.295,CL,NYMEX,snap-20260807-cl,CL-20261118-60-P-20260807
08/07/2026,CL,2026-11-18,61,C,7.65,7.8,7.72,3385,15031,0.2906,0.732,CL,NYMEX,snap-20260807-cl,CL-20261118-61-C-20260807
20260807,CL,2026-11-18,61.00,P,3.62,3.69,3.66,"1,500",4723,0.3019,-0.268,CL,NYMEX,snap-20260807-cl,CL-20261118-61-P-20260807
08/07/26,CL,2026-11-18,62,C,6.61,6.73,6.67,4175,10815,0.2861,0.765,CL,NYMEX,snap-20260807-cl,CL-20261118-62-C-20260807
2026-08-07,CL,2026-11-18,62.00,P,3.54,3.61,3.58,3928,18793,0.2948,-0.23,CL,NYMEX,snap-20260807-cl,CL-20261118-62-P-20260807
2026-08-07,CL,2026-11-18,63,C,5.56,5.67,5.62,4420,20670,0.2817,0.811,CL,NYMEX,snap-20260807-cl,CL-20261118-63-C-20260807
2026-08-07,CL,2026-11-18,63,P ,3.46,3.52,3.49,7997,24482,0.2877,-0.189,CL,NYMEX,snap-20260807-cl,CL-20261118-63-P-20260807
20260807,CL,2026-11-18,64,C,4.52,4.6,4.56,9096,36976,0.28,0.876,CL,NYMEX,snap-20260807-cl,CL-20261118-64-C-20260807
2026-08-07,CL,2026-11-18,64,P,3.37,3.43,3.4,12494,64743,0.2805,-0.124,CL,NYMEX,snap-20260807-cl,CL-20261118-64-P-20260807
20260807,CL,2026-11-18,65,C,3.48,3.54,3.51,12928,56134,0.2729,0.974,CL,NYMEX,snap-20260807-cl,CL-20261118-65-C-20260807
2026-08-07,CL,11/18/26,65.00,P,3.29,3.34,3.32,7260,40057,0.2734,-0.026,CL,NYMEX,snap-20260807-cl,CL-20261118-65-P-20260807
2026-08-07,CL,2026-11-18,66,C,3.32,3.38,3.35,11283,52162,0.2762,0.91,CL,NYMEX,snap-20260807-cl,CL-20261118-66-C-20260807
20260807,CL,2026-11-18,66,put,4.1,4.18,4.14,4987,16284,0.28,-0.09,CL,NYMEX,snap-20260807-cl,CL-20261118-66-P-20260807
20260807,CL,2026-11-18,67,C,3.38,3.44,3.41,9506,23708,0.2815,0.834,CL,NYMEX,snap-20260807-cl,CL-20261118-67-C-20260807
20260807,CL,2026-11-18,67,P,5.15,5.24,5.2,4070,21976,0.28,-0.166,CL,NYMEX,snap-20260807-cl,CL-20261118-67-P-20260807
20260807,CL,2026-11-18,68,C,3.45,3.51,3.48,"2,860",10521,0.2868,0.782,CL,NYMEX,snap-20260807-cl,CL-20261118-68-C-20260807
2026-08-07,CL,2026-11-18,68,P,6.19,6.3,6.24,5389,24778,0.2844,-0.218,CL,NYMEX,snap-20260807-cl,CL-20261118-68-P-20260807
20260807,CL,2026-11-18,69,C,3.51,3.57,3.54,2917,"9,892",0.2921,0.744,CL,NYMEX,snap-20260807-cl,CL-20261118-69-C-20260807
08/07/2026,CL,2026-11-18,69,P,7.23,7.37,7.3,2380,11108,0.2888,-0.256,CL,NYMEX,snap-20260807-cl,CL-20261118-69-P-20260807
20260807,CL,20261118,70,C,3.57,3.64,3.6,2425,7297,0.2974,0.715,CL,NYMEX,snap-20260807-cl,CL-20261118-70-C-20260807
08/07/26,CL,2026-11-18,70,put,8.27,8.44,8.36,2989,16437,0.2932,-0.285,CL,NYMEX,snap-20260807-cl,CL-20261118-70-P-20260807
2026-08-07,cl,2026-11-18,71,C,3.63,3.71,3.67,285,735,0.3027,0.692,CL,NYMEX,snap-20260807-cl,CL-20261118-71-C-20260807
2026-08-07,CL,20261118,71,put,9.31,9.5,9.41,612,3301,0.2976,-0.308,CL,NYMEX,snap-20260807-cl,CL-20261118-71-P-20260807
2026-08-07,CL,2026-11-18,72,C,3.7,3.77,3.74,446,1141,0.308,0.674,CL,NYMEX,snap-20260807-cl,CL-20261118-72-C-20260807
08/07/2026,CL,2026-11-18,72,P,10.35,10.57,10.46,453,1529,0.30,-0.326,CL,NYMEX,snap-20260807-cl,CL-20261118-72-P-20260807
08/07/2026,CL,11/18/2026,73,C,3.76,3.84,3.8,441,"1,512",0.3133,0.659,CL,NYMEX,snap-20260807-cl,CL-20261118-73-C-20260807
2026-08-07,CL,11/18/26,73,P,11.39,11.64,11.52,439,1462,0.3065,-0.341,CL,NYMEX,snap-20260807-cl,CL-20261118-73-P-20260807
2026-08-07,CL,11/18/26,74,Call,3.82,3.91,3.86,607,2258,0.3186,0.646,CL,NYMEX,snap-20260807-cl,CL-20261118-74-C-20260807
2026-08-07,CL,2026-11-18,74,P ,12.43,12.71,12.57,665,2115,0.3109,-0.354,CL,NYMEX,snap-20260807-cl,CL-20261118-74-P-20260807
2026-08-07,CL,2026-11-18,75,C,3.88,3.97,3.92,742,1832,0.3239,0.635,CL,NYMEX,snap-20260807-cl,CL-20261118-75-C-20260807
2026-08-07,CL,11/18/2026,75,P,13.47,13.78,13.62,572,1536,0.3153,-0.365,CL,NYMEX,snap-20260807-cl,CL-20261118-75-P-20260807
08/10/2026,cl,2026-08-19,57,C,10.98,11.14,11.06,581,1883,0.3146,0.636,CL,NYMEX,snap-20260810-cl,CL-20260819-57-C-20260810
08/10/2026,CL,2026-08-19,57,P,1.24,1.26,1.25,1115,4150,0.3407,-0.364,CL,NYMEX,snap-20260810-cl,CL-20260819-57-P-20260810
08/10/26,cl,08/19/2026,58,C,9.97,10.11,10.04,847,"2,256",0.3103,0.647,CL,NYMEX,snap-20260810-cl,CL-20260819-58-C-20260810
2026-08-10,CL,2026-08-19,58,P,1.22,1.24,1.23,832,2554,0.3337,-0.353,CL,NYMEX,snap-20260810-cl,CL-20260819-58-P-20260810
2026-08-10,CL,08/19/2026,59,C,8.96,9.09,9.02,"1,195",5620,0.306,0.66,CL,NYMEX,snap-20260810-cl,CL-20260819-59-C-20260810
08/10/26,CL,08/19/2026,59,P,1.19,1.21,1.2,816,3969,0.3268,-0.34,CL,NYMEX,snap-20260810-cl,CL-20260819-59-P-20260810
2026-08-10,CL,2026-08-19,60,C,7.96,8.06,8.01,1264,2802,0.3017,0.675,CL,NYMEX,snap-20260810-cl,CL-20260819-60-C-20260810
08/10/2026,CL,08/19/2026,60,Put,1.17,1.18,1.17,1436,"4,003",0.3199,-0.325,CL,NYMEX,snap-20260810-cl,CL-20260819-60-P-20260810
2026-08-10,CL,08/19/2026,61,Call,6.95,7.04,7,1017,3992,0.2974,0.693,CL,NYMEX,snap-20260810-cl,CL-20260819-61-C-20260810
2026-08-10,CL,08/19/2026,61,P,1.14,1.16,1.15,1071,2810,0.3129,-0.31,CL,NYMEX,snap-20260810-cl,CL-20260819-61-P-20260810
2026-08-10,CL,08/19/2026,62,C,5.94,6.01,5.98,1877,"6,699",0.2931,0.716,CL,NYMEX,snap-20260810-cl,CL-20260819-62-C-20260810
08/10/2026,CL,2026-08-19,62,P,1.12,1.13,1.12,3582,13545,0.306,-0.284,CL,NYMEX,snap-20260810-cl,CL-20260819-62-P-20260810
08/10/2026,CL,2026-08-19,63,C,4.93,4.99,4.96,6320,26863,0.2888,0.744,CL,NYMEX,snap-20260810-cl,CL-20260819-63-C-20260810
2026-08-10,CL,08/19/2026,63,P,1.09,1.11,1.1,6614,23718,0.299,-0.256,CL,NYMEX,snap-20260810-cl,CL-20260819-63-P-20260810
2026-08-10,CL,2026-08-19,64,C,3.93,3.97,3.95,10635,49106,0.2845,0.781,CL,NYMEX,snap-20260810-cl,CL-20260819-64-C-20260810
2026-08-10,CL,08/19/2026,64,P,1.07,1.08,1.08,16179,59492,0.2921,-0.219,CL,NYMEX,snap-20260810-cl,CL-20260819-64-P-20260810
08/10/2026,CL,2026-08-19,65.00,C,2.92,2.94,2.93,21649,72526,0.2802,0.831,CL,NYMEX,snap-20260810-cl,CL-20260819-65-C-20260810
08/10/2026,CL,08/19/2026,65,P,1.04,1.05,1.04,14490,56558,0.2852,-0.169,CL,NYMEX,snap-20260810-cl,CL-20260819-65-P-20260810
20260810,CL,20260819,66,C,1.91,1.92,1.92,21822,80019,0.2759,0.903,CL,NYMEX,snap-20260810-cl,CL-20260819-66-C-20260810
2026-08-10,cl,2026-08-19,66,P,1.02,1.03,1.02,22265,"119,473",0.2782,-0.097,CL,NYMEX,snap-20260810-cl,CL-20260819-66-P-20260810
20260810,CL,20260819,67,C,1.00,1.01,1,20828,96897,0.2725,0.987,CL,NYMEX,snap-20260810-cl,CL-20260819-67-C-20260810
2026-08-10,CL,20260819,67,P,1.1,1.11,1.1,20995,81063,0.2724,-0.013,CL,NYMEX,snap-20260810-cl,CL-20260819-67-P-20260810
2026-08-10,CL,2026-08-19,68,C,1.02,1.03,1.02,"7,653",30150,0.2777,0.886,CL,NYMEX,snap-20260810-cl,CL-20260819-68-C-20260810
2026-08-10,CL,08/19/2026,68,P,2.11,2.13,2.12,17972,73063,0.2767,-0.114,CL,NYMEX,snap-20260810-cl,CL-20260819-68-P-20260810
2026-08-10,cl,2026-08-19,69,C,1.03,1.05,1.04,13758,32205,0.2828,0.819,CL,NYMEX,snap-20260810-cl,CL-20260819-69-C-20260810
08/10/2026,CL,08/19/26,69,P,3.12,3.15,3.14,6746,27407,0.281,-0.181,CL,NYMEX,snap-20260810-cl,CL-20260819-69-P-20260810
2026-08-10,CL,20260819,70,C,1.05,1.06,1.06,5745,19537,0.29,0.773,CL,NYMEX,snap-20260810-cl,CL-20260819-70-C-20260810
08/10/26,CL,08/19/2026,70,P,4.13,4.17,4.15,15014,77161,0.2853,-0.227,CL,NYMEX,snap-20260810-cl,CL-20260819-70-P-20260810
08/10/2026,CL,2026-08-19,71,C,1.07,1.08,1.08,5666,14458,0.2932,0.738,CL,NYMEX,snap-20260810-cl,CL-20260819-71-C-20260810
08/10/2026,CL,2026-08-19,71,P,5.14,5.19,5.16,8752,24825,0.2897,-0.262,CL,NYMEX,snap-20260810-cl,CL-20260819-71-P-20260810
20260810,cl,08/19/2026,72,Call,1.09,1.1,1.1,1582,4457,0.2983,0.711,CL,NYMEX,snap-20260810-cl,CL-20260819-72-C-20260810
08/10/2026,CL,08/19/26,72,P,6.14,6.22,6.18,1575,4425,0.294,-0.289,CL,NYMEX,snap-20260810-cl,CL-20260819-72-P-20260810
2026-08-10,CL,2026-08-19,73,C,1.11,1.12,1.12,970,2955,0.3035,0.689,CL,NYMEX,snap-20260810-cl,CL-20260819-73-C-20260810
2026-08-10,cl,2026-08-19,73,P ,7.15,7.24,7.2,591,2185,0.2983,-0.311,CL,NYMEX,snap-20260810-cl,CL-20260819-73-P-20260810
2026-08-10,CL,08/19/26,74,C,1.13,1.14,1.13,495,"1,771",0.3087,0.672,CL,NYMEX,snap-20260810-cl,CL-20260819-74-C-20260810
2026-08-10,CL,2026-08-19,74,P,8.16,8.27,8.22,1221,5538,0.3026,-0.328,CL,NYMEX,snap-20260810-cl,CL-20260819-74-P-20260810
08/10/2026,CL,20260819,75,C,1.15,1.16,1.15,855,3647,0.31,0.657,CL,NYMEX,snap-20260810-cl,CL-20260819-75-C-20260810
2026-08-10,CL,2026-08-19,75,P,9.17,9.29,9.23,1020,3447,0.3069,-0.343,CL,NYMEX,snap-20260810-cl,CL-20260819-75-P-20260810
2026-08-10,CL,2026-08-19,76,C,1.16,1.18,1.17,1012,4830,0.319,0.645,CL,NYMEX,snap-20260810-cl,CL-20260819-76-C-20260810
2026-08-10,CL,08/19/2026,76,P,10.17,10.32,10.24,1123,4869,0.3112,-0.355,CL,NYMEX,snap-20260810-cl,CL-20260819-76-P-20260810
20260810,CL,08/19/2026,77,C,1.18,1.2,1.19,952,2652,0.32,0.634,CL,NYMEX,snap-20260810-cl,CL-20260819-77-C-20260810
20260810,CL,2026-08-19,77.00,P,11.18,11.34,11.26,617,2432,0.3155,-0.366,CL,NYMEX,snap-20260810-cl,CL-20260819-77-P-20260810
2026-08-10,CL,09/16/2026,57,C,12.14,12.35,12.24,434,1624,0.3146,0.636,CL,NYMEX,snap-20260810-cl,CL-20260916-57-C-20260810
08/10/2026,CL,2026-09-16,57,P,2.52,2.56,2.54,819,4153,0.3407,-0.364,CL,NYMEX,snap-20260810-cl,CL-20260916-57-P-20260810
2026-08-10,CL,2026-09-16,58,C,11.12,11.31,11.22,621,2216,0.3103,0.647,CL,NYMEX,snap-20260810-cl,CL-20260916-58-C-20260810
2026-08-10,CL,2026-09-16,58,P,2.47,2.51,2.49,367,1159,0.3337,-0.353,CL,NYMEX,snap-20260810-cl,CL-20260916-58-P-20260810
20260810,CL,09/16/2026,59,C,10.1,10.26,10.18,760,2877,0.306,0.66,CL,NYMEX,snap-20260810-cl,CL-20260916-59-C-20260810
20260810,CL,2026-09-16,59,P,2.42,2.46,2.44,963,"3,001",0.3268,-0.34,CL,NYMEX,snap-20260810-cl,CL-20260916-59-P-20260810
08/10/26,CL,2026-09-16,60,C,9.08,9.22,9.15,689,1662,0.30,0.675,CL,NYMEX,snap-20260810-cl,CL-20260916-60-C-20260810
08/10/26,CL,2026-09-16,60,P,2.37,2.4,2.38,1102,2889,0.3199,-0.325,CL,NYMEX,snap-20260810-cl,CL-20260916-60-P-20260810
2026-08-10,CL,09/16/2026,61,C,8.06,8.18,8.12,537,2367,0.2974,0.693,CL,NYMEX,snap-20260810-cl,CL-20260916-61-C-20260810
08/10/2026,CL,09/16/26,61,P,2.32,2.35,2.34,1117,4142,0.3129,-0.307,CL,NYMEX,snap-20260810-cl,CL-20260916-61-P-20260810
2026-08-10,CL,2026-09-16,62,C,7.04,7.13,7.08,2411,7513,0.2931,0.716,CL,NYMEX,snap-20260810-cl,CL-20260916-62-C-20260810
08/10/2026,CL,09/16/26,62,P,2.27,2.3,2.28,3153,9053,0.306,-0.284,CL,NYMEX,snap-20260810-cl,CL-20260916-62-P-20260810
20260810,CL,2026-09-16,63,C,6.01,6.09,6.05,5551,26185,0.2888,0.744,CL,NYMEX,snap-20260810-cl,CL-20260916-63-C-20260810
08/10/2026,CL,2026-09-16,63,P ,2.21,2.24,2.22,2926,15306,0.299,-0.256,CL,NYMEX,snap-20260810-cl,CL-20260916-63-P-20260810
2026-08-10,CL,20260916,64,C,4.99,5.05,5.02,4738,14027,0.2845,0.781,CL,NYMEX,snap-20260810-cl,CL-20260916-64-C-20260810
2026-08-10,cl,09/16/26,64,P,2.16,2.19,2.17,9582,35959,0.2921,-0.219,CL,NYMEX,snap-20260810-cl,CL-20260916-64-P-20260810
2026-08-10,CL,2026-09-16,65,C,3.96,4.01,3.98,7380,31311,0.2802,0.831,CL,NYMEX,snap-20260810-cl,CL-20260916-65-C-20260810
2026-08-10,CL,2026-09-16,65,put,2.11,2.14,2.12,18233,72102,0.2852,-0.169,CL,NYMEX,snap-20260810-cl,CL-20260916-65-P-20260810
2026-08-10,CL,09/16/2026,66.00,C,2.94,2.97,2.96,12148,55346,0.2759,0.903,CL,NYMEX,snap-20260810-cl,CL-20260916-66-C-20260810
08/10/2026,CL,2026-09-16,66,put,2.06,2.09,2.08,19035,62906,0.2782,-0.097,CL,NYMEX,snap-20260810-cl,CL-20260916-66-P-20260810
08/10/26,CL,2026-09-16,67,C,2.02,2.04,2.03,14234,54412,0.2725,0.987,CL,NYMEX,snap-20260810-cl,CL-20260916-67-C-20260810
2026-08-10,CL,09/16/26,67,P,2.12,2.14,2.13,13282,39469,0.2724,-0.013,CL,NYMEX,snap-20260810-cl,CL-20260916-67-P-20260810
20260810,CL,09/16/2026,68,C,2.06,2.08,2.07,6365,28240,0.2777,0.886,CL,NYMEX,snap-20260810-cl,CL-20260916-68-C-20260810
08/10/2026,CL,2026-09-16,68,P,3.14,3.18,3.16,9219,37551,0.2767,-0.114,CL,NYMEX,snap-20260810-cl,CL-20260916-68-P-20260810
2026-08-10,CL,20260916,69,C,2.1,2.12,2.11,10039,25967,0.2828,0.819,CL,NYMEX,snap-20260810-cl,CL-20260916-69-C-20260810
08/10/26,CL,09/16/26,69,P,4.17,4.22,4.2,16271,45675,0.281,-0.181,CL,NYMEX,snap-20260810-cl,CL-20260916-69-P-20260810
08/10/26,CL,09/16/2026,70,C,2.13,2.16,2.14,6385,23015,0.288,0.773,CL,NYMEX,snap-20260810-cl,CL-20260916-70-C-20260810
2026-08-10,CL,2026-09-16,70,P,5.19,5.26,5.22,10920,58840,0.2853,-0.227,CL,NYMEX,snap-20260810-cl,CL-20260916-70-P-20260810
2026-08-10,CL,2026-09-16,71,C,2.17,2.2,2.18,3952,18047,0.2932,0.738,CL,NYMEX,snap-20260810-cl,CL-20260916-71-C-20260810
2026-08-10,CL,09/16/2026,71,P,6.22,6.3,6.26,2923,8608,0.2897,-0.262,CL,NYMEX,snap-20260810-cl,CL-20260916-71-P-20260810
2026-08-10,CL,09/16/2026,72,C,2.21,2.24,2.22,967,3021,0.2983,0.711,CL,NYMEX,snap-20260810-cl,CL-20260916-72-C-20260810
2026-08-10,CL,2026-09-16,72,put,7.24,7.34,7.29,1528,6507,0.294,-0.289,CL,NYMEX,snap-20260810-cl,CL-20260916-72-P-20260810
2026-08-10,CL,2026-09-16,73,Call,2.25,2.28,2.26,334,771,0.3035,0.689,CL,NYMEX,snap-20260810-cl,CL-20260916-73-C-20260810
2026-08-10,CL,09/16/26,73,P,8.26,8.38,8.32,1133,3991,0.2983,-0.31,CL,NYMEX,snap-20260810-cl,CL-20260916-73-P-20260810
20260810,cl,20260916,74.00,C,2.28,2.32,2.3,895,"3,724",0.31,0.672,CL,NYMEX,snap-20260810-cl,CL-20260916-74-C-20260810
08/10/26,CL,20260916,74,P,9.28,9.43,9.36,862,3554,0.3026,-0.33,CL,NYMEX,snap-20260810-cl,CL-20260916-74-P-20260810
20260810,CL,2026-09-16,75,C,2.32,2.36,2.34,657,3080,0.3138,0.657,CL,NYMEX,snap-20260810-cl,CL-20260916-75-C-20260810
2026-08-10,CL,2026-09-16,75,P,10.31,10.47,10.39,948,4351,0.3069,-0.343,CL,NYMEX,snap-20260810-cl,CL-20260916-75-P-20260810
08/10/26,CL,09/16/26,76,C,2.36,2.4,2.38,871,3635,0.319,0.645,CL,NYMEX,snap-20260810-cl,CL-20260916-76-C-20260810
08/10/26,CL,09/16/2026,76,P,11.33,11.51,11.42,816,"2,378",0.3112,-0.355,CL,NYMEX,snap-20260810-cl,CL-20260916-76-P-20260810
20260810,CL,09/16/2026,77,C,2.4,2.44,2.42,595,2381,0.3242,0.634,CL,NYMEX,snap-20260810-cl,CL-20260916-77-C-20260810
20260810,CL,2026-09-16,77,P,12.35,12.56,12.46,1170,3069,0.3155,-0.366,CL,NYMEX,snap-20260810-cl,CL-20260916-77-P-20260810
2026-08-10,CL,2026-10-14,57,C,12.88,13.13,13,812,2857,0.3146,0.636,CL,NYMEX,snap-20260810-cl,CL-20261014-57-C-20260810
2026-08-10,CL,2026-10-14,57,P,3.33,3.4,3.36,300,"1,413",0.3407,-0.364,CL,NYMEX,snap-20260810-cl,CL-20261014-57-P-20260810
2026-08-10,CL,2026-10-14,58,C,11.85,12.08,11.96,787,3656,0.3103,0.647,CL,NYMEX,snap-20260810-cl,CL-20261014-58-C-20260810
2026-08-10,CL,2026-10-14,58,P,3.27,3.33,3.3,698,2781,0.3337,-0.35,CL,NYMEX,snap-20260810-cl,CL-20261014-58-P-20260810
20260810,CL,2026-10-14,59.00,C,10.82,11.02,10.92,386,985,0.306,0.66,CL,NYMEX,snap-20260810-cl,CL-20261014-59-C-20260810
2026-08-10,CL,10/14/26,59,P,3.2,3.26,3.23,600,3145,0.3268,-0.34,CL,NYMEX,snap-20260810-cl,CL-20261014-59-P-20260810
2026-08-10,CL,2026-10-14,60,C,9.79,9.97,9.88,767,2208,0.30,0.675,CL,NYMEX,snap-20260810-cl,CL-20261014-60-C-20260810
08/10/2026,CL,20261014,60.00,Put,3.13,3.19,3.16,1042,5531,0.3199,-0.325,CL,NYMEX,snap-20260810-cl,CL-20261014-60-P-20260810
2026-08-10,CL,2026-10-14,61,C,8.76,8.91,8.84,782,1879,0.2974,0.693,CL,NYMEX,snap-20260810-cl,CL-20261014-61-C-20260810
2026-08-10,CL,20261014,61,P,3.07,3.12,3.09,586,2314,0.3129,-0.307,CL,NYMEX,snap-20260810-cl,CL-20261014-61-P-20260810
2026-08-10,CL,2026-10-14,62,C,7.73,7.86,7.80,1497,"6,907",0.2931,0.716,CL,NYMEX,snap-20260810-cl,CL-20261014-62-C-20260810
2026-08-10,CL,20261014,62,P,3,3.05,3.02,1882,6151,0.306,-0.284,CL,NYMEX,snap-20260810-cl,CL-20261014-62-P-20260810
2026-08-10,CL,2026-10-14,63,C,6.7,6.81,6.76,6268,14837,0.2888,0.744,CL,NYMEX,snap-20260810-cl,CL-20261014-63-C-20260810
2026-08-10,CL,2026-10-14,63.00,P,2.93,2.98,2.96,6121,29315,0.299,-0.256,CL,NYMEX,snap-20260810-cl,CL-20261014-63-P-20260810
08/10/26,CL,10/14/26,64,C,5.67,5.75,5.71,10175,38855,0.2845,0.781,CL,NYMEX,snap-20260810-cl,CL-20261014-64-C-20260810
08/10/2026,CL,2026-10-14,64,P,2.86,2.91,2.88,9222,46047,0.29,-0.219,CL,NYMEX,snap-20260810-cl,CL-20261014-64-P-20260810
2026-08-10,CL,2026-10-14,65,C,4.63,4.7,4.66,6837,18632,0.2802,0.83,CL,NYMEX,snap-20260810-cl,CL-20261014-65-C-20260810
08/10/26,cl,10/14/26,65,P,2.80,2.84,2.82,17597,93532,0.2852,-0.169,CL,NYMEX,snap-20260810-cl,CL-20261014-65-P-20260810
08/10/2026,CL,2026-10-14,66,C,3.6,3.65,3.62,14741,44604,0.2759,0.903,CL,NYMEX,snap-20260810-cl,CL-20261014-66-C-20260810
2026-08-10,CL,10/14/2026,66,P,2.73,2.77,2.75,14164,"73,762",0.2782,-0.10,CL,NYMEX,snap-20260810-cl,CL-20261014-66-P-20260810
2026-08-10,CL,10/14/2026,67,C,2.67,2.71,2.69,9854,47256,0.2725,0.987,CL,NYMEX,snap-20260810-cl,CL-20261014-67-C-20260810
2026-08-10,CL,2026-10-14,67,put,2.77,2.81,2.79,8182,34603,0.2724,-0.013,CL,NYMEX,snap-20260810-cl,CL-20261014-67-P-20260810
20260810,CL,2026-10-14,68,C,2.72,2.76,2.74,12336,"45,179",0.2777,0.886,CL,NYMEX,snap-20260810-cl,CL-20261014-68-C-20260810
2026-08-10,CL,10/14/2026,68,P,3.81,3.86,3.84,15290,60275,0.2767,-0.114,CL,NYMEX,snap-20260810-cl,CL-20261014-68-P-20260810
2026-08-10,CL,10/14/2026,69,Call,2.77,2.82,2.8,11062,33788,0.2828,0.819,CL,NYMEX,snap-20260810-cl,CL-20261014-69-C-20260810
2026-08-10,CL,20261014,69,P,4.84,4.91,4.88,8799,32419,0.281,-0.181,CL,NYMEX,snap-20260810-cl,CL-20261014-69-P-20260810
08/10/26,CL,2026-10-14,70,C,2.82,2.87,2.84,10879,42058,0.288,0.773,CL,NYMEX,snap-20260810-cl,CL-20261014-70-C-20260810
2026-08-10,CL,2026-10-14,70,P,5.87,5.96,5.92,6515,24751,0.2853,-0.23,CL,NYMEX,snap-20260810-cl,CL-20261014-70-P-20260810
2026-08-10,CL,10/14/2026,71,C,2.87,2.92,2.9,4326,20270,0.2932,0.738,CL,NYMEX,snap-20260810-cl,CL-20261014-71-C-20260810
08/10/2026,CL,2026-10-14,71,P,6.91,7.02,6.96,2163,7696,0.29,-0.262,CL,NYMEX,snap-20260810-cl,CL-20261014-71-P-20260810
08/10/26,cl,10/14/2026,72,C,2.92,2.97,2.94,"1,187",3976,0.2983,0.711,CL,NYMEX,snap-20260810-cl,CL-20261014-72-C-20260810
2026-08-10,CL,2026-10-14,72,put,7.94,8.07,8.01,1081,4235,0.294,-0.289,CL,NYMEX,snap-20260810-cl,CL-20261014-72-P-20260810
08/10/2026,CL,10/14/2026,73.00,C,2.97,3.02,3,766,2870,0.3035,0.689,CL,NYMEX,snap-20260810-cl,CL-20261014-73-C-20260810
2026-08-10,CL,10/14/2026,73,P,8.97,9.12,9.04,814,3478,0.2983,-0.31,CL,NYMEX,snap-20260810-cl,CL-20261014-73-P-20260810
08/10/26,CL,20261014,74,C,3.02,3.08,3.05,662,"2,575",0.3087,0.672,CL,NYMEX,snap-20260810-cl,CL-20261014-74-C-20260810
20260810,CL,2026-10-14,74,P,10,10.18,10.09,742,2185,0.30,-0.328,CL,NYMEX,snap-20260810-cl,CL-20261014-74-P-20260810
08/10/2026,CL,2026-10-14,75,C,3.07,3.13,3.1,865,2527,0.3138,0.66,CL,NYMEX,snap-20260810-cl,CL-20261014-75-C-20260810
2026-08-10,CL,2026-10-14,75.00,P,11.03,11.23,11.13,1286,6300,0.3069,-0.343,CL,NYMEX,snap-20260810-cl,CL-20261014-75-P-20260810
20260810,CL,20261014,76,C,3.12,3.18,3.15,575,2114,0.319,0.645,CL,NYMEX,snap-20260810-cl,CL-20261014-76-C-20260810
2026-08-10,CL,20261014,76,P,12.06,12.29,12.18,686,1779,0.31,-0.355,CL,NYMEX,snap-20260810-cl,CL-20261014-76-P-20260810
2026-08-10,CL,2026-10-14,77,C,3.17,3.23,3.2,637,"3,018",0.3242,0.634,CL,NYMEX,snap-20260810-cl,CL-20261014-77-C-20260810
2026-08-10,CL,2026-10-14,77,P,13.09,13.35,13.22,562,3080,0.3155,-0.366,CL,NYMEX,snap-20260810-cl,CL-20261014-77-P-20260810
2026-08-10,CL,11/18/26,57,Call,13.6,13.91,13.75,448,1072,0.3146,0.636,CL,NYMEX,snap-20260810-cl,CL-20261118-57-C-20260810
2026-08-10,CL,2026-11-18,57,P,4.13,4.22,4.18,481,2202,0.3407,-0.364,CL,NYMEX,snap-20260810-cl,CL-20261118-57-P-20260810
2026-08-10,CL,2026-11-18,58,Call,12.57,12.84,12.7,478,1605,0.3103,0.647,CL,NYMEX,snap-20260810-cl,CL-20261118-58-C-20260810
2026-08-10,CL,2026-11-18,58.00,P,4.05,4.13,4.09,358,1646,0.3337,-0.353,CL,NYMEX,snap-20260810-cl,CL-20261118-58-P-20260810
2026-08-10,cl,2026-11-18,59,C,11.53,11.77,11.65,347,1147,0.306,0.66,CL,NYMEX,snap-20260810-cl,CL-20261118-59-C-20260810
2026-08-10,CL,11/18/26,59,P,3.96,4.05,4,272,1142,0.3268,-0.34,CL,NYMEX,snap-20260810-cl,CL-20261118-59-P-20260810
2026-08-10,cl,2026-11-18,60,C,10.49,10.71,10.6,792,1876,0.3017,0.675,CL,NYMEX,snap-20260810-cl,CL-20261118-60-C-20260810
20260810,CL,2026-11-18,60,P,3.88,3.96,3.92,421,1567,0.3199,-0.325,CL,NYMEX,snap-20260810-cl,CL-20261118-60-P-20260810
2026-08-10,CL,2026-11-18,61,C,9.45,9.64,9.54,367,1149,0.30,0.693,CL,NYMEX,snap-20260810-cl,CL-20261118-61-C-20260810
2026-08-10,CL,11/18/2026,61,P,3.8,3.87,3.84,529,2626,0.3129,-0.307,CL,NYMEX,snap-20260810-cl,CL-20261118-61-P-20260810
2026-08-10,CL,2026-11-18,62,C,8.41,8.57,8.49,1487,7083,0.2931,0.716,CL,NYMEX,snap-20260810-cl,CL-20261118-62-C-20260810
2026-08-10,CL,20261118,62,P,3.71,3.79,3.75,1028,"3,184",0.306,-0.284,CL,NYMEX,snap-20260810-cl,CL-20261118-62-P-20260810
08/10/2026,CL,2026-11-18,63,C,7.37,7.51,7.44,3524,14274,0.2888,0.74,CL,NYMEX,snap-20260810-cl,CL-20261118-63-C-20260810
08/10/2026,CL,11/18/2026,63,P,3.63,3.70,3.66,3529,12467,0.299,-0.256,CL,NYMEX,snap-20260810-cl,CL-20261118-63-P-20260810
2026-08-10,CL,11/18/26,64,C,6.33,6.44,6.38,2557,"7,148",0.2845,0.781,CL,NYMEX,snap-20260810-cl,CL-20261118-64-C-20260810
2026-08-10,CL,11/18/26,64,P,3.55,3.61,3.58,"3,510",14749,0.2921,-0.219,CL,NYMEX,snap-20260810-cl,CL-20261118-64-P-20260810
2026-08-10,CL,2026-11-18,65,C,5.29,5.38,5.34,12274,46013,0.2802,0.831,CL,NYMEX,snap-20260810-cl,CL-20261118-65-C-20260810
2026-08-10,CL,11/18/26,65,P,3.46,3.53,3.5,6003,"24,220",0.2852,-0.169,CL,NYMEX,snap-20260810-cl,CL-20261118-65-P-20260810
08/10/26,CL,20261118,66,C,4.24,4.32,4.28,8561,26499,0.2759,0.903,CL,NYMEX,snap-20260810-cl,CL-20261118-66-C-20260810
20260810,CL,2026-11-18,66,P,3.38,3.44,3.41,6399,22745,0.2782,-0.097,CL,NYMEX,snap-20260810-cl,CL-20261118-66-P-20260810
08/10/26,CL,11/18/26,67,C,3.31,3.37,3.34,4935,13209,0.2725,0.987,CL,NYMEX,snap-20260810-cl,CL-20261118-67-C-20260810
2026-08-10,cl,11/18/26,67.00,P,3.41,3.47,3.44,7808,28854,0.2724,-0.013,CL,NYMEX,snap-20260810-cl,CL-20261118-67-P-20260810
2026-08-10,CL,2026-11-18,68,C,3.37,3.43,3.4,8847,35129,0.2777,0.886,CL,NYMEX,snap-20260810-cl,CL-20261118-68-C-20260810
2026-08-10,CL,2026-11-18,68,P,4.45,4.53,4.49,9160,29314,0.2767,-0.114,CL,NYMEX,snap-20260810-cl,CL-20261118-68-P-20260810
08/10/26,CL,11/18/26,69,C,3.44,3.5,3.47,7886,26104,0.28,0.819,CL,NYMEX,snap-20260810-cl,CL-20261118-69-C-20260810
2026-08-10,CL,2026-11-18,69,P,5.5,5.59,5.54,3575,10494,0.281,-0.181,CL,NYMEX,snap-20260810-cl,CL-20261118-69-P-20260810
20260810,CL,2026-11-18,70,Call,3.5,3.56,3.53,4443,20408,0.288,0.773,CL,NYMEX,snap-20260810-cl,CL-20261118-70-C-20260810
08/10/26,CL,11/18/26,70,P,6.54,6.66,6.6,3381,18620,0.2853,-0.23,CL,NYMEX,snap-20260810-cl,CL-20261118-70-P-20260810
08/10/2026,cl,2026-11-18,71,C,3.56,3.63,3.59,3675,13446,0.2932,0.738,CL,NYMEX,snap-20260810-cl,CL-20261118-71-C-20260810
2026-08-10,CL,2026-11-18,71,P,7.58,7.72,7.65,"3,100",8874,0.2897,-0.262,CL,NYMEX,snap-20260810-cl,CL-20261118-71-P-20260810
2026-08-10,CL,11/18/2026,72,C,3.62,3.69,3.66,1225,5108,0.2983,0.711,CL,NYMEX,snap-20260810-cl,CL-20261118-72-C-20260810
2026-08-10,cl,2026-11-18,72,P,8.62,8.79,8.7,1021,4861,0.29,-0.289,CL,NYMEX,snap-20260810-cl,CL-20261118-72-P-20260810
2026-08-10,CL,2026-11-18,73,C,3.68,3.76,3.72,220,558,0.3035,0.689,CL,NYMEX,snap-20260810-cl,CL-20261118-73-C-20260810
2026-08-10,CL,11/18/2026,73,put,9.66,9.85,9.75,486,1774,0.2983,-0.311,CL,NYMEX,snap-20260810-cl,CL-20261118-73-P-20260810
08/10/26,CL,11/18/2026,74,C,3.74,3.82,3.78,213,737,0.3087,0.672,CL,NYMEX,snap-20260810-cl,CL-20261118-74-C-20260810
2026-08-10,CL,11/18/26,74,put,10.70,10.92,10.81,612,2861,0.3026,-0.328,CL,NYMEX,snap-20260810-cl,CL-20261118-74-P-20260810
08/10/26,CL,2026-11-18,75,C,3.81,3.89,3.85,467,1445,0.3138,0.657,CL,NYMEX,snap-20260810-cl,CL-20261118-75-C-20260810
20260810,cl,20261118,75,P,11.74,11.99,11.86,695,1943,0.3069,-0.343,CL,NYMEX,snap-20260810-cl,CL-20261118-75-P-20260810
2026-08-10,cl,2026-11-18,76,C,3.87,3.95,3.91,254,705,0.319,0.645,CL,NYMEX,snap-20260810-cl,CL-20261118-76-C-20260810
2026-08-10,CL,20261118,76,P,12.77,13.05,12.91,705,1790,0.3112,-0.355,CL,NYMEX,snap-20260810-cl,CL-20261118-76-P-20260810
2026-08-10,CL,11/18/2026,77,C,3.93,4.02,3.97,390,931,0.3242,0.634,CL,NYMEX,snap-20260810-cl,CL-20261118-77-C-20260810
2026-08-10,CL,2026-11-18,77,P,13.81,14.12,13.96,543,2003,0.3155,-0.366,CL,NYMEX,snap-20260810-cl,CL-20261118-77-P-20260810
08/11/2026,CL,2026-08-19,56,C,11.22,11.39,11.3,833,2362,0.3164,0.63,CL,NYMEX,snap-20260811-cl,CL-20260819-56-C-20260811
2026-08-11,CL,08/19/26,56,P,1.17,1.19,1.18,1348,7346,0.3436,-0.368,CL,NYMEX,snap-20260811-cl,CL-20260819-56-P-20260811
2026-08-11,CL,2026-08-19,57,C,10.22,10.36,10.29,1110,5184,0.3121,0.643,CL,NYMEX,snap-20260811-cl,CL-20260819-57-C-20260811
08/11/26,CL,2026-08-19,57,put,1.15,1.16,1.15,855,4478,0.3366,-0.357,CL,NYMEX,snap-20260811-cl,CL-20260819-57-P-20260811
2026-08-11,CL,08/19/2026,58,Call,9.21,9.34,9.28,580,1555,0.3077,0.655,CL,NYMEX,snap-20260811-cl,CL-20260819-58-C-20260811
08/11/26,CL,2026-08-19,58,P,1.12,1.14,1.13,898,2484,0.3296,-0.345,CL,NYMEX,snap-20260811-cl,CL-20260819-58-P-20260811
2026-08-11,CL,2026-08-19,59,C,8.21,8.31,8.26,1065,4843,0.3034,0.669,CL,NYMEX,snap-20260811-cl,CL-20260819-59-C-20260811
20260811,CL,2026-08-19,59,P,1.1,1.11,1.1,913,3328,0.3226,-0.331,CL,NYMEX,snap-20260811-cl,CL-20260819-59-P-20260811
08/11/2026,CL,08/19/2026,60,C,7.2,7.29,7.24,1477,6358,0.30,0.686,CL,NYMEX,snap-20260811-cl,CL-20260819-60-C-20260811
08/11/2026,CL,2026-08-19,60,P,1.08,1.09,1.08,"1,242",3167,0.3156,-0.314,CL,NYMEX,snap-20260811-cl,CL-20260819-60-P-20260811
2026-08-11,CL,2026-08-19,61,C,6.19,6.27,6.23,1236,5675,0.2947,0.707,CL,NYMEX,snap-20260811-cl,CL-20260819-61-C-20260811
20260811,CL,2026-08-19,61,P,1.05,1.07,1.06,2572,11519,0.3086,-0.293,CL,NYMEX,snap-20260811-cl,CL-20260819-61-P-20260811
08/11/2026,CL,08/19/2026,62,C,5.19,5.25,5.22,6237,"28,318",0.2904,0.733,CL,NYMEX,snap-20260811-cl,CL-20260819-62-C-20260811
20260811,CL,08/19/2026,62,P,1.03,1.04,1.04,5213,25766,0.3016,-0.27,CL,NYMEX,snap-20260811-cl,CL-20260819-62-P-20260811
08/11/2026,CL,2026-08-19,63.00,C,4.18,4.22,4.2,10760,46333,0.286,0.767,CL,NYMEX,snap-20260811-cl,CL-20260819-63-C-20260811
20260811,CL,2026-08-19,63,P,1.01,1.02,1.02,4449,23361,0.2946,-0.233,CL,NYMEX,snap-20260811-cl,CL-20260819-63-P-20260811
20260811,cl,2026-08-19,64,C,3.17,3.20,3.18,16536,53178,0.2817,0.812,CL,NYMEX,snap-20260811-cl,CL-20260819-64-C-20260811
2026-08-11,CL,2026-08-19,64,P,0.98,0.99,0.98,11738,49715,0.2876,-0.188,CL,NYMEX,snap-20260811-cl,CL-20260819-64-P-20260811
2026-08-11,CL,08/19/2026,65,Call,2.16,2.18,2.17,9929,26027,0.2773,0.875,CL,NYMEX,snap-20260811-cl,CL-20260819-65-C-20260811
2026-08-11,CL,2026-08-19,65,P,0.96,0.97,0.96,13525,47706,0.2805,-0.125,CL,NYMEX,snap-20260811-cl,CL-20260819-65-P-20260811
08/11/2026,CL,20260819,66,C,1.15,1.16,1.15,23328,88496,0.273,0.972,CL,NYMEX,snap-20260811-cl,CL-20260819-66-C-20260811
2026-08-11,CL,2026-08-19,66,P,0.93,0.94,0.94,"18,192",53292,0.2735,-0.028,CL,NYMEX,snap-20260811-cl,CL-20260819-66-P-20260811
20260811,CL,20260819,67,C,0.94,0.95,0.94,21122,83068,0.2761,0.913,CL,NYMEX,snap-20260811-cl,CL-20260819-67-C-20260811
2026-08-11,CL,08/19/2026,67,P,1.72,1.73,1.72,17469,46938,0.2754,-0.087,CL,NYMEX,snap-20260811-cl,CL-20260819-67-P-20260811
2026-08-11,cl,08/19/2026,68,C,0.96,0.97,0.96,6276,22844,0.2813,0.837,CL,NYMEX,snap-20260811-cl,CL-20260819-68-C-20260811
2026-08-11,CL,2026-08-19,68,P,2.73,2.75,2.74,22664,89403,0.28,-0.163,CL,NYMEX,snap-20260811-cl,CL-20260819-68-P-20260811
2026-08-11,CL,2026-08-19,69.00,C,0.98,0.99,0.98,8458,"26,081",0.2865,0.785,CL,NYMEX,snap-20260811-cl,CL-20260819-69-C-20260811
20260811,CL,08/19/2026,69,Put,3.74,3.77,3.76,16805,76565,0.28,-0.215,CL,NYMEX,snap-20260811-cl,CL-20260819-69-P-20260811
2026-08-11,CL,20260819,70,C,1,1.01,1,4341,17228,0.2917,0.747,CL,NYMEX,snap-20260811-cl,CL-20260819-70-C-20260811
08/11/26,CL,08/19/2026,70,P ,4.74,4.8,4.77,10799,50889,0.2884,-0.253,CL,NYMEX,snap-20260811-cl,CL-20260819-70-P-20260811
2026-08-11,CL,20260819,71,C,1.01,1.02,1.02,4232,"13,676",0.2969,0.717,CL,NYMEX,snap-20260811-cl,CL-20260819-71-C-20260811
20260811,CL,2026-08-19,71,P,5.75,5.82,5.78,4037,16774,0.29,-0.283,CL,NYMEX,snap-20260811-cl,CL-20260819-71-P-20260811
2026-08-11,CL,2026-08-19,72,C,1.03,1.04,1.04,724,2366,0.3022,0.694,CL,NYMEX,snap-20260811-cl,CL-20260819-72-C-20260811
2026-08-11,CL,08/19/26,72,P,6.76,6.84,6.8,896,2787,0.2971,-0.31,CL,NYMEX,snap-20260811-cl,CL-20260819-72-P-20260811
08/11/26,CL,2026-08-19,73.00,Call,1.05,1.06,1.06,1072,5004,0.3074,0.676,CL,NYMEX,snap-20260811-cl,CL-20260819-73-C-20260811
08/11/2026,CL,2026-08-19,73,P,7.76,7.86,7.81,1356,7078,0.30,-0.324,CL,NYMEX,snap-20260811-cl,CL-20260819-73-P-20260811
2026-08-11,CL,2026-08-19,74,C,1.07,1.08,1.08,423,1746,0.3126,0.661,CL,NYMEX,snap-20260811-cl,CL-20260819-74-C-20260811
2026-08-11,CL,2026-08-19,74,C,1.07,1.08,1.08,423,1746,0.3126,0.661,CL,NYMEX,snap-20260811-cl-retry,CL-20260819-74-C-20260811
2026-08-11,CL,2026-08-19,74,P,8.77,8.89,8.83,947,4957,0.3058,-0.339,CL,NYMEX,snap-20260811-cl,CL-20260819-74-P-20260811
08/11/2026,CL,2026-08-19,75,C,1.08,1.10,1.09,1097,3264,0.3178,0.648,CL,NYMEX,snap-20260811-cl,CL-20260819-75-C-20260811
2026-08-11,cl,2026-08-19,75,P,9.78,9.91,9.84,1654,8365,0.31,-0.352,CL,NYMEX,snap-20260811-cl,CL-20260819-75-P-20260811
08/11/26,CL,2026-08-19,76,C,1.1,1.12,1.11,672,2432,0.323,0.637,CL,NYMEX,snap-20260811-cl,CL-20260819-76-C-20260811
2026-08-11,CL,2026-08-19,76,P,10.78,10.94,10.86,445,1412,0.3145,-0.363,CL,NYMEX,snap-20260811-cl,CL-20260819-76-P-20260811
2026-08-11,CL,09/16/2026,56,C,12.42,12.63,12.52,978,2351,0.3164,0.632,CL,NYMEX,snap-20260811-cl,CL-20260916-56-C-20260811
08/11/2026,CL,2026-09-16,56,P,2.48,2.52,2.5,452,1941,0.3436,-0.37,CL,NYMEX,snap-20260811-cl,CL-20260916-56-P-20260811
2026-08-11,CL,2026-09-16,57,C,11.4,11.59,11.5,373,"1,661",0.3121,0.643,CL,NYMEX,snap-20260811-cl,CL-20260916-57-C-20260811
2026-08-11,CL,2026-09-16,57,P,2.43,2.47,2.45,637,2004,0.3366,-0.357,CL,NYMEX,snap-20260811-cl,CL-20260916-57-P-20260811
2026-08-11,cl,2026-09-16,58,C,10.38,10.54,10.46,874,2232,0.3077,0.655,CL,NYMEX,snap-20260811-cl,CL-20260916-58-C-20260811
2026-08-11,CL,2026-09-16,58,P,2.38,2.42,2.4,392,1722,0.3296,-0.34,CL,NYMEX,snap-20260811-cl,CL-20260916-58-P-20260811
2026-08-11,CL,2026-09-16,59,Call,9.36,9.5,9.43,868,3895,0.3034,0.669,CL,NYMEX,snap-20260811-cl,CL-20260916-59-C-20260811
2026-08-11,CL,2026-09-16,59,P,2.33,2.37,2.35,404,2178,0.3226,-0.331,CL,NYMEX,snap-20260811-cl,CL-20260916-59-P-20260811
08/11/2026,CL,09/16/2026,60,C,8.33,8.46,8.39,1365,4860,0.30,0.686,CL,NYMEX,snap-20260811-cl,CL-20260916-60-C-20260811
2026-08-11,CL,2026-09-16,60,P,2.28,2.31,2.3,1180,6196,0.3156,-0.314,CL,NYMEX,snap-20260811-cl,CL-20260916-60-P-20260811
08/11/26,CL,20260916,61,C,7.31,7.42,7.36,1118,"3,165",0.2947,0.707,CL,NYMEX,snap-20260811-cl,CL-20260916-61-C-20260811
08/11/2026,CL,2026-09-16,61,P,2.23,2.26,2.24,784,4254,0.3086,-0.293,CL,NYMEX,snap-20260811-cl,CL-20260916-61-P-20260811
2026-08-11,CL,20260916,62,C,6.29,6.38,6.34,3393,9345,0.2904,0.73,CL,NYMEX,snap-20260811-cl,CL-20260916-62-C-20260811
20260811,CL,20260916,62.00,P,2.18,2.21,2.2,6341,24930,0.3016,-0.267,CL,NYMEX,snap-20260811-cl,CL-20260916-62-P-20260811
2026-08-11,CL,09/16/2026,63,C,5.27,5.34,5.3,10570,39907,0.286,0.767,CL,NYMEX,snap-20260811-cl,CL-20260916-63-C-20260811
08/11/2026,CL,09/16/2026,63,put,2.13,2.16,2.14,3813,13734,0.2946,-0.233,CL,NYMEX,snap-20260811-cl,CL-20260916-63-P-20260811
08/11/2026,CL,09/16/26,64,C,4.24,4.3,4.27,8975,37625,0.2817,0.812,CL,NYMEX,snap-20260811-cl,CL-20260916-64-C-20260811
2026-08-11,CL,09/16/2026,64,P,2.08,2.11,2.09,9412,29800,0.2876,-0.188,CL,NYMEX,snap-20260811-cl,CL-20260916-64-P-20260811
2026-08-11,CL,2026-09-16,65,C,3.22,3.26,3.24,9065,27576,0.2773,0.875,CL,NYMEX,snap-20260811-cl,CL-20260916-65-C-20260811
08/11/2026,CL,2026-09-16,65,P,2.03,2.05,2.04,29515,162006,0.2805,-0.125,CL,NYMEX,snap-20260811-cl,CL-20260916-65-P-20260811
2026-08-11,CL,2026-09-16,66.00,C,2.19,2.22,2.20,24125,93832,0.273,0.972,CL,NYMEX,snap-20260811-cl,CL-20260916-66-C-20260811
2026-08-11,CL,09/16/26,66,P,1.98,2,1.99,21464,95080,0.2735,-0.028,CL,NYMEX,snap-20260811-cl,CL-20260916-66-P-20260811
08/11/26,CL,09/16/26,67,C,2,2.02,2.01,16586,76713,0.2761,0.913,CL,NYMEX,snap-20260811-cl,CL-20260916-67-C-20260811
08/11/2026,CL,09/16/2026,67,P,2.77,2.8,2.78,10017,52813,0.2754,-0.087,CL,NYMEX,snap-20260811-cl,CL-20260916-67-P-20260811
2026-08-11,CL,20260916,68,C,2.04,2.06,2.05,7868,33723,0.2813,0.837,CL,NYMEX,snap-20260811-cl,CL-20260916-68-C-20260811
20260811,CL,2026-09-16,68,P,3.79,3.84,3.82,9287,37956,0.2797,-0.163,CL,NYMEX,snap-20260811-cl,CL-20260916-68-P-20260811
2026-08-11,CL,20260916,69.00,C,2.07,2.1,2.08,9508,38276,0.2865,0.785,CL,NYMEX,snap-20260811-cl,CL-20260916-69-C-20260811
08/11/26,CL,2026-09-16,69,P,4.82,4.88,4.85,14136,53439,0.2841,-0.215,CL,NYMEX,snap-20260811-cl,CL-20260916-69-P-20260811
08/11/26,CL,09/16/2026,70,C,2.11,2.14,2.12,9046,20563,0.29,0.747,CL,NYMEX,snap-20260811-cl,CL-20260916-70-C-20260811
2026-08-11,CL,2026-09-16,70.00,Put,5.84,5.92,5.88,5732,19767,0.29,-0.253,CL,NYMEX,snap-20260811-cl,CL-20260916-70-P-20260811
2026-08-11,CL,09/16/2026,71,C,2.15,2.18,2.16,1759,6653,0.2969,0.717,CL,NYMEX,snap-20260811-cl,CL-20260916-71-C-20260811
2026-08-11,CL,2026-09-16,71,P,6.86,6.96,6.91,2216,10734,0.2928,-0.283,CL,NYMEX,snap-20260811-cl,CL-20260916-71-P-20260811
20260811,CL,09/16/26,72,C,2.18,2.22,2.2,688,3145,0.3022,0.694,CL,NYMEX,snap-20260811-cl,CL-20260916-72-C-20260811
2026-08-11,CL,2026-09-16,72,P,7.89,8.00,7.94,1141,2906,0.2971,-0.31,CL,NYMEX,snap-20260811-cl,CL-20260916-72-P-20260811
20260811,CL,2026-09-16,73,C,2.22,2.25,2.24,414,1361,0.3074,0.676,CL,NYMEX,snap-20260811-cl,CL-20260916-73-C-20260811
20260811,CL,20260916,73,P,8.91,9.04,8.98,1176,3525,0.3015,-0.324,CL,NYMEX,snap-20260811-cl,CL-20260916-73-P-20260811
2026-08-11,CL,2026-09-16,74,C,2.26,2.29,2.28,874,3001,0.3126,0.661,CL,NYMEX,snap-20260811-cl,CL-20260916-74-C-20260811
08/11/2026,CL,2026-09-16,74,P,9.93,10.08,10.00,932,5104,0.3058,-0.34,CL,NYMEX,snap-20260811-cl,CL-20260916-74-P-20260811
2026-08-11,CL,20260916,75,C,2.29,2.33,2.31,835,2754,0.3178,0.648,CL,NYMEX,snap-20260811-cl,CL-20260916-75-C-20260811
2026-08-11,CL,2026-09-16,75,P,10.95,11.13,11.04,515,2198,0.3102,-0.352,CL,NYMEX,snap-20260811-cl,CL-20260916-75-P-20260811
2026-08-11,CL,2026-09-16,76,C,2.33,2.37,2.35,528,2083,0.323,0.637,CL,NYMEX,snap-20260811-cl,CL-20260916-76-C-20260811
2026-08-11,CL,09/16/2026,76.00,put,11.97,12.17,12.07,1092,2765,0.3145,-0.363,CL,NYMEX,snap-20260811-cl,CL-20260916-76-P-20260811
08/11/2026,CL,20261014,56,C,13.16,13.42,13.29,308,1237,0.3164,0.632,CL,NYMEX,snap-20260811-cl,CL-20261014-56-C-20260811
20260811,CL,2026-10-14,56,put,3.3,3.37,3.34,659,2579,0.3436,-0.368,CL,NYMEX,snap-20260811-cl,CL-20261014-56-P-20260811
2026-08-11,CL,2026-10-14,57,C,12.13,12.36,12.24,387,1172,0.3121,0.643,CL,NYMEX,snap-20260811-cl,CL-20261014-57-C-20260811
2026-08-11,CL,2026-10-14,57,P,3.24,3.3,3.27,861,2945,0.3366,-0.357,CL,NYMEX,snap-20260811-cl,CL-20261014-57-P-20260811
08/11/2026,CL,20261014,58,C,11.10,11.31,11.2,870,"3,034",0.3077,0.655,CL,NYMEX,snap-20260811-cl,CL-20261014-58-C-20260811
2026-08-11,CL,2026-10-14,58,P,3.17,3.23,3.2,535,2804,0.3296,-0.345,CL,NYMEX,snap-20260811-cl,CL-20261014-58-P-20260811
2026-08-11,CL,2026-10-14,59,C,10.07,10.25,10.16,773,3462,0.3034,0.669,CL,NYMEX,snap-20260811-cl,CL-20261014-59-C-20260811
2026-08-11,CL,2026-10-14,59,P ,3.10,3.16,3.13,324,1027,0.3226,-0.331,CL,NYMEX,snap-20260811-cl,CL-20261014-59-P-20260811
2026-08-11,CL,10/14/2026,60,C,9.04,9.2,9.12,1093,4279,0.2991,0.686,CL,NYMEX,snap-20260811-cl,CL-20261014-60-C-20260811
08/11/2026,CL,20261014,60,P,3.04,3.09,3.06,617,2658,0.3156,-0.314,CL,NYMEX,snap-20260811-cl,CL-20261014-60-P-20260811
2026-08-11,CL,20261014,61,C,8.01,8.15,8.08,799,2315,0.2947,0.707,CL,NYMEX,snap-20260811-cl,CL-20261014-61-C-20260811
2026-08-11,CL,20261014,61,P,2.97,3.02,3,"1,029","4,449",0.3086,-0.293,CL,NYMEX,snap-20260811-cl,CL-20261014-61-P-20260811
2026-08-11,CL,10/14/2026,62,C,6.98,7.09,7.04,1960,5779,0.2904,0.733,CL,NYMEX,snap-20260811-cl,CL-20261014-62-C-20260811
08/11/2026,CL,2026-10-14,62,P,2.9,2.95,2.92,5969,16639,0.3016,-0.267,CL,NYMEX,snap-20260811-cl,CL-20261014-62-P-20260811
2026-08-11,CL,10/14/26,63,C,5.95,6.04,6,8742,23866,0.286,0.767,CL,NYMEX,snap-20260811-cl,CL-20261014-63-C-20260811
2026-08-11,CL,10/14/26,63,P,2.84,2.88,2.86,10045,27817,0.2946,-0.233,CL,NYMEX,snap-20260811-cl,CL-20261014-63-P-20260811
20260811,CL,2026-10-14,64,C,4.92,4.99,4.96,8359,24164,0.2817,0.81,CL,NYMEX,snap-20260811-cl,CL-20261014-64-C-20260811
2026-08-11,CL,20261014,64,P,2.77,2.81,2.79,5880,19527,0.2876,-0.188,CL,NYMEX,snap-20260811-cl,CL-20261014-64-P-20260811
2026-08-11,CL,10/14/26,65,C,3.88,3.94,3.91,16389,74062,0.2773,0.875,CL,NYMEX,snap-20260811-cl,CL-20261014-65-C-20260811
2026-08-11,CL,20261014,65,P,2.7,2.74,2.72,14628,49926,0.2805,-0.125,CL,NYMEX,snap-20260811-cl,CL-20261014-65-P-20260811
2026-08-11,CL,20261014,65,P,2.7,2.74,2.72,14628,49926,0.2805,-0.125,CL,NYMEX,snap-20260811-cl-retry,CL-20261014-65-P-20260811
08/11/2026,CL,2026-10-14,66,C,2.85,2.89,2.87,19806,"69,163",0.273,0.972,CL,NYMEX,snap-20260811-cl,CL-20261014-66-C-20260811
20260811,CL,2026-10-14,66,Put,2.64,2.67,2.66,21310,"89,070",0.2735,-0.028,CL,NYMEX,snap-20260811-cl,CL-20261014-66-P-20260811
2026-08-11,CL,2026-10-14,67,C,2.66,2.7,2.68,16045,74792,0.2761,0.913,CL,NYMEX,snap-20260811-cl,CL-20261014-67-C-20260811
2026-08-11,CL,2026-10-14,67,P,3.43,3.48,3.46,14655,48858,0.2754,-0.087,CL,NYMEX,snap-20260811-cl,CL-20261014-67-P-20260811
08/11/2026,CL,2026-10-14,68,C,2.71,2.75,2.73,5703,"19,029",0.2813,0.837,CL,NYMEX,snap-20260811-cl,CL-20261014-68-C-20260811
2026-08-11,CL,10/14/2026,68,Put,4.46,4.53,4.50,10836,55563,0.2797,-0.163,CL,NYMEX,snap-20260811-cl,CL-20261014-68-P-20260811
2026-08-11,cl,2026-10-14,69,Call,2.76,2.8,2.78,8608,39481,0.2865,0.785,CL,NYMEX,snap-20260811-cl,CL-20261014-69-C-20260811
08/11/2026,CL,10/14/2026,69,P,5.5,5.58,5.54,4248,22573,0.2841,-0.215,CL,NYMEX,snap-20260811-cl,CL-20261014-69-P-20260811
08/11/26,CL,2026-10-14,70,C,2.81,2.85,2.83,3987,9670,0.29,0.747,CL,NYMEX,snap-20260811-cl,CL-20261014-70-C-20260811
2026-08-11,CL,2026-10-14,70,P,6.53,6.63,6.58,8428,"29,340",0.2884,-0.253,CL,NYMEX,snap-20260811-cl,CL-20261014-70-P-20260811
08/11/2026,CL,10/14/2026,71,C,2.86,2.91,2.88,2570,10846,0.2969,0.717,CL,NYMEX,snap-20260811-cl,CL-20261014-71-C-20260811
2026-08-11,cl,10/14/2026,71,P,7.56,7.68,7.62,1369,6453,0.2928,-0.283,CL,NYMEX,snap-20260811-cl,CL-20261014-71-P-20260811
08/11/26,CL,2026-10-14,72,C,2.91,2.96,2.94,313,1466,0.3022,0.694,CL,NYMEX,snap-20260811-cl,CL-20261014-72-C-20260811
08/11/2026,CL,2026-10-14,72,P,8.59,8.74,8.66,687,1995,0.2971,-0.306,CL,NYMEX,snap-20260811-cl,CL-20261014-72-P-20260811
2026-08-11,CL,2026-10-14,73,C,2.96,3.01,2.98,622,1936,0.3074,0.68,CL,NYMEX,snap-20260811-cl,CL-20261014-73-C-20260811
08/11/2026,CL,2026-10-14,73.00,P,9.62,9.79,9.7,748,3423,0.3015,-0.324,CL,NYMEX,snap-20260811-cl,CL-20261014-73-P-20260811
20260811,CL,10/14/2026,74,C,3.01,3.06,3.04,742,3533,0.31,0.661,CL,NYMEX,snap-20260811-cl,CL-20261014-74-C-20260811
2026-08-11,CL,2026-10-14,74,P,10.65,10.85,10.75,770,3734,0.31,-0.339,CL,NYMEX,snap-20260811-cl,CL-20261014-74-P-20260811
2026-08-11,CL,2026-10-14,75,C,3.06,3.11,3.08,422,1375,0.3178,0.648,CL,NYMEX,snap-20260811-cl,CL-20261014-75-C-20260811
2026-08-11,CL,20261014,75,P ,11.68,11.9,11.79,703,2850,0.3102,-0.352,CL,NYMEX,snap-20260811-cl,CL-20261014-75-P-20260811
08/11/2026,CL,2026-10-14,76,C,3.1,3.17,3.14,531,1597,0.323,0.637,CL,NYMEX,snap-20260811-cl,CL-20261014-76-C-20260811
2026-08-11,CL,2026-10-14,76,P,12.71,12.96,12.84,848,4298,0.3145,-0.363,CL,NYMEX,snap-20260811-cl,CL-20261014-76-P-20260811
2026-08-11,CL,11/18/2026,56,C,13.88,14.2,14.04,577,1338,0.32,0.632,CL,NYMEX,snap-20260811-cl,CL-20261118-56-C-20260811
08/11/2026,CL,2026-11-18,56,P,4.1,4.19,4.14,532,2173,0.3436,-0.368,CL,NYMEX,snap-20260811-cl,CL-20261118-56-P-20260811
2026-08-11,CL,2026-11-18,57,C,12.85,13.13,12.99,293,1359,0.3121,0.643,CL,NYMEX,snap-20260811-cl,CL-20261118-57-C-20260811
2026-08-11,CL,20261118,57,P,4.02,4.11,4.06,347,1589,0.34,-0.357,CL,NYMEX,snap-20260811-cl,CL-20261118-57-P-20260811
08/11/26,CL,11/18/2026,58,Call,11.81,12.06,11.94,347,1233,0.3077,0.655,CL,NYMEX,snap-20260811-cl,CL-20261118-58-C-20260811
2026-08-11,CL,2026-11-18,58,P,3.94,4.02,3.98,591,3113,0.3296,-0.345,CL,NYMEX,snap-20260811-cl,CL-20261118-58-P-20260811
2026-08-11,CL,11/18/26,59.00,C,10.77,10.99,10.88,356,1297,0.3034,0.67,CL,NYMEX,snap-20260811-cl,CL-20261118-59-C-20260811
08/11/2026,CL,2026-11-18,59,P,3.85,3.93,3.89,556,2931,0.3226,-0.331,CL,NYMEX,snap-20260811-cl,CL-20261118-59-P-20260811
20260811,CL,20261118,60,C,9.73,9.93,9.83,439,1479,0.30,0.686,CL,NYMEX,snap-20260811-cl,CL-20261118-60-C-20260811
08/11/2026,CL,2026-11-18,60,P,3.77,3.85,3.81,543,1523,0.3156,-0.314,CL,NYMEX,snap-20260811-cl,CL-20261118-60-P-20260811
20260811,CL,20261118,61,C,8.69,8.86,8.77,752,"2,356",0.2947,0.707,CL,NYMEX,snap-20260811-cl,CL-20261118-61-C-20260811
2026-08-11,CL,2026-11-18,61,put,3.69,3.76,3.72,1211,5896,0.3086,-0.293,CL,NYMEX,snap-20260811-cl,CL-20261118-61-P-20260811
2026-08-11,CL,11/18/2026,62.00,Call,7.65,7.80,7.72,1782,4482,0.2904,0.733,CL,NYMEX,snap-20260811-cl,CL-20261118-62-C-20260811
20260811,CL,2026-11-18,62,P,3.61,3.67,3.64,3456,"13,290",0.3016,-0.267,CL,NYMEX,snap-20260811-cl,CL-20261118-62-P-20260811
08/11/2026,CL,2026-11-18,63,C,6.61,6.73,6.67,6333,16989,0.286,0.77,CL,NYMEX,snap-20260811-cl,CL-20261118-63-C-20260811
2026-08-11,cl,2026-11-18,63,P,3.52,3.59,3.55,5925,24531,0.2946,-0.233,CL,NYMEX,snap-20260811-cl,CL-20261118-63-P-20260811
2026-08-11,CL,2026-11-18,64,C,5.57,5.67,5.62,5613,14098,0.2817,0.812,CL,NYMEX,snap-20260811-cl,CL-20261118-64-C-20260811
2026-08-11,CL,20261118,64,P,3.44,3.5,3.47,4805,"17,691",0.2876,-0.188,CL,NYMEX,snap-20260811-cl,CL-20261118-64-P-20260811
2026-08-11,CL,2026-11-18,65,C,4.53,4.61,4.57,9386,40030,0.2773,0.875,CL,NYMEX,snap-20260811-cl,CL-20261118-65-C-20260811
08/11/2026,CL,11/18/26,65,P,3.36,3.42,3.39,11945,43865,0.2805,-0.125,CL,NYMEX,snap-20260811-cl,CL-20261118-65-P-20260811
08/11/2026,CL,11/18/2026,66,Call,3.49,3.54,3.52,13466,39853,0.273,0.972,CL,NYMEX,snap-20260811-cl,CL-20261118-66-C-20260811
08/11/26,CL,2026-11-18,66,P,3.27,3.33,3.3,10570,28605,0.2735,-0.028,CL,NYMEX,snap-20260811-cl,CL-20261118-66-P-20260811
2026-08-11,cl,20261118,67,C,3.3,3.36,3.33,12404,33759,0.2761,0.913,CL,NYMEX,snap-20260811-cl,CL-20261118-67-C-20260811
2026-08-11,CL,11/18/26,67,P,4.07,4.14,4.11,9242,40478,0.2754,-0.087,CL,NYMEX,snap-20260811-cl,CL-20261118-67-P-20260811
08/11/2026,CL,2026-11-18,68,C,3.37,3.42,3.4,10053,22400,0.2813,0.837,CL,NYMEX,snap-20260811-cl,CL-20261118-68-C-20260811
2026-08-11,CL,20261118,68,P,5.11,5.2,5.16,7572,39352,0.2797,-0.163,CL,NYMEX,snap-20260811-cl,CL-20261118-68-P-20260811
08/11/26,CL,11/18/2026,69,Call,3.43,3.49,3.46,5567,15363,0.2865,0.785,CL,NYMEX,snap-20260811-cl,CL-20261118-69-C-20260811
2026-08-11,CL,2026-11-18,69,P,6.15,6.26,6.2,6525,21119,0.2841,-0.215,CL,NYMEX,snap-20260811-cl,CL-20261118-69-P-20260811
20260811,CL,20261118,70,C,3.49,3.55,3.52,3402,7772,0.2917,0.747,CL,NYMEX,snap-20260811-cl,CL-20261118-70-C-20260811
2026-08-11,CL,2026-11-18,70,P,7.19,7.33,7.26,7742,34218,0.2884,-0.253,CL,NYMEX,snap-20260811-cl,CL-20261118-70-P-20260811
2026-08-11,CL,2026-11-18,71,C,3.55,3.62,3.58,844,3348,0.2969,0.72,CL,NYMEX,snap-20260811-cl,CL-20261118-71-C-20260811
08/11/2026,CL,11/18/2026,71,P,8.23,8.39,8.31,2452,7909,0.29,-0.283,CL,NYMEX,snap-20260811-cl,CL-20261118-71-P-20260811
08/11/2026,CL,20261118,72,Call,3.61,3.68,3.64,586,2566,0.3022,0.694,CL,NYMEX,snap-20260811-cl,CL-20261118-72-C-20260811
2026-08-11,CL,2026-11-18,72,P,9.27,9.46,9.36,343,1687,0.2971,-0.306,CL,NYMEX,snap-20260811-cl,CL-20261118-72-P-20260811
2026-08-11,CL,2026-11-18,73,C,3.67,3.75,3.71,248,696,0.3074,0.676,CL,NYMEX,snap-20260811-cl,CL-20261118-73-C-20260811
08/11/2026,CL,2026-11-18,73,P,10.31,10.53,10.42,691,1947,0.3015,-0.324,CL,NYMEX,snap-20260811-cl,CL-20261118-73-P-20260811
08/11/2026,CL,11/18/26,74,C,3.73,3.81,3.77,306,925,0.3126,0.661,CL,NYMEX,snap-20260811-cl,CL-20261118-74-C-20260811
20260811,CL,2026-11-18,74,P,11.35,11.59,11.47,392,1055,0.3058,-0.339,CL,NYMEX,snap-20260811-cl,CL-20261118-74-P-20260811
20260811,CL,2026-11-18,75,C,3.79,3.88,3.84,367,916,0.3178,0.648,CL,NYMEX,snap-20260811-cl,CL-20261118-75-C-20260811
08/11/2026,CL,2026-11-18,75,Put,12.39,12.66,12.52,781,2159,0.3102,-0.352,CL,NYMEX,snap-20260811-cl,CL-20261118-75-P-20260811
2026-08-11,CL,2026-11-18,76.00,C,3.86,3.94,3.9,477,2132,0.323,0.637,CL,NYMEX,snap-20260811-cl,CL-20261118-76-C-20260811
20260811,CL,2026-11-18,76,P,13.43,13.73,13.58,250,787,0.3145,-0.363,CL,NYMEX,snap-20260811-cl,CL-20261118-76-P-20260811
20260812,CL,08/19/2026,57,C,10.61,10.76,10.68,547,2613,0.3138,0.638,CL,NYMEX,snap-20260812-cl,CL-20260819-57-C-20260812
2026-08-12,CL,2026-08-19,57,P,1.09,1.1,1.1,1344,6060,0.3393,-0.362,CL,NYMEX,snap-20260812-cl,CL-20260819-57-P-20260812
2026-08-12,CL,2026-08-19,58,C,9.6,9.74,9.67,471,1423,0.3095,0.65,CL,NYMEX,snap-20260812-cl,CL-20260819-58-C-20260812
2026-08-12,CL,2026-08-19,58,P,1.07,1.08,1.08,612,1933,0.3323,-0.35,CL,NYMEX,snap-20260812-cl,CL-20260819-58-P-20260812
2026-08-12,cl,2026-08-19,59,C,8.6,8.71,8.66,1079,2572,0.3051,0.663,CL,NYMEX,snap-20260812-cl,CL-20260819-59-C-20260812
2026-08-12,CL,2026-08-19,59,P,1.04,1.06,1.05,534,2811,0.3254,-0.337,CL,NYMEX,snap-20260812-cl,CL-20260819-59-P-20260812
2026-08-12,CL,2026-08-19,60,C,7.59,7.69,7.64,1587,4412,0.3008,0.679,CL,NYMEX,snap-20260812-cl,CL-20260819-60-C-20260812
2026-08-12,cl,20260819,60,P,1.02,1.04,1.03,1295,6883,0.3184,-0.321,CL,NYMEX,snap-20260812-cl,CL-20260819-60-P-20260812
2026-08-12,CL,2026-08-19,61,C,6.59,6.67,6.63,759,"2,472",0.2965,0.698,CL,NYMEX,snap-20260812-cl,CL-20260819-61-C-20260812
2026-08-12,CL,20260819,61,P,1,1.01,1,1266,5319,0.3115,-0.302,CL,NYMEX,snap-20260812-cl,CL-20260819-61-P-20260812
08/12/2026,CL,2026-08-19,62,C,5.58,5.65,5.62,2536,10983,0.2922,0.721,CL,NYMEX,snap-20260812-cl,CL-20260819-62-C-20260812
2026-08-12,CL,20260819,62,P,0.98,0.99,0.98,3936,"17,389",0.3045,-0.279,CL,NYMEX,snap-20260812-cl,CL-20260819-62-P-20260812
2026-08-12,CL,20260819,63,C,4.58,4.62,4.6,5720,26433,0.2879,0.751,CL,NYMEX,snap-20260812-cl,CL-20260819-63-C-20260812
08/12/26,CL,2026-08-19,63,P ,0.96,0.97,0.96,"8,405",39715,0.2975,-0.249,CL,NYMEX,snap-20260812-cl,CL-20260819-63-P-20260812
08/12/2026,CL,2026-08-19,64.00,C,3.57,3.6,3.58,12426,40983,0.28,0.791,CL,NYMEX,snap-20260812-cl,CL-20260819-64-C-20260812
20260812,CL,2026-08-19,64,Put,0.93,0.94,0.94,16347,68556,0.2906,-0.209,CL,NYMEX,snap-20260812-cl,CL-20260819-64-P-20260812
2026-08-12,CL,08/19/2026,65,C,2.56,2.58,2.57,"20,876","88,479",0.28,0.845,CL,NYMEX,snap-20260812-cl,CL-20260819-65-C-20260812
2026-08-12,CL,2026-08-19,65,P,0.91,0.92,0.92,13427,52159,0.2836,-0.155,CL,NYMEX,snap-20260812-cl,CL-20260819-65-P-20260812
2026-08-12,CL,2026-08-19,66,C,1.55,1.57,1.56,12763,54791,0.2749,0.923,CL,NYMEX,snap-20260812-cl,CL-20260819-66-C-20260812
20260812,CL,20260819,66,P,0.89,0.9,0.9,21115,90285,0.2767,-0.077,CL,NYMEX,snap-20260812-cl,CL-20260819-66-P-20260812
2026-08-12,CL,2026-08-19,67,C,0.88,0.89,0.88,10263,32695,0.2737,0.959,CL,NYMEX,snap-20260812-cl,CL-20260819-67-C-20260812
2026-08-12,cl,08/19/2026,67,P,1.21,1.22,1.21,30327,107792,0.2734,-0.04,CL,NYMEX,snap-20260812-cl,CL-20260819-67-P-20260812
08/12/2026,CL,08/19/26,68,Call,0.9,0.91,0.9,7867,37267,0.2789,0.868,CL,NYMEX,snap-20260812-cl,CL-20260819-68-C-20260812
2026-08-12,CL,2026-08-19,68,P,2.22,2.24,2.23,10003,27773,0.2777,-0.132,CL,NYMEX,snap-20260812-cl,CL-20260819-68-P-20260812
20260812,CL,08/19/2026,69,Call,0.91,0.92,0.92,11920,"54,820",0.28,0.807,CL,NYMEX,snap-20260812-cl,CL-20260819-69-C-20260812
20260812,CL,08/19/2026,69,P,3.23,3.26,3.24,17226,76387,0.2821,-0.193,CL,NYMEX,snap-20260812-cl,CL-20260819-69-P-20260812
20260812,CL,08/19/26,70,C,0.93,0.94,0.94,8472,37368,0.2893,0.763,CL,NYMEX,snap-20260812-cl,CL-20260819-70-C-20260812
2026-08-12,CL,2026-08-19,70,Put,4.23,4.28,4.26,12503,61904,0.29,-0.24,CL,NYMEX,snap-20260812-cl,CL-20260819-70-P-20260812
08/12/2026,CL,2026-08-19,71,C,0.95,0.96,0.96,6039,14246,0.2944,0.731,CL,NYMEX,snap-20260812-cl,CL-20260819-71-C-20260812
20260812,CL,2026-08-19,71,P,5.24,5.30,5.27,3300,11006,0.2907,-0.269,CL,NYMEX,snap-20260812-cl,CL-20260819-71-P-20260812
20260812,CL,20260819,72,C,0.96,0.97,0.96,1203,4282,0.2996,0.705,CL,NYMEX,snap-20260812-cl,CL-20260819-72-C-20260812
20260812,CL,08/19/26,72,P,6.25,6.32,6.28,"1,342",5587,0.295,-0.295,CL,NYMEX,snap-20260812-cl,CL-20260819-72-P-20260812
2026-08-12,CL,08/19/2026,73,C,0.98,0.99,0.98,1071,3071,0.3048,0.685,CL,NYMEX,snap-20260812-cl,CL-20260819-73-C-20260812
2026-08-12,CL,08/19/26,73,P,7.25,7.34,7.3,449,1890,0.2993,-0.315,CL,NYMEX,snap-20260812-cl,CL-20260819-73-P-20260812
08/12/2026,CL,08/19/2026,74,Call,1,1.01,1,479,1463,0.31,0.668,CL,NYMEX,snap-20260812-cl,CL-20260819-74-C-20260812
2026-08-12,CL,2026-08-19,74,P,8.26,8.37,8.31,967,2718,0.3037,-0.332,CL,NYMEX,snap-20260812-cl,CL-20260819-74-P-20260812
08/12/26,cl,2026-08-19,75,C,1.01,1.03,1.02,1267,3609,0.3152,0.654,CL,NYMEX,snap-20260812-cl,CL-20260819-75-C-20260812
2026-08-12,CL,08/19/2026,75.00,P,9.26,9.39,9.32,"1,435",4012,0.308,-0.346,CL,NYMEX,snap-20260812-cl,CL-20260819-75-P-20260812
20260812,CL,2026-08-19,76,C,1.03,1.04,1.04,967,"4,330",0.32,0.64,CL,NYMEX,snap-20260812-cl,CL-20260819-76-C-20260812
08/12/2026,cl,2026-08-19,76,P,10.27,10.41,10.34,1305,"4,832",0.3123,-0.36,CL,NYMEX,snap-20260812-cl,CL-20260819-76-P-20260812
2026-08-12,CL,08/19/26,77.00,C,1.04,1.06,1.05,865,"3,495",0.3255,0.632,CL,NYMEX,snap-20260812-cl,CL-20260819-77-C-20260812
20260812,CL,2026-08-19,77,P,11.27,11.44,11.36,566,2000,0.3166,-0.368,CL,NYMEX,snap-20260812-cl,CL-20260819-77-P-20260812
2026-08-12,CL,09/16/26,57.00,C,11.84,12.04,11.94,560,1740,0.3138,0.638,CL,NYMEX,snap-20260812-cl,CL-20260916-57-C-20260812
08/12/26,CL,09/16/2026,57,put,2.43,2.47,2.45,472,1587,0.3393,-0.362,CL,NYMEX,snap-20260812-cl,CL-20260916-57-P-20260812
2026-08-12,cl,2026-09-16,58,C,10.82,10.99,10.9,754,2742,0.3095,0.65,CL,NYMEX,snap-20260812-cl,CL-20260916-58-C-20260812
2026-08-12,CL,2026-09-16,58,P,2.38,2.42,2.4,1059,4161,0.3323,-0.35,CL,NYMEX,snap-20260812-cl,CL-20260916-58-P-20260812
08/12/2026,cl,2026-09-16,59,C,9.8,9.95,9.88,819,3481,0.3051,0.663,CL,NYMEX,snap-20260812-cl,CL-20260916-59-C-20260812
2026-08-12,CL,09/16/2026,59,P,2.33,2.37,2.35,461,1572,0.3254,-0.337,CL,NYMEX,snap-20260812-cl,CL-20260916-59-P-20260812
2026-08-12,CL,2026-09-16,60,Call,8.78,8.91,8.84,1056,3734,0.3008,0.679,CL,NYMEX,snap-20260812-cl,CL-20260916-60-C-20260812
2026-08-12,CL,09/16/2026,60,P,2.28,2.32,2.3,613,3260,0.3184,-0.321,CL,NYMEX,snap-20260812-cl,CL-20260916-60-P-20260812
20260812,CL,2026-09-16,61,C,7.76,7.87,7.81,1001,3868,0.2965,0.698,CL,NYMEX,snap-20260812-cl,CL-20260916-61-C-20260812
2026-08-12,CL,20260916,61,P,2.23,2.27,2.25,789,3430,0.3115,-0.302,CL,NYMEX,snap-20260812-cl,CL-20260916-61-P-20260812
2026-08-12,CL,2026-09-16,62,C,6.73,6.83,6.78,2334,5185,0.2922,0.721,CL,NYMEX,snap-20260812-cl,CL-20260916-62-C-20260812
2026-08-12,CL,2026-09-16,62,P,2.19,2.22,2.2,4441,15821,0.3045,-0.279,CL,NYMEX,snap-20260812-cl,CL-20260916-62-P-20260812
08/12/2026,CL,09/16/26,63.00,Call,5.71,5.79,5.75,4455,10634,0.2879,0.751,CL,NYMEX,snap-20260812-cl,CL-20260916-63-C-20260812
08/12/26,CL,09/16/26,63,P,2.14,2.16,2.15,"8,527",44271,0.30,-0.249,CL,NYMEX,snap-20260812-cl,CL-20260916-63-P-20260812
20260812,CL,09/16/26,64,C,4.69,4.75,4.72,10178,31733,0.2835,0.791,CL,NYMEX,snap-20260812-cl,CL-20260916-64-C-20260812
20260812,CL,09/16/26,64,C,4.69,4.75,4.72,10178,31733,0.2835,0.791,CL,NYMEX,snap-20260812-cl-retry,CL-20260916-64-C-20260812
2026-08-12,cl,09/16/26,64,P,2.09,2.11,2.1,6736,36054,0.2906,-0.209,CL,NYMEX,snap-20260812-cl,CL-20260916-64-P-20260812
08/12/26,CL,20260916,65,C,3.67,3.71,3.69,"19,247",60649,0.2792,0.845,CL,NYMEX,snap-20260812-cl,CL-20260916-65-C-20260812
08/12/2026,CL,2026-09-16,65,Put,2.04,2.06,2.05,15366,72799,0.2836,-0.155,CL,NYMEX,snap-20260812-cl,CL-20260916-65-P-20260812
2026-08-12,CL,20260916,66,C,2.64,2.67,2.66,8029,34848,0.2749,0.923,CL,NYMEX,snap-20260812-cl,CL-20260916-66-C-20260812
2026-08-12,CL,2026-09-16,66,P,1.99,2.01,2,20330,84284,0.2767,-0.077,CL,NYMEX,snap-20260812-cl,CL-20260916-66-P-20260812
2026-08-12,CL,2026-09-16,67,C,1.97,1.99,1.98,14173,38383,0.27,0.96,CL,NYMEX,snap-20260812-cl,CL-20260916-67-C-20260812
08/12/2026,CL,2026-09-16,67.00,P,2.29,2.32,2.3,11403,48055,0.2734,-0.041,CL,NYMEX,snap-20260812-cl,CL-20260916-67-P-20260812
2026-08-12,CL,2026-09-16,68,C,2,2.03,2.01,15438,61486,0.2789,0.868,CL,NYMEX,snap-20260812-cl,CL-20260916-68-C-20260812
20260812,CL,20260916,68.00,P,3.32,3.36,3.34,7413,25611,0.2777,-0.132,CL,NYMEX,snap-20260812-cl,CL-20260916-68-P-20260812
20260812,CL,2026-09-16,69,C,2.04,2.07,2.05,9946,36377,0.2841,0.807,CL,NYMEX,snap-20260812-cl,CL-20260916-69-C-20260812
08/12/26,CL,2026-09-16,69,P,4.34,4.4,4.37,13263,62794,0.2821,-0.193,CL,NYMEX,snap-20260812-cl,CL-20260916-69-P-20260812
2026-08-12,CL,2026-09-16,70,C,2.08,2.1,2.09,13541,51295,0.2893,0.763,CL,NYMEX,snap-20260812-cl,CL-20260916-70-C-20260812
2026-08-12,CL,2026-09-16,70.00,P,5.36,5.43,5.4,"10,448",27524,0.2864,-0.237,CL,NYMEX,snap-20260812-cl,CL-20260916-70-P-20260812
2026-08-12,CL,20260916,71,C,2.11,2.14,2.12,5027,19168,0.2944,0.731,CL,NYMEX,snap-20260812-cl,CL-20260916-71-C-20260812
08/12/26,CL,2026-09-16,71,P,6.39,6.47,6.43,"6,012",32901,0.2907,-0.269,CL,NYMEX,snap-20260812-cl,CL-20260916-71-P-20260812
2026-08-12,CL,09/16/26,72,C,2.15,2.18,2.16,1216,4707,0.2996,0.705,CL,NYMEX,snap-20260812-cl,CL-20260916-72-C-20260812
08/12/2026,CL,20260916,72,P,7.41,7.51,7.46,1855,8415,0.295,-0.295,CL,NYMEX,snap-20260812-cl,CL-20260916-72-P-20260812
2026-08-12,CL,2026-09-16,73,C,2.19,2.22,2.20,411,1912,0.3048,0.685,CL,NYMEX,snap-20260812-cl,CL-20260916-73-C-20260812
20260812,CL,09/16/2026,73,P,8.43,8.56,8.5,1028,2863,0.2993,-0.315,CL,NYMEX,snap-20260812-cl,CL-20260916-73-P-20260812
08/12/26,CL,09/16/26,74,Call,2.22,2.26,2.24,669,2019,0.31,0.668,CL,NYMEX,snap-20260812-cl,CL-20260916-74-C-20260812
2026-08-12,CL,09/16/26,74,P,9.45,9.6,9.52,852,4041,0.3037,-0.332,CL,NYMEX,snap-20260812-cl,CL-20260916-74-P-20260812
2026-08-12,CL,09/16/26,75,C,2.26,2.3,2.28,1241,3208,0.3152,0.654,CL,NYMEX,snap-20260812-cl,CL-20260916-75-C-20260812
2026-08-12,CL,20260916,75,P,10.47,10.64,10.56,1308,4851,0.308,-0.346,CL,NYMEX,snap-20260812-cl,CL-20260916-75-P-20260812
2026-08-12,CL,2026-09-16,76.00,C,2.3,2.33,2.32,673,"2,234",0.3204,0.642,CL,NYMEX,snap-20260812-cl,CL-20260916-76-C-20260812
2026-08-12,CL,2026-09-16,76.00,P,11.49,11.68,11.58,796,4124,0.3123,-0.358,CL,NYMEX,snap-20260812-cl,CL-20260916-76-P-20260812
2026-08-12,CL,2026-09-16,77,C,2.33,2.37,2.35,350,1167,0.3255,0.632,CL,NYMEX,snap-20260812-cl,CL-20260916-77-C-20260812
2026-08-12,CL,2026-09-16,77,P,12.51,12.73,12.62,514,"1,556",0.32,-0.368,CL,NYMEX,snap-20260812-cl,CL-20260916-77-P-20260812
08/12/2026,CL,2026-10-14,57,C,12.59,12.83,12.71,787,"1,866",0.3138,0.638,CL,NYMEX,snap-20260812-cl,CL-20261014-57-C-20260812
08/12/2026,cl,10/14/2026,57,put,3.26,3.32,3.29,383,1384,0.3393,-0.362,CL,NYMEX,snap-20260812-cl,CL-20261014-57-P-20260812
2026-08-12,cl,10/14/2026,58,C,11.56,11.78,11.67,377,1070,0.3095,0.65,CL,NYMEX,snap-20260812-cl,CL-20261014-58-C-20260812
08/12/2026,CL,10/14/2026,58,P,3.19,3.25,3.22,586,1512,0.3323,-0.35,CL,NYMEX,snap-20260812-cl,CL-20261014-58-P-20260812
20260812,CL,2026-10-14,59,C,10.53,10.72,10.62,492,"1,739",0.3051,0.663,CL,NYMEX,snap-20260812-cl,CL-20261014-59-C-20260812
20260812,CL,10/14/2026,59,P,3.13,3.18,3.16,670,1791,0.3254,-0.337,CL,NYMEX,snap-20260812-cl,CL-20261014-59-P-20260812
2026-08-12,CL,2026-10-14,60,Call,9.5,9.67,9.59,376,1771,0.3008,0.679,CL,NYMEX,snap-20260812-cl,CL-20261014-60-C-20260812
2026-08-12,CL,10/14/2026,60,P,3.06,3.11,3.08,500,2072,0.3184,-0.32,CL,NYMEX,snap-20260812-cl,CL-20261014-60-P-20260812
20260812,CL,10/14/26,61,C,8.47,8.62,8.54,598,2307,0.2965,0.698,CL,NYMEX,snap-20260812-cl,CL-20261014-61-C-20260812
08/12/26,CL,2026-10-14,61,P ,2.99,3.04,3.02,520,1501,0.31,-0.302,CL,NYMEX,snap-20260812-cl,CL-20261014-61-P-20260812
08/12/2026,CL,20261014,62,C,7.44,7.56,7.5,2800,13124,0.2922,0.721,CL,NYMEX,snap-20260812-cl,CL-20261014-62-C-20260812
2026-08-12,CL,2026-10-14,62,P,2.93,2.98,2.96,"3,134",16993,0.3045,-0.279,CL,NYMEX,snap-20260812-cl,CL-20261014-62-P-20260812
08/12/26,CL,2026-10-14,63,Call,6.41,6.51,6.46,6575,"19,377",0.2879,0.751,CL,NYMEX,snap-20260812-cl,CL-20261014-63-C-20260812
08/12/2026,CL,2026-10-14,63,P,2.86,2.91,2.88,"2,700",11170,0.2975,-0.249,CL,NYMEX,snap-20260812-cl,CL-20261014-63-P-20260812
2026-08-12,cl,10/14/2026,64,C,5.38,5.46,5.42,3625,12593,0.2835,0.791,CL,NYMEX,snap-20260812-cl,CL-20261014-64-C-20260812
2026-08-12,CL,20261014,64,P,2.8,2.84,2.82,4800,17664,0.2906,-0.209,CL,NYMEX,snap-20260812-cl,CL-20261014-64-P-20260812
2026-08-12,CL,10/14/26,65,C,4.35,4.41,4.38,16864,73791,0.2792,0.845,CL,NYMEX,snap-20260812-cl,CL-20261014-65-C-20260812
2026-08-12,cl,20261014,65,P,2.73,2.77,2.75,9330,37254,0.2836,-0.155,CL,NYMEX,snap-20260812-cl,CL-20261014-65-P-20260812
08/12/26,CL,2026-10-14,66,Call,3.31,3.36,3.34,7614,20404,0.2749,0.923,CL,NYMEX,snap-20260812-cl,CL-20261014-66-C-20260812
08/12/26,CL,2026-10-14,66,P,2.66,2.7,2.68,20128,88004,0.2767,-0.077,CL,NYMEX,snap-20260812-cl,CL-20261014-66-P-20260812
2026-08-12,CL,2026-10-14,67,C,2.64,2.67,2.66,19408,51735,0.2737,0.959,CL,NYMEX,snap-20260812-cl,CL-20261014-67-C-20260812
2026-08-12,CL,20261014,67,P,2.96,3,2.98,15336,54503,0.2734,-0.041,CL,NYMEX,snap-20260812-cl,CL-20261014-67-P-20260812
2026-08-12,CL,2026-10-14,68,C,2.68,2.72,2.7,11118,40386,0.28,0.868,CL,NYMEX,snap-20260812-cl,CL-20261014-68-C-20260812
08/12/2026,cl,2026-10-14,68,P,3.99,4.05,4.02,17941,49945,0.2777,-0.132,CL,NYMEX,snap-20260812-cl,CL-20261014-68-P-20260812
08/12/26,CL,2026-10-14,69,Call,2.73,2.77,2.75,11552,26454,0.2841,0.807,CL,NYMEX,snap-20260812-cl,CL-20261014-69-C-20260812
2026-08-12,CL,2026-10-14,69,P,5.03,5.1,5.06,8328,31834,0.2821,-0.19,CL,NYMEX,snap-20260812-cl,CL-20261014-69-P-20260812
2026-08-12,CL,2026-10-14,70,C,2.78,2.83,2.8,10449,30541,0.29,0.763,CL,NYMEX,snap-20260812-cl,CL-20261014-70-C-20260812
2026-08-12,CL,10/14/2026,70,P,6.06,6.15,6.1,13093,49448,0.2864,-0.237,CL,NYMEX,snap-20260812-cl,CL-20261014-70-P-20260812
2026-08-12,CL,10/14/2026,71,C,2.83,2.88,2.86,4018,18121,0.2944,0.73,CL,NYMEX,snap-20260812-cl,CL-20261014-71-C-20260812
2026-08-12,CL,2026-10-14,71,P,7.09,7.2,7.14,3604,13704,0.2907,-0.269,CL,NYMEX,snap-20260812-cl,CL-20261014-71-P-20260812
2026-08-12,CL,10/14/2026,72,C,2.88,2.93,2.9,924,4392,0.2996,0.705,CL,NYMEX,snap-20260812-cl,CL-20261014-72-C-20260812
08/12/26,CL,2026-10-14,72,P,8.12,8.26,8.19,564,2530,0.295,-0.295,CL,NYMEX,snap-20260812-cl,CL-20261014-72-P-20260812
20260812,CL,2026-10-14,73,Call,2.93,2.98,2.96,445,1716,0.3048,0.685,CL,NYMEX,snap-20260812-cl,CL-20261014-73-C-20260812
08/12/2026,CL,2026-10-14,73,P,9.15,9.31,9.23,324,1066,0.30,-0.315,CL,NYMEX,snap-20260812-cl,CL-20261014-73-P-20260812
08/12/2026,CL,20261014,74,C,2.98,3.03,3,322,1309,0.31,0.668,CL,NYMEX,snap-20260812-cl,CL-20261014-74-C-20260812
2026-08-12,CL,2026-10-14,74,P,10.18,10.36,10.27,416,2091,0.3037,-0.332,CL,NYMEX,snap-20260812-cl,CL-20261014-74-P-20260812
2026-08-12,CL,20261014,75,C,3.03,3.08,3.05,929,3010,0.3152,0.654,CL,NYMEX,snap-20260812-cl,CL-20261014-75-C-20260812
2026-08-12,CL,2026-10-14,75,P ,11.21,11.42,11.32,"1,249",3803,0.308,-0.346,CL,NYMEX,snap-20260812-cl,CL-20261014-75-P-20260812
20260812,CL,2026-10-14,76,C,3.08,3.14,3.11,317,1357,0.32,0.642,CL,NYMEX,snap-20260812-cl,CL-20261014-76-C-20260812
20260812,cl,2026-10-14,76,P,12.24,12.47,12.36,628,2973,0.3123,-0.358,CL,NYMEX,snap-20260812-cl,CL-20261014-76-P-20260812
2026-08-12,CL,10/14/26,77,C,3.13,3.19,3.16,331,1430,0.3255,0.632,CL,NYMEX,snap-20260812-cl,CL-20261014-77-C-20260812
2026-08-12,CL,2026-10-14,77,P,13.27,13.53,13.4,912,3229,0.3166,-0.368,CL,NYMEX,snap-20260812-cl,CL-20261014-77-P-20260812
2026-08-12,CL,2026-11-18,57,C,13.32,13.61,13.46,223,528,0.3138,0.638,CL,NYMEX,snap-20260812-cl,CL-20261118-57-C-20260812
08/12/26,CL,20261118,57,P,4.06,4.15,4.11,458,1572,0.3393,-0.362,CL,NYMEX,snap-20260812-cl,CL-20261118-57-P-20260812
2026-08-12,CL,2026-11-18,58,C,12.28,12.54,12.41,367,1473,0.3095,0.65,CL,NYMEX,snap-20260812-cl,CL-20261118-58-C-20260812
20260812,CL,20261118,58,P,3.98,4.06,4.02,389,1530,0.3323,-0.35,CL,NYMEX,snap-20260812-cl,CL-20261118-58-P-20260812
2026-08-12,cl,2026-11-18,59,C,11.24,11.48,11.36,392,1734,0.3051,0.663,CL,NYMEX,snap-20260812-cl,CL-20261118-59-C-20260812
2026-08-12,CL,2026-11-18,59,P,3.89,3.98,3.94,398,2023,0.3254,-0.337,CL,NYMEX,snap-20260812-cl,CL-20261118-59-P-20260812
2026-08-12,CL,11/18/2026,60,C,10.2,10.41,10.3,614,2662,0.3008,0.679,CL,NYMEX,snap-20260812-cl,CL-20261118-60-C-20260812
2026-08-12,CL,2026-11-18,60,P,3.81,3.89,3.85,416,1524,0.3184,-0.321,CL,NYMEX,snap-20260812-cl,CL-20261118-60-P-20260812
08/12/26,CL,2026-11-18,61,C,9.16,9.35,9.25,483,1566,0.2965,0.698,CL,NYMEX,snap-20260812-cl,CL-20261118-61-C-20260812
2026-08-12,CL,2026-11-18,61,P,3.73,3.8,3.76,422,2181,0.3115,-0.302,CL,NYMEX,snap-20260812-cl,CL-20261118-61-P-20260812
08/12/26,CL,11/18/2026,62,C,8.12,8.28,8.2,2283,"5,862",0.2922,0.721,CL,NYMEX,snap-20260812-cl,CL-20261118-62-C-20260812
08/12/2026,CL,2026-11-18,62,P,3.65,3.72,3.68,1612,5919,0.3045,-0.279,CL,NYMEX,snap-20260812-cl,CL-20261118-62-P-20260812
08/12/26,CL,20261118,63,C,7.08,7.22,7.15,3203,9214,0.2879,0.751,CL,NYMEX,snap-20260812-cl,CL-20261118-63-C-20260812
2026-08-12,CL,2026-11-18,63,P,3.56,3.63,3.59,5121,15258,0.2975,-0.249,CL,NYMEX,snap-20260812-cl,CL-20261118-63-P-20260812
2026-08-12,CL,2026-11-18,64,Call,6.04,6.15,6.1,5359,18302,0.2835,0.791,CL,NYMEX,snap-20260812-cl,CL-20261118-64-C-20260812
2026-08-12,CL,2026-11-18,64,P,3.48,3.54,3.51,7450,34444,0.2906,-0.209,CL,NYMEX,snap-20260812-cl,CL-20261118-64-P-20260812
2026-08-12,CL,2026-11-18,65,C,5,5.09,5.04,13533,42418,0.2792,0.845,CL,NYMEX,snap-20260812-cl,CL-20261118-65-C-20260812
2026-08-12,CL,2026-11-18,65,P,3.4,3.46,3.43,11326,32460,0.2836,-0.155,CL,NYMEX,snap-20260812-cl,CL-20261118-65-P-20260812
08/12/26,CL,2026-11-18,66,C,3.96,4.03,4,10675,29017,0.2749,0.923,CL,NYMEX,snap-20260812-cl,CL-20261118-66-C-20260812
20260812,CL,20261118,66,P,3.32,3.37,3.34,6910,23990,0.2767,-0.077,CL,NYMEX,snap-20260812-cl,CL-20261118-66-P-20260812
2026-08-12,CL,11/18/2026,67,C,3.28,3.34,3.31,9038,21939,0.27,0.959,CL,NYMEX,snap-20260812-cl,CL-20261118-67-C-20260812
2026-08-12,CL,2026-11-18,67,P,3.61,3.67,3.64,6952,30879,0.2734,-0.041,CL,NYMEX,snap-20260812-cl,CL-20261118-67-P-20260812
2026-08-12,CL,2026-11-18,68.00,C,3.34,3.40,3.37,9687,32832,0.2789,0.868,CL,NYMEX,snap-20260812-cl,CL-20261118-68-C-20260812
2026-08-12,CL,2026-11-18,68,P,4.65,4.73,4.69,10345,53405,0.28,-0.132,CL,NYMEX,snap-20260812-cl,CL-20261118-68-P-20260812
08/12/26,CL,2026-11-18,69.00,C,3.4,3.46,3.43,4291,19709,0.2841,0.807,CL,NYMEX,snap-20260812-cl,CL-20261118-69-C-20260812
08/12/2026,CL,11/18/2026,69,P,5.69,5.79,5.74,3585,11786,0.2821,-0.193,CL,NYMEX,snap-20260812-cl,CL-20261118-69-P-20260812
2026-08-12,CL,20261118,70,C,3.47,3.53,3.5,7257,26852,0.2893,0.763,CL,NYMEX,snap-20260812-cl,CL-20261118-70-C-20260812
08/12/26,CL,20261118,70,put,6.73,6.85,6.79,5950,29957,0.2864,-0.237,CL,NYMEX,snap-20260812-cl,CL-20261118-70-P-20260812
08/12/26,CL,11/18/26,71,C,3.53,3.59,3.56,1221,4444,0.2944,0.731,CL,NYMEX,snap-20260812-cl,CL-20261118-71-C-20260812
2026-08-12,CL,2026-11-18,71,P,7.77,7.92,7.84,1744,5081,0.2907,-0.269,CL,NYMEX,snap-20260812-cl,CL-20261118-71-P-20260812
2026-08-12,cl,2026-11-18,72,C,3.59,3.66,3.62,936,2384,0.2996,0.705,CL,NYMEX,snap-20260812-cl,CL-20261118-72-C-20260812
2026-08-12,cl,2026-11-18,72.00,P,8.81,8.98,8.89,449,2185,0.295,-0.295,CL,NYMEX,snap-20260812-cl,CL-20261118-72-P-20260812
2026-08-12,CL,11/18/2026,73,C,3.65,3.72,3.68,216,757,0.3048,0.685,CL,NYMEX,snap-20260812-cl,CL-20261118-73-C-20260812
2026-08-12,CL,2026-11-18,73,P,9.85,10.05,9.95,288,1167,0.2993,-0.315,CL,NYMEX,snap-20260812-cl,CL-20261118-73-P-20260812
2026-08-12,CL,2026-11-18,74,C,3.71,3.79,3.75,388,1050,0.31,0.668,CL,NYMEX,snap-20260812-cl,CL-20261118-74-C-20260812
08/12/2026,cl,2026-11-18,74,P,10.89,11.11,11,237,790,0.3037,-0.332,CL,NYMEX,snap-20260812-cl,CL-20261118-74-P-20260812
2026-08-12,CL,11/18/2026,75,C,3.77,3.85,3.81,412,1744,0.3152,0.65,CL,NYMEX,snap-20260812-cl,CL-20261118-75-C-20260812
2026-08-12,CL,2026-11-18,75,P,11.93,12.18,12.06,948,3271,0.308,-0.346,CL,NYMEX,snap-20260812-cl,CL-20261118-75-P-20260812
2026-08-12,CL,2026-11-18,76,C,3.83,3.92,3.88,245,816,0.3204,0.642,CL,NYMEX,snap-20260812-cl,CL-20261118-76-C-20260812
2026-08-12,CL,11/18/26,76,P,12.96,13.25,13.1,654,1970,0.3123,-0.358,CL,NYMEX,snap-20260812-cl,CL-20261118-76-P-20260812
20260812,CL,20261118,77,C,3.89,3.98,3.94,299,1230,0.3255,0.632,CL,NYMEX,snap-20260812-cl,CL-20261118-77-C-20260812
2026-08-12,CL,2026-11-18,77,P,14,14.32,14.16,716,2063,0.3166,-0.368,CL,NYMEX,snap-20260812-cl,CL-20261118-77-P-20260812
20260813,CL,2026-08-19,56,C,10.83,10.99,10.91,388,1093,0.3156,0.634,CL,NYMEX,snap-20260813-cl,CL-20260819-56-C-20260813
08/13/2026,CL,08/19/2026,56,P,1.01,1.02,1.02,1373,6504,0.3422,-0.366,CL,NYMEX,snap-20260813-cl,CL-20260819-56-P-20260813
20260813,CL,20260819,57,C,9.83,9.97,9.9,974,"2,497",0.3112,0.645,CL,NYMEX,snap-20260813-cl,CL-20260819-57-C-20260813
08/13/2026,CL,2026-08-19,57,P,0.99,1,1,1143,3047,0.34,-0.355,CL,NYMEX,snap-20260813-cl,CL-20260819-57-P-20260813
20260813,CL,20260819,58,C,8.83,8.95,8.89,1098,3599,0.3068,0.66,CL,NYMEX,snap-20260813-cl,CL-20260819-58-C-20260813
20260813,CL,20260819,58,P,0.97,0.98,0.98,691,3623,0.3281,-0.343,CL,NYMEX,snap-20260813-cl,CL-20260819-58-P-20260813
08/13/2026,CL,08/19/2026,59,C,7.83,7.93,7.88,601,"2,760",0.30,0.672,CL,NYMEX,snap-20260813-cl,CL-20260819-59-C-20260813
08/13/2026,CL,20260819,59,P,0.94,0.96,0.95,1158,5359,0.3211,-0.33,CL,NYMEX,snap-20260813-cl,CL-20260819-59-P-20260813
2026-08-13,CL,20260819,60,C,6.82,6.9,6.86,661,2086,0.2981,0.69,CL,NYMEX,snap-20260813-cl,CL-20260819-60-C-20260813
08/13/2026,CL,08/19/2026,60,put,0.92,0.94,0.93,733,3084,0.3141,-0.31,CL,NYMEX,snap-20260813-cl,CL-20260819-60-P-20260813
2026-08-13,CL,2026-08-19,61,C,5.82,5.88,5.85,3100,12677,0.2937,0.712,CL,NYMEX,snap-20260813-cl,CL-20260819-61-C-20260813
20260813,CL,2026-08-19,61,P,0.9,0.91,0.9,1790,4987,0.307,-0.288,CL,NYMEX,snap-20260813-cl,CL-20260819-61-P-20260813
20260813,CL,20260819,62,C,4.81,4.86,4.84,7374,29113,0.2894,0.74,CL,NYMEX,snap-20260813-cl,CL-20260819-62-C-20260813
08/13/2026,CL,2026-08-19,62,P ,0.88,0.89,0.88,6836,"23,856",0.3,-0.26,CL,NYMEX,snap-20260813-cl,CL-20260819-62-P-20260813
2026-08-13,CL,20260819,63,C,3.8,3.84,3.82,6254,22436,0.285,0.776,CL,NYMEX,snap-20260813-cl,CL-20260819-63-C-20260813
20260813,cl,2026-08-19,63,P,0.86,0.87,0.86,5689,24264,0.293,-0.224,CL,NYMEX,snap-20260813-cl,CL-20260819-63-P-20260813
2026-08-13,CL,20260819,64,C,2.8,2.82,2.81,7139,20712,0.2806,0.825,CL,NYMEX,snap-20260813-cl,CL-20260819-64-C-20260813
08/13/2026,CL,2026-08-19,64,P,0.84,0.85,0.84,19580,95629,0.2859,-0.175,CL,NYMEX,snap-20260813-cl,CL-20260819-64-P-20260813
2026-08-13,CL,20260819,65,C,1.79,1.81,1.8,33275,84622,0.2763,0.895,CL,NYMEX,snap-20260813-cl,CL-20260819-65-C-20260813
2026-08-13,CL,2026-08-19,65,P,0.82,0.83,0.82,17380,"80,751",0.2789,-0.105,CL,NYMEX,snap-20260813-cl,CL-20260819-65-P-20260813
08/13/2026,CL,08/19/2026,66,C,0.8,0.81,0.8,14185,65898,0.2721,0.997,CL,NYMEX,snap-20260813-cl,CL-20260819-66-C-20260813
2026-08-13,CL,08/19/2026,66,P,0.82,0.83,0.82,"10,557",56249,0.2721,-0.003,CL,NYMEX,snap-20260813-cl,CL-20260819-66-P-20260813
2026-08-13,CL,2026-08-19,67,C,0.82,0.83,0.82,21190,70285,0.2773,0.891,CL,NYMEX,snap-20260813-cl,CL-20260819-67-C-20260813
20260813,CL,2026-08-19,67,P,1.83,1.85,1.84,17446,78744,0.2765,-0.109,CL,NYMEX,snap-20260813-cl,CL-20260819-67-P-20260813
08/13/2026,CL,08/19/2026,68,C,0.83,0.84,0.84,17709,77139,0.2826,0.822,CL,NYMEX,snap-20260813-cl,CL-20260819-68-C-20260813
2026-08-13,CL,08/19/2026,68,P ,2.84,2.87,2.86,18092,57272,0.2808,-0.178,CL,NYMEX,snap-20260813-cl,CL-20260819-68-P-20260813
2026-08-13,CL,2026-08-19,69,Call,0.85,0.86,0.86,12478,"59,742",0.2878,0.774,CL,NYMEX,snap-20260813-cl,CL-20260819-69-C-20260813
08/13/2026,CL,2026-08-19,69,Put,3.84,3.88,3.86,6812,30103,0.2852,-0.226,CL,NYMEX,snap-20260813-cl,CL-20260819-69-P-20260813
08/13/2026,CL,2026-08-19,70,Call,0.86,0.87,0.86,6559,29301,0.2931,0.738,CL,NYMEX,snap-20260813-cl,CL-20260819-70-C-20260813
2026-08-13,CL,2026-08-19,70,P,4.85,4.9,4.88,5899,26615,0.2895,-0.262,CL,NYMEX,snap-20260813-cl,CL-20260819-70-P-20260813
2026-08-13,CL,08/19/26,71,Call,0.88,0.89,0.88,3033,7149,0.2983,0.711,CL,NYMEX,snap-20260813-cl,CL-20260819-71-C-20260813
08/13/26,CL,2026-08-19,71,P,5.86,5.92,5.89,1268,4367,0.2939,-0.29,CL,NYMEX,snap-20260813-cl,CL-20260819-71-P-20260813
2026-08-13,CL,2026-08-19,72,C,0.89,0.9,0.9,883,3056,0.3035,0.689,CL,NYMEX,snap-20260813-cl,CL-20260819-72-C-20260813
2026-08-13,CL,2026-08-19,72,P,6.86,6.95,6.9,431,1497,0.2983,-0.311,CL,NYMEX,snap-20260813-cl,CL-20260819-72-P-20260813
08/13/2026,CL,2026-08-19,73,C,0.91,0.92,0.92,631,2196,0.3088,0.672,CL,NYMEX,snap-20260813-cl,CL-20260819-73-C-20260813
20260813,CL,20260819,73,put,7.87,7.97,7.92,988,5281,0.30,-0.328,CL,NYMEX,snap-20260813-cl,CL-20260819-73-P-20260813
08/13/26,CL,2026-08-19,74,C,0.92,0.94,0.93,996,4225,0.314,0.657,CL,NYMEX,snap-20260813-cl,CL-20260819-74-C-20260813
2026-08-13,CL,2026-08-19,74,put,8.87,8.99,8.93,1202,4872,0.307,-0.343,CL,NYMEX,snap-20260813-cl,CL-20260819-74-P-20260813
2026-08-13,CL,2026-08-19,75,Call,0.94,0.95,0.94,521,1816,0.3192,0.644,CL,NYMEX,snap-20260813-cl,CL-20260819-75-C-20260813
08/13/26,CL,08/19/26,75,Put,9.87,10.01,9.94,1843,8906,0.3114,-0.356,CL,NYMEX,snap-20260813-cl,CL-20260819-75-P-20260813
08/13/2026,CL,2026-08-19,76,C,0.95,0.97,0.96,617,"2,906",0.3245,0.634,CL,NYMEX,snap-20260813-cl,CL-20260819-76-C-20260813
08/13/2026,cl,2026-08-19,76.00,P,10.88,11.03,10.96,748,2049,0.3157,-0.366,CL,NYMEX,snap-20260813-cl,CL-20260819-76-P-20260813
08/13/2026,CL,09/16/2026,56,Call,12.1,12.31,12.2,911,4277,0.3156,0.634,CL,NYMEX,snap-20260813-cl,CL-20260916-56-C-20260813
2026-08-13,CL,2026-09-16,56.00,Put,2.39,2.43,2.41,533,2101,0.3422,-0.37,CL,NYMEX,snap-20260813-cl,CL-20260916-56-P-20260813
20260813,CL,2026-09-16,57.00,C,11.08,11.26,11.17,1054,2607,0.3112,0.645,CL,NYMEX,snap-20260813-cl,CL-20260916-57-C-20260813
08/13/2026,CL,2026-09-16,57,P,2.34,2.38,2.36,799,2897,0.3352,-0.355,CL,NYMEX,snap-20260813-cl,CL-20260916-57-P-20260813
2026-08-13,CL,2026-09-16,58,C,10.06,10.22,10.14,1023,3368,0.3068,0.657,CL,NYMEX,snap-20260813-cl,CL-20260916-58-C-20260813
08/13/2026,CL,2026-09-16,58,P,2.29,2.33,2.31,542,2755,0.3281,-0.343,CL,NYMEX,snap-20260813-cl,CL-20260916-58-P-20260813
20260813,CL,2026-09-16,59,C,9.04,9.18,9.11,386,1730,0.3025,0.672,CL,NYMEX,snap-20260813-cl,CL-20260916-59-C-20260813
2026-08-13,CL,2026-09-16,59,P,2.25,2.28,2.26,1112,5772,0.3211,-0.328,CL,NYMEX,snap-20260813-cl,CL-20260916-59-P-20260813
08/13/26,CL,2026-09-16,60,C,8.02,8.14,8.08,615,2714,0.2981,0.69,CL,NYMEX,snap-20260813-cl,CL-20260916-60-C-20260813
08/13/2026,cl,09/16/26,60,P,2.2,2.23,2.21,1197,6243,0.3141,-0.31,CL,NYMEX,snap-20260813-cl,CL-20260916-60-P-20260813
20260813,CL,09/16/2026,61,C,7,7.1,7.05,1800,6834,0.2937,0.712,CL,NYMEX,snap-20260813-cl,CL-20260916-61-C-20260813
2026-08-13,CL,2026-09-16,61,P,2.15,2.18,2.16,2783,7725,0.307,-0.288,CL,NYMEX,snap-20260813-cl,CL-20260916-61-P-20260813
2026-08-13,CL,2026-09-16,62,C,5.98,6.06,6.02,4886,15487,0.29,0.74,CL,NYMEX,snap-20260813-cl,CL-20260916-62-C-20260813
2026-08-13,CL,20260916,62,P,2.1,2.13,2.12,3178,15982,0.3,-0.26,CL,NYMEX,snap-20260813-cl,CL-20260916-62-P-20260813
08/13/2026,CL,2026-09-16,63,C,4.96,5.02,4.99,"10,551",50626,0.285,0.776,CL,NYMEX,snap-20260813-cl,CL-20260916-63-C-20260813
08/13/2026,CL,09/16/2026,63,P,2.05,2.08,2.06,"4,197",21112,0.293,-0.22,CL,NYMEX,snap-20260813-cl,CL-20260916-63-P-20260813
08/13/26,CL,2026-09-16,64,C,3.93,3.98,3.96,15809,74557,0.2806,0.825,CL,NYMEX,snap-20260813-cl,CL-20260916-64-C-20260813
2026-08-13,CL,2026-09-16,64,P,2.00,2.03,2.01,10794,58587,0.2859,-0.175,CL,NYMEX,snap-20260813-cl,CL-20260916-64-P-20260813
08/13/2026,CL,2026-09-16,65.00,C,2.91,2.94,2.92,23296,57925,0.2763,0.895,CL,NYMEX,snap-20260813-cl,CL-20260916-65-C-20260813
2026-08-13,CL,20260916,65,P,1.95,1.98,1.96,22938,124588,0.2789,-0.105,CL,NYMEX,snap-20260813-cl,CL-20260916-65-P-20260813
20260813,CL,09/16/2026,66,C,1.91,1.93,1.92,10144,22733,0.2721,0.997,CL,NYMEX,snap-20260813-cl,CL-20260916-66-C-20260813
20260813,CL,2026-09-16,66,P,1.93,1.95,1.94,22781,76599,0.27,-0.003,CL,NYMEX,snap-20260813-cl,CL-20260916-66-P-20260813
2026-08-13,CL,2026-09-16,67,C,1.94,1.97,1.96,7409,"19,170",0.2773,0.891,CL,NYMEX,snap-20260813-cl,CL-20260916-67-C-20260813
2026-08-13,CL,2026-09-16,67,P,2.95,2.99,2.97,17081,53476,0.2765,-0.109,CL,NYMEX,snap-20260813-cl,CL-20260916-67-P-20260813
2026-08-13,CL,09/16/2026,68,Call,1.98,2,1.99,12374,48680,0.2826,0.822,CL,NYMEX,snap-20260813-cl,CL-20260916-68-C-20260813
08/13/2026,CL,20260916,68,P,3.98,4.02,4,12960,68727,0.2808,-0.178,CL,NYMEX,snap-20260813-cl,CL-20260916-68-P-20260813
2026-08-13,CL,2026-09-16,69,C,2.02,2.04,2.03,7954,"19,468",0.2878,0.774,CL,NYMEX,snap-20260813-cl,CL-20260916-69-C-20260813
08/13/2026,CL,2026-09-16,69.00,Put,5,5.06,5.03,11290,"40,286",0.2852,-0.226,CL,NYMEX,snap-20260813-cl,CL-20260916-69-P-20260813
08/13/2026,CL,09/16/2026,70.00,Call,2.05,2.08,2.06,9517,44043,0.2931,0.738,CL,NYMEX,snap-20260813-cl,CL-20260916-70-C-20260813
2026-08-13,CL,2026-09-16,70,P,6.02,6.1,6.06,8588,38921,0.2895,-0.262,CL,NYMEX,snap-20260813-cl,CL-20260916-70-P-20260813
08/13/26,CL,09/16/2026,71,C,2.09,2.12,2.1,1493,6607,0.30,0.711,CL,NYMEX,snap-20260813-cl,CL-20260916-71-C-20260813
2026-08-13,cl,2026-09-16,71,P,7.04,7.14,7.09,2511,10399,0.2939,-0.289,CL,NYMEX,snap-20260813-cl,CL-20260916-71-P-20260813
2026-08-13,CL,2026-09-16,72,C,2.12,2.15,2.13,981,2511,0.3035,0.689,CL,NYMEX,snap-20260813-cl,CL-20260916-72-C-20260813
20260813,CL,20260916,72,P,8.06,8.18,8.12,499,1514,0.2983,-0.311,CL,NYMEX,snap-20260813-cl,CL-20260916-72-P-20260813
2026-08-13,CL,09/16/2026,73,C,2.16,2.19,2.17,786,3504,0.3088,0.672,CL,NYMEX,snap-20260813-cl,CL-20260916-73-C-20260813
08/13/2026,CL,2026-09-16,73,put,9.08,9.22,9.15,800,3857,0.3026,-0.328,CL,NYMEX,snap-20260813-cl,CL-20260916-73-P-20260813
08/13/2026,CL,2026-09-16,74,C,2.2,2.23,2.21,998,3893,0.314,0.657,CL,NYMEX,snap-20260813-cl,CL-20260916-74-C-20260813
2026-08-13,CL,20260916,74,P,10.1,10.26,10.18,417,1604,0.307,-0.343,CL,NYMEX,snap-20260813-cl,CL-20260916-74-P-20260813
2026-08-13,CL,09/16/26,75.00,C,2.23,2.27,2.25,662,2580,0.3192,0.644,CL,NYMEX,snap-20260813-cl,CL-20260916-75-C-20260813
2026-08-13,CL,2026-09-16,75,P,11.12,11.31,11.22,672,3201,0.3114,-0.356,CL,NYMEX,snap-20260813-cl,CL-20260916-75-P-20260813
2026-08-13,CL,2026-09-16,76,C,2.27,2.31,2.29,911,4176,0.3245,0.634,CL,NYMEX,snap-20260813-cl,CL-20260916-76-C-20260813
2026-08-13,CL,2026-09-16,76,P,12.14,12.35,12.24,450,1232,0.3157,-0.366,CL,NYMEX,snap-20260813-cl,CL-20260916-76-P-20260813
2026-08-13,CL,2026-10-14,56,C,12.86,13.11,12.98,694,2015,0.3156,0.634,CL,NYMEX,snap-20260813-cl,CL-20261014-56-C-20260813
08/13/2026,CL,2026-10-14,56,P,3.23,3.29,3.26,332,1749,0.3422,-0.366,CL,NYMEX,snap-20260813-cl,CL-20261014-56-P-20260813
2026-08-13,cl,10/14/26,57,C,11.83,12.05,11.94,502,2009,0.3112,0.645,CL,NYMEX,snap-20260813-cl,CL-20261014-57-C-20260813
2026-08-13,CL,10/14/2026,57,P,3.16,3.22,3.19,928,3508,0.3352,-0.355,CL,NYMEX,snap-20260813-cl,CL-20261014-57-P-20260813
08/13/26,CL,20261014,58,C,10.8,11,10.90,505,1919,0.3068,0.657,CL,NYMEX,snap-20260813-cl,CL-20261014-58-C-20260813
2026-08-13,CL,2026-10-14,58,Put,3.09,3.15,3.12,920,2787,0.3281,-0.343,CL,NYMEX,snap-20260813-cl,CL-20261014-58-P-20260813
20260813,cl,10/14/26,59,C,9.77,9.94,9.86,589,1841,0.3025,0.672,CL,NYMEX,snap-20260813-cl,CL-20261014-59-C-20260813
08/13/2026,CL,20261014,59,P,3.03,3.08,3.05,582,3116,0.3211,-0.328,CL,NYMEX,snap-20260813-cl,CL-20261014-59-P-20260813
08/13/2026,CL,2026-10-14,60,C,8.74,8.89,8.82,830,3002,0.2981,0.69,CL,NYMEX,snap-20260813-cl,CL-20261014-60-C-20260813
08/13/2026,CL,10/14/2026,60,P,2.96,3.01,2.98,764,3066,0.3141,-0.31,CL,NYMEX,snap-20260813-cl,CL-20261014-60-P-20260813
08/13/2026,cl,2026-10-14,61,C,7.71,7.84,7.78,2502,10347,0.2937,0.712,CL,NYMEX,snap-20260813-cl,CL-20261014-61-C-20260813
20260813,CL,2026-10-14,61,Put,2.9,2.95,2.92,2394,10379,0.307,-0.288,CL,NYMEX,snap-20260813-cl,CL-20261014-61-P-20260813
2026-08-13,CL,20261014,62,C,6.68,6.79,6.73,5733,13147,0.2894,0.74,CL,NYMEX,snap-20260813-cl,CL-20261014-62-C-20260813
2026-08-13,CL,10/14/26,62,P,2.83,2.88,2.86,4012,14849,0.3,-0.26,CL,NYMEX,snap-20260813-cl,CL-20261014-62-P-20260813
08/13/2026,CL,2026-10-14,63,C,5.65,5.74,5.7,7920,19206,0.28,0.776,CL,NYMEX,snap-20260813-cl,CL-20261014-63-C-20260813
20260813,CL,10/14/2026,63,P,2.77,2.81,2.79,5146,"26,764",0.293,-0.224,CL,NYMEX,snap-20260813-cl,CL-20261014-63-P-20260813
2026-08-13,CL,20261014,64,C,4.62,4.68,4.65,12572,40665,0.2806,0.825,CL,NYMEX,snap-20260813-cl,CL-20261014-64-C-20260813
2026-08-13,CL,10/14/2026,64,P,2.7,2.74,2.72,7453,32532,0.2859,-0.175,CL,NYMEX,snap-20260813-cl,CL-20261014-64-P-20260813
08/13/26,CL,10/14/2026,65,Call,3.58,3.63,3.6,18669,83396,0.2763,0.895,CL,NYMEX,snap-20260813-cl,CL-20261014-65-C-20260813
2026-08-13,CL,10/14/26,65,P,2.64,2.67,2.66,23061,88357,0.2789,-0.10,CL,NYMEX,snap-20260813-cl,CL-20261014-65-P-20260813
20260813,CL,2026-10-14,66,C,2.57,2.61,2.59,11809,"40,741",0.2721,0.997,CL,NYMEX,snap-20260813-cl,CL-20261014-66-C-20260813
20260813,CL,2026-10-14,66,P,2.59,2.63,2.61,23051,83397,0.2721,-0.003,CL,NYMEX,snap-20260813-cl,CL-20261014-66-P-20260813
2026-08-13,CL,2026-10-14,67,C,2.62,2.66,2.64,9537,"35,492",0.2773,0.891,CL,NYMEX,snap-20260813-cl,CL-20261014-67-C-20260813
20260813,CL,2026-10-14,67,Put,3.63,3.68,3.66,7738,"24,110",0.2765,-0.109,CL,NYMEX,snap-20260813-cl,CL-20261014-67-P-20260813
08/13/26,CL,10/14/2026,68,Call,2.67,2.71,2.69,6270,14325,0.2826,0.822,CL,NYMEX,snap-20260813-cl,CL-20261014-68-C-20260813
08/13/2026,CL,2026-10-14,68,put,4.66,4.73,4.7,5742,28674,0.2808,-0.18,CL,NYMEX,snap-20260813-cl,CL-20261014-68-P-20260813
2026-08-13,CL,2026-10-14,69,C,2.72,2.76,2.74,9293,25974,0.2878,0.774,CL,NYMEX,snap-20260813-cl,CL-20261014-69-C-20260813
2026-08-13,CL,20261014,69,P,5.69,5.78,5.74,7785,29941,0.2852,-0.226,CL,NYMEX,snap-20260813-cl,CL-20261014-69-P-20260813
2026-08-13,CL,10/14/26,70,C,2.77,2.81,2.79,5548,24504,0.2931,0.738,CL,NYMEX,snap-20260813-cl,CL-20261014-70-C-20260813
2026-08-13,CL,2026-10-14,70,P,6.72,6.83,6.78,9268,41545,0.2895,-0.262,CL,NYMEX,snap-20260813-cl,CL-20261014-70-P-20260813
2026-08-13,CL,2026-10-14,71,C,2.82,2.86,2.84,"1,865",8357,0.2983,0.711,CL,NYMEX,snap-20260813-cl,CL-20261014-71-C-20260813
2026-08-13,CL,2026-10-14,71,P,7.75,7.88,7.81,927,3090,0.2939,-0.289,CL,NYMEX,snap-20260813-cl,CL-20261014-71-P-20260813
08/13/26,CL,20261014,72,C,2.86,2.91,2.88,835,2619,0.30,0.689,CL,NYMEX,snap-20260813-cl,CL-20261014-72-C-20260813
2026-08-13,CL,10/14/2026,72,P,8.78,8.93,8.86,715,2317,0.2983,-0.311,CL,NYMEX,snap-20260813-cl,CL-20261014-72-P-20260813
20260813,CL,2026-10-14,73,Call,2.91,2.96,2.94,883,2440,0.3088,0.672,CL,NYMEX,snap-20260813-cl,CL-20261014-73-C-20260813
2026-08-13,CL,2026-10-14,73,P,9.81,9.99,9.9,626,2261,0.30,-0.328,CL,NYMEX,snap-20260813-cl,CL-20261014-73-P-20260813
2026-08-13,CL,20261014,74,C,2.96,3.02,2.99,736,2027,0.314,0.657,CL,NYMEX,snap-20260813-cl,CL-20261014-74-C-20260813
2026-08-13,CL,10/14/2026,74,P,10.84,11.04,10.94,359,1805,0.307,-0.343,CL,NYMEX,snap-20260813-cl,CL-20261014-74-P-20260813
2026-08-13,CL,20261014,75,C,3.01,3.07,3.04,437,1544,0.3192,0.64,CL,NYMEX,snap-20260813-cl,CL-20261014-75-C-20260813
20260813,CL,2026-10-14,75,P,11.87,12.1,11.98,852,3219,0.3114,-0.356,CL,NYMEX,snap-20260813-cl,CL-20261014-75-P-20260813
20260813,CL,2026-10-14,76,C,3.06,3.12,3.09,357,868,0.3245,0.634,CL,NYMEX,snap-20260813-cl,CL-20261014-76-C-20260813
2026-08-13,CL,2026-10-14,76,P,12.9,13.15,13.02,456,1201,0.3157,-0.366,CL,NYMEX,snap-20260813-cl,CL-20261014-76-P-20260813
2026-08-13,CL,2026-11-18,56,C,13.58,13.89,13.74,458,1271,0.3156,0.634,CL,NYMEX,snap-20260813-cl,CL-20261118-56-C-20260813
2026-08-13,CL,2026-11-18,56,P,4.03,4.12,4.08,350,1280,0.3422,-0.366,CL,NYMEX,snap-20260813-cl,CL-20261118-56-P-20260813
2026-08-13,CL,20261118,57,C,12.55,12.82,12.68,451,1995,0.3112,0.645,CL,NYMEX,snap-20260813-cl,CL-20261118-57-C-20260813
2026-08-13,CL,2026-11-18,57,P,3.95,4.03,3.99,638,3242,0.34,-0.355,CL,NYMEX,snap-20260813-cl,CL-20261118-57-P-20260813
2026-08-13,CL,2026-11-18,58,C,11.51,11.75,11.63,419,1204,0.3068,0.657,CL,NYMEX,snap-20260813-cl,CL-20261118-58-C-20260813
2026-08-13,CL,20261118,58,P,3.87,3.95,3.91,491,1743,0.33,-0.343,CL,NYMEX,snap-20260813-cl,CL-20261118-58-P-20260813
2026-08-13,CL,2026-11-18,59,C,10.47,10.69,10.58,519,2197,0.3025,0.672,CL,NYMEX,snap-20260813-cl,CL-20261118-59-C-20260813
2026-08-13,CL,2026-11-18,59,P,3.78,3.86,3.82,537,1449,0.3211,-0.328,CL,NYMEX,snap-20260813-cl,CL-20261118-59-P-20260813
20260813,CL,20261118,60,C,9.43,9.62,9.52,869,3354,0.2981,0.69,CL,NYMEX,snap-20260813-cl,CL-20261118-60-C-20260813
08/13/26,CL,11/18/2026,60,P,3.7,3.78,3.74,554,2331,0.31,-0.31,CL,NYMEX,snap-20260813-cl,CL-20261118-60-P-20260813
08/13/2026,CL,11/18/2026,61,C,8.4,8.56,8.48,1326,4342,0.29,0.712,CL,NYMEX,snap-20260813-cl,CL-20261118-61-C-20260813
20260813,CL,2026-11-18,61,P ,3.62,3.69,3.66,698,2095,0.307,-0.288,CL,NYMEX,snap-20260813-cl,CL-20261118-61-P-20260813
08/13/2026,CL,2026-11-18,62,Call,7.36,7.49,7.42,3453,9342,0.2894,0.74,CL,NYMEX,snap-20260813-cl,CL-20261118-62-C-20260813
08/13/26,CL,2026-11-18,62.00,P,3.54,3.6,3.57,2741,11177,0.3,-0.26,CL,NYMEX,snap-20260813-cl,CL-20261118-62-P-20260813
20260813,CL,2026-11-18,63,C,6.32,6.43,6.38,2724,9502,0.285,0.776,CL,NYMEX,snap-20260813-cl,CL-20261118-63-C-20260813
08/13/2026,CL,20261118,63,put,3.46,3.52,3.49,4139,18372,0.293,-0.224,CL,NYMEX,snap-20260813-cl,CL-20261118-63-P-20260813
2026-08-13,CL,11/18/26,64,C,5.27,5.37,5.32,6736,"20,749",0.2806,0.825,CL,NYMEX,snap-20260813-cl,CL-20261118-64-C-20260813
2026-08-13,CL,2026-11-18,64,Put,3.37,3.43,3.4,4793,19059,0.2859,-0.175,CL,NYMEX,snap-20260813-cl,CL-20261118-64-P-20260813
2026-08-13,CL,2026-11-18,65,C,4.23,4.3,4.27,8473,23525,0.2763,0.895,CL,NYMEX,snap-20260813-cl,CL-20261118-65-C-20260813
2026-08-13,cl,20261118,65.00,P,3.29,3.35,3.32,10563,46072,0.2789,-0.105,CL,NYMEX,snap-20260813-cl,CL-20261118-65-P-20260813
2026-08-13,cl,20261118,66,Call,3.21,3.27,3.24,12773,40098,0.2721,0.997,CL,NYMEX,snap-20260813-cl,CL-20261118-66-C-20260813
08/13/2026,CL,2026-11-18,66,P,3.23,3.29,3.26,13078,34556,0.2721,-0.003,CL,NYMEX,snap-20260813-cl,CL-20261118-66-P-20260813
2026-08-13,CL,2026-11-18,67,C,3.27,3.33,3.3,9224,22985,0.2773,0.891,CL,NYMEX,snap-20260813-cl,CL-20261118-67-C-20260813
2026-08-13,CL,2026-11-18,67,P,4.28,4.35,4.31,12237,57891,0.2765,-0.109,CL,NYMEX,snap-20260813-cl,CL-20261118-67-P-20260813
2026-08-13,CL,2026-11-18,68,C,3.33,3.39,3.36,3877,10119,0.2826,0.822,CL,NYMEX,snap-20260813-cl,CL-20261118-68-C-20260813
2026-08-13,CL,11/18/26,68,P,5.32,5.41,5.36,11331,30331,0.2808,-0.178,CL,NYMEX,snap-20260813-cl,CL-20261118-68-P-20260813
2026-08-13,CL,11/18/2026,69,C,3.4,3.46,3.43,5026,18672,0.2878,0.774,CL,NYMEX,snap-20260813-cl,CL-20261118-69-C-20260813
2026-08-13,CL,20261118,69.00,P,6.36,6.47,6.42,4063,12574,0.2852,-0.226,CL,NYMEX,snap-20260813-cl,CL-20261118-69-P-20260813
2026-08-13,CL,11/18/2026,70,C,3.46,3.52,3.49,5034,17759,0.2931,0.738,CL,NYMEX,snap-20260813-cl,CL-20261118-70-C-20260813
08/13/2026,CL,2026-11-18,70,P,7.4,7.54,7.47,5643,18125,0.29,-0.262,CL,NYMEX,snap-20260813-cl,CL-20261118-70-P-20260813
2026-08-13,CL,11/18/26,71.00,C,3.52,3.59,3.55,1191,"5,161",0.2983,0.711,CL,NYMEX,snap-20260813-cl,CL-20261118-71-C-20260813
2026-08-13,CL,11/18/26,71.00,C,3.52,3.59,3.55,1191,"5,161",0.2983,0.711,CL,NYMEX,snap-20260813-cl-retry,CL-20261118-71-C-20260813
08/13/2026,CL,11/18/26,71,P,8.44,8.6,8.52,679,2022,0.2939,-0.29,CL,NYMEX,snap-20260813-cl,CL-20261118-71-P-20260813
2026-08-13,CL,2026-11-18,72,C,3.58,3.65,3.62,617,1384,0.3035,0.69,CL,NYMEX,snap-20260813-cl,CL-20261118-72-C-20260813
2026-08-13,CL,11/18/26,72,P,9.48,9.67,9.57,463,"2,439",0.2983,-0.311,CL,NYMEX,snap-20260813-cl,CL-20261118-72-P-20260813
2026-08-13,CL,2026-11-18,73,C,3.64,3.71,3.68,218,762,0.3088,0.672,CL,NYMEX,snap-20260813-cl,CL-20261118-73-C-20260813
2026-08-13,CL,2026-11-18,73,P,10.51,10.73,10.62,305,876,0.3026,-0.328,CL,NYMEX,snap-20260813-cl,CL-20261118-73-P-20260813
08/13/2026,CL,2026-11-18,74,C,3.7,3.78,3.74,401,1834,0.314,0.657,CL,NYMEX,snap-20260813-cl,CL-20261118-74-C-20260813
20260813,CL,11/18/26,74,P,11.55,11.8,11.68,439,1858,0.307,-0.343,CL,NYMEX,snap-20260813-cl,CL-20261118-74-P-20260813
2026-08-13,CL,20261118,75,C,3.76,3.84,3.8,643,2440,0.3192,0.644,CL,NYMEX,snap-20260813-cl,CL-20261118-75-C-20260813
2026-08-13,CL,2026-11-18,75,P,12.59,12.86,12.72,777,4284,0.3114,-0.356,CL,NYMEX,snap-20260813-cl,CL-20261118-75-P-20260813
2026-08-13,CL,2026-11-18,76,C,3.82,3.91,3.86,294,1300,0.3245,0.634,CL,NYMEX,snap-20260813-cl,CL-20261118-76-C-20260813
2026-08-13,CL,2026-11-18,76,P,13.63,13.93,13.78,403,2068,0.3157,-0.366,CL,NYMEX,snap-20260813-cl,CL-20261118-76-P-20260813
20260814,CL,08/19/2026,56,C,10.9,11.06,10.98,993,4604,0.3161,0.633,CL,NYMEX,snap-20260814-cl,CL-20260819-56-C-20260814
2026-08-14,CL,2026-08-19,56.00,P,0.92,0.94,0.93,1291,3908,0.34,-0.367,CL,NYMEX,snap-20260814-cl,CL-20260819-56-P-20260814
20260814,CL,2026-08-19,57,C,9.89,10.03,9.96,1086,3145,0.3117,0.644,CL,NYMEX,snap-20260814-cl,CL-20260819-57-C-20260814
2026-08-14,CL,08/19/2026,57,P,0.90,0.92,0.91,449,"1,446",0.336,-0.356,CL,NYMEX,snap-20260814-cl,CL-20260819-57-P-20260814
20260814,CL,2026-08-19,58,C,8.89,9.01,8.95,983,4272,0.3074,0.656,CL,NYMEX,snap-20260814-cl,CL-20260819-58-C-20260814
08/14/2026,CL,08/19/26,58,P,0.89,0.9,0.9,527,2341,0.329,-0.344,CL,NYMEX,snap-20260814-cl,CL-20260819-58-P-20260814
08/14/26,CL,2026-08-19,59.00,C,7.89,7.99,7.94,693,2025,0.303,0.67,CL,NYMEX,snap-20260814-cl,CL-20260819-59-C-20260814
2026-08-14,CL,08/19/2026,59,P,0.87,0.88,0.88,1122,3993,0.322,-0.33,CL,NYMEX,snap-20260814-cl,CL-20260819-59-P-20260814
20260814,CL,2026-08-19,60,C,6.89,6.97,6.93,604,2246,0.2987,0.688,CL,NYMEX,snap-20260814-cl,CL-20260819-60-C-20260814
2026-08-14,CL,2026-08-19,60.00,P,0.85,0.86,0.86,1075,5513,0.31,-0.312,CL,NYMEX,snap-20260814-cl,CL-20260819-60-P-20260814
2026-08-14,CL,2026-08-19,61.00,C,5.88,5.95,5.92,2477,6776,0.2943,0.709,CL,NYMEX,snap-20260814-cl,CL-20260819-61-C-20260814
08/14/2026,CL,2026-08-19,61,Put,0.83,0.84,0.84,1019,3881,0.3079,-0.291,CL,NYMEX,snap-20260814-cl,CL-20260819-61-P-20260814
2026-08-14,CL,08/19/26,62,C,4.88,4.93,4.9,4145,14890,0.2899,0.736,CL,NYMEX,snap-20260814-cl,CL-20260819-62-C-20260814
08/14/2026,CL,2026-08-19,62,P,0.81,0.82,0.82,5501,17122,0.3009,-0.264,CL,NYMEX,snap-20260814-cl,CL-20260819-62-P-20260814
2026-08-14,CL,2026-08-19,63,Call,3.87,3.91,3.89,5342,"15,174",0.2856,0.77,CL,NYMEX,snap-20260814-cl,CL-20260819-63-C-20260814
2026-08-14,CL,2026-08-19,63,P,0.79,0.8,0.8,10265,44770,0.2939,-0.23,CL,NYMEX,snap-20260814-cl,CL-20260819-63-P-20260814
08/14/26,CL,2026-08-19,64,Call,2.87,2.9,2.88,18516,57975,0.2812,0.817,CL,NYMEX,snap-20260814-cl,CL-20260819-64-C-20260814
20260814,CL,20260819,64,P,0.77,0.78,0.78,10885,55560,0.2869,-0.183,CL,NYMEX,snap-20260814-cl,CL-20260819-64-P-20260814
08/14/2026,cl,08/19/26,65,C,1.86,1.88,1.87,23244,100758,0.2769,0.883,CL,NYMEX,snap-20260814-cl,CL-20260819-65-C-20260814
08/14/2026,CL,08/19/2026,65,P,0.75,0.76,0.76,23522,100759,0.2799,-0.117,CL,NYMEX,snap-20260814-cl,CL-20260819-65-P-20260814
08/14/26,cl,08/19/2026,66,C,0.85,0.86,0.86,25924,79522,0.2725,0.984,CL,NYMEX,snap-20260814-cl,CL-20260819-66-C-20260814
2026-08-14,CL,2026-08-19,66,P,0.73,0.74,0.74,11077,52470,0.2728,-0.016,CL,NYMEX,snap-20260814-cl,CL-20260819-66-P-20260814
08/14/2026,cl,2026-08-19,67,C,0.74,0.75,0.74,24001,109211,0.2766,0.903,CL,NYMEX,snap-20260814-cl,CL-20260819-67-C-20260814
2026-08-14,CL,2026-08-19,67,P,1.62,1.63,1.62,17766,54929,0.2758,-0.097,CL,NYMEX,snap-20260814-cl,CL-20260819-67-P-20260814
2026-08-14,CL,20260819,68,C,0.76,0.77,0.76,8300,24182,0.2818,0.831,CL,NYMEX,snap-20260814-cl,CL-20260819-68-C-20260814
2026-08-14,CL,2026-08-19,68,P,2.63,2.65,2.64,17482,85478,0.2802,-0.169,CL,NYMEX,snap-20260814-cl,CL-20260819-68-P-20260814
20260814,CL,08/19/2026,69,C,0.77,0.78,0.78,8824,33120,0.2871,0.78,CL,NYMEX,snap-20260814-cl,CL-20260819-69-C-20260814
2026-08-14,CL,2026-08-19,69,P,3.63,3.67,3.65,16300,75966,0.2845,-0.22,CL,NYMEX,snap-20260814-cl,CL-20260819-69-P-20260814
08/14/2026,CL,08/19/2026,70,Call,0.79,0.8,0.8,5174,23765,0.2923,0.743,CL,NYMEX,snap-20260814-cl,CL-20260819-70-C-20260814
2026-08-14,CL,2026-08-19,70,P,4.64,4.69,4.66,7552,23174,0.2889,-0.257,CL,NYMEX,snap-20260814-cl,CL-20260819-70-P-20260814
2026-08-14,CL,2026-08-19,71,C,0.8,0.81,0.8,3754,15221,0.2975,0.715,CL,NYMEX,snap-20260814-cl,CL-20260819-71-C-20260814
2026-08-14,CL,20260819,71,P,5.64,5.71,5.68,3738,11990,0.2933,-0.285,CL,NYMEX,snap-20260814-cl,CL-20260819-71-P-20260814
08/14/2026,CL,08/19/26,72,C,0.81,0.82,0.82,442,1778,0.3027,0.692,CL,NYMEX,snap-20260814-cl,CL-20260819-72-C-20260814
08/14/2026,CL,20260819,72,P ,6.65,6.73,6.69,573,2944,0.2976,-0.308,CL,NYMEX,snap-20260814-cl,CL-20260819-72-P-20260814
08/14/2026,CL,08/19/26,73,C,0.83,0.84,0.84,437,1944,0.308,0.674,CL,NYMEX,snap-20260814-cl,CL-20260819-73-C-20260814
20260814,CL,2026-08-19,73,P,7.65,7.75,7.70,894,"4,669",0.302,-0.326,CL,NYMEX,snap-20260814-cl,CL-20260819-73-P-20260814
2026-08-14,CL,2026-08-19,74,Call,0.84,0.85,0.84,626,2419,0.3132,0.659,CL,NYMEX,snap-20260814-cl,CL-20260819-74-C-20260814
08/14/2026,CL,2026-08-19,74.00,P,8.65,8.77,8.71,960,3908,0.3063,-0.341,CL,NYMEX,snap-20260814-cl,CL-20260819-74-P-20260814
08/14/26,CL,08/19/26,75,Call,0.86,0.87,0.86,1568,7300,0.32,0.646,CL,NYMEX,snap-20260814-cl,CL-20260819-75-C-20260814
08/14/2026,CL,2026-08-19,75,P,9.65,9.79,9.72,1570,6068,0.3107,-0.35,CL,NYMEX,snap-20260814-cl,CL-20260819-75-P-20260814
08/14/2026,CL,2026-08-19,76,C,0.87,0.88,0.88,1227,"4,655",0.3236,0.636,CL,NYMEX,snap-20260814-cl,CL-20260819-76-C-20260814
08/14/26,CL,2026-08-19,76,P ,10.66,10.81,10.74,712,2829,0.315,-0.36,CL,NYMEX,snap-20260814-cl,CL-20260819-76-P-20260814
2026-08-14,CL,09/16/2026,56,C,12.22,12.42,12.32,712,1951,0.3161,0.633,CL,NYMEX,snap-20260814-cl,CL-20260916-56-C-20260814
2026-08-14,CL,09/16/2026,56,P,2.37,2.41,2.39,371,1921,0.343,-0.367,CL,NYMEX,snap-20260814-cl,CL-20260916-56-P-20260814
2026-08-14,CL,2026-09-16,57,C,11.2,11.38,11.29,503,1412,0.3117,0.644,CL,NYMEX,snap-20260814-cl,CL-20260916-57-C-20260814
08/14/2026,CL,09/16/26,57,P,2.32,2.36,2.34,820,4429,0.336,-0.356,CL,NYMEX,snap-20260814-cl,CL-20260916-57-P-20260814
20260814,CL,20260916,58,C,10.18,10.34,10.26,589,2448,0.3074,0.656,CL,NYMEX,snap-20260814-cl,CL-20260916-58-C-20260814
20260814,CL,09/16/2026,58,P,2.27,2.31,2.29,491,1412,0.329,-0.344,CL,NYMEX,snap-20260814-cl,CL-20260916-58-P-20260814
2026-08-14,CL,2026-09-16,59,C,9.16,9.3,9.23,856,3023,0.30,0.67,CL,NYMEX,snap-20260814-cl,CL-20260916-59-C-20260814
08/14/26,CL,2026-09-16,59,P,2.22,2.26,2.24,"1,159",3705,0.322,-0.33,CL,NYMEX,snap-20260814-cl,CL-20260916-59-P-20260814
08/14/2026,CL,20260916,60,C,8.14,8.26,8.2,946,4047,0.2987,0.688,CL,NYMEX,snap-20260814-cl,CL-20260916-60-C-20260814
2026-08-14,cl,20260916,60,P,2.18,2.21,2.2,549,2650,0.3149,-0.312,CL,NYMEX,snap-20260814-cl,CL-20260916-60-P-20260814
08/14/2026,CL,20260916,61,C,7.12,7.22,7.17,2443,7797,0.2943,0.709,CL,NYMEX,snap-20260814-cl,CL-20260916-61-C-20260814
2026-08-14,CL,09/16/2026,61,P,2.13,2.16,2.14,2639,8300,0.3079,-0.291,CL,NYMEX,snap-20260814-cl,CL-20260916-61-P-20260814
2026-08-14,CL,20260916,62,C,6.1,6.18,6.14,2766,"12,877",0.2899,0.736,CL,NYMEX,snap-20260814-cl,CL-20260916-62-C-20260814
08/14/2026,CL,09/16/26,62,put,2.08,2.11,2.09,6043,26021,0.3009,-0.264,CL,NYMEX,snap-20260814-cl,CL-20260916-62-P-20260814
2026-08-14,CL,09/16/2026,63,C,5.07,5.14,5.11,5216,24988,0.2856,0.77,CL,NYMEX,snap-20260814-cl,CL-20260916-63-C-20260814
20260814,CL,09/16/26,63,P,2.03,2.06,2.04,5675,"19,449",0.2939,-0.23,CL,NYMEX,snap-20260814-cl,CL-20260916-63-P-20260814
08/14/26,CL,2026-09-16,64,C,4.05,4.1,4.07,"8,641",21716,0.2812,0.817,CL,NYMEX,snap-20260814-cl,CL-20260916-64-C-20260814
2026-08-14,CL,09/16/2026,64,P,1.98,2.01,1.99,8544,33188,0.2869,-0.183,CL,NYMEX,snap-20260814-cl,CL-20260916-64-P-20260814
2026-08-14,CL,09/16/2026,65,Call,3.03,3.06,3.04,17866,57541,0.2769,0.883,CL,NYMEX,snap-20260814-cl,CL-20260916-65-C-20260814
2026-08-14,CL,2026-09-16,65,P,1.94,1.96,1.95,14454,38880,0.28,-0.12,CL,NYMEX,snap-20260814-cl,CL-20260916-65-P-20260814
08/14/26,CL,20260916,66,C,2.01,2.03,2.02,19397,90085,0.2725,0.984,CL,NYMEX,snap-20260814-cl,CL-20260916-66-C-20260814
2026-08-14,CL,09/16/2026,66,P,1.89,1.91,1.9,12649,38849,0.2728,-0.016,CL,NYMEX,snap-20260814-cl,CL-20260916-66-P-20260814
2026-08-14,CL,20260916,67,C,1.91,1.94,1.92,"14,145",67714,0.2766,0.903,CL,NYMEX,snap-20260814-cl,CL-20260916-67-C-20260814
08/14/2026,CL,2026-09-16,67,P,2.78,2.82,2.80,13403,45114,0.2758,-0.097,CL,NYMEX,snap-20260814-cl,CL-20260916-67-P-20260814
08/14/26,CL,20260916,68,C,1.95,1.97,1.96,16950,45479,0.2818,0.831,CL,NYMEX,snap-20260814-cl,CL-20260916-68-C-20260814
08/14/2026,CL,09/16/26,68,P,3.81,3.85,3.83,16499,90613,0.2802,-0.169,CL,NYMEX,snap-20260814-cl,CL-20260916-68-P-20260814
2026-08-14,CL,2026-09-16,69,C,1.98,2.01,1.99,"4,514",20744,0.2871,0.78,CL,NYMEX,snap-20260814-cl,CL-20260916-69-C-20260814
20260814,CL,2026-09-16,69,P,4.83,4.89,4.86,9349,27738,0.2845,-0.22,CL,NYMEX,snap-20260814-cl,CL-20260916-69-P-20260814
08/14/26,CL,09/16/2026,70,C,2.02,2.05,2.04,8916,34600,0.2923,0.743,CL,NYMEX,snap-20260814-cl,CL-20260916-70-C-20260814
20260814,CL,09/16/2026,70,P,5.85,5.93,5.89,10428,32633,0.2889,-0.257,CL,NYMEX,snap-20260814-cl,CL-20260916-70-P-20260814
2026-08-14,CL,2026-09-16,71,C,2.06,2.08,2.07,2519,6763,0.2975,0.715,CL,NYMEX,snap-20260814-cl,CL-20260916-71-C-20260814
2026-08-14,CL,09/16/26,71,P ,6.87,6.97,6.92,1283,4765,0.2933,-0.285,CL,NYMEX,snap-20260814-cl,CL-20260916-71-P-20260814
20260814,CL,20260916,72,C,2.09,2.12,2.1,720,2446,0.3027,0.692,CL,NYMEX,snap-20260814-cl,CL-20260916-72-C-20260814
20260814,CL,2026-09-16,72,P,7.89,8.01,7.95,876,2931,0.2976,-0.308,CL,NYMEX,snap-20260814-cl,CL-20260916-72-P-20260814
2026-08-14,cl,2026-09-16,73,C,2.13,2.16,2.14,718,2633,0.308,0.674,CL,NYMEX,snap-20260814-cl,CL-20260916-73-C-20260814
2026-08-14,CL,2026-09-16,73,put,8.91,9.05,8.98,571,2648,0.302,-0.326,CL,NYMEX,snap-20260814-cl,CL-20260916-73-P-20260814
08/14/2026,CL,09/16/2026,74,C,2.16,2.2,2.18,780,3350,0.3132,0.66,CL,NYMEX,snap-20260814-cl,CL-20260916-74-C-20260814
2026-08-14,CL,20260916,74,P ,9.93,10.09,10.01,556,2545,0.3063,-0.341,CL,NYMEX,snap-20260814-cl,CL-20260916-74-P-20260814
20260814,CL,2026-09-16,75,C,2.2,2.23,2.21,963,3620,0.3184,0.646,CL,NYMEX,snap-20260814-cl,CL-20260916-75-C-20260814
20260814,CL,2026-09-16,75,P,10.95,11.13,11.04,1214,4472,0.3107,-0.354,CL,NYMEX,snap-20260814-cl,CL-20260916-75-P-20260814
08/14/26,CL,09/16/2026,76,C,2.23,2.27,2.25,514,1901,0.3236,0.636,CL,NYMEX,snap-20260814-cl,CL-20260916-76-C-20260814
2026-08-14,CL,2026-09-16,76,P,11.97,12.17,12.07,519,1655,0.315,-0.364,CL,NYMEX,snap-20260814-cl,CL-20260916-76-P-20260814
08/14/2026,CL,2026-10-14,56,C,12.98,13.24,13.11,701,3038,0.32,0.633,CL,NYMEX,snap-20260814-cl,CL-20261014-56-C-20260814
08/14/2026,CL,2026-10-14,56,P ,3.21,3.28,3.24,499,1895,0.343,-0.367,CL,NYMEX,snap-20260814-cl,CL-20261014-56-P-20260814
2026-08-14,CL,2026-10-14,57,C,11.96,12.18,12.07,563,1362,0.3117,0.644,CL,NYMEX,snap-20260814-cl,CL-20261014-57-C-20260814
2026-08-14,CL,20261014,57,P,3.15,3.21,3.18,406,2041,0.336,-0.356,CL,NYMEX,snap-20260814-cl,CL-20261014-57-P-20260814
2026-08-14,CL,2026-10-14,58,Call,10.93,11.13,11.03,549,1895,0.3074,0.656,CL,NYMEX,snap-20260814-cl,CL-20261014-58-C-20260814
08/14/2026,CL,20261014,58,P,3.08,3.14,3.11,960,3216,0.329,-0.344,CL,NYMEX,snap-20260814-cl,CL-20261014-58-P-20260814
2026-08-14,cl,10/14/2026,59,Call,9.9,10.07,9.98,798,"3,169",0.303,0.67,CL,NYMEX,snap-20260814-cl,CL-20261014-59-C-20260814
2026-08-14,CL,10/14/2026,59,P,3.02,3.07,3.04,500,1484,0.322,-0.33,CL,NYMEX,snap-20260814-cl,CL-20261014-59-P-20260814
2026-08-14,CL,2026-10-14,60,C,8.87,9.02,8.94,690,2445,0.2987,0.688,CL,NYMEX,snap-20260814-cl,CL-20261014-60-C-20260814
08/14/2026,CL,10/14/2026,60.00,P,2.95,3,2.98,1142,3311,0.3149,-0.31,CL,NYMEX,snap-20260814-cl,CL-20261014-60-P-20260814
2026-08-14,CL,2026-10-14,61,C,7.84,7.97,7.9,1423,5109,0.2943,0.709,CL,NYMEX,snap-20260814-cl,CL-20261014-61-C-20260814
20260814,CL,2026-10-14,61,P,2.89,2.94,2.92,"1,484",4999,0.3079,-0.291,CL,NYMEX,snap-20260814-cl,CL-20261014-61-P-20260814
2026-08-14,CL,10/14/2026,62.00,C,6.81,6.92,6.86,4538,14068,0.2899,0.736,CL,NYMEX,snap-20260814-cl,CL-20261014-62-C-20260814
2026-08-14,CL,20261014,62,P,2.82,2.87,2.84,2579,10856,0.30,-0.264,CL,NYMEX,snap-20260814-cl,CL-20261014-62-P-20260814
2026-08-14,CL,2026-10-14,63,C,5.78,5.87,5.82,9384,40772,0.2856,0.77,CL,NYMEX,snap-20260814-cl,CL-20261014-63-C-20260814
2026-08-14,CL,20261014,63,P,2.76,2.8,2.78,4662,21585,0.2939,-0.23,CL,NYMEX,snap-20260814-cl,CL-20261014-63-P-20260814
2026-08-14,CL,10/14/2026,64,C,4.75,4.81,4.78,8077,35241,0.2812,0.82,CL,NYMEX,snap-20260814-cl,CL-20261014-64-C-20260814
08/14/26,CL,10/14/2026,64,P,2.69,2.73,2.71,5285,15360,0.2869,-0.183,CL,NYMEX,snap-20260814-cl,CL-20261014-64-P-20260814
08/14/26,CL,2026-10-14,65,Call,3.71,3.77,3.74,19279,57054,0.2769,0.883,CL,NYMEX,snap-20260814-cl,CL-20261014-65-C-20260814
08/14/2026,CL,20261014,65,P,2.63,2.67,2.65,19178,70144,0.2799,-0.117,CL,NYMEX,snap-20260814-cl,CL-20261014-65-P-20260814
2026-08-14,CL,20261014,66,C,2.68,2.72,2.7,13606,46866,0.2725,0.984,CL,NYMEX,snap-20260814-cl,CL-20261014-66-C-20260814
2026-08-14,CL,20261014,66,C,2.68,2.72,2.7,13606,46866,0.2725,0.984,CL,NYMEX,snap-20260814-cl-retry,CL-20261014-66-C-20260814
2026-08-14,CL,2026-10-14,66,P,2.56,2.6,2.58,11523,35459,0.2728,-0.016,CL,NYMEX,snap-20260814-cl,CL-20261014-66-P-20260814
2026-08-14,CL,20261014,67,C,2.6,2.63,2.62,10967,30339,0.2766,0.903,CL,NYMEX,snap-20260814-cl,CL-20261014-67-C-20260814
2026-08-14,CL,2026-10-14,67,P,3.47,3.51,3.49,11226,43181,0.2758,-0.097,CL,NYMEX,snap-20260814-cl,CL-20261014-67-P-20260814
08/14/2026,CL,10/14/2026,68,Call,2.65,2.69,2.67,5337,16185,0.2818,0.831,CL,NYMEX,snap-20260814-cl,CL-20261014-68-C-20260814
2026-08-14,CL,20261014,68,P,4.5,4.56,4.53,13177,51563,0.2802,-0.169,CL,NYMEX,snap-20260814-cl,CL-20261014-68-P-20260814
2026-08-14,CL,20261014,69,Call,2.7,2.74,2.72,"3,260","10,246",0.2871,0.78,CL,NYMEX,snap-20260814-cl,CL-20261014-69-C-20260814
2026-08-14,CL,10/14/2026,69,P,5.53,5.61,5.57,3732,13147,0.2845,-0.22,CL,NYMEX,snap-20260814-cl,CL-20261014-69-P-20260814
2026-08-14,CL,2026-10-14,70,C,2.74,2.79,2.76,"5,445","25,229",0.2923,0.743,CL,NYMEX,snap-20260814-cl,CL-20261014-70-C-20260814
20260814,CL,20261014,70,P,6.56,6.66,6.61,9558,52288,0.2889,-0.257,CL,NYMEX,snap-20260814-cl,CL-20261014-70-P-20260814
2026-08-14,CL,2026-10-14,71,C,2.79,2.84,2.82,2096,8498,0.2975,0.715,CL,NYMEX,snap-20260814-cl,CL-20261014-71-C-20260814
20260814,CL,2026-10-14,71,P,7.59,7.72,7.65,3161,17123,0.2933,-0.285,CL,NYMEX,snap-20260814-cl,CL-20261014-71-P-20260814
2026-08-14,CL,2026-10-14,72,C,2.84,2.89,2.86,830,2183,0.3027,0.69,CL,NYMEX,snap-20260814-cl,CL-20261014-72-C-20260814
2026-08-14,CL,20261014,72,P,8.62,8.77,8.7,969,4955,0.2976,-0.31,CL,NYMEX,snap-20260814-cl,CL-20261014-72-P-20260814
08/14/2026,CL,10/14/2026,73,C,2.89,2.94,2.92,798,2967,0.308,0.674,CL,NYMEX,snap-20260814-cl,CL-20261014-73-C-20260814
08/14/26,CL,10/14/26,73,P,9.65,9.82,9.73,908,3068,0.302,-0.326,CL,NYMEX,snap-20260814-cl,CL-20261014-73-P-20260814
2026-08-14,CL,2026-10-14,74,C,2.94,2.99,2.96,881,2933,0.3132,0.659,CL,NYMEX,snap-20260814-cl,CL-20261014-74-C-20260814
2026-08-14,cl,2026-10-14,74,P,10.68,10.87,10.77,340,1028,0.3063,-0.341,CL,NYMEX,snap-20260814-cl,CL-20261014-74-P-20260814
2026-08-14,CL,10/14/2026,75,C,2.98,3.04,3.01,660,2773,0.3184,0.646,CL,NYMEX,snap-20260814-cl,CL-20261014-75-C-20260814
08/14/2026,CL,2026-10-14,75,P,11.71,11.93,11.82,708,3590,0.3107,-0.354,CL,NYMEX,snap-20260814-cl,CL-20261014-75-P-20260814
20260814,CL,2026-10-14,76,C,3.03,3.09,3.06,353,850,0.3236,0.636,CL,NYMEX,snap-20260814-cl,CL-20261014-76-C-20260814
2026-08-14,CL,2026-10-14,76,P,12.74,12.98,12.86,832,3585,0.315,-0.364,CL,NYMEX,snap-20260814-cl,CL-20261014-76-P-20260814
2026-08-14,CL,2026-11-18,56,C,13.72,14.02,13.87,237,895,0.3161,0.63,CL,NYMEX,snap-20260814-cl,CL-20261118-56-C-20260814
2026-08-14,cl,20261118,56,put,4.03,4.12,4.08,299,781,0.343,-0.37,CL,NYMEX,snap-20260814-cl,CL-20261118-56-P-20260814
08/14/2026,CL,11/18/2026,57.00,C,12.68,12.96,12.82,563,1534,0.3117,0.644,CL,NYMEX,snap-20260814-cl,CL-20261118-57-C-20260814
2026-08-14,CL,11/18/26,57,P,3.94,4.03,3.98,333,1148,0.34,-0.356,CL,NYMEX,snap-20260814-cl,CL-20261118-57-P-20260814
08/14/2026,CL,20261118,58,C,11.64,11.89,11.76,370,1420,0.3074,0.656,CL,NYMEX,snap-20260814-cl,CL-20261118-58-C-20260814
2026-08-14,CL,11/18/2026,58,P,3.86,3.95,3.9,546,2989,0.33,-0.344,CL,NYMEX,snap-20260814-cl,CL-20261118-58-P-20260814
2026-08-14,CL,2026-11-18,59,C,10.61,10.83,10.72,240,1029,0.303,0.67,CL,NYMEX,snap-20260814-cl,CL-20261118-59-C-20260814
2026-08-14,CL,2026-11-18,59,P,3.78,3.86,3.82,414,1059,0.322,-0.33,CL,NYMEX,snap-20260814-cl,CL-20261118-59-P-20260814
08/14/26,CL,2026-11-18,60,C,9.57,9.76,9.66,752,2745,0.2987,0.688,CL,NYMEX,snap-20260814-cl,CL-20261118-60-C-20260814
08/14/26,CL,2026-11-18,60,P,3.7,3.77,3.74,688,2986,0.3149,-0.312,CL,NYMEX,snap-20260814-cl,CL-20261118-60-P-20260814
20260814,CL,11/18/2026,61,Call,8.53,8.7,8.61,1154,4535,0.2943,0.71,CL,NYMEX,snap-20260814-cl,CL-20261118-61-C-20260814
20260814,CL,20261118,61,P,3.62,3.69,3.66,1010,4785,0.3079,-0.291,CL,NYMEX,snap-20260814-cl,CL-20261118-61-P-20260814
08/14/2026,CL,2026-11-18,62,C,7.49,7.63,7.56,4214,16622,0.2899,0.736,CL,NYMEX,snap-20260814-cl,CL-20261118-62-C-20260814
2026-08-14,CL,11/18/2026,62,Put,3.54,3.6,3.57,4484,17275,0.3009,-0.264,CL,NYMEX,snap-20260814-cl,CL-20261118-62-P-20260814
20260814,CL,20261118,63,Call,6.45,6.57,6.51,6607,20084,0.2856,0.77,CL,NYMEX,snap-20260814-cl,CL-20261118-63-C-20260814
2026-08-14,CL,11/18/2026,63,P ,3.46,3.52,3.49,4271,11733,0.29,-0.23,CL,NYMEX,snap-20260814-cl,CL-20261118-63-P-20260814
20260814,CL,2026-11-18,64,C,5.41,5.5,5.46,3218,11330,0.2812,0.817,CL,NYMEX,snap-20260814-cl,CL-20261118-64-C-20260814
2026-08-14,CL,2026-11-18,64,P,3.38,3.43,3.4,3599,9928,0.2869,-0.183,CL,NYMEX,snap-20260814-cl,CL-20261118-64-P-20260814
2026-08-14,CL,20261118,65,C,4.37,4.44,4.4,13549,53639,0.2769,0.883,CL,NYMEX,snap-20260814-cl,CL-20261118-65-C-20260814
08/14/26,CL,2026-11-18,65,P,3.29,3.35,3.32,18950,73128,0.2799,-0.117,CL,NYMEX,snap-20260814-cl,CL-20261118-65-P-20260814
08/14/2026,CL,20261118,66,Call,3.33,3.38,3.36,5209,13567,0.2725,0.98,CL,NYMEX,snap-20260814-cl,CL-20261118-66-C-20260814
2026-08-14,CL,2026-11-18,66.00,P,3.21,3.26,3.24,10496,51918,0.2728,-0.016,CL,NYMEX,snap-20260814-cl,CL-20261118-66-P-20260814
2026-08-14,CL,20261118,67,C,3.26,3.31,3.28,7926,22192,0.2766,0.903,CL,NYMEX,snap-20260814-cl,CL-20261118-67-C-20260814
2026-08-14,CL,11/18/2026,67,P,4.12,4.19,4.16,6613,26133,0.2758,-0.097,CL,NYMEX,snap-20260814-cl,CL-20261118-67-P-20260814
2026-08-14,CL,2026-11-18,68,C,3.32,3.37,3.34,3850,12980,0.2818,0.831,CL,NYMEX,snap-20260814-cl,CL-20261118-68-C-20260814
20260814,CL,20261118,68,P,5.16,5.25,5.2,7003,"30,352",0.2802,-0.169,CL,NYMEX,snap-20260814-cl,CL-20261118-68-P-20260814
2026-08-14,CL,11/18/2026,69,C,3.38,3.44,3.41,3216,12763,0.2871,0.78,CL,NYMEX,snap-20260814-cl,CL-20261118-69-C-20260814
08/14/26,CL,2026-11-18,69,P,6.2,6.31,6.26,4695,13037,0.2845,-0.22,CL,NYMEX,snap-20260814-cl,CL-20261118-69-P-20260814
20260814,CL,11/18/2026,70,C,3.44,3.5,3.47,6437,15587,0.2923,0.743,CL,NYMEX,snap-20260814-cl,CL-20261118-70-C-20260814
20260814,CL,2026-11-18,70,P,7.24,7.38,7.31,4070,11219,0.2889,-0.257,CL,NYMEX,snap-20260814-cl,CL-20261118-70-P-20260814
2026-08-14,CL,20261118,71,Call,3.5,3.56,3.53,794,2632,0.2975,0.715,CL,NYMEX,snap-20260814-cl,CL-20261118-71-C-20260814
08/14/26,CL,11/18/26,71,P,8.28,8.44,8.36,2181,"6,844",0.2933,-0.285,CL,NYMEX,snap-20260814-cl,CL-20261118-71-P-20260814
20260814,cl,2026-11-18,72,Call,3.56,3.63,3.59,332,1236,0.3027,0.692,CL,NYMEX,snap-20260814-cl,CL-20261118-72-C-20260814
2026-08-14,cl,2026-11-18,72,P,9.32,9.5,9.41,294,1375,0.2976,-0.308,CL,NYMEX,snap-20260814-cl,CL-20261118-72-P-20260814
2026-08-14,cl,11/18/2026,73,C,3.62,3.69,3.66,596,1632,0.308,0.674,CL,NYMEX,snap-20260814-cl,CL-20261118-73-C-20260814
08/14/2026,CL,20261118,73,P,10.36,10.57,10.46,608,2752,0.302,-0.326,CL,NYMEX,snap-20260814-cl,CL-20261118-73-P-20260814
2026-08-14,CL,2026-11-18,74,C,3.68,3.76,3.72,278,1169,0.3132,0.659,CL,NYMEX,snap-20260814-cl,CL-20261118-74-C-20260814
2026-08-14,CL,2026-11-18,74,P,11.4,11.64,11.52,357,1336,0.3063,-0.341,CL,NYMEX,snap-20260814-cl,CL-20261118-74-P-20260814
2026-08-14,cl,11/18/2026,75,Call,3.74,3.82,3.78,336,"1,085",0.3184,0.646,CL,NYMEX,snap-20260814-cl,CL-20261118-75-C-20260814
20260814,CL,11/18/26,75,P,12.43,12.7,12.56,880,"4,067",0.3107,-0.354,CL,NYMEX,snap-20260814-cl,CL-20261118-75-P-20260814
2026-08-14,CL,2026-11-18,76,C,3.80,3.88,3.84,470,1774,0.3236,0.636,CL,NYMEX,snap-20260814-cl,CL-20261118-76-C-20260814
2026-08-14,CL,11/18/26,76,P,13.47,13.77,13.62,564,2960,0.315,-0.364,CL,NYMEX,snap-20260814-cl,CL-20261118-76-P-20260814
